x_m,y_m,w_tr_right_m,w_tr_left_m
12648197.703033272,3453988.010209497,3.733903241127787,3.725956575848655
12648197.832160536,3453987.8574804906,3.7371313955033103,3.725662248822692
12648197.961287802,3453987.7047514836,3.763779580448994,3.7256622491233395
12648198.090415066,3453987.552022477,3.7904277671985653,3.7256622489035314
12648198.219542332,3453987.3992934707,3.79901812686275,3.729021203781996
12648198.360881384,3453987.258360597,3.794178194011624,3.764842235088908
12648198.50904897,3453987.124023831,3.7931112309830053,3.792703318949598
12648198.657216555,3453986.9896870647,3.7931112316729645,3.7915238354194027
12648198.80538414,3453986.855350299,3.793111720800582,3.790333492010179
12648198.953687716,3453986.7211644165,3.7929307657119375,3.789313392650436
12648199.10264495,3453986.587703776,3.791794583943129,3.7893021050160334
12648199.251602184,3453986.454243136,3.7906151022785575,3.7893021053628515
12648199.400559418,3453986.3207824957,3.789435620613986,3.7893021053628515
12648199.549516652,3453986.1873218557,3.799488828133171,3.7898926574986214
12648199.715761283,3453986.076485582,3.8044185248898534,3.773569442917016
12648199.883670075,3453985.9678272284,3.7758703897801698,3.7734812978526904
12648200.051578864,3453985.859168874,3.8027139156371783,3.7737030228585
12648200.22147498,3453985.7543838867,3.798635656830785,3.7853768801750984
12648200.407667892,3453985.6813619775,3.8362341688815085,3.7702723526068462
12648200.593860805,3453985.6083400683,3.770218881208115,3.7702723525472495
12648200.780053718,3453985.5353181595,3.7698106602353416,3.770272352853401
12648200.96624663,3453985.4622962503,3.7694017166307914,3.770272369826715
12648201.152425434,3453985.389238474,3.7690265197920545,3.770236162731451
12648201.338468915,3453985.315836679,3.7690249097942923,3.7698334439934467
12648201.524512393,3453985.242434884,3.769024910978783,3.7694252229765066
12648201.710555874,3453985.1690330887,3.769024910342468,3.7685347454512765
12648201.896599354,3453985.095631294,3.770834554013319,3.73040304950779
12648202.086458558,3453985.0340248314,3.773298543736787,3.702782464478285
12648202.280243639,3453984.9845542046,3.7612938477996942,3.7009012708749895
12648202.474028718,3453984.9350835783,3.7359913315768982,3.7009012708749895
12648202.667813798,3453984.8856129516,3.7106888149029116,3.7009012708749895
12648202.861598877,3453984.8361423253,3.7033747359301503,3.7009012708749895
12648203.055383958,3453984.7866716986,3.709317854115221,3.707148315189995
12648203.253331233,3453984.7600382688,3.708958274345679,3.714711556970124
12648203.452109126,3453984.7379622716,3.6898965578997984,3.7144632700353086
12648203.650887018,3453984.7158862744,3.6659479265436774,3.7144632697780913
12648203.84966491,3453984.693810277,3.623203026739611,3.720472250051529
12648204.044593817,3453984.649337679,3.615085864704535,3.7169478559794955
12648204.239337074,3453984.6037848056,3.615072334925418,3.694202985141427
12648204.434080329,3453984.558231932,3.615072334808707,3.67025435466134
12648204.628823584,3453984.512679058,3.615072334867063,3.6463057225426323
12648204.823566841,3453984.4671261846,3.620468991345451,3.631342052078751
12648205.016417105,3453984.4141573706,3.642027111842806,3.6105362633561415
12648205.209167833,3453984.3607986122,3.6590177663234007,3.6100918314200428
12648205.40191856,3453984.3074398534,3.675704591487131,3.6100918309712595
12648205.594669288,3453984.254081095,3.6858364840084628,3.611228429898623
12648205.789692871,3453984.2104979507,3.68671032154535,3.628194005083855
12648205.986212714,3453984.173350253,3.6862076702225033,3.6493847542845157
12648206.182732556,3453984.1362025556,3.68620767044569,3.666071578988363
12648206.379252398,3453984.0990548586,3.686207670211319,3.682758404149768
12648206.575772243,3453984.061907161,3.686207669876538,3.6898716648287215
12648206.772292085,3453984.0247594635,3.686207669764945,3.6944903739605257
12648206.968811927,3453983.987611766,3.686241951235945,3.6987750979728173
12648207.1649918,3453983.948772768,3.6883964369192284,3.701112327795544
12648207.360601615,3453983.907097842,3.6935346739494035,3.7010155500753337
12648207.556211432,3453983.8654229157,3.698153383001135,3.7010155500080226
12648207.75182125,3453983.8237479893,3.6987457474285983,3.7010155497545174
12648207.947431067,3453983.7820730633,3.6927774510320215,3.7010155502099567
12648208.143040884,3453983.740398137,3.686809155546324,3.7010155502099567
12648208.338650702,3453983.698723211,3.6808408591497472,3.701015550598085
12648208.534260519,3453983.6570482845,3.6736956033712977,3.701380268418886
12648208.728618495,3453983.6098995297,3.672887692733021,3.6969506456834167
12648208.922898186,3453983.5624084584,3.6728862778068194,3.6910777665629686
12648209.117177876,3453983.514917387,3.6728862777867244,3.6851094708824914
12648209.311457567,3453983.4674263154,3.672936308649212,3.67861831598738
12648209.50617069,3453983.421978228,3.673167118770455,3.680315345240891
12648209.70299757,3453983.3864933127,3.668646988066172,3.704328638741786
12648209.899824452,3453983.351008398,3.6710376390106436,3.7124141753791906
12648210.093484925,3453983.3014413808,3.6945634142615726,3.7106275228452383
12648210.286556719,3453983.249256307,3.710912342228098,3.710544132896005
12648210.479628514,3453983.1970712324,3.7128712715089454,3.710544132896005
12648210.67270031,3453983.144886158,3.7148302012393226,3.710544132896005
12648210.865772104,3453983.092701084,3.716702205797064,3.71055850491076
12648211.059129123,3453983.041592158,3.7174647081416703,3.71176690139403
12648211.252702767,3453982.991300566,3.736929166534909,3.7147806476478595
12648211.447535634,3453982.9469779693,3.7477155631561225,3.725501406187959
12648211.64492863,3453982.9147909284,3.769965840351635,3.723710522151377
12648211.842321625,3453982.8826038875,3.8273623352173485,3.7237105219915505
12648212.03971462,3453982.8504168466,3.8847588297832965,3.7237105219915505
12648212.237107614,3453982.8182298057,3.83206980517497,3.7552813266159584
12648212.435634203,3453982.8377914475,3.8162053387519217,3.9733281498948085
12648212.634247333,3453982.86130367,3.7932257667314793,4.086504386050681
12648212.832422609,3453982.8878025073,3.792460955343914,4.2159148018317305
12648213.029426688,3453982.922290078,3.7848334387244766,4.19915958551915
12648213.226430768,3453982.956777648,3.773727955070909,4.188008091533219
12648213.423434848,3453982.9912652187,3.7626224708211597,4.176856597730984
12648213.620438928,3453983.0257527893,3.7515169866627067,4.165705104616225
12648213.817443008,3453983.0602403595,3.7464190871616907,4.154553610630294
12648214.014447087,3453983.09472793,3.7727568475339877,4.143402116828059
12648214.211451167,3453983.129215501,3.780468668228081,4.016417416581753
12648214.402737232,3453983.180937662,3.800220978360549,3.766051625182638
12648214.581286544,3453983.271049498,3.8435722209647123,3.746806253041644
12648214.760294328,3453983.360032575,3.722242644636589,3.7590288533617535
12648214.95110934,3453983.419946102,3.7116510046779934,3.7505270309786645
12648215.138291763,3453983.4878101726,3.7421067796404976,3.653362468675736
12648215.308491493,3453983.592843747,3.7688056187580106,3.634255947686073
12648215.478691224,3453983.697877322,3.71789078524583,3.6342559815728412
12648215.648919456,3453983.802864205,3.6626981361759596,3.635439405448664
12648215.820129601,3453983.9062425704,3.636148941357385,3.6354042667155033
12648215.990987588,3453984.010199245,3.6369191870579916,3.6361300576602567
12648216.161417034,3453984.114859669,3.63691158846541,3.6334958308561918
12648216.331791947,3453984.219605686,3.637322400548133,3.625510586170486
12648216.498668427,3453984.3298428874,3.6461946714489675,3.631816358653503
12648216.650083495,3453984.4587847893,3.6734959341203997,3.7015786287175017
12648216.789750978,3453984.601938532,3.6617940528292223,3.7782765382074377
12648216.929418463,3453984.745092275,3.5443974302952994,3.7626016608519226
12648217.092427764,3453984.859995822,3.622780121727109,3.7408939038888613
12648217.259350376,3453984.970163156,3.6779595571378416,3.7404563339520016
12648217.426272988,3453985.0803304897,3.7215000728431518,3.7404563349780147
12648217.5931956,3453985.1904978235,3.7759828304665,3.7404563349780147
12648217.760118213,3453985.3006651574,3.8389028614189775,3.7404563345117126
12648217.927040827,3453985.4108324912,3.9018228914230972,3.7404563337344188
12648218.093963439,3453985.520999825,3.9647429159550223,3.7404563335633547
12648218.26088605,3453985.631167159,3.930479265106766,3.756423936938663
12648218.403037043,3453985.768695765,3.872367925946659,3.8906566030924425
12648218.529204672,3453985.923878656,3.865558168013666,3.9998229463763386
12648218.655372301,3453986.079061547,3.868486182509245,4.099766181548987
12648218.768278234,3453986.2424959694,3.9126441034981823,4.3456850780011544
12648218.851751488,3453986.4242436406,3.9474460864406793,4.485738872775599
12648218.935224742,3453986.6059913114,3.876129581941593,4.5400070475812155
12648219.018697996,3453986.7877389826,3.821180106159885,4.594275224273841
12648219.10217125,3453986.9694866533,3.769666703701769,4.648543399079458
12648219.185644504,3453987.1512343246,3.718153307261712,4.663667367897341
12648219.269117756,3453987.332981996,3.666639901806984,4.666500197996129
12648219.35259101,3453987.5147296665,3.6151264959387164,4.669333025656521
12648219.436064264,3453987.6964773377,3.5636130934806,4.6721658545892
12648219.519537518,3453987.8782250085,3.515410568495802,4.674998681634872
12648219.603010772,3453988.0599726797,3.471413098672737,4.67783151056755
12648219.686484026,3453988.2417203505,3.4274156307366805,4.649041807111386
12648219.76995728,3453988.4234680217,3.383418166210775,4.607745455480104
12648219.853430532,3453988.6052156924,3.3709656781244703,4.566449108820615
12648219.936903786,3453988.7869633636,3.3623984298627594,4.525152764857207
12648220.02037704,3453988.9687110344,3.3538311816258854,4.4838564161163585
12648220.103850294,3453989.1504587056,3.3435676143090047,4.4560709236442975
12648220.192219108,3453989.3292797175,3.420950283902976,4.544606368897586
12648220.312791502,3453989.4888488185,3.5872597433286555,4.57172620906881
12648220.424120553,3453989.654215852,3.5521818583947975,4.351140719750099
12648220.515295582,3453989.8322246,3.5432942260822875,4.080382092798657
12648220.60647061,3453990.010233348,3.5068985439832403,3.688838929322588
12648220.638336305,3453990.201069603,3.6504136516486057,3.417929320610942
12648220.628869064,3453990.4008454056,3.7344012787473946,3.3992364829913897
12648220.619401822,3453990.6006212085,3.619700516583188,3.399236484829904
12648220.609934581,3453990.8003970115,3.504999756279539,3.3992364829913897
12648220.60046734,3453991.000172814,3.3350487368638704,3.4068312456020373
12648220.617647905,3453991.1973094493,3.2295599201987955,3.4511997949825446
12648220.66611798,3453991.391347208,3.265115134988177,3.4618226487434867
12648220.714588054,3453991.5853849673,3.2747100487558107,3.351810162705233
12648220.741481071,3453991.7824208452,3.2584879442759243,3.244018827379665
12648220.747748664,3453991.982322614,3.2540845916527736,3.195087924250872
12648220.754016256,3453992.1822243836,3.2540969298142217,3.170919768045648
12648220.760283846,3453992.3821261525,3.254134335988542,3.145261067712652
12648220.76495458,3453992.581981942,3.2592137658037026,3.1065180410779907
12648220.747195086,3453992.7811918827,3.2520083371619224,3.1016260442630186
12648220.729435593,3453992.9804018233,3.227847892090785,3.101626042981182
12648220.7116761,3453993.179611764,3.2036720219380523,3.0904108432543005
12648220.693916606,3453993.378821704,3.182370439450138,3.0634830512058477
12648220.673283692,3453993.577599172,3.18582019147519,3.0267578775829547
12648220.63161934,3453993.7732112417,3.1737823812702426,3.022476554720676
12648220.589954989,3453993.9688233114,3.1245761275047905,3.0224765553570054
12648220.548290638,3453994.1644353815,3.075369878762362,3.0224765553570054
12648220.506626287,3453994.360047451,3.013502627293254,3.023727706828609
12648220.476366667,3453994.557255717,2.980220732308366,3.0260034746808877
12648220.462726682,3453994.7567900517,2.9775989537658942,3.012920323665346
12648220.449086698,3453994.956324387,2.9828645194965158,2.962016515791047
12648220.411946971,3453995.1523372354,2.983108964564342,2.939027515198213
12648220.366499912,3453995.3471052125,2.9601304671316226,2.9383816686781
12648220.321052855,3453995.5418731896,2.9039395664530683,2.944079364449505
12648220.300208967,3453995.740327575,2.8829888318688757,2.943556360202494
12648220.286575796,3453995.939862375,2.8825116972954508,2.919282209719199
12648220.272942625,3453996.139397176,2.8825116972954508,2.8867971735351974
12648220.259309454,3453996.3389319764,2.8825846897322314,2.853434846249472
12648220.2428523,3453996.5380606996,2.8893161444557878,2.804174288488333
12648220.199710948,3453996.733352337,2.8819540669701587,2.7977986508584256
12648220.156569596,3453996.9286439745,2.851891311367954,2.7977986498324383
12648220.113428243,3453997.123935612,2.8218285525514673,2.7977986516512336
12648220.07028689,3453997.31922725,2.7716319801444422,2.8029410030590975
12648220.051119901,3453997.5179666453,2.755461985238093,2.7992012778005653
12648220.037481232,3453997.7175010704,2.755194348416226,2.7747354197933
12648220.023842564,3453997.9170354954,2.75519434941715,2.755280731365336
12648220.010203896,3453998.11656992,2.75519434941715,2.755527626048581
12648219.996565228,3453998.316104345,2.7551947411379114,2.7557730990894806
12648219.983139532,3453998.5156531953,2.7554096338628935,2.7558058681153783
12648219.969747195,3453998.7152043045,2.755656804002323,2.755805857698186
12648219.956354858,3453998.9147554142,2.7559013481700902,2.7558058576981854
12648219.942962522,3453999.114306524,2.7561421597426126,2.7558058595744046
12648219.929552233,3453999.313856418,2.756363699134837,2.755824427211529
12648219.915919488,3453999.5133912475,2.756363270838214,2.7560668081408966
12648219.902286744,3453999.712926077,2.756363270838214,2.7563077671563025
12648219.888654,3453999.912460907,2.756363270838214,2.765204160410946
12648219.875021255,3454000.1119957366,2.757250184615864,2.773543078777325
12648219.87152542,3454000.3119314983,2.7705502857337425,2.773465105544027
12648219.869356351,3454000.5119197355,2.782552395541711,2.7734498360567814
12648219.867187282,3454000.711907973,2.794042374937455,2.7734498359204247
12648219.865018215,3454000.9118962106,2.802420642064164,2.7742888319591867
12648219.85302011,3454001.1114956154,2.802575869202118,2.787239266870122
12648219.83938422,3454001.3110302305,2.802552354088199,2.7993618053245872
12648219.825748334,3454001.5105648455,2.8027124000267545,2.8242989735976147
12648219.816400403,3454001.7099917782,2.82210327988461,2.823139789949852
12648219.84003449,3454001.908590444,2.894229763843152,2.8135214374845563
12648219.863668576,3454002.1071891095,2.932006819450757,2.813521437848411
12648219.887302661,3454002.305787775,2.9647840663869456,2.8136392187767236
12648219.90726498,3454002.504478637,2.9621211134528087,2.8320614051942163
12648219.893627837,3454002.7040131665,2.9516468684036026,2.9047701661122027
12648219.879990695,3454002.903547696,2.9516468674978364,2.9425472277173563
12648219.86635355,3454003.1030822247,2.9516468674978364,2.9961979495994466
12648219.852716409,3454003.302616754,2.9516468665452926,3.0548855395664947
12648219.839079266,3454003.5021512834,2.968651455441615,3.0357530012699896
12648219.868102612,3454003.6985028186,3.090319592613177,3.0034210654007136
12648219.911199346,3454003.893804307,3.1789104585270476,3.0015727855803704
12648219.954296082,3454004.0891057956,3.2375957815460636,3.0015727855803704
12648219.997392816,3454004.284407284,3.306740546072914,3.001741068620845
12648220.044597037,3454004.4786721226,3.3880309198938066,2.9998136409334766
12648220.099339213,3454004.6710345256,3.4197698593568475,2.9907260521206185
12648220.154081391,3454004.863396928,3.444129014489245,2.9786991792369286
12648220.208823567,3454005.055759331,3.468488165528788,2.966672308017297
12648220.263565745,3454005.2481217342,3.4928473187422147,2.9546454333420926
12648220.318307921,3454005.4404841373,3.517206469413633,2.9426185607275612
12648220.373050097,3454005.6328465403,3.5415656232500976,2.9305916915401125
12648220.427792275,3454005.8252089433,3.5635419044874204,2.9484823936177698
12648220.482534451,3454006.0175713464,3.544272313567244,2.9741852278729546
12648220.537276627,3454006.2099337494,3.5250027181362293,2.9998880599257647
12648220.592018805,3454006.4022961524,3.5057331280940036,3.0746108417374742
12648220.646760982,3454006.594658555,3.4864635340863788,3.167582604049956
12648220.70150316,3454006.787020958,3.46719394340687,3.2605543659800684
12648220.756245336,3454006.979383361,3.447924350822635,3.35352613560031
12648220.810987512,3454007.171745764,3.4264113008902126,3.4491807999046076
12648220.86572969,3454007.364108167,3.369841939847875,3.4710735890966253
12648220.940847917,3454007.5492362976,3.338355626967259,3.3979992325981265
12648221.03532604,3454007.7232597833,3.286163615164279,3.335096745086651
12648221.16605503,3454007.874620054,3.305243121041722,3.316034677385389
12648221.296784017,3454008.025980325,3.2882922012333085,3.3168913351225933
12648221.434197184,3454008.171178975,3.281702685065114,3.311972282280456
12648221.574438985,3454008.3137701293,3.281550979856455,3.3009241853214224
12648221.714680787,3454008.456361283,3.2815509799220948,3.287965872868079
12648221.854922587,3454008.598952437,3.283528493227486,3.2843698870604934
12648222.004064629,3454008.7308545075,3.2693274384032303,3.3067634634166554
12648222.169698546,3454008.842950025,3.2625419419550177,3.3033899417518713
12648222.335332464,3454008.955045542,3.262541942519861,3.2743052848253615
12648222.500966383,3454009.0671410593,3.2625419420212465,3.3227644851542153
12648222.666600302,3454009.179236577,3.2781190664988396,3.3088818324327622
12648222.85008915,3454009.256707383,3.362983535224583,3.320269098482975
12648223.037461728,3454009.3266467643,3.415867085559823,3.28483431826929
12648223.224834325,3454009.3965860903,3.4799887225466652,3.286610447972963
12648223.416397562,3454009.4540623976,3.56214740003118,3.2787784510486473
12648223.6079608,3454009.511538705,3.615608676662236,3.2656083365679103
12648223.799524037,3454009.569015012,3.669786425655745,3.252438222889937
12648223.991087276,3454009.6264913194,3.7249929050407267,3.239268107517164
12648224.182650514,3454009.6839676267,3.780199382017417,3.2260979923229347
12648224.374213751,3454009.741443934,3.8354058605103627,3.26415404662723
12648224.565776989,3454009.798920241,3.8906123385572906,3.333509767727263
12648224.757340226,3454009.8563965484,3.945818818655764,3.4028654877567153
12648224.948903466,3454009.9138728557,3.979439893947033,3.4722212098380556
12648225.140466703,3454009.971349163,3.969094509503647,3.5415769329899756
12648225.33202994,3454010.0288254702,3.958749124881717,3.610932654090008
12648225.523593178,3454010.0863017775,3.9484037404379895,3.6832898139481327
12648225.715156417,3454010.143778085,3.9380583562620775,3.776940220416273
12648225.906719655,3454010.201254392,3.8298276392660493,3.696726626156197
12648226.103981279,3454010.213230816,3.706477101588027,3.6332686349872563
12648226.30380229,3454010.2047713054,3.6599700362535974,3.6285136443688857
12648226.503623301,3454010.196311794,3.6326819761251614,3.6290053645225044
12648226.702734752,3454010.1812981027,3.5944604182778885,3.6341601511340387
12648226.899736507,3454010.1467972533,3.590143401774052,3.626903242371959
12648227.096738262,3454010.112296404,3.5902567142389197,3.5968864686602284
12648227.29424603,3454010.080933018,3.5800664544677807,3.589289542286688
12648227.4911562,3454010.0471598306,3.5484283235954384,3.5926813386964334
12648227.68436157,3454009.995471485,3.54471569769058,3.584799934645732
12648227.87756694,3454009.9437831393,3.5501828838409355,3.5443003090569265
12648228.075232599,3454009.913832408,3.545800299612424,3.535984160978628
12648228.273181235,3454009.885260793,3.5281263549929194,3.5359623267265397
12648228.471129872,3454009.856689178,3.5120345454926265,3.53599740261506
12648228.668758193,3454009.826363974,3.4921383504132653,3.5372681002129123
12648228.864024863,3454009.7831097483,3.490252811365469,3.529093098763251
12648229.059291532,3454009.7398555228,3.4960734633496724,3.51090637059722
12648229.255618086,3454009.701906485,3.497698576192177,3.4976789931733374
12648229.452515159,3454009.66681314,3.4976058974119066,3.490083774695096
12648229.649412232,3454009.6317197946,3.4977318486410525,3.482570463109242
12648229.846849285,3454009.5999778593,3.4953144368469227,3.4783594326877116
12648230.044804566,3454009.5714523126,3.4894905302811274,3.478244069451979
12648230.242759846,3454009.542926766,3.4828352669684595,3.478244069451979
12648230.440715127,3454009.5144012193,3.482177487600246,3.4782440695224084
12648230.638670407,3454009.485875672,3.4948601923305844,3.4782440690615077
12648230.836625688,3454009.4573501255,3.5075428965295923,3.478244069451979
12648231.034580968,3454009.428824579,3.516966280128975,3.478738196791481
12648231.233286148,3454009.4069996197,3.5194727417710756,3.4890905253015565
12648231.432649888,3454009.391059133,3.5190872198345557,3.5046658214960056
12648231.632013628,3454009.3751186463,3.5368672755347075,3.558515199708876
12648231.827310255,3454009.3991607777,3.6236479808863904,3.7894026735251205
12648232.019380681,3454009.454918748,3.6453338635072985,4.005601247963917
12648232.211451108,3454009.510676718,3.4704854531812313,3.958049615470294
12648232.409380544,3454009.533021169,3.3658776060160123,3.884009747771364
12648232.608962936,3454009.5459389314,3.4269707776949496,3.9057770497643616
12648232.808545329,3454009.558856694,3.4712538583402477,3.948365106241228
12648233.008127721,3454009.5717744567,3.51553693886524,3.9805168640460282
12648233.207710115,3454009.5846922193,3.5598200198549215,4.000672158308135
12648233.407292508,3454009.597609982,3.607393017022058,4.02082745293116
12648233.6068749,3454009.610527745,3.665763124798314,4.040982747657956
12648233.806457292,3454009.6234455076,3.724133234657402,4.06113804121476
12648234.006039685,3454009.63636327,3.7825033430186523,4.081293335476867
12648234.205622077,3454009.649281033,3.840873451259597,4.101448629274285
12648234.40520447,3454009.6621987955,3.8992435595005412,4.121542260927629
12648234.604786862,3454009.675116558,3.963563512129446,4.097473046180722
12648234.804369254,3454009.6880343207,4.022227254139496,4.071070680658162
12648235.003549036,3454009.7028728775,3.9463077945670473,4.023772649691027
12648235.191519586,3454009.7711888524,3.909243573099156,3.970846098949746
12648235.379490135,3454009.839504827,3.9120450567901432,3.914137302276536
12648235.560201753,3454009.921207362,3.9630923072032154,3.770694622368545
12648235.720002716,3454010.041472288,3.9864122210868036,3.7916385952612517
12648235.884524308,3454010.1549131502,3.8930643071079754,3.7933770248822336
12648236.053421259,3454010.2620290685,3.831867708153613,3.7926760965752973
12648236.222318212,3454010.369144987,3.788545013643345,3.792676094791215
12648236.391215162,3454010.476260905,3.7508105922727255,3.7926760958467494
12648236.560112113,3454010.5833768235,3.713076170057679,3.7926760958467494
12648236.729009064,3454010.6904927418,3.629054078306685,3.807552297840952
12648236.913965594,3454010.7661455944,3.6311953692919365,3.820400384009908
12648237.099793775,3454010.8400907577,3.691762160120967,3.7860638670305837
12648237.285621956,3454010.9140359205,3.7009959480544716,3.718169578986461
12648237.461872807,3454011.0053685596,3.661180426726082,3.6598888355325325
12648237.623686863,3454011.1229109387,3.6537783064185394,3.649659592869285
12648237.78550092,3454011.240453318,3.653786332154469,3.649659593388276
12648237.947314978,3454011.3579956973,3.658275896525808,3.6496595926347704
12648238.109129034,3454011.475538077,3.6622260643203117,3.649775790260194
12648238.269038359,3454011.595641652,3.663159028749628,3.653524746093994
12648238.428173756,3454011.7167858845,3.6631397762886024,3.6582610050835775
12648238.587309154,3454011.8379301173,3.6637029152330953,3.6618717225637085
12648238.750589764,3454011.953403461,3.672666901752605,3.6651363433570623
12648238.91431976,3454012.0682620206,3.6807140071522735,3.684322029685484
12648239.078049755,3454012.183120581,3.6884957572418857,3.704208038452483
12648239.241779748,3454012.2979791407,3.6962775076272463,3.724094044994609
12648239.405509744,3454012.412837701,3.70752907432863,3.73751070793234
12648239.573351854,3454012.5211691097,3.710400085049812,3.7394026191043186
12648239.74764281,3454012.6192642823,3.7230772353788955,3.7376924616480447
12648239.921933765,3454012.7173594553,3.732285384841844,3.737692462053847
12648240.09622472,3454012.815454628,3.741496266142054,3.7376924616480447
12648240.270515675,3454012.913549801,3.7483243204524923,3.7382283071663434
12648240.441349866,3454013.017468945,3.749240011132726,3.7474540654640864
12648240.610941295,3454013.123481906,3.751351645649769,3.725433617866524
12648240.772829425,3454013.240749501,3.746259215018905,3.7180984520585225
12648240.93303847,3454013.3604702693,3.7318186265869184,3.71799588759984
12648241.093247512,3454013.4801910375,3.77442611588336,3.6551221810598706
12648241.221686702,3454013.6317649973,3.8610622574813087,3.5910840536769912
12648241.34182676,3454013.7916598576,3.825788246839833,3.5895535589687264
12648241.461966818,3454013.951554718,3.6839252842979864,3.5938263700699187
12648241.595412496,3454014.0969505208,3.476571461256543,3.6701597777277897
12648241.765013669,3454014.2029478913,3.585151262997558,3.704501619853634
12648241.925431976,3454014.318485184,3.5351283158483815,3.4546668391533437
12648242.037818778,3454014.483921597,3.663449668379087,3.402545815575124
12648242.15020558,3454014.6493580095,3.5752150497227024,3.4025458154305683
12648242.262592385,3454014.814794422,3.5062453608731783,3.4028025255129455
12648242.370738916,3454014.9827262564,3.524244228242676,3.374861574671266
12648242.460803548,3454015.161299384,3.510200767599536,3.370216623141212
12648242.550868182,3454015.3398725116,3.35344065520106,3.3742441824510188
12648242.65765061,3454015.5083185006,3.33011839720304,3.364457810788115
12648242.761599194,3454015.67787174,3.346357929270118,3.315288848990796
12648242.838545425,3454015.862477476,3.349880352097726,3.3053857451932673
12648242.915491655,3454016.0470832116,3.304876704040887,3.3053857453347684
12648242.992437884,3454016.2316889474,3.3803324177103873,3.285247978485392
12648243.021434288,3454016.4289114205,3.4921258726439413,3.2429078177479838
12648243.045310605,3454016.6274811095,3.4071169498762703,3.2426281248953086
12648243.069186924,3454016.826050799,3.2972041615773895,3.2426281229903924
12648243.09306324,3454017.024620488,3.1328684446997377,3.2515174360539527
12648243.145390622,3454017.2146765324,2.9967719688409673,3.313351221050855
12648243.234511362,3454017.3937225975,3.064453809525194,3.339885726534866
12648243.323632104,3454017.572768663,3.111821177945281,3.248039219801817
12648243.405705895,3454017.754022977,3.059242948196386,3.061028381136069
12648243.434701765,3454017.951909913,3.0655490857240695,3.0333975567295313
12648243.463726461,3454018.149792523,3.0295789824636645,3.0347029458602215
12648243.494095558,3454018.347473372,3.0310216085229955,3.034685419982833
12648243.524464658,3454018.5451542204,3.032410241871268,3.034685419982833
12648243.554833755,3454018.742835069,3.03379887529025,3.0346854201242506
12648243.585202854,3454018.9405159173,3.0751623910771944,3.034685420053542
12648243.615571951,3454019.138196766,3.187109916111242,3.0346854218945882
12648243.64594105,3454019.3358776146,3.2990574431984627,3.034685420053542
12648243.676310148,3454019.5335584627,3.411004968303219,3.034685421965297
12648243.706679247,3454019.7312393114,3.5229525033883786,3.0346854202630436
12648243.737048347,3454019.92892016,3.4763818355489287,3.046631619751538
12648243.731722137,3454020.1229218277,3.2780797514104187,3.2646487086940628
12648243.661669249,3454020.3102519987,3.3245168380663186,3.6076553589748546
12648243.59161636,3454020.4975821692,3.2348084130120336,3.7068094603962383
12648243.52285761,3454020.685310949,3.242463347647178,3.70279060289473
12648243.475370098,3454020.8795915092,3.282587764118762,3.6947250818763773
12648243.427882586,3454021.07387207,3.3063235278414496,3.7719041821735395
12648243.380395073,3454021.2681526304,3.3300592918958327,3.849083284390646
12648243.332907561,3454021.462433191,3.385140974801658,3.9262623868288835
12648243.285420049,3454021.656713751,3.4676538825155525,4.003441487347176
12648243.237932537,3454021.8509943117,3.5501667937376387,4.080620589343152
12648243.190445025,3454022.0452748723,3.632679701451533,4.157799691560259
12648243.142957512,3454022.239555433,3.7151926111959375,4.234978792299683
12648243.09547,3454022.433835993,3.797705513401034,4.312157903110993
12648243.047982486,3454022.6281165536,3.8802184208937978,4.389337005217534
12648243.000494974,3454022.8223971142,3.963718141841039,4.466516100981512
12648242.953007462,3454023.0166776744,4.0511526618252836,4.543695201389239
12648242.90551995,3454023.210958235,3.973342484270931,4.379357426852224
12648242.818467433,3454023.386835543,3.863155534591908,4.033688022739204
12648242.70047405,3454023.5483210273,3.8492444245725657,3.903927895428748
12648242.582480667,3454023.7098065116,3.8492444245725657,3.8614063757848927
12648242.464487284,3454023.871291996,3.856702632736839,3.776268914181912
12648242.328045156,3454024.0160744213,3.878607375799083,3.7273371361616316
12648242.179044833,3454024.1494869534,3.8583286746033343,3.744619755706629
12648242.03321054,3454024.286213402,3.797850234056855,3.7484785655825075
12648241.893139426,3454024.42897223,3.751103722208695,3.7478432835076507
12648241.756035708,3454024.5743017015,3.71041221928755,3.7534290063574485
12648241.634702059,3454024.733292725,3.7053615658486994,3.74779310143322
12648241.51336841,3454024.892283748,3.678814601683939,3.7499780975942856
12648241.40803974,3454025.0622729897,3.6735394111171287,3.742564919956433
12648241.303115483,3454025.2325401343,3.673536653478152,3.6981192096838558
12648241.198191227,3454025.402807279,3.6833432694607984,3.602458163423303
12648241.070279902,3454025.5550821684,3.707897581107009,3.5489124117971027
12648240.93020097,3454025.697833325,3.6855953142449813,3.6096691833161296
12648240.792586938,3454025.8426092765,3.588043633707827,3.5932523342154488
12648240.679754376,3454026.007741989,3.5718244625467666,3.575277721938068
12648240.566921813,3454026.1728747017,3.571824462700105,3.589826437407532
12648240.45408925,3454026.3380074142,3.572138561136044,3.6012178991629034
12648240.34574325,3454026.505972458,3.5815279081102886,3.6050408440650266
12648240.245188728,3454026.6788562,3.601127386177014,3.6040844136832293
12648240.144634206,3454026.8517399416,3.606872892832677,3.604258348895219
12648240.040703852,3454027.0226122467,3.6069340501495737,3.608771124709421
12648239.936524946,3454027.1933364556,3.606937391870655,3.6129509699032885
12648239.83287566,3454027.3643761943,3.60781531626599,3.616023392915185
12648239.732338,3454027.537269743,3.6125990438253415,3.615875148266921
12648239.631800342,3454027.7101632925,3.6170204646958677,3.6194812487592234
12648239.51645484,3454027.8730801805,3.616966113628549,3.631072444243265
12648239.393979477,3454028.0311933854,3.6024761519485633,3.650791478413987
12648239.271504115,3454028.18930659,3.5989167705078327,3.66372715068704
12648239.151368832,3454028.3490980226,3.6052085052204426,3.6690906247638257
12648239.040888034,3454028.5158133283,3.6263271643039854,3.6674719490346943
12648238.930407237,3454028.6825286346,3.641117667780677,3.667471947491296
12648238.819926439,3454028.849243941,3.6559081681057606,3.6674719474450033
12648238.70944564,3454029.0159592465,3.6650403000041605,3.6674719492548937
12648238.598964842,3454029.182674553,3.651275575171031,3.6678762000800944
12648238.493524102,3454029.3525315584,3.6433481526065226,3.6648739829168444
12648238.392491201,3454029.5251361723,3.6430410462956546,3.656070839531874
12648238.2914583,3454029.6977407867,3.6181428304456476,3.6674035700288212
12648238.215128414,3454029.8819374316,3.5694525656290956,3.695783285391957
12648238.15151028,3454030.0712836026,3.518221754582745,3.732180303448378
12648238.108210044,3454030.2665400743,3.535888920947751,3.611387843192454
12648238.03021436,3454030.4468059186,3.6228548487264916,3.446677283480657
12648237.917707687,3454030.6121608363,3.662331347426554,3.431560820576342
12648237.805201016,3454030.777515754,3.582630203817623,3.4315608198222045
12648237.692694344,3454030.9428706714,3.5029290613516286,3.4315608214890414
12648237.58018767,3454031.108225589,3.4302399907083725,3.4315608218860922
12648237.467681,3454031.2735805064,3.417606751840047,3.431560821624142
12648237.355174327,3454031.438935424,3.400838535996347,3.4325243747976786
12648237.250667557,3454031.6093719355,3.41511647855224,3.426230571533876
12648237.146826958,3454031.7800832437,3.416380780487491,3.4130727740725817
12648237.017900907,3454031.9329821416,3.406486554796362,3.4584096324073275
12648236.888974853,3454032.0858810395,3.411536776393143,3.511702946049777
12648236.744511424,3454032.222842872,3.446413009206604,3.6388734369995452
12648236.588387936,3454032.347844699,3.4221386276681276,3.7528007516627646
12648236.43226445,3454032.4728465253,3.370510778252098,3.819383765498485
12648236.276140962,3454032.5978483516,3.330985220363463,3.885966778101172
12648236.120017475,3454032.7228501784,3.2914596634916777,3.9492176001507233
12648235.963893987,3454032.8478520047,3.251934108579932,3.9707724320744395
12648235.807770498,3454032.9728538315,3.2124085494534667,3.9923272636394493
12648235.65164701,3454033.097855658,3.261611171133337,4.013882094118747
12648235.495523524,3454033.2228574846,3.3395504354203487,4.035436924156083
12648235.339400036,3454033.347859311,3.417489698906694,4.0569917560109365
12648235.183276549,3454033.4728611372,3.495428965232204,4.078546586195594
12648235.027153062,3454033.597862964,3.6212823816366555,4.032515986319199
12648234.871029574,3454033.7228647904,3.8232645203338325,3.967458300512744
12648234.714906085,3454033.847866617,4.025246671689562,3.9024006180562774
12648234.558782598,3454033.9728684435,3.9493673507578664,3.7588228493120277
12648234.388986062,3454034.072195579,3.613996254899903,3.600543674766223
12648234.198129835,3454034.131977682,3.591401091833903,3.5894685172714706
12648234.006949294,3454034.190384208,3.600241070113098,3.551948078759198
12648233.809488576,3454034.2221531337,3.5985233474902585,3.543624625402619
12648233.612027857,3454034.253922059,3.569516397243282,3.543624625402619
12648233.414567139,3454034.2856909847,3.549678040359872,3.543624625402619
12648233.21710642,3454034.31745991,3.566535435434766,3.54683142701203
12648233.017748702,3454034.332329118,3.5690468466407936,3.5507271581693036
12648232.818158733,3454034.3451292776,3.6018708133756125,3.550679144922572
12648232.618568763,3454034.3579294374,3.6322727891964957,3.5508259037854355
12648232.419072079,3454034.3670822647,3.6235702303229034,3.57172191934246
12648232.220397389,3454034.3440960064,3.6118481596339764,3.605260549779159
12648232.0217227,3454034.321109748,3.6121193226423474,3.5975631219902287
12648231.823690675,3454034.293264578,3.608420132610115,3.5952213115933835
12648231.62587169,3454034.2638086975,3.602340201921877,3.595191657817909
12648231.428052703,3454034.2343528164,3.6175381413910292,3.5619202316544167
12648231.238806734,3454034.1733544786,3.653176642016495,3.5081806158051143
12648231.053293254,3454034.098623305,3.645585830858537,3.4799955270504173
12648230.870190157,3454034.018962719,3.670852603340892,3.4332578935087312
12648230.697289858,3454033.9184366693,3.670390129230292,3.4274662239249873
12648230.52438956,3454033.8179106195,3.5831182301424347,3.4274662239249873
12648230.35148926,3454033.71738457,3.4958463310545773,3.4274662239249873
12648230.178588962,3454033.61685852,3.4158413791199402,3.428751924800123
12648230.0006335,3454033.5260516005,3.4010722886449303,3.4260090855833933
12648229.819057476,3454033.4422056247,3.4004184021933233,3.4128226278304927
12648229.637481453,3454033.3583596493,3.4025330955688924,3.384812894170965
12648229.462412195,3454033.2620033,3.3978295949656223,3.374513444500085
12648229.289509455,3454033.1614814503,3.382495250615217,3.37428125187455
12648229.116606712,3454033.060959601,3.387824152843357,3.379954547854501
12648228.96117894,3454032.9442223157,3.677957739279007,3.558049102037089
12648228.873847745,3454032.7642966015,4.701064113840793,4.058714262079656
12648228.786516553,3454032.5843708874,4.216009182881927,4.179608530988033
12648228.69981573,3454032.404142962,3.930376713376287,4.3092947011223846
12648228.614227291,3454032.2233817405,3.6472378539047305,4.43643019483533
12648228.528638853,3454032.042620519,3.480148345014194,4.555663153844515
12648228.443050414,3454031.861859298,3.3130588344401875,4.674896112853701
12648228.357461976,3454031.6810980765,3.145969313387562,4.794129059123723
12648228.271873536,3454031.500336855,2.9788798044970255,4.913362016449438
12648228.186285097,3454031.319575634,2.9392144895910635,5.032594988197787
12648228.100696659,3454031.1388144125,2.9372817373309754,5.1518279474062485
12648228.01510822,3454030.958053191,2.9353489850708874,5.258846704809921
12648227.929519782,3454030.77729197,2.9334162325430158,5.356446248619157
12648227.843931342,3454030.5965307485,2.9314834821656732,5.4540458039719
12648227.758342903,3454030.415769527,2.937171277985167,5.556034624990559
12648227.672754465,3454030.235008306,3.0230418373227024,5.665016604689605
12648227.587166026,3454030.0542470845,3.1089123951760445,5.7739985845879245
12648227.501577588,3454029.873485863,3.194782959007669,5.882980549575798
12648227.415989147,3454029.692724642,3.320799814405761,5.956513874874239
12648227.330400709,3454029.5119634205,3.4653215799088137,5.9421861977151575
12648227.24481227,3454029.331202199,3.609843357636217,5.927858522102531
12648227.159223832,3454029.150440978,3.755537477171644,5.913530846689179
12648227.073635394,3454028.9696797566,3.913337360348878,5.8992031726230065
12648226.988046953,3454028.788918535,4.071137235555067,5.812513749060738
12648226.902458515,3454028.608157314,3.6869809428750124,4.9702571698754925
12648226.908202603,3454028.4276449103,3.70239746054152,3.5535679047979025
12648226.994774662,3454028.2473527067,3.573900326762798,3.537021275388997
12648227.014086813,3454028.0530406693,3.4260927834644677,3.7785627863656814
12648227.006755855,3454027.853175072,3.4566595726612572,3.593589771593907
12648227.037335789,3454027.656098312,3.435954631123645,3.5014015695003047
12648227.07383497,3454027.4594569895,3.4709457671985087,3.500935040853816
12648227.053240469,3454027.265058028,3.732674195734141,3.9354324993027943
12648227.00143128,3454027.0718850275,3.835136911281118,3.8039059248241465
12648226.967364216,3454026.8758594613,3.789575662041466,3.387228539122236
12648226.956011172,3454026.67618195,3.781021300722852,3.4287599982050456
12648226.944658129,3454026.476504439,3.8068961822420224,3.4703939346924413
12648226.933305085,3454026.276826928,3.82616292871155,3.512027871179836
12648226.92195204,3454026.0771494173,3.8027427872575856,3.609678496376354
12648226.910598995,3454025.877471906,3.77932264854487,3.7848448278030715
12648226.899245951,3454025.677794395,3.7559025088541196,3.9600111768481714
12648226.887892907,3454025.4781168844,3.6333767818252913,3.6642432626307246
12648226.814246554,3454025.296422366,3.650210175222351,3.6385516197458263
12648226.717434697,3454025.121415326,3.715563775743262,3.636172706073437
12648226.62062284,3454024.9464082853,3.7500020484991454,3.5865391485014118
12648226.52381098,3454024.7714012447,3.784440321411108,3.5369055871494828
12648226.426999124,3454024.5963942045,3.763983923695415,3.52806414999257
12648226.330187267,3454024.421387164,3.7385952427351925,3.5835899632734254
12648226.233375408,3454024.2463801233,3.7132065640117435,3.639115777386583
12648226.13656355,3454024.071373083,3.687817886675465,3.6946415970483004
12648226.039751694,3454023.8963660426,3.6552429898867604,3.7335060886665867
12648225.937589008,3454023.7253486877,3.6159792584723385,3.686260778918837
12648225.797489192,3454023.582618027,3.6562356849426054,3.6603807575507012
12648225.657389376,3454023.4398873663,3.650430825991081,3.660389431726723
12648225.516676648,3454023.2977753724,3.644753818316784,3.659987391566892
12648225.372642832,3454023.1590156523,3.644500188475613,3.6553484518349677
12648225.228609016,3454023.020255932,3.644500188475613,3.64975711642842
12648225.0845752,3454022.881496212,3.644500188475613,3.6579468567341014
12648224.940541385,3454022.742736492,3.658330239933819,3.6623115425709836
12648224.775106536,3454022.632559054,3.6007619125316332,3.703946311511211
12648224.60140901,3454022.5334168845,3.598639950518934,3.6811242652706073
12648224.427711485,3454022.434274715,3.598639950343495,3.624468488887116
12648224.254013961,3454022.335132546,3.6083165487219895,3.6785710998547927
12648224.067842629,3454022.2705185213,3.6319500377414133,3.902219467767477
12648223.870886767,3454022.2357566296,3.715653526072427,3.9673451613690767
12648223.673930908,3454022.2009947384,3.7546948992095963,3.824562442437741
12648223.476975048,3454022.166232847,3.7865217551273993,3.681779721537282
12648223.280019186,3454022.1314709554,3.7945452265638284,3.5389970010953977
12648223.083063327,3454022.096709064,3.8025686986477476,3.4773043758311797
12648222.886107467,3454022.0619471725,3.8105921698952585,3.528740458296596
12648222.689151606,3454022.0271852813,3.81861564257258,3.5801765409509296
12648222.492195746,3454021.9924233896,3.8266391134156064,3.6316126248461558
12648222.295239886,3454021.9576614983,3.834662585715093,3.683048705746934
12648222.098284025,3454021.922899607,3.8426860577990127,3.734484789507332
12648221.901328165,3454021.8881377154,3.8278221459951873,3.785920873402558
12648221.704372305,3454021.853375824,3.734980763934303,3.7684630427165455
12648221.505750783,3454021.8526953887,3.7033177648786175,3.735383313265441
12648221.30634383,3454021.86808586,3.717501804371323,3.732382234416184
12648221.106936874,3454021.8834763304,3.7273516403322695,3.7323822345937954
12648220.90752992,3454021.898866801,3.6876015063329213,3.742420073142691
12648220.712521771,3454021.9432019917,3.6772103429754943,3.7435876993500465
12648220.517545506,3454021.987746981,3.6772098284137926,3.7141494148593144
12648220.322569242,3454022.03229197,3.677209828867757,3.684417198565506
12648220.127592977,3454022.0768369595,3.677209828945971,3.7129540127264997
12648219.93261671,3454022.1213819487,3.6907870927837756,3.6989632289109524
12648219.74909141,3454022.1982526523,3.7332408765765703,3.7497433786559453
12648219.569551859,3454022.286375009,3.755686724537853,3.673883307987346
12648219.38450681,3454022.361299967,3.75297248805352,3.703168953579222
12648219.195569048,3454022.4268935807,3.7517749082898577,3.738016637486533
12648219.006631287,3454022.4924871945,3.7517749077520137,3.759885494185536
12648218.817693526,3454022.5580808083,3.7517749082898577,3.778338292546729
12648218.628755763,3454022.623674422,3.7517749072390645,3.7967910903700774
12648218.439818002,3454022.689268036,3.7517749082898577,3.8152438877535215
12648218.25088024,3454022.7548616496,3.7530145191021305,3.8258885064011405
12648218.065757781,3454022.83000329,3.7717447377255557,3.8263726632078225
12648217.883645436,3454022.9126779116,3.7964774646717747,3.8255862261875624
12648217.701533088,3454022.9953525327,3.8095913670111177,3.8261198655319624
12648217.517029712,3454023.0717824143,3.8109024854356344,3.8270850416720035
12648217.326271063,3454023.131875158,3.8062905250040595,3.8489431862023284
12648217.135512415,3454023.1919679013,3.798441378946105,3.862836627555755
12648216.944753766,3454023.2520606453,3.7744890459487452,3.8559449917085
12648216.753995117,3454023.3121533887,3.7505367120630972,3.845516094604317
12648216.563236468,3454023.372246132,3.7076885583749917,3.8521140412836448
12648216.380377363,3454023.4530256167,3.6984981041393343,3.8511014415913896
12648216.198117929,3454023.535375471,3.6984655458268225,3.8192655652177243
12648216.015858494,3454023.6177253257,3.6984655451571595,3.784668277390158
12648215.83359906,3454023.7000751803,3.698465546005871,3.7500709889591866
12648215.651339626,3454023.782425035,3.698465546251178,3.715473699582224
12648215.469080191,3454023.8647748893,3.698465546251178,3.693145080062406
12648215.286820756,3454023.947124744,3.6992703036515793,3.6794645773615007
12648215.101325912,3454024.021784289,3.694204918716334,3.675589235341294
12648214.915012332,3454024.0944977663,3.6844998763230588,3.6755402516900593
12648214.728868302,3454024.1676142802,3.670820322486253,3.6764616344158174
12648214.546604749,3454024.249955021,3.6696713556976936,3.669663954609684
12648214.364341198,3454024.332295762,3.669717448870093,3.6582945353364535
12648214.18130008,3454024.4127881425,3.669444953255637,3.6465901718351184
12648213.994985934,3454024.48550017,3.662614155376382,3.645785653138155
12648213.808388446,3454024.5574548044,3.6545108530502923,3.6534108414715742
12648213.620097743,3454024.6248833705,3.6416801146691347,3.6667616411353787
12648213.431807041,3454024.6923119365,3.631390681141841,3.6779171991518607
12648213.243516339,3454024.7597405026,3.621651150533077,3.689072757168342
12648213.055225637,3454024.8271690686,3.611911619296335,3.700228315812801
12648212.866934935,3454024.8945976347,3.6021720886875714,3.711383873390884
12648212.678644232,3454024.9620262007,3.5924325580195675,3.7225394313481255
12648212.49035353,3454025.0294547672,3.5798635013014106,3.7302031153238575
12648212.305025892,3454025.1045635357,3.576979089324574,3.731028663953402
12648212.12023778,3454025.181070754,3.5769539849467193,3.7323159710780267
12648211.935449671,3454025.257577972,3.576953984637174,3.7189837378137787
12648211.750661561,3454025.3340851907,3.5769539850674175,3.684342926745071
12648211.565873452,3454025.410592409,3.57695398493309,3.6497021155420355
12648211.381085342,3454025.487099627,3.5769539850674175,3.6150613061806713
12648211.196297232,3454025.5636068457,3.576953985497661,3.5804204951119636
12648211.011509122,3454025.640114064,3.576953985363333,3.619012940671709
12648210.826721013,3454025.716621282,3.576953985497661,3.665748751749505
12648210.641932903,3454025.7931285007,3.5769539859279043,3.712484563835745
12648210.457144793,3454025.869635719,3.5769539857935766,3.759220376796101
12648210.272356683,3454025.946142937,3.585816250997717,3.753603018264883
12648210.101236543,3454026.047239698,3.667798894805168,3.727299074138239
12648209.938705174,3454026.163788203,3.7278589963381377,3.723675254335194
12648209.776173804,3454026.2803367088,3.747551568672076,3.72828481937334
12648209.62645874,3454026.412098827,3.813282429168442,3.734307717227905
12648209.484003238,3454026.5524784205,3.872440056135746,3.717901877089946
12648209.341547739,3454026.6928580143,3.9119260334621027,3.686454643097705
12648209.199092237,3454026.833237608,3.9514120075296577,3.6550074081490904
12648209.056636738,3454026.973617201,3.942314874310906,3.6235601738251697
12648208.914181236,3454027.113996795,3.9314786475246404,3.746291384594052
12648208.771725735,3454027.2543763886,3.920642420896053,3.8918022797461735
12648208.629270235,3454027.3947559823,3.909806195359173,4.0373131799314965
12648208.486814734,3454027.535135576,3.893806083633021,4.074890577654455
12648208.35687065,3454027.684030649,3.7457360118926024,3.7775919219866507
12648208.278534263,3454027.8680507853,3.840452080998529,3.86916982302247
12648208.200197877,3454028.0520709218,3.876444952395585,3.747581610202195
12648208.121861491,3454028.2360910582,3.876078525004362,3.7340193693412456
12648208.043525105,3454028.4201111947,3.87571209779553,3.7826876008776056
12648207.96518872,3454028.604131331,3.8753456704043066,3.8313558325963566
12648207.886852333,3454028.7881514677,3.874979243195475,3.8800240624188955
12648207.808515947,3454028.972171604,3.86755740253599,3.9286922941376465
12648207.730179561,3454029.1561917407,3.814820803887783,3.8948564656937
12648207.695512764,3454029.352916335,3.859983376252221,3.866772188298691
12648207.662907526,3454029.5502406834,3.8623643936500147,3.8667172084883363
12648207.630302288,3454029.747565032,3.856427483693491,3.8667997700778254
12648207.600281479,3454029.9452810255,3.8530013975758943,3.864868462691072
12648207.57296016,3454030.1434061015,3.8529116421822693,3.860137852774891
12648207.545638844,3454030.341531177,3.8529116423094942,3.8547921737437414
12648207.518317526,3454030.5396562526,3.8385346750965,3.869707045313583
12648207.522543767,3454030.7395199104,3.8235714279456774,3.8795263083948917
12648207.527928459,3454030.93944741,3.8243987764910776,3.8595654519497096
12648207.54168877,3454031.1386696263,3.8040108967607695,3.866203208274307
12648207.569813294,3454031.3366822805,3.801541035727968,3.844592719240903
12648207.597937817,3454031.5346949347,3.802421853878946,3.8083351233201426
12648207.634480815,3454031.7308435286,3.7918151824043886,3.8479601818493188
12648207.6925767,3454031.922219776,3.7815156485487815,3.8564334268332736
12648207.75232353,3454032.113085174,3.781026109435564,3.7868898657070758
12648207.812466167,3454032.3038280993,3.7810240825313914,3.7847872674035004
12648207.872608801,3454032.494571024,3.7810240813232183,3.782644680758091
12648207.932751436,3454032.6853139494,3.781024080763097,3.815118542016844
12648207.99289407,3454032.8760568746,3.7810240794067553,3.9550654769023685
12648208.053036705,3454033.0667997994,3.785186802924449,3.9691589920429236
12648208.13003457,3454033.249039244,3.797079380535846,3.848263686695453
12648208.247708894,3454033.4107573736,3.772425563672435,3.905883658175589
12648208.365383219,3454033.5724755027,3.772425563672435,3.8364128474512014
12648208.483057544,3454033.7341936324,3.772425563672435,3.777083997052428
12648208.600731868,3454033.8959117616,3.7724255654525347,3.836101686222068
12648208.718406193,3454034.057629891,3.773211268171768,3.8726061358220853
12648208.841905272,3454034.213521421,3.8055619896954815,3.8469455424679255
12648209.003660653,3454034.3311445327,3.77059539303367,4.053746430159045
12648209.165416036,3454034.4487676444,3.772194971698734,3.992060725008278
12648209.333302287,3454034.556481774,3.802733226661007,4.082348681153604
12648209.510755531,3454034.648733311,3.8325048951930296,4.063295495588154
12648209.688208777,3454034.740984848,3.809594342801909,3.8587407561408966
12648209.865662022,3454034.833236384,3.786683790988095,3.7092661108809932
12648210.043115266,3454034.925487921,3.7990757265667785,3.6402047141202143
12648210.206919577,3454035.039169755,3.8256412787277494,3.6089086780284654
12648210.365552539,3454035.160971164,3.792338690684181,3.635767172213865
12648210.524185501,3454035.2827725727,3.571608144617544,3.6535979171250426
12648210.707421273,3454035.346150774,3.3182672903026167,3.881730405637244
12648210.905398613,3454035.3745228183,3.2765005673077288,4.056307904301968
12648211.103375953,3454035.4028948625,3.2627283986021576,3.8959931924734463
12648211.302422022,3454035.422077712,3.259910627700956,3.8345115897736637
12648211.50162644,3454035.439899059,3.2598914988601004,3.715876459624028
12648211.700830854,3454035.4577204064,3.260665125509039,3.5889255705108583
12648211.900035271,3454035.475541753,3.2691438619848023,3.313236144014858
12648212.093818001,3454035.5229476457,3.275728692175883,3.256898055747509
12648212.286396487,3454035.5769247427,3.2307263049892034,3.258762467194325
12648212.481821472,3454035.6160785467,3.188818797209543,3.26543991867805
12648212.680695437,3454035.6372716115,3.185488681417158,3.253460083947157
12648212.879569402,3454035.6584646762,3.185491256440539,3.219035763559257
12648213.078388132,3454035.680163325,3.185971100908698,3.1857321301137915
12648213.277146759,3454035.7024121066,3.1859680518028863,3.1806164616175945
12648213.475905385,3454035.7246608883,3.1860085374246627,3.175254057057772
12648213.674414642,3454035.748910758,3.1844417655306443,3.17172510931128
12648213.872554816,3454035.77612236,3.1799450404831617,3.1716368166181
12648214.07069499,3454035.803333962,3.1749426609356504,3.1716368166181
12648214.268835165,3454035.8305455637,3.172725844660879,3.171643442049329
12648214.46685695,3454035.858566191,3.1751235678478817,3.1726417096666926
12648214.66448622,3454035.889269156,3.1750506484057874,3.1809933490047064
12648214.86211549,3454035.9199721203,3.1760757243782134,3.190765761864745
12648215.06093548,3454035.940582595,3.191358718585403,3.19180435737739
12648215.260283748,3454035.956715426,3.2399740991409574,3.19160171949325
12648215.459632015,3454035.9728482566,3.26551849800233,3.192650480883098
12648215.65709436,3454035.999089827,3.252534847571812,3.228879880051249
12648215.848849481,3454036.0559226815,3.2426835259982867,3.290953052727029
12648216.040604603,3454036.112755536,3.242859681679409,3.3146891137643744
12648216.233260715,3454036.165509929,3.2575779766646815,3.316328234995446
12648216.431112176,3454036.1947468943,3.308067365384019,3.3103119590779415
12648216.628963634,3454036.2239838596,3.366077336790472,3.3103119588056513
12648216.826815093,3454036.2532208245,3.332253637111274,3.3339212067905146
12648217.010905968,3454036.327960175,3.3381633726179096,3.516379808802283
12648217.191802556,3454036.413262136,3.320225581410541,3.622137519372744
12648217.372699145,3454036.498564096,3.2906016640298614,3.6898809052067234
12648217.55406263,3454036.5825774926,3.3073175055014743,3.6550683982416783
12648217.747614479,3454036.632952904,3.3873681104252604,3.619837301876781
12648217.941166326,3454036.6833283147,3.4250054232590643,3.6522668832438123
12648218.134718174,3454036.733703726,3.4626427365064965,3.6846964645553153
12648218.328270022,3454036.784079137,3.5242376576721273,3.7111958251683004
12648218.521821871,3454036.834454548,3.5991916255836043,3.687549441764952
12648218.71537372,3454036.884829959,3.6741455908282115,3.663903057497326
12648218.908925567,3454036.93520537,3.749099559603965,3.640256674489097
12648219.102477416,3454036.985580781,3.744215698048335,3.59715500590189
12648219.285524905,3454037.0586264404,3.650934143975614,3.621302281385624
12648219.449088389,3454037.173721994,3.626445529772673,3.7003529990703363
12648219.612651875,3454037.288817547,3.627240955836805,3.7192582952286966
12648219.780525494,3454037.396717063,3.6511215429210373,3.715779132407967
12648219.959189238,3454037.4866018053,3.704104603554919,3.710657535299579
12648220.137852982,3454037.5764865475,3.7337411406602956,3.710657534883595
12648220.316516725,3454037.6663712896,3.7633802338566658,3.7106575340670744
12648220.495180467,3454037.756256032,3.779922425503606,3.71187310288402
12648220.668716315,3454037.8550060694,3.7787038063336658,3.734024068613493
12648220.835713774,3454037.965059913,3.7790348464459482,3.765956039849273
12648221.002711235,3454038.0751137575,3.785148381127544,3.77595269478623
12648221.169708693,3454038.1851676013,3.791261915384616,3.7859493504651285
12648221.336706152,3454038.295221445,3.787908879468283,3.793679856353224
12648221.506641673,3454038.400565138,3.786759333212287,3.7958810422486255
12648221.678924907,3454038.502145091,3.791058715205439,3.7956476641877757
12648221.851208143,3454038.603725044,3.7948044829855587,3.7956476637262195
12648222.023491379,3454038.7053049966,3.779590410178442,3.7956476630979576
12648222.195774613,3454038.8068849496,3.749291127566079,3.7972014459993697
12648222.373354241,3454038.8983193585,3.733716765907564,3.7964400287348736
12648222.555188688,3454038.9816034148,3.747932691442675,3.7775239063327533
12648222.733921275,3454039.071107189,3.750214450275947,3.755150331422853
12648222.909845427,3454039.166242318,3.749750479235969,3.74508814727252
12648223.085769577,3454039.2613774473,3.74976925399056,3.737255564111047
12648223.26107101,3454039.357614815,3.749366582957699,3.7294082075193025
12648223.43335071,3454039.459200764,3.7436457099290674,3.7289683690060884
12648223.605630409,3454039.560786713,3.7362327701596136,3.7289683691803805
12648223.777910108,3454039.662372662,3.7296745355786065,3.7289683696949147
12648223.950189808,3454039.7639586115,3.737828130133412,3.7331903662896506
12648224.111410707,3454039.8810354196,3.7478510644489225,3.7733010497106974
12648224.263447806,3454040.0109766386,3.7337522244194483,3.821871639929114
12648224.415484907,3454040.140917858,3.7235399016923036,3.851396419840678
12648224.567522006,3454040.270859077,3.7326517163429207,3.8506263917888033
12648224.736103484,3454040.378294865,3.790185092857569,3.8406848245456713
12648224.905487286,3454040.4846392474,3.8215784123972414,3.840662908763356
12648225.074871087,3454040.59098363,3.916049029926578,3.840662909157733
12648225.244254889,3454040.6973280124,4.1292385130798435,3.840662909534248
12648225.413638692,3454040.803672395,3.9181501660610536,3.9672107036819817
12648225.483036203,3454040.9786429056,4.814408745990647,4.7926976232604535
12648225.521368641,3454041.1749350964,4.934476966909041,5.0671829962844415
12648225.56896538,3454041.3691754197,4.576106759012303,5.103090883315224
12648225.617102042,3454041.5632961593,4.34959453038739,5.201455506373369
12648225.665238706,3454041.7574168993,4.130030190177786,5.303420903536454
12648225.71337537,3454041.951537639,3.921452372702658,5.380651037630749
12648225.761512034,3454042.145658379,3.778510857300273,5.452527591643053
12648225.809648696,3454042.3397791185,3.6355693403141514,5.524404146103664
12648225.85778536,3454042.533899858,3.492627824799689,5.596280699779736
12648225.905922024,3454042.728020598,3.349686307477337,5.668157255712006
12648225.954058688,3454042.922141338,3.2067447939949187,5.722637436390321
12648226.00219535,3454043.116262078,3.1093598916361036,5.759540560275673
12648226.050332015,3454043.3103828174,3.119411211214724,5.796443682241059
12648226.098468678,3454043.5045035575,3.129462528985454,5.833346806238488
12648226.146605343,3454043.698624297,3.1395138503719644,5.870249926395983
12648226.194742005,3454043.892745037,3.203381291195122,5.9071530502813365
12648226.24287867,3454044.0868657767,3.294201046861063,5.918936239418342
12648226.291015333,3454044.2809865167,3.3850207931806406,5.919142621784555
12648226.339151995,3454044.4751072563,3.475840554913394,5.919349004384382
12648226.38728866,3454044.669227996,3.566660310355181,5.919555385234958
12648226.435425323,3454044.863348736,3.6574800642132312,5.9197617684538075
12648226.483561987,3454045.0574694755,3.7482998199912485,5.91996814975269
12648226.53169865,3454045.2515902156,3.8391195738492985,5.901180096242865
12648226.579835314,3454045.445710955,4.269857213832095,5.8282199132136014
12648226.627971977,3454045.6398316952,4.721260963039128,5.755259732104306
12648226.676108642,3454045.833952435,4.721260963039128,5.682299549075043
12648226.724245304,3454046.028073175,4.721260963039128,5.609339366157856
12648226.772381969,3454046.2221939145,4.721260963039128,5.2835878778363625
12648226.790106531,3454046.417225501,4.038660978613915,4.613367784068196
12648226.753673611,3454046.613879111,3.9620154207249536,4.2717964259805035
12648226.717240693,3454046.810532721,3.9620154210796596,4.199061670016787
12648226.680807775,3454047.007186332,3.971765736322591,4.093886420278357
12648226.635889117,3454047.2004769747,4.048337108805226,3.8271402945511928
12648226.527718345,3454047.3687002906,4.189151608703204,3.771399927485705
12648226.419547573,3454047.5369236064,4.107346087444156,3.771399927485705
12648226.3113768,3454047.7051469223,4.025540562855422,3.7713999262264313
12648226.203206029,3454047.8733702386,3.9437350472778836,3.771399926507846
12648226.095035255,3454048.0415935544,3.861929523137286,3.7713999280189743
12648225.986864483,3454048.2098168703,3.7856619711284383,3.7714238389085577
12648225.877503555,3454048.3772575497,3.8147984434959166,3.772928095935457
12648225.765910005,3454048.5432300763,3.872298809802129,3.772843912210778
12648225.654316455,3454048.7092026034,3.938293154954125,3.772843912144757
12648225.542722907,3454048.8751751306,4.004287496041366,3.772843911884933
12648225.431129357,3454049.0411476577,4.070281830998466,3.772843912210778
12648225.319535807,3454049.2071201843,4.056887831813437,3.781060611307968
12648225.188596746,3454049.3550236174,3.981490539883054,3.8983660733860335
12648225.030615397,3454049.4776690127,3.9644939874702247,4.059189361508678
12648224.872634046,3454049.6003144085,3.9644939871023954,4.120483571048257
12648224.714652697,3454049.722959804,4.22239034637825,4.5563357498180865
12648224.522010116,3454049.772883076,4.22239034637825,5.286849753310049
12648224.327249896,3454049.8183633666,5.386521533692372,5.421162104308352
12648224.132489676,3454049.863843657,4.929609358102933,5.4749202785492725
12648223.937729456,3454049.9093239475,4.472697172024094,5.528678450916561
12648223.742969237,3454049.954804238,4.0157850127592685,5.582436626154084
12648223.548209017,3454050.000284528,3.8168919125592944,5.636194802751993
12648223.353448797,3454050.0457648183,3.724990690360635,5.689952975089389
12648223.158688577,3454050.0912451087,3.633089470489069,5.742510742516874
12648222.963928357,3454050.136725399,3.541188248320302,5.7297477913615165
12648222.769168139,3454050.1822056896,3.4492870298091205,5.716984839388915
12648222.574407918,3454050.22768598,3.357385811357726,5.704221887505995
12648222.379647698,3454050.2731662705,3.3163007981134722,5.691458935986856
12648222.184887478,3454050.318646561,3.353905502271768,5.678695984437823
12648221.990127258,3454050.3641268513,3.391510205976602,5.665933032948577
12648221.79536704,3454050.4096071413,3.4291149092578674,5.634141409859069
12648221.60060682,3454050.4550874317,3.4783328094673083,5.58481620729582
12648221.4058466,3454050.500567722,3.6412147345128005,5.535491003855541
12648221.21108638,3454050.5460480126,3.8040966635497657,5.486165802109534
12648221.016326161,3454050.591528303,3.9669785881119033,5.436840599122717
12648220.821565941,3454050.6370085934,4.129860510042953,5.387515394835302
12648220.62680572,3454050.682488884,4.343444653008402,5.3381901913950225
12648220.4320455,3454050.7279691743,4.545102785530751,5.276550028380499
12648220.23675815,3454050.7696111803,4.308275379684152,4.998396187897473
12648220.03694782,3454050.778319376,4.180359262154918,4.712558636283565
12648219.837137492,3454050.7870275714,3.860130424236531,3.906890174266657
12648219.665983994,3454050.689048126,4.555144041166021,3.6712033811893745
12648219.497428855,3454050.581395141,4.300006588089429,3.6701412830343862
12648219.328873716,3454050.473742156,4.064239870510546,3.670141282467191
12648219.160318578,3454050.3660891703,3.9238802385813636,3.6701412827737325
12648218.991763437,3454050.2584361853,3.783520612057612,3.6701412815534358
12648218.823208299,3454050.1507832003,3.6657270741679175,3.6701412816393417
12648218.65465316,3454050.0431302153,3.6285463687220325,3.6733360589616693
12648218.477937018,3454049.950025568,3.613254143458515,3.67143068246181
12648218.298202042,3454049.8623024914,3.612824949555203,3.65452783240245
12648218.118467065,3454049.7745794146,3.617779881798744,3.6143197452658997
12648217.949138569,3454049.668696921,3.617400145297622,3.597457183002626
12648217.78258375,3454049.5579743264,3.597123779045004,3.597108273911953
12648217.616028935,3454049.447251732,3.616252653299802,3.5971082742997433
12648217.449474117,3454049.3365291376,3.6353815298901155,3.5971082730217274
12648217.282919299,3454049.225806543,3.654510404003955,3.597108272492978
12648217.116364483,3454049.1150839487,3.6736392792899375,3.597108273911953
12648216.949809665,3454049.0043613543,3.681078325005431,3.600402836592161
12648216.793394417,3454048.879859082,3.6779898134285594,3.6290384704086387
12648216.638138106,3454048.7537818113,3.6779600669796357,3.650800959783489
12648216.483590411,3454048.626852125,3.6859943256470453,3.675441243741532
12648216.331271365,3454048.4972415217,3.692669590588822,3.7028841308722913
12648216.178952321,3454048.3676309185,3.700789091172309,3.7266581573022832
12648216.026633276,3454048.2380203153,3.708908593877175,3.7504321797498585
12648215.87431423,3454048.1084097126,3.717028096377046,3.7742062039088218
12648215.721995184,3454047.9787991093,3.7186643093035077,3.797980228210942
12648215.569676138,3454047.849188506,3.7202357104459827,3.8217542537949782
12648215.417357095,3454047.719577903,3.7218594409461394,3.8447919890486317
12648215.264646871,3454047.5904863067,3.7326537712877146,3.847969056061652
12648215.098093577,3454047.4797614203,3.76187330350127,3.8416030336915563
12648214.931540284,3454047.3690365343,3.7789466379439647,3.8416030336915563
12648214.76498699,3454047.258311648,3.7960199743169145,3.841603033815032
12648214.598433698,3454047.1475867615,3.813093308371822,3.8416030342028193
12648214.431880403,3454047.036861875,3.830166644621296,3.841603033815032
12648214.26532711,3454046.9261369887,3.8460183976370317,3.8416030342028193
12648214.098773817,3454046.8154121023,3.8593917743140347,3.8416030336915563
12648213.932220524,3454046.7046872163,3.8727651493077326,3.8416030336915563
12648213.76566723,3454046.59396233,3.885665793198344,3.8416095710695783
12648213.599542987,3454046.482636576,3.892020698659453,3.844726727662734
12648213.440748125,3454046.361046314,3.89008540312519,3.864294642311883
12648213.281953264,3454046.2394560515,3.890085402408973,3.8776680182343455
12648213.123158403,3454046.1178657888,3.8905617052899273,3.887449953793735
12648212.960820988,3454046.0014404645,3.8875534425942093,3.8894556238434985
12648212.790201377,3454045.8970903396,3.884948485509814,3.8843109845863406
12648212.619581766,3454045.792740215,3.884948486524252,3.867046356850909
12648212.448962156,3454045.6883900906,3.8864568641066217,3.8420335593467145
12648212.284561025,3454045.5747916857,3.8835807833977336,3.829892208244722
12648212.12354804,3454045.4561543446,3.8709561055209973,3.829451244096162
12648211.962535055,3454045.3375170035,3.8536914781597886,3.829451244431517
12648211.80152207,3454045.218879662,3.836426850443458,3.8294512448064046
12648211.640509086,3454045.100242321,3.787426191424322,3.834176681020434
12648211.468953956,3454044.998435505,3.7590335624712186,3.8396912899762814
12648211.291940432,3454044.9053430133,3.7577943790245723,3.8230093043874387
12648211.114926906,3454044.812250522,3.7603938906399565,3.7738893810660494
12648210.945846243,3454044.7065654187,3.7679773522181863,3.7345987432065133
12648210.785446374,3454044.587100437,3.757513476104501,3.7315062383272863
12648210.625046505,3454044.467635455,3.673834924831788,3.7397043925832314
12648210.451385418,3454044.371118758,3.607968716727638,3.76794751854568
12648210.26778802,3454044.2917966554,3.57648769545819,3.763608804296679
12648210.08364316,3454044.2139097992,3.5511481518809456,3.757518882608142
12648209.893858554,3454044.150808271,3.548368190376224,3.7376079545838174
12648209.704073947,3454044.087706743,3.548368190376224,3.671514286404654
12648209.51428934,3454044.0246052146,3.5485471026530666,3.5936764028385637
12648209.326278532,3454043.9578660573,3.580863198363299,3.446782354121625
12648209.159691574,3454043.8471918255,3.6186044887924984,3.452433131723676
12648208.993104616,3454043.7365175933,3.4661439530329012,3.4559866979366536
12648208.802966747,3454043.676972925,3.4139482831237324,3.5186051109239282
12648208.610584259,3454043.6223013764,3.4136472748072944,3.469276658225698
12648208.41820177,3454043.567629827,3.4136472744818556,3.4083055614465976
12648208.225819284,3454043.5129582784,3.423843589947255,3.3246248311146167
12648208.04482473,3454043.429609017,3.4370842946515707,3.374902757649311
12648207.867238412,3454043.337704872,3.3507533489912316,3.3594856140815343
12648207.671695868,3454043.295715428,3.331220183371543,3.3554221353523994
12648207.476153323,3454043.253725984,3.331220183371543,3.3302204363304058
12648207.28061078,3454043.2117365403,3.331230551003431,3.3283669214037794
12648207.085282119,3454043.1687723137,3.3303030866632977,3.3275126080792887
12648206.890123103,3454043.125034935,3.3285659632089066,3.3275060925716726
12648206.694964087,3454043.0812975555,3.3259787388797957,3.3275203612569433
12648206.499558562,3454043.0387053303,3.3234997548259186,3.326549817878214
12648206.30368888,3454042.9982693633,3.323449228770575,3.32354311488696
12648206.107819198,3454042.957833396,3.3234492283145305,3.3415357213371357
12648205.911949515,3454042.917397429,3.3241729689594384,3.3539625752947333
12648205.714760242,3454042.885205352,3.3390046074083886,3.3565594630057527
12648205.516055292,3454042.862482183,3.34900046822519,3.3556788686035453
12648205.317115635,3454042.84257501,3.3355363686968995,3.355164242892075
12648205.11739065,3454042.832090267,3.33460443044977,3.3468052266206554
12648204.917665662,3454042.821605524,3.3346044309147906,3.334988853531723
12648204.717940675,3454042.811120781,3.335156175730054,3.369191781312301
12648204.517999914,3454042.8079085024,3.342198644154004,3.393820532798906
12648204.31800464,3454042.8065334316,3.342163371320304,3.429705173347178
12648204.118009368,3454042.805158361,3.3438417434345573,3.4491101031359053
12648203.919146726,3454042.8164309864,3.382505744948399,3.437377731528193
12648203.722578034,3454042.853319321,3.444781409130448,3.430272690418771
12648203.526009342,3454042.890207655,3.464176256139019,3.430320651133309
12648203.329068962,3454042.925013705,3.4803620620206885,3.432731581516991
12648203.131877204,3454042.958411465,3.4969546075329725,3.436473467158596
12648202.934685446,3454042.9918092247,3.514672046188188,3.5163660818551694
12648202.737493686,3454043.025206985,3.5323894853025264,3.6134485556722313
12648202.540301928,3454043.0586047447,3.5501069236467013,3.7105310294892937
12648202.34311017,3454043.0920025045,3.567824362449999,3.80761350238811
12648202.145918412,3454043.1254002643,3.536657455272933,3.6602002820888515
12648201.974289969,3454043.220333894,3.72546287284658,3.648967110855737
12648201.811477602,3454043.3364895377,3.863534168811875,3.6461901232160914
12648201.648665236,3454043.452645181,3.9336500185190664,3.6105556412876676
12648201.493949022,3454043.579195765,3.9528716731394695,3.5823155297727096
12648201.341464011,3454043.70861107,3.9706909750334205,3.5175827904952097
12648201.188978998,3454043.838026375,3.985938761649705,3.5007312031519646
12648201.036493987,3454043.9674416804,4.0011865506673665,3.4838796171450017
12648200.884008976,3454044.0968569857,4.016434337012465,3.4670280275405583
12648200.731523963,3454044.2262722906,4.0316821239837815,3.4501764414025873
12648200.579038952,3454044.355687596,4.040841733981426,3.433324853554961
12648200.42655394,3454044.485102901,4.045955029868681,3.447870145874508
12648200.27406893,3454044.614518206,4.05106832661535,3.50579594394259
12648200.121583916,3454044.743933511,4.056181621437508,3.563721741151258
12648199.969098905,3454044.8733488163,4.061294918875897,3.6216475326047415
12648199.816613894,3454045.002764121,4.0664082140622595,3.679573331027855
12648199.664128881,3454045.1321794265,4.047188136869896,3.737499127311606
12648199.51164387,3454045.261594732,4.00066217872127,3.795424919334975
12648199.359158859,3454045.3910100367,3.8865531906723483,3.7677250886902236
12648199.234712258,3454045.545320918,3.780064331351567,3.7237881531888
12648199.124249464,3454045.712048153,3.7394928947576562,3.71975257117144
12648199.01378667,3454045.8787753885,3.720088116426589,3.719752571438253
12648198.903323876,3454046.045502624,3.6935726320626063,3.7197525713901483
12648198.79286108,3454046.212229859,3.649904503201162,3.7229578040153375
12648198.696812663,3454046.3871896677,3.6260844690849177,3.7248022166907893
12648198.609331125,3454046.5670423307,3.6249832958028585,3.7092571371756886
12648198.521849586,3454046.746894994,3.624983293924166,3.682616530097705
12648198.434368048,3454046.926747657,3.6260263680994185,3.6453784107091454
12648198.33857776,3454047.101781195,3.632460334581535,3.605166224596238
12648198.225903159,3454047.267021729,3.624789005659092,3.6008739473304674
12648198.113228556,3454047.4322622633,3.596520323239009,3.6008739483447076
12648198.000553954,3454047.597502798,3.5730375931589347,3.6008739479418717
12648197.887879353,3454047.762743332,3.5340264929186134,3.6048111976652653
12648197.791236281,3454047.9375941507,3.5209144529950223,3.6021336743459855
12648197.69859953,3454048.114846605,3.520674904057044,3.5833393715291812
12648197.60596278,3454048.2920990586,3.520674903832939,3.5598566451910303
12648197.51332603,3454048.4693515124,3.5323339812022523,3.512739545217655
12648197.393371677,3454048.629045629,3.5399667215771924,3.51895869003637
12648197.270600395,3454048.7869291697,3.5089384797904533,3.5305711549312857
12648197.147829114,3454048.944812711,3.4970352102913402,3.5408038620391165
12648197.025057834,3454049.102696252,3.5341287602421603,3.5510365692270005
12648196.902286552,3454049.2605797932,3.571222305902978,3.5591341897578124
12648196.77951527,3454049.418463334,3.6083158557325854,3.550615516009051
12648196.65674399,3454049.576346875,3.645409404540009,3.5420968424226613
12648196.533972709,3454049.7342304164,3.642870170374425,3.532027796652086
12648196.389862819,3454049.8721299614,3.6287308314141535,3.577829149374692
12648196.240358833,3454050.0049778386,3.6281147680671246,3.6149178347854454
12648196.090854848,3454050.137825716,3.631685667927391,3.611829717751212
12648195.931115825,3454050.256140321,3.6557577116070803,3.6257895803764577
12648195.755663384,3454050.3521426185,3.6585513241768908,3.6856933649794787
12648195.580210943,3454050.4481449155,3.6126061450978173,3.7162599536807974
12648195.404758502,3454050.544147213,3.5666609639530864,3.7468265412105497
12648195.229306063,3454050.6401495105,3.5207157869936245,3.7773931290948544
12648195.053853622,3454050.736151808,3.500589375936318,3.802328300258499
12648194.87840118,3454050.8321541054,3.571082499095012,3.790373616700859
12648194.70294874,3454050.9281564024,3.641575625575718,3.7784189344226955
12648194.5274963,3454051.0241587,3.712068751008179,3.7664642502792733
12648194.35204386,3454051.1201609974,3.7825618723016143,3.7545095669759867
12648194.176591419,3454051.216163295,3.853054996839984,3.742554883981008
12648194.001138978,3454051.3121655923,3.9872855374394884,3.7306002009860295
12648193.825686537,3454051.40816789,3.8278853906469705,3.678775845245568
12648193.629491324,3454051.4438544335,3.770673350639096,3.7603481432783785
12648193.432103481,3454051.4760730565,3.770518916486422,3.761334229534982
12648193.234715639,3454051.5082916794,3.7715587265784554,3.7472643880842162
12648193.03605812,3454051.5312044066,3.7657765423663307,3.7446266373231762
12648192.837253826,3454051.553041357,3.755809933332496,3.7446128501673632
12648192.638449531,3454051.574878307,3.755185835205071,3.747181435915922
12648192.439033655,3454051.5819127723,3.761625407539344,3.7691859066677966
12648192.23910557,3454051.576549896,3.743898769934742,3.802459372709421
12648192.039177483,3454051.57118702,3.7420920026794406,3.8246061574571835
12648191.839249397,3454051.5658241436,3.7980707290310463,3.846752942304838
12648191.639321312,3454051.560461267,3.8540494552328144,3.8688997270526007
12648191.439393226,3454051.5550983907,3.9100281840777087,3.8910465107694843
12648191.23946514,3454051.5497355144,3.9660069116759584,3.9131932950517534
12648191.039537054,3454051.544372638,3.943349539851413,3.866708814562544
12648190.845066363,3454051.5058822553,3.8990364589661333,3.875126719633266
12648190.653982976,3454051.4468302503,3.893781082349369,3.8798847914386974
12648190.463018505,3454051.3874327326,3.8954912194651636,3.861803639187448
12648190.276066454,3454051.3163769026,3.8885592543933374,3.859968657373466
12648190.089114405,3454051.245321072,3.8770636405018446,3.8600124825869915
12648189.902888527,3454051.172502385,3.871196358843311,3.850470975638684
12648189.720130935,3454051.091264077,3.8568675355740836,3.8494731260362265
12648189.537373343,3454051.010025769,3.872604264064864,3.8498667679530056
12648189.357193766,3454050.92367757,3.876973374676197,3.860668695754079
12648189.183255821,3454050.8249578075,3.885981816452664,3.858351910515248
12648189.009317877,3454050.726238045,3.9204836401557537,3.8583519102963724
12648188.835379932,3454050.6275182827,3.9270939587282667,3.862766540615545
12648188.672214953,3454050.51299096,3.9156378287994427,3.9103786372929776
12648188.516724328,3454050.3872027854,3.9138280499902027,3.931908842846017
12648188.3612337,3454050.261414611,3.9152001881296385,3.9449193874937443
12648188.205743073,3454050.1356264367,3.9165723272289337,3.9579299319298373
12648188.050252445,3454050.009838262,3.9192063127515837,3.966676344538519
12648187.890073178,3454049.8902471005,3.9309914333586873,3.9681188231377544
12648187.726744914,3454049.774817997,3.9446251467165387,3.9677811647785983
12648187.563416649,3454049.659388894,3.9557427587258536,3.967781164018042
12648187.400088385,3454049.543959791,3.966860370669351,3.9677811647785983
12648187.236760119,3454049.428530688,3.960697178723494,3.967781164412947
12648187.073431853,3454049.313101585,3.9526214174990235,3.9677923998672497
12648186.909569204,3454049.198460455,3.9438275236781313,3.9677617096926343
12648186.741908226,3454049.08942011,3.9432630749769153,3.962062498213413
12648186.57424725,3454048.980379765,3.9432630746657535,3.9543388161082618
12648186.406586273,3454048.8713394194,3.943383636025159,3.945544291959803
12648186.240691474,3454048.7597171715,3.942450194702568,3.9416060429092576
12648186.07193669,3454048.652377418,3.9477239374987514,3.9304041722533687
12648185.903181905,3454048.545037664,3.952190829454752,3.9124149651390168
12648185.73442712,3454048.4376979102,3.952366234084483,3.889594302923362
12648185.569134569,3454048.3254189044,3.9526126510317194,3.868588942242928
12648185.410674274,3454048.203392945,3.9420522040495856,3.8668761011421715
12648185.25221398,3454048.0813669856,3.920665891022087,3.866876101422246
12648185.093753682,3454047.959341026,3.899279579529611,3.866876100625112
12648184.935293388,3454047.8373150667,3.877893269351328,3.8668761007732266
12648184.776833093,3454047.715289107,3.866850021866186,3.8668761009940558
12648184.618372796,3454047.593263148,3.8667962343695175,3.866876100256168
12648184.459912501,3454047.471237188,3.8667424079462798,3.8668761033462546
12648184.301442536,3454047.349223791,3.8667043890789747,3.8668603062500937
12648184.142949428,3454047.227240452,3.8703269739125292,3.870384230398529
12648183.99710237,3454047.093284377,3.9284634054061627,3.916332594034499
12648183.883964332,3454046.928360805,3.9819805197093476,4.045771848156532
12648183.770826295,3454046.7634372334,3.917126662329662,4.093947059883881
12648183.657688258,3454046.598513662,3.852272794992322,4.142122264506646
12648183.54455022,3454046.4335900904,3.787418935683475,4.190297471978603
12648183.431412183,3454046.2686665184,3.771658495025494,4.238472684188243
12648183.318274146,3454046.103742947,3.819112385086912,4.286647888328717
12648183.205136107,3454045.9388193754,3.866566272291383,4.3348230960640945
12648183.09199807,3454045.7738958034,3.914020153919484,4.352726143689292
12648182.978860034,3454045.608972232,3.9614740427083532,4.3563707906097635
12648182.865721995,3454045.4440486603,4.008927929957373,4.3600154359903875
12648182.752583958,3454045.279125089,4.056381815099034,4.363660083389272
12648182.63944592,3454045.114201517,4.103835702348054,4.3673047285064746
12648182.526307883,3454044.9492779453,4.197810771786893,4.370949375508289
12648182.413169846,3454044.784354374,4.12485766809683,4.3279841773533985
12648182.333398681,3454044.6018560235,4.095014492185649,4.291197552832816
12648182.26139111,3454044.415268484,4.094037877143761,4.2288043816822345
12648182.189383542,3454044.2286809445,4.094037875818384,4.187015499383373
12648182.117375974,3454044.0420934046,4.115847686626478,4.0655228039900715
12648182.085461756,3454043.8462252403,4.177413368102973,3.9887179620251314
12648182.068157427,3454043.646975246,4.17370363257202,3.997287388954441
12648182.054765198,3454043.447651747,4.207119888107106,4.030501283389523
12648182.064572535,3454043.247892352,4.219563893977572,4.083437120823946
12648182.074379873,3454043.048132956,4.130880783239636,4.0522454557213
12648182.08418721,3454042.8483735602,4.042197674384937,4.021053790664323
12648182.093994547,3454042.648614165,3.9535145636698354,3.9898621237012715
12648182.103801884,3454042.448854769,3.887950080597487,3.959235816022548
12648182.113244154,3454042.24908448,3.878537818533503,3.9402890888911077
12648182.115364887,3454042.0490957242,3.877887472061003,3.9146213727121353
12648182.11748562,3454041.8491069684,3.8778985192179976,3.8734413790389737
12648182.120559828,3454041.6492264657,3.8983451293012243,3.7734156638731475
12648182.16332664,3454041.453852466,3.918199088732179,3.7545509322202784
12648182.206093451,3454041.258478466,3.876636986312502,3.7545509322202784
12648182.248860262,3454041.063104466,3.8426404346033967,3.7461767505315207
12648182.295227818,3454040.8686136934,3.8193037074086233,3.7372145172303473
12648182.347722385,3454040.675625817,3.782398188524987,3.7367497231198636
12648182.400216952,3454040.4826379404,3.745809781115717,3.7371963746445216
12648182.45846663,3454040.292010653,3.848785993290646,3.6934388531354934
12648182.556608884,3454040.1177462037,3.944369626059519,3.6719230354377386
12648182.654751137,3454039.9434817545,3.914929976918255,3.641406546916365
12648182.765015258,3454039.777152116,3.954980595289304,3.6137615644482746
12648182.885459337,3454039.6174861416,3.8942888698442535,3.6120916081189742
12648183.005903417,3454039.457820167,3.7467201169038247,3.612091607218707
12648183.126347499,3454039.298154192,4.011035741042298,3.5236151234376054
12648183.282315139,3454039.1754032373,4.7239466451428775,3.451145590096944
12648183.446488801,3454039.0611797334,4.470543068873269,3.4247442886573234
12648183.610662462,3454038.9469562294,3.317640623621605,3.5800896650570633
12648183.690804131,3454038.766465594,3.501734399799682,3.863791081527769
12648183.763605246,3454038.5801862394,3.336057776851778,3.345369244701259
12648183.935607605,3454038.479600031,4.11454740142374,3.0809002031893726
12648184.109327972,3454038.3804978933,4.2964904144518945,3.0175922909731665
12648184.293993197,3454038.3049609754,4.684853960575313,2.991953154496245
12648184.481786177,3454038.2361583854,4.384884824473028,2.9746447037572774
12648184.669579158,3454038.1673557954,3.179469729289685,3.028253660885613
12648184.823948028,3454038.046668009,2.9522484135814366,3.157022849873916
12648184.964236412,3454037.904122686,2.9461575743012127,3.1517827944564902
12648185.104524797,3454037.761577363,2.9461575743012127,3.0570909722019404
12648185.244813181,3454037.6190320402,2.9540384955849666,2.856810556703997
12648185.40034873,3454037.5019544354,3.0842886581637377,2.5627058144043784
12648185.592251364,3454037.445621678,3.227503015302969,2.4824186220162305
12648185.784153996,3454037.389288921,3.140461117437487,2.468085450259116
12648185.977437587,3454037.3382662917,3.079386568667555,2.4534053727319187
12648186.172470963,3454037.2939720214,2.985018538129389,2.4267347342312906
12648186.36750434,3454037.2496777507,2.9267719680458453,2.397210177214376
12648186.564982688,3454037.219683677,2.893664248738652,2.387950645063711
12648186.76365356,3454037.1966644507,2.7112886097784514,2.4099842672390253
12648186.96028488,3454037.162247095,2.455348123165785,2.413590897888694
12648187.154610557,3454037.1149445525,2.399507196404677,2.4122992805853176
12648187.348936237,3454037.0676420103,2.3870963898451603,2.412308940377537
12648187.54296121,3454037.0192477414,2.373211069529213,2.412467582684086
12648187.734100718,3454036.9603776424,2.372335281669585,2.403499569450777
12648187.925240226,3454036.9015075434,2.372335282114616,2.3914850124883005
12648188.116379734,3454036.8426374444,2.3765171370357603,2.3907376008118426
12648188.298278747,3454036.7641155142,2.6393035292395135,2.420514480582355
12648188.465539433,3454036.654462137,2.924203271829759,2.414366751207261
12648188.632800119,3454036.54480876,2.76534344735848,2.317380084825871
12648188.82763506,3454036.5011701323,2.64378907261616,2.515706009675992
12648189.023197385,3454036.459272914,2.688738494713356,2.632868052695512
12648189.21875971,3454036.4173756954,2.736656668443357,2.7553388469350764
12648189.414322035,3454036.375478477,2.784574842108228,2.8778096412397716
12648189.60988436,3454036.3335812585,2.832493015773099,3.000280435934665
12648189.805446686,3454036.2916840403,2.8776992059988555,3.12275123023936
12648190.001009012,3454036.2497868217,2.9177501290892347,3.2452220244789243
12648190.196571337,3454036.2078896035,2.957801050878756,3.436411111065896
12648190.392133662,3454036.165992385,2.9978519735138063,3.6477261315110496
12648190.587695988,3454036.1240951666,3.0607391840464295,3.428115113143699
12648190.75935673,3454036.0369276474,3.10641884564595,3.1681898336901626
12648190.904254584,3454035.899070432,3.1349590252823694,3.1360617368847845
12648191.049152438,3454035.761213216,3.1278847408636654,3.1360617368847845
12648191.194050292,3454035.6233560005,3.1193987813570843,3.1365027961063476
12648191.334239312,3454035.48072149,3.118498257510457,3.1312126885300366
12648191.474173447,3454035.3378283926,3.120183449450714,3.1295682734906567
12648191.603505978,3454035.1870403094,3.018267387144816,3.167569552087258
12648191.700313108,3454035.012030653,2.997922736876591,3.1893523350526283
12648191.797120236,3454034.837020997,2.9854333048030837,3.1459058162280487
12648191.887139378,3454034.6584780253,2.9815300960434676,3.102303136710383
12648191.974960634,3454034.478791001,2.98224573339502,3.0104054512707337
12648192.070771933,3454034.3034764808,2.9794461117770727,2.9735759314629773
12648192.174771149,3454034.1326427516,2.9726619768472284,2.9727666914491158
12648192.278770365,3454033.9618090224,2.9723469944515686,2.9727675326100234
12648192.382512467,3454033.790819043,2.9723345574138036,2.972469316175727
12648192.486244772,3454033.6198231103,2.97233455572929,2.965468608060895
12648192.589977076,3454033.4488271778,2.973165338198252,2.949993690818481
12648192.701642053,3454033.2829771787,2.9671799556454523,2.9454564938157093
12648192.81549948,3454033.1185494247,2.956202318859221,2.9453936656509163
12648192.929356907,3454032.9541216707,2.945808124649555,2.945393663589374
12648193.043214334,3454032.7896939167,2.9494197625666225,2.945454753217157
12648193.159175266,3454032.6267534555,2.950526849556587,2.9483588625681643
12648193.276235487,3454032.4645902514,2.950510136242513,2.9554289870052943
12648193.393295707,3454032.302427047,2.9505223039561166,2.964917014511453
12648193.509407932,3454032.1396145485,2.9527830955068035,2.97114755695805
12648193.618310107,3454031.9718637923,2.965167863314617,2.9704383843770703
12648193.727212282,3454031.804113036,2.9790048891392162,2.9704383836163974
12648193.836114457,3454031.6363622793,2.9973300611798344,2.97043838336284
12648193.945016632,3454031.468611523,3.0088328222699454,2.971731340484559
12648194.063512117,3454031.3077311367,3.0099302264164454,2.9906795759328455
12648194.18726621,3454031.1506167687,3.0104387281733676,3.0185391170103033
12648194.318437632,3454030.999894027,3.006822674175308,3.0588190188039395
12648194.455544274,3454030.854285756,2.9937725658080305,3.1002402325726823
12648194.592650916,3454030.708677485,2.987607593655932,3.1208143799910593
12648194.721854022,3454030.5567402723,3.013504996928002,3.1189223962571404
12648194.833970463,3454030.391120516,3.06796553587892,3.11425165397313
12648194.946086904,3454030.2255007606,3.1002921465010154,3.11425165397313
12648195.058203345,3454030.0598810045,3.1140504597513066,3.1142516529289646
12648195.170319786,3454029.8942612484,3.11369635425912,3.1142516532851836
12648195.28243623,3454029.728641493,3.113341966943449,3.114251659240463
12648195.394535612,3454029.563010212,3.113004929022746,3.1142324347168424
12648195.506358644,3454029.3971922104,3.1130038454889455,3.1138818440439393
12648195.618181676,3454029.2313742083,3.1130038448968325,3.1135277371066667
12648195.730004705,3454029.0655562063,3.113003846198624,3.1131736294775654
12648195.841827737,3454028.8997382047,3.1130038459382656,3.1148439668860837
12648195.953650767,3454028.7339202026,3.113003846701491,3.118379059356668
12648196.065473799,3454028.5681022005,3.1130038459382656,3.1219141528865344
12648196.177296828,3454028.402284199,3.113003846198624,3.12544924665891
12648196.28911986,3454028.236466197,3.1130038459918126,3.128984340745191
12648196.400942892,3454028.0706481948,3.1130038459382656,3.1325194349847365
12648196.512765922,3454027.904830193,3.1130937713844085,3.1357238325073027
12648196.622053359,3454027.737334662,3.1164650354614967,3.136061525069926
12648196.730928473,3454027.569566341,3.120065829055687,3.1360591288742383
12648196.839803588,3454027.40179802,3.1236009222378347,3.1360591288742383
12648196.948678702,3454027.234029699,3.1271360154199823,3.1360591304367027
12648197.057553817,3454027.066261378,3.1306711086021295,3.1360591306901973
12648197.166428931,3454026.898493057,3.1342062024572526,3.136059129800708
12648197.275304044,3454026.730724736,3.1375995147605353,3.1360591292937183
12648197.384179158,3454026.562956415,3.1408366497416624,3.1360591288742383
12648197.493054273,3454026.395188094,3.1440737853957654,3.1360591304367027
12648197.601929387,3454026.227419773,3.147066867656387,3.136112748482703
12648197.71275621,3454026.0609405986,3.1478044279127895,3.1387030338197692
12648197.824332153,3454025.894956236,3.1477964992093845,3.1420462857109577
12648197.935908098,3454025.728971873,3.1477964996775585,3.1452834220297605
12648198.04748404,3454025.56298751,3.1477965017429743,3.1484990860773543
12648198.159059985,3454025.3970031473,3.147802275087033,3.151551209716324
12648198.269996747,3454025.2305963705,3.1487128310256915,3.153681806971637
12648198.378952349,3454025.0628803093,3.1520920784391815,3.1536262330497724
12648198.487907948,3454024.895164248,3.154782094023106,3.1536262319010184
12648198.596863547,3454024.727448187,3.1570414224187844,3.153626231234113
12648198.705819149,3454024.5597321256,3.159300750974004,3.1536262330497724
12648198.814774748,3454024.3920160644,3.1615600807034934,3.1536262319010184
12648198.923730347,3454024.224300003,3.1637961661856338,3.153626940476782
12648199.032909948,3454024.0567312674,3.1656478591957837,3.1539572902165496
12648199.143753104,3454023.890256661,3.1656086391358604,3.1563548972536832
12648199.254596261,3454023.7237820546,3.1656086386118885,3.1586142264250294
12648199.365439419,3454023.5573074482,3.165608637845476,3.160873556904351
12648199.476282574,3454023.3908328414,3.1656086399120453,3.1631328842750235
12648199.587125732,3454023.224358235,3.165608639419358,3.165391885690813
12648199.697965827,3454023.05788159,3.1656099521683245,3.1692224421822512
12648199.808804387,3454022.891403923,3.1656099530239876,3.1732189539154003
12648199.919642948,3454022.724926256,3.1656099517397993,3.1772157564136907
12648200.030481506,3454022.558448589,3.165609953806375,3.1812125578715267
12648200.141320067,3454022.3919709222,3.1656099530239876,3.185209361129683
12648200.252158627,3454022.225493255,3.1656099530239876,3.1892061646540952
12648200.362997187,3454022.0590155884,3.1657310669466225,3.192767003938016
12648200.470904067,3454021.8906280436,3.1696651381112906,3.1930652738353804
12648200.578394273,3454021.7219690518,3.173738238157973,3.1930628056612496
12648200.68588448,3454021.55331006,3.1777350409802607,3.1930628064549147
12648200.793374687,3454021.384651068,3.181731843828832,3.1930628067051847
12648200.900864894,3454021.2159920763,3.1857286466345487,3.193062807232009
12648201.0083551,3454021.0473330845,3.18972544998366,3.1930628056612496
12648201.115845306,3454020.8786740927,3.1942181585369394,3.1930628056612496
12648201.223335512,3454020.710015101,3.2012205722357976,3.1930628064549147
12648201.33082572,3454020.541356109,3.2082229846404497,3.1930628067051847
12648201.438315926,3454020.3726971173,3.2152253998934954,3.193062807232009
12648201.545806132,3454020.2040381255,3.221747767680345,3.193095881522386
12648201.654814437,3454020.0363844335,3.2257025922194242,3.195660254143873
12648201.768140305,3454019.871589871,3.225432273091984,3.2038433404294078
12648201.881466174,3454019.706795309,3.22543227208493,3.2108457558123926
12648201.994792042,3454019.5420007473,3.2254322708843755,3.217848168147822
12648202.10811791,3454019.3772061854,3.223407631709963,3.223315709902398
12648202.215276629,3454019.208339644,3.2226636183301363,3.223123428518281
12648202.322311133,3454019.0393910864,3.2226633933653095,3.2245734238330037
12648202.429345636,3454018.8704425283,3.2226633939273244,3.2260323879175505
12648202.536380138,3454018.7014939706,3.2226633939273244,3.227491351938501
12648202.64341464,3454018.5325454124,3.222663392930488,3.228950316286862
12648202.750449143,3454018.3635968543,3.2226726488132518,3.2303620825637593
12648202.856672,3454018.1941382308,3.2236808771466854,3.2308261796935316
12648202.962471237,3454018.024413391,3.2251667346963737,3.2308236505664354
12648203.068270475,3454017.8546885513,3.2266256993123195,3.23082364966302
12648203.174069714,3454017.6849637115,3.2280846625119968,3.230823651490039
12648203.279868951,3454017.515238872,3.229543627785026,3.230823649909353
12648203.38566819,3454017.345514032,3.2317949673845012,3.2308236517363715
12648203.491467427,3454017.1757891923,3.239714462151511,3.230823651161789
12648203.597266665,3454017.006064352,3.2461381074687456,3.23114825645534
12648203.707817186,3454016.839433462,3.247386555144539,3.238360115124112
12648203.820248988,3454016.674027628,3.2473354184480865,3.2469482340959965
12648203.93268079,3454016.508621794,3.2473354190924066,3.2513620907122696
12648204.045112593,3454016.3432159605,3.2473628450047043,3.255340020456324
12648204.156175015,3454016.1769003514,3.2493301005844977,3.2575235644221827
12648204.265081063,3454016.0091521093,3.25394087436976,3.257455335679426
12648204.373987112,3454015.841403867,3.2596139955920447,3.257455336734569
12648204.48289316,3454015.6736556245,3.2723213201720984,3.2574553371516455
12648204.591799207,3454015.5059073824,3.285028643827943,3.2574553371516455
12648204.700705254,3454015.3381591397,3.2977359674837867,3.2574553371516455
12648204.809611302,3454015.1704108976,3.3063507913066412,3.2583957359099833
12648204.926407374,3454015.0081484728,3.3069562350556394,3.2721452727267257
12648205.045730973,3454014.8476433977,3.3068583553920194,3.286355302693093
12648205.165054569,3454014.6871383223,3.306858355669841,3.299062625286603
12648205.284378167,3454014.5266332473,3.3068583550084867,3.3117703049412905
12648205.403701764,3454014.3661281723,3.306858355286309,3.324478548808181
12648205.523025362,3454014.2056230973,3.3087578018637256,3.331926807279097
12648205.631045615,3454014.037637243,3.3334575215447515,3.3306486278672254
12648205.732152157,3454013.865075754,3.34746695641768,3.3239263795170695
12648205.833258698,3454013.6925142654,3.3474669567255138,3.3147549438766477
12648205.934365237,3454013.5199527764,3.347466957861804,3.3055835044380317
12648206.035471778,3454013.3473912873,3.347782845591326,3.294647504187947
12648206.141254602,3454013.177715621,3.344219468493118,3.2894217067682185
12648206.25015988,3454013.009966879,3.3363139509364967,3.289283341302307
12648206.359065158,3454012.8422181373,3.327142513302361,3.2892833421038947
12648206.467970436,3454012.674469395,3.3179710753737677,3.2892833421038947
12648206.576875715,3454012.5067206533,3.3087996382058686,3.289283341302307
12648206.685780993,3454012.3389719115,3.299628200277275,3.2892833415558718
12648206.79468627,3454012.1712231697,3.290456762095117,3.2892833415558718
12648206.903591549,3454012.003474428,3.2862633435851363,3.289288488150339
12648207.011900436,3454011.835344963,3.283332546903361,3.2887221017960644
12648207.118222006,3454011.665946841,3.282955859855588,3.2858965380070666
12648207.224543575,3454011.496548719,3.282664413795338,3.2830246688311324
12648207.330865147,3454011.3271505972,3.2823729647939923,3.2805326136476887
12648207.437186716,3454011.1577524752,3.282081519317323,3.2780405575958897
12648207.543508286,3454010.9883543532,3.281790072019328,3.275548501300407
12648207.649829857,3454010.818956231,3.2814986232655308,3.2730564476946067
12648207.756151427,3454010.649558109,3.2812071775746725,3.270564391181069
12648207.862472998,3454010.4801599877,3.281162750200905,3.268069635018205
12648207.96881702,3454010.310776154,3.2814930005212544,3.2654154385764858
12648208.077240922,3454010.1427158746,3.279482840845755,3.2653534184090174
12648208.185664823,3454009.9746555947,3.2773158772827786,3.265353418964424
12648208.294088725,3454009.8065953148,3.275148913921727,3.2653534184090174
12648208.402512627,3454009.6385350353,3.272981950005419,3.265353419115981
12648208.510936527,3454009.4704747554,3.270814987957106,3.265353418611093
12648208.619360428,3454009.302414476,3.2686480249493863,3.2653534184090174
12648208.72778433,3454009.134354196,3.2664810605785584,3.2653534184090174
12648208.836208232,3454008.9662939166,3.260113583897703,3.2653534184090174
12648208.944632133,3454008.7982336367,3.249188647123236,3.265353418863537
12648209.053056033,3454008.630173357,3.238263712216765,3.265353418611093
12648209.161479935,3454008.4621130773,3.226495749888861,3.2653944528037986
12648209.268189311,3454008.2930117957,3.2144279514668948,3.265051569263436
12648209.36728524,3454008.1192878857,3.2136309619372803,3.257288470974758
12648209.46638117,3454007.945563976,3.2136309617065546,3.246363535517888
12648209.5654771,3454007.771840066,3.2136309598578983,3.235438599830292
12648209.664573029,3454007.5981161566,3.2137205442531283,3.22328886264986
12648209.766188946,3454007.4260002044,3.2158766003570216,3.225964388568385
12648209.881991116,3454007.262936238,3.206593873668285,3.2640453420569324
12648209.997793289,3454007.0998722725,3.200763835528496,3.288433305961357
12648210.11359546,3454006.9368083063,3.2033179314957847,3.299388988984903
12648210.21583729,3454006.76530218,3.233072419237485,3.297432772257455
12648210.311050208,3454006.5894201165,3.2649228012748885,3.2967274076473023
12648210.406263126,3454006.413538053,3.2893107662837684,3.296727408398592
12648210.501476044,3454006.2376559894,3.3005605100060835,3.2967274073885955
12648210.596688963,3454006.061773926,3.316187341231654,3.3017755356100107
12648210.671853324,3454005.8765672464,3.3670461261044844,3.296873541209474
12648210.745016303,3454005.690429721,3.3998470334537116,3.274590533385581
12648210.818179283,3454005.504292195,3.4299104476810736,3.2501365593946456
12648210.891342262,3454005.31815467,3.4599738639826683,3.243576883437571
12648210.964505242,3454005.132017144,3.490037276215895,3.351445054019445
12648211.037668223,3454004.9458796186,3.500808894613607,3.459313208157873
12648211.110831201,3454004.7597420933,3.4962720048567526,3.5671813667252925
12648211.183994181,3454004.5736045674,3.4917351118031625,3.675049529611522
12648211.25715716,3454004.387467042,3.4871982213348414,3.782917689541708
12648211.33032014,3454004.2013295167,3.4826613295037547,4.009992221175011
12648211.403483119,3454004.015191991,3.466627334435586,3.6889007165919288
12648211.401470104,3454003.81944041,3.5535359748688613,3.5460960682109155
12648211.377504926,3454003.6208814257,3.562974493315833,3.540864339481485
12648211.353539746,3454003.4223224414,3.569029510733904,3.541155869381861
12648211.334680852,3454003.2232436775,3.570353418566311,3.5477566491033934
12648211.31814553,3454003.0239283917,3.570292566086242,3.5559422129629508
12648211.30161021,3454002.824613106,3.570292566086242,3.563414374062854
12648211.28507489,3454002.62529782,3.570292565577449,3.578761246718891
12648211.268539568,3454002.425982534,3.5702925679040107,3.685298107593727
12648211.252004249,3454002.226667248,3.6136770948885757,3.6083243410704275
12648211.176721625,3454002.0473102196,3.7160012645391483,3.7706283825751346
12648211.070714362,3454001.8777929796,3.8238631246131525,3.7631976138560113
12648210.97315635,3454001.7032007854,3.8483452439447166,3.641919891655707
12648210.875598336,3454001.5286085918,3.896829021131506,3.5598393575776814
12648210.778040323,3454001.354016398,3.928912237146055,3.4777588185744706
12648210.680482311,3454001.1794242044,3.924443008013853,3.4399969514590105
12648210.582924297,3454001.0048320107,3.9199737822776908,3.4525466883662723
12648210.485366285,3454000.830239817,3.9155045530623505,3.465096425273534
12648210.38780827,3454000.6556476234,3.9110353273261884,3.534083596902591
12648210.290250259,3454000.4810554297,3.906566099653727,3.6375895018143556
12648210.192692246,3454000.306463236,3.9020968705215244,3.7410953930476873
12648210.095134232,3454000.1318710423,3.8976276431593453,3.9825991111595016
12648209.99757622,3453999.9572788486,3.893158415570022,4.269796268791016
12648209.900018206,3453999.782686655,3.888689188207843,4.55699342642253
12648209.802460194,3453999.6080944613,3.712772741899472,3.8310310037111797
12648209.645025218,3453999.4890983687,3.7090967135526025,3.7483961754827333
12648209.478404831,3453999.3784776847,3.709605755990329,3.703304917780736
12648209.312599136,3453999.2666364075,3.70958079088137,3.7053648695892454
12648209.14679344,3453999.15479513,3.7095807899927413,3.7073171239213103
12648208.980987744,3453999.042953852,3.709580790495324,3.7092693771753344
12648208.815182049,3453998.931112575,3.7095807904152256,3.8002566315890056
12648208.649376355,3453998.819271297,3.709580789643133,3.908141763113382
12648208.48357066,3453998.70743002,3.744599227890779,3.7735827519178335
12648208.295865277,3453998.6456362926,3.745289073824154,3.84536955631136
12648208.101201663,3453998.599744276,3.7687730088200375,3.8290574371708086
12648207.906538047,3453998.5538522596,3.7837019420850178,3.755565346826069
12648207.711874433,3453998.507960243,3.7986308748450934,3.6894745026653157
12648207.517210819,3453998.4620682267,3.8135598072036005,3.7161883268534557
12648207.322547205,3453998.41617621,3.8275974288178016,3.7429021510415965
12648207.127883589,3453998.370284193,3.8131151866759434,3.769615975229737
12648206.933219975,3453998.3243921767,3.798632944987322,3.7963297994178773
12648206.73855636,3453998.27850016,3.7808534883112555,3.816620793795471
12648206.543019824,3453998.2378462325,3.7652378799051727,3.815946289569496
12648206.343993986,3453998.2181303585,3.784149665466235,3.810570394832557
12648206.144968148,3453998.198414485,3.7962640790779605,3.8105703946489387
12648205.945942309,3453998.178698611,3.7684999835152033,3.8239413394343553
12648205.746886872,3453998.1924071736,3.7396074951422977,3.8404728588760655
12648205.547826428,3453998.2117705243,3.739236404785476,3.811168135780912
12648205.348765982,3453998.231133875,3.739236404785476,3.7715189504991855
12648205.149705539,3453998.2504972257,3.742104866239541,3.763966105494575
12648204.953260224,3453998.2853073752,3.7215349152443498,3.7819601656967023
12648204.758919146,3453998.3325466085,3.719689212819646,3.7517214543752653
12648204.564578068,3453998.3797858413,3.7202592250746336,3.7347324825760575
12648204.372751629,3453998.433604662,3.6932661023419877,3.838317258360572
12648204.196442118,3453998.5280237086,3.671404687177915,3.961024834165464
12648204.020132609,3453998.622442755,3.6717323068373817,3.8619127072613613
12648203.846697664,3453998.72137817,3.626770593865399,3.936669374437015
12648203.686512293,3453998.841130609,3.6198642010790696,3.9683352385261976
12648203.52632692,3453998.960883049,3.6206877487189626,3.86164703182771
12648203.371884666,3453999.086974402,3.560275566155287,4.049062185320492
12648203.236953195,3453999.234600613,3.5508725724900474,4.16427164124473
12648203.102021724,3453999.382226824,3.5671587626540804,3.5450084886042204
12648202.942598935,3453999.5005266285,3.608523547607385,3.479119495315462
12648202.773285912,3453999.606983661,3.5889226028535197,3.4765540428473916
12648202.603972888,3453999.7134406944,3.437736329767639,3.495875561168818
12648202.463107456,3453999.85095345,3.306053862161333,3.581528556009986
12648202.342244599,3454000.0103026573,3.2970843241398384,3.5958107625264777
12648202.221381743,3454000.169651865,3.297084324498271,3.520394583027313
12648202.100518886,3454000.329001073,3.2970843241398384,3.4449784037325273
12648201.97965603,3454000.48835028,3.2970843241398384,3.369562225358985
12648201.858793173,3454000.647699488,3.2970843241398384,3.297272562827724
12648201.737930316,3454000.807048695,3.2973166184166187,3.301389962810257
12648201.620884744,3454000.9692212655,3.298240098388956,3.301223473174458
12648201.503905475,3454001.131442875,3.286693216666195,3.301783987212124
12648201.393002814,3454001.297836013,3.283564486358391,3.2967042390731662
12648201.283657514,3454001.465298263,3.283527884411272,3.2881216197903695
12648201.174312212,3454001.6327605126,3.283527884792141,3.2881708142967434
12648201.06496691,3454001.800222762,3.283527884792141,3.297377525837159
12648200.955621608,3454001.9676850117,3.283527884156683,3.306584237792552
12648200.846276307,3454002.1351472614,3.2836982131093384,3.3144088688291236
12648200.74039289,3454002.3047580533,3.289412710140031,3.3176792241793
12648200.638863988,3454002.477071379,3.3002554320286053,3.317282507738672
12648200.537257774,3454002.6493390463,3.3092216204482905,3.3169661299295075
12648200.435382823,3454002.821448006,3.318383863831517,3.31696511909315
12648200.33350787,3454002.993556966,3.331589776095852,3.316965119330346
12648200.231632918,3454003.165665926,3.344795688597383,3.31696511909315
12648200.129757965,3454003.337774886,3.3549120489621167,3.3173817974095527
12648200.022536092,3454003.50647603,3.3580366889818034,3.3272674560936557
12648199.909542913,3454003.671498881,3.3575452671228025,3.343744907889925
12648199.796549732,3454003.836521732,3.357545266596637,3.3569508219324016
12648199.683556553,3454004.001544583,3.3575582426908666,3.356203954848561
12648199.56964791,3454004.1659360505,3.3564968826364296,3.355938017417291
12648199.455541732,3454004.330191279,3.3550355606604443,3.3559374144973178
12648199.341435554,3454004.494446507,3.3534714442044473,3.3559374129675716
12648199.227329375,3454004.6587017355,3.351907328481174,3.3559374134346216
12648199.113223197,3454004.8229569644,3.350343212025177,3.3559374134346216
12648198.999117019,3454004.9872121927,3.348709645319033,3.3559566287128786
12648198.886125557,3454005.152235357,3.3484667079137287,3.3546730376137144
12648198.773307402,3454005.3173779123,3.3484662450674603,3.3531222580017435
12648198.660489244,3454005.4825204676,3.348466244469642,3.35155814188379
12648198.547671087,3454005.6476630224,3.348466244317476,3.3499940251988294
12648198.434852932,3454005.8128055776,3.349412192541859,3.3499986329323534
12648198.33018005,3454005.982858866,3.3424071898101455,3.3503602304694557
12648198.23680449,3454006.159723235,3.3405900791983716,3.339395602096589
12648198.143428933,3454006.3365876037,3.340590078763558,3.3295980246435257
12648198.050053373,3454006.513451973,3.340922987740382,3.3178366131687875
12648197.951750068,3454006.687558467,3.3374301609902397,3.311861128628289
12648197.849832516,3454006.859642205,3.3291464218456994,3.3116836194534547
12648197.747914964,3454007.031725942,3.3193488447206723,3.3116836201689863
12648197.645997414,3454007.20380968,3.3144331078569707,3.311683618329036
12648197.544079863,3454007.3758934173,3.327066262393943,3.3116836194534547
12648197.44216231,3454007.547977155,3.3368954645154485,3.312061749416513
12648197.335143303,3454007.7168179695,3.340073199083248,3.3213404003819207
12648197.222580284,3454007.882134534,3.3396228176177893,3.3369708504379894
12648197.110017264,3454008.0474510984,3.339622817978441,3.3567025701486566
12648196.997454243,3454008.2127676634,3.339622816176729,3.378320352602051
12648196.884891223,3454008.378084228,3.339622816307384,3.3999381325981455
12648196.772328204,3454008.543400793,3.3410634165380513,3.412197574996096
12648196.669818142,3454008.7147975327,3.3629989754880585,3.4125212243732137
12648196.575672373,3454008.8912531203,3.3924926548053502,3.411502959903605
12648196.481526606,3454009.067708708,3.4137557461880434,3.411502959903605
12648196.387380837,3454009.2441642955,3.432432891777846,3.4115029607804055
12648196.29323507,3454009.4206198826,3.451110041090267,3.411502961654683
12648196.199089302,3454009.5970754703,3.4697871877773325,3.411502959903605
12648196.104943532,3454009.773531058,3.4884643341337047,3.411502961766176
12648196.010797765,3454009.9499866455,3.496941911532389,3.4141886302078306
12648195.90301921,3454010.118331839,3.494781282848073,3.440132638008291
12648195.792874245,3454010.285269213,3.4946986088711562,3.4609381466008076
12648195.682729281,3454010.452206587,3.494719344850826,3.478516922981283
12648195.573746733,3454010.61988404,3.493008639456237,3.491160286750708
12648195.469095763,3454010.7903192895,3.4927208061238293,3.499079074975411
12648195.364444792,3454010.9607545394,3.492720806736494,3.5092770977962386
12648195.259793822,3454011.131189789,3.492720806736494,3.5194751213480453
12648195.155142851,3454011.301625039,3.4933408073529453,3.5269110365632486
12648195.057012238,3454011.4758386915,3.503694410524139,3.5278222594406508
12648194.961176287,3454011.651382049,3.514999755363717,3.5277447433149645
12648194.865340335,3454011.8269254067,3.525197777381747,3.5277447433149645
12648194.769504385,3454012.0024687643,3.5372877100576194,3.527744742422423
12648194.673668433,3454012.1780121224,3.5455787239342373,3.528784402377833
12648194.569462478,3454012.3486347375,3.54593838909244,3.5430105426055323
12648194.46267795,3454012.517741403,3.545839302769795,3.562785176474243
12648194.355893422,3454012.686848069,3.545839303763433,3.5815668066601885
12648194.249108892,3454012.855954735,3.5458393026857586,3.600348437344259
12648194.142324364,3454013.0250614006,3.5473974308357596,3.6106674044166267
12648194.04584974,3454013.2000221643,3.5681126621878683,3.6106642758113985
12648193.955343902,3454013.378372083,3.592116641400222,3.610133116449894
12648193.864838066,3454013.5567220016,3.6108074788707016,3.6101331161648003
12648193.774332229,3454013.73507192,3.6273604907832704,3.610133115421057
12648193.68382639,3454013.9134218385,3.6439135007249437,3.610133116660619
12648193.593320554,3454014.091771757,3.660466515996738,3.610133115321899
12648193.502814718,3454014.270121676,3.677019527091195,3.610133115421057
12648193.41230888,3454014.448471594,3.689244620661804,3.6105755625306317
12648193.316338956,3454014.623758755,3.692436033663018,3.622266290752955
12648193.211430678,3454014.7940357444,3.691224598100995,3.6453098135712008
12648193.1065224,3454014.964312734,3.691224598100995,3.661862825804102
12648193.001614122,3454015.1345897233,3.6912245983526657,3.678415838532934
12648192.896705842,3454015.304866713,3.6912245968871136,3.694144888668047
12648192.791797563,3454015.4751437027,3.691628252851004,3.7039245754568633
12648192.69202344,3454015.6483599385,3.701229562558062,3.706889773991997
12648192.598301893,3454015.8250412103,3.722822743280167,3.7063264064468506
12648192.504580347,3454016.001722482,3.741477998654079,3.7063264074376856
12648192.4108588,3454016.1784037543,3.760133257236467,3.7063264079096263
12648192.317137256,3454016.355085026,3.769450303652709,3.7082344978715454
12648192.212371984,3454016.5252328673,3.768604087475121,3.7306639606287884
12648192.102646565,3454016.6924463,3.7682133157152093,3.753943478652583
12648191.992921144,3454016.8596597323,3.7682133161283584,3.7685680328500695
12648191.883195722,3454017.026873165,3.7682217252655286,3.7700252947280886
12648191.774178592,3454017.1945475643,3.769123661879689,3.770638687988087
12648191.665717833,3454017.3625840596,3.7706656404115018,3.770633496573973
12648191.557257073,3454017.530620555,3.7718456032063443,3.7706334972781637
12648191.448796315,3454017.69865705,3.7730255658020555,3.7706334954606717
12648191.340335555,3454017.866693545,3.774205529006009,3.770633496573973
12648191.231874796,3454018.0347300405,3.775385491043261,3.770633496015514
12648191.123414038,3454018.202766536,3.7765654564665843,3.770633495208142
12648191.014953278,3454018.3708030307,3.777727637567933,3.7706348922275224
12648190.90620387,3454018.538652006,3.7785236511010933,3.7710050820100465
12648190.79675363,3454018.7060456895,3.77851540254036,3.772223298884673
12648190.687303392,3454018.873439373,3.77851540370956,3.7734032608256847
12648190.577853154,3454019.0408330564,3.7785154033348336,3.7745832240858865
12648190.468402915,3454019.2082267404,3.77851540308,3.775763186671507
12648190.358952677,3454019.375620424,3.778545398844913,3.777061923398306
12648190.24817916,3454019.542125665,3.7807343885983573,3.780572240681635
12648190.134680016,3454019.7068009344,3.7806070500160036,3.7961278745426146
12648190.021180872,3454019.8714762037,3.780607048958961,3.809882828104998
12648189.907681728,3454020.0361514734,3.78060704975647,3.823637780190356
12648189.794182586,3454020.2008267427,3.7812340920371152,3.833227503605158
12648189.68682033,3454020.3694280186,3.7931252004292197,3.8352887753529137
12648189.584887477,3454020.541502692,3.8105906945666854,3.8347910037771245
12648189.482954621,3454020.7135773646,3.8243456463133305,3.8347910033588626
12648189.381021766,3454020.8856520373,3.8368394786980864,3.8347910051987637
12648189.27908891,3454021.05772671,3.8453531104340777,3.8347910051987637
12648189.177156055,3454021.229801383,3.8538667412207452,3.83479100424944
12648189.0752232,3454021.401876056,3.862380371354166,3.83479100424944
12648188.973290345,3454021.573950729,3.870894002436911,3.8347910051987637
12648188.87135749,3454021.7460254016,3.8794076325703317,3.8347910051987637
12648188.769424634,3454021.9181000744,3.8853551264825263,3.835589816188758
12648188.66055849,3454022.0858658296,3.88474954483393,3.846292922087934
12648188.551399589,3454022.253449643,3.8847481029329485,3.854946185451001
12648188.442240689,3454022.4210334565,3.8847481026429795,3.863459815636512
12648188.333081787,3454022.5886172694,3.884748102388824,3.871973448181048
12648188.223922888,3454022.756201083,3.8847481026429795,3.880487077095782
12648188.114763986,3454022.923784896,3.88478585237573,3.883554259694671
12648188.004132582,3454023.090398491,3.883166297735463,3.883141674012394
12648187.893216109,3454023.2568242582,3.875965601212945,3.8831402611311594
12648187.782299636,3454023.4232500256,3.8685822298477737,3.8831402611311594
12648187.671383163,3454023.589675793,3.8611988587413246,3.8831402616481294
12648187.56046669,3454023.756101561,3.8538154891843615,3.8831402598399207
12648187.449550217,3454023.922527328,3.8464321173022196,3.8831402611311594
12648187.338633744,3454024.0889530955,3.8378173677883307,3.883336876738163
12648187.231107399,3454024.2575490116,3.8332163605026546,3.880693256380388
12648187.126406163,3454024.4279533876,3.8330815887558654,3.874374776388631
12648187.021704929,3454024.5983577636,3.833081590586656,3.866991403837602
12648186.917003693,3454024.7687621396,3.8330815887558654,3.8596080347043786
12648186.812302459,3454024.9391665156,3.8330815893677728,3.8522246627652574
12648186.707601223,3454025.109570892,3.8330815893677728,3.8448412920450195
12648186.60289999,3454025.279975268,3.833085175173422,3.837655270165434
12648186.498673843,3454025.4506513644,3.831811527815259,3.8362364232023776
12648186.404885009,3454025.6272969265,3.8300799771633787,3.8261759629070458
12648186.311096175,3454025.803942488,3.831934582959253,3.7973469671191658
12648186.206608409,3454025.974230727,3.82965056838401,3.7831124105527074
12648186.096302735,3454026.1410619537,3.8160663189575397,3.7825714510397628
12648185.98599706,3454026.30789318,3.798832946994053,3.7826273024269206
12648185.873931846,3454026.47344529,3.7983015210247864,3.779786158299341
12648185.74926662,3454026.629837686,3.7856794018672435,3.789625224239645
12648185.624601396,3454026.786230082,3.7705053458655433,3.795403840501548
12648185.504261333,3454026.945942671,3.777531356895576,3.7963084373169202
12648185.38539915,3454027.106789745,3.785453617776093,3.796267264013434
12648185.266536966,3454027.267636819,3.7927729888715414,3.796267264013434
12648185.147674782,3454027.4284838927,3.861328133435266,3.7962672641277013
12648185.028812598,3454027.589330967,3.9522631905003074,3.796628482303527
12648184.905579964,3454027.7468098905,4.021990221812123,3.8039802001625236
12648184.780322328,3454027.9027282177,4.12087348947006,3.8080210482671495
12648184.655064693,3454028.058646545,3.9901802708192724,3.836057006379683
12648184.496238338,3454028.1798753287,3.877204477967813,3.87705165722975
12648184.33629163,3454028.2999463524,3.927508216374382,3.8770206670105543
12648184.176344924,3454028.420017376,3.9269897101488422,3.8834395519107345
12648184.005127776,3454028.519976187,3.971456305375707,3.9699510535559277
12648183.819217842,3454028.593715568,4.016351381653871,4.090953824964461
12648183.633307908,3454028.6674549496,3.8797271449303294,4.133280253135274
12648183.44907433,3454028.744836081,3.8833696666482638,4.131544488112289
12648183.272157274,3454028.838111778,3.9195992494969962,4.13054248683914
12648183.095240219,3454028.9313874743,3.9411997607688365,4.1611728133397925
12648182.918323165,3454029.024663171,3.9628002724525944,4.166133391522519
12648182.74140611,3454029.117938868,4.067692955136187,4.133116832204292
12648182.564489054,3454029.2112145643,4.325351093336048,4.10010027508024
12648182.387571998,3454029.304490261,4.008590050442861,3.99777232504469
12648182.192856608,3454029.339097907,4.079602825856255,3.8830115552550932
12648181.993935272,3454029.359841644,4.061827607272994,3.8805243570996106
12648181.795013938,3454029.380585381,4.0056782152045605,3.880524356829652
12648181.596092604,3454029.401329118,3.9495288241391946,3.8805243566364607
12648181.397171268,3454029.422072855,4.132193970291719,3.870325508708739
12648181.202726526,3454029.378975741,4.50912135410732,4.022678020583576
12648181.008646717,3454029.33067432,4.3299966337241,4.0875798862771555
12648180.814566907,3454029.282372899,4.186753752085264,4.104303071999788
12648180.620487096,3454029.2340714782,4.0435108785659715,4.1036953254960995
12648180.426407285,3454029.185770057,3.900268010910908,4.103087579434113
12648180.232327476,3454029.137468636,3.757025136941773,4.102479833384336
12648180.038247665,3454029.089167215,3.643802774592251,4.101872087788474
12648179.844167855,3454029.040865794,3.6805298794477723,4.101264341280714
12648179.650088046,3454028.9925643727,3.717256984307364,4.10065659568078
12648179.456008235,3454028.9442629516,3.7539840914344835,4.100048849639145
12648179.261928424,3454028.895961531,3.790711196739847,4.099441103131387
12648179.067848615,3454028.84766011,3.8763226228649597,4.096542598570689
12648178.873768805,3454028.7993586888,4.09578358224148,4.051112465959057
12648178.679688994,3454028.7510572677,4.102578138894578,3.9667878628814632
12648178.491962284,3454028.6844899673,3.949911667077386,3.894790728101064
12648178.309798332,3454028.601929115,3.9579415283628343,3.8753835286290976
12648178.128553534,3454028.5178072285,3.8757275518138297,3.8597287197648944
12648177.96798803,3454028.3985649594,3.8977590557816235,3.839641562430521
12648177.807422526,3454028.27932269,3.8544520494086427,3.839641563178212
12648177.646857021,3454028.160080421,3.9011005392421714,3.8396415624855558
12648177.486291517,3454028.0408381512,3.9297962399890114,3.8422299310376955
12648177.335665114,3454027.910748644,3.864706497603672,3.8609893241813875
12648177.20287398,3454027.7611942566,3.8807533255107645,3.8525821967716247
12648177.070082845,3454027.6116398694,3.875468392019658,3.8566922135543447
12648176.951935213,3454027.4508331898,3.915473014551334,3.844251961693801
12648176.841617089,3454027.2840101956,3.8492813932770544,3.843083027117845
12648176.731298963,3454027.117187202,3.860079090307129,3.8430830253073305
12648176.620980838,3454026.950364208,3.8779569539490213,3.843083027117845
12648176.510662712,3454026.783541214,3.8958348209425546,3.8430830247810874
12648176.400344588,3454026.6167182205,3.9094168103362414,3.8434219151551394
12648176.294585435,3454026.447164341,3.912581134732035,3.8548460627291927
12648176.199558403,3454026.2711817757,3.9106674297042594,3.881614530713813
12648176.104531372,3454026.0951992106,3.9114295574567053,3.9071479157910827
12648176.016850222,3454025.9162352686,3.935747342768546,3.8240698721557753
12648175.962353628,3454025.723803147,3.9538700798369444,3.808717717056211
12648175.907857034,3454025.5313710263,3.9093257300148667,3.808717717056211
12648175.85336044,3454025.338938905,3.864781378400626,3.808717717056211
12648175.798863847,3454025.146506784,3.8202370285785485,3.808717717056211
12648175.744367253,3454024.9540746626,3.827705379523837,3.809147080973441
12648175.695847956,3454024.760748207,3.887971806476628,3.7913203849661987
12648175.691634778,3454024.5607925896,3.984290753858527,3.7674724730607836
12648175.6874216,3454024.3608369716,3.881676419639934,3.767472473060784
12648175.68320842,3454024.1608813535,3.779062085421341,3.767472473060784
12648175.678995242,3454023.9609257355,3.7580006962783234,3.7674724730607836
12648175.674782064,3454023.760970118,3.747322933722094,3.7674724730607836
12648175.670568885,3454023.5610145,3.7349098103792517,3.7676445925362705
12648175.66253611,3454023.361241355,3.7250361376232424,3.7661216234624475
12648175.647668714,3454023.1617947193,3.8725335412140125,3.75689488162694
12648175.63591591,3454022.962614798,3.7743841768149906,3.718060363320447
12648175.684476899,3454022.768599772,3.853781841508001,3.675239662351319
12648175.733037889,3454022.5745847463,3.7875790019723548,3.675239662807843
12648175.781598879,3454022.38056972,3.7213761498907716,3.67523966404516
12648175.830159867,3454022.186554694,3.6916799651653736,3.67523966404516
12648175.878720857,3454021.992539668,3.738258084692429,3.6753476492103343
12648175.930142844,3454021.799708603,3.7567601127084664,3.683493698476784
12648176.032881454,3454021.6281137955,3.947003426704902,3.6478191340448816
12648176.135620065,3454021.456518988,3.7736660774826953,3.648158701383691
12648176.234086566,3454021.282493346,3.6519261891901262,3.6504139841417897
12648176.329118364,3454021.106513355,3.655207186030873,3.650238968003846
12648176.424607592,3454020.9307848136,3.6574029062520346,3.6508983986578256
12648176.522257907,3454020.756244228,3.6573333976709788,3.654153638067215
12648176.619908221,3454020.5817036433,3.657333399523874,3.6571419512732275
12648176.717558537,3454020.407163058,3.6579786898533992,3.6414259010005186
12648176.821644051,3454020.236501094,3.654598452695801,3.6325131196020424
12648176.930368802,3454020.0686352877,3.6445168237857724,3.632180154863972
12648177.039093552,3454019.900769482,3.6321286548151885,3.632180155801425
12648177.1478183,3454019.732903676,3.6310425104109196,3.632180155801425
12648177.256543051,3454019.5650378703,3.629956364740929,3.6321801566053633
12648177.3652678,3454019.397172064,3.628870220589805,3.6321801547888466
12648177.47399255,3454019.2293062583,3.6277840751284534,3.632180155801425
12648177.5827173,3454019.0614404525,3.6266979322875574,3.632180155801425
12648177.69144205,3454018.8935746467,3.625611786617566,3.6321801566053633
12648177.800166799,3454018.7257088404,3.624525642466442,3.6321801547888466
12648177.90889155,3454018.5578430346,3.6234394973333597,3.632180156129694
12648178.0176163,3454018.389977229,3.622353351335099,3.632180156858508
12648178.126341049,3454018.2221114226,3.6212672071839753,3.6321801547888466
12648178.2350658,3454018.054245617,3.6201805329820664,3.632180157034491
12648178.343781473,3454017.8863739683,3.619065422525353,3.632183020538143
12648178.451593,3454017.7179201925,3.6190523439885887,3.6311367796786618
12648178.559404528,3454017.5494664162,3.6190523439885887,3.6300506340607064
12648178.667216055,3454017.3810126404,3.619052343423813,3.628964489697842
12648178.775027582,3454017.2125588646,3.6190523437375055,3.627878345962427
12648178.882839108,3454017.0441050883,3.619052344239542,3.6267922000934534
12648178.990650635,3454016.8756513125,3.61905234524368,3.625706055479635
12648179.098462163,3454016.7071975367,3.6190523442396065,3.624619910426455
12648179.20627369,3454016.5387437604,3.6190523442396065,3.6235337663773475
12648179.314085217,3454016.3702899846,3.619052343423813,3.6224476220144832
12648179.421896745,3454016.201836209,3.6190523439885887,3.6213614769613027
12648179.529708272,3454016.0333824325,3.619052343988524,3.620275332661113
12648179.637519797,3454015.8649286567,3.619065585641671,3.6192555937281905
12648179.744417595,3454015.6958954027,3.6237998993466283,3.619296726718909
12648179.850831397,3454015.5265552043,3.6320872424023385,3.6192930121546016
12648179.957245197,3454015.357215006,3.638500879350288,3.619630140326097
12648180.06822184,3454015.190872293,3.6398948772430164,3.6268279693352468
12648180.181385715,3454015.0259664496,3.639816991337513,3.6357903147037964
12648180.294549592,3454014.8610606063,3.639816989274747,3.654266164331813
12648180.407713467,3454014.696154763,3.63981699063025,3.683065018827363
12648180.520877343,3454014.5312489197,3.6398460682142595,3.7097582890420497
12648180.632678218,3454014.3655040665,3.6466625074205323,3.7157076562345708
12648180.728938425,3454014.190192993,3.6793615877170875,3.713172360398133
12648180.825198634,3454014.0148819196,3.6957255430138005,3.7219225328387804
12648180.92145884,3454013.8395708464,3.7082395115035647,3.730672702333248
12648181.017719047,3454013.664259773,3.720753476953333,3.732564181139855
12648181.113979256,3454013.4889486996,3.733267443106743,3.7267033732864174
12648181.210239463,3454013.3136376264,3.742129996774416,3.719472478373098
12648181.312789312,3454013.1420403966,3.743974605161128,3.7214523816930476
12648181.419809418,3454012.973082719,3.7436593786406944,3.729383517477466
12648181.526829524,3454012.804125041,3.743659378968357,3.7360244990669997
12648181.63384963,3454012.6351673626,3.7436593786406944,3.7426654797520316
12648181.740869736,3454012.466209685,3.743659378391519,3.7388926872985726
12648181.847889842,3454012.297252007,3.743711490832302,3.732786979682122
12648181.95667697,3454012.1294485866,3.7422450208438276,3.7284706622447246
12648182.068388784,3454011.9635556387,3.7374126897085667,3.7283284716088607
12648182.180100601,3454011.7976626907,3.731807048025412,3.728328473413959
12648182.291812416,3454011.631769743,3.72865358227238,3.7283284716088607
12648182.403524233,3454011.465876795,3.7294850581263894,3.7283366776334006
12648182.51593111,3454011.3004540666,3.7294937580360434,3.7292011673508805
12648182.62835257,3454011.1350412033,3.729493755031977,3.7278082212349064
12648182.74077403,3454010.96962834,3.729493755181889,3.725251760998206
12648182.85319549,3454010.8042154773,3.729498726234173,3.7226225733820497
12648182.966154736,3454010.639173161,3.728960715621472,3.7205301510436186
12648183.080681195,3454010.4752106965,3.7265888380979844,3.720488035619186
12648183.195207657,3454010.311248232,3.72403237733449,3.720488035983669
12648183.30973412,3454010.1472857683,3.721475918000184,3.720488036250322
12648183.42426058,3454009.983323304,3.7183296706961677,3.720515824900506
12648183.537512617,3454009.8184857,3.71644657570586,3.7192027101805607
12648183.64941011,3454009.652717937,3.7169025926851553,3.714076413624845
12648183.766604295,3454009.490678767,3.712317474392916,3.7117515901317026
12648183.884913255,3454009.3294243417,3.6968482569558283,3.7117551330491176
12648184.002001725,3454009.1673472426,3.6740992696346204,3.7137819647775654
12648184.107087888,3454008.997179976,3.6716930566633783,3.7061057335731173
12648184.212174049,3454008.8270127103,3.6716930581314156,3.6901214066152503
12648184.317260211,3454008.6568454443,3.6718866135044816,3.671218817371841
12648184.425738264,3454008.488998776,3.6735706957297536,3.6463268672378453
12648184.546267217,3454008.3293968607,3.66493612665334,3.643896945676516
12648184.666796172,3454008.1697949455,3.63947303323649,3.64475066943575
12648184.780171037,3454008.0053126896,3.620025403776175,3.6441256769014645
12648184.88479606,3454007.834861511,3.6187566450337436,3.63284811591126
12648184.989421085,3454007.664410332,3.6187566450337436,3.619407396377034
12648185.094046108,3454007.4939591535,3.6187566450337436,3.6218122606602257
12648185.198671132,3454007.323507975,3.6187566450175197,3.624217124927194
12648185.303296158,3454007.153056796,3.6187566429428712,3.6266219910414357
12648185.407921182,3454006.9826056175,3.618757325678816,3.6290007415928667
12648185.512336086,3454006.812027198,3.6190817261897728,3.6309764802497297
12648185.614904135,3454006.640330386,3.6216687633384375,3.6309235846336816
12648185.717472186,3454006.4686335744,3.6240736252955053,3.6309235848724914
12648185.820040235,3454006.2969367625,3.6264784909282946,3.6309235846336816
12648185.922608286,3454006.125239951,3.6288833531241718,3.6309235848724914
12648186.025176335,3454005.953543139,3.632491190074193,3.630923583678442
12648186.127744386,3454005.7818463272,3.6428300119259474,3.6309235848724914
12648186.230312435,3454005.610149516,3.653168836685334,3.6309235845820202
12648186.332880484,3454005.438452704,3.663507659710181,3.6309235827958206
12648186.435448535,3454005.2667558924,3.6738464806066964,3.6309235846336816
12648186.538016584,3454005.0950590805,3.6832122520328445,3.630976361034711
12648186.64240733,3454004.92451599,3.6882107994288944,3.634851143835033
12648186.753702486,3454004.758343225,3.687441166039564,3.6482699027938157
12648186.864997644,3454004.59217046,3.6874411647797722,3.658608726677218
12648186.976292802,3454004.425997695,3.687441165031731,3.668947548718032
12648187.08758796,3454004.2598249298,3.687441165031731,3.679286372054493
12648187.198883118,3454004.0936521646,3.6874411647726015,3.6914884216944412
12648187.310178276,3454003.9274793994,3.6874411642615135,3.7106474384153922
12648187.421473434,3454003.7613066346,3.6898230288502427,3.7194071903228574
12648187.52046001,3454003.5877157585,3.714802305340342,3.717785410015666
12648187.615402002,3454003.4116873,3.735352962177252,3.7175266476500144
12648187.710343994,3454003.235658841,3.7521157070001765,3.7175266480180724
12648187.805285985,3454003.059630383,3.768878450920921,3.7175266470418413
12648187.900227977,3454002.8836019244,3.785641192484121,3.7175266476500144
12648187.99516997,3454002.7075734655,3.8001055872660676,3.717632797222824
12648188.092711616,3454002.533090777,3.805031192860147,3.725088606987809
12648188.202023935,3454002.3656069958,3.802800758392906,3.7503563233790804
12648188.311336253,3454002.198123214,3.8028007580475753,3.767119066071843
12648188.42064857,3454002.030639432,3.8028007595746507,3.7838818080591476
12648188.529960888,3454001.8631556504,3.802800758392906,3.800644553798662
12648188.639273206,3454001.6956718685,3.80280075893467,3.79493766431791
12648188.748585524,3454001.5281880866,3.802800758392906,3.785913825405181
12648188.857897842,3454001.360704305,3.8028007577603242,3.7768899869106596
12648188.967210159,3454001.193220523,3.8028007585566006,3.7678661472671306
12648189.076522477,3454001.0257367413,3.8028007586474186,3.758842308732471
12648189.185834795,3454000.85825296,3.802800758392906,3.749818470616019
12648189.295147114,3454000.690769178,3.8029816693019822,3.739326872903022
12648189.407678053,3454000.5254911417,3.8008825379139504,3.732184166358315
12648189.524428327,3454000.363104648,3.793740833857793,3.7318790313545946
12648189.641178602,3454000.200718154,3.7847169946458616,3.7318790331387675
12648189.757928876,3454000.0383316604,3.7756931557057607,3.7318790313545946
12648189.874679152,3453999.8759451667,3.7666693157969773,3.7314685257883466
12648189.991429426,3453999.7135586734,3.757746385989254,3.7310320715086664
12648190.108371587,3453999.551310454,3.7486731953979113,3.730832098504864
12648190.225472618,3453999.3891767166,3.739302422711876,3.730831650961645
12648190.342573646,3453999.227042979,3.729714656716612,3.7308316506889976
12648190.459674677,3453999.0649092416,3.719004677722081,3.7308316514652224
12648190.576775707,3453998.902775504,3.7082946971751003,3.730831650961645
12648190.693876736,3453998.7406417667,3.697584719459626,3.7308316506889976
12648190.810977766,3453998.578508029,3.686874740192448,3.7308316514652224
12648190.928078797,3453998.4163742918,3.6757458471214415,3.7308404533383275
12648191.044461848,3453998.253750672,3.662185272861922,3.7315234693624504
12648191.152725516,3453998.085587126,3.6610794158570954,3.7245969765891687
12648191.260989185,3453997.9174235803,3.6610794150471637,3.713886997232269
12648191.369252853,3453997.749260035,3.6610794150471637,3.703177017677017
12648191.477516523,3453997.581096489,3.661079413786809,3.6924670410019838
12648191.58578019,3453997.412932943,3.661079414757898,3.6817570608516763
12648191.694043858,3453997.2447693977,3.6610794150471637,3.67104708158569
12648191.802307528,3453997.0766058518,3.661079413786809,3.6607784441771236
12648191.910571195,3453996.908442306,3.661191157304952,3.6559274939312285
12648192.021444052,3453996.7419988983,3.6585918623679854,3.6543750943839717
12648192.133332493,3453996.5762250256,3.6544741363132465,3.6543581982295565
12648192.245220933,3453996.410451153,3.648240562423469,3.654358198731404
12648192.357109373,3453996.2446772796,3.6419551125649736,3.654358198731404
12648192.468997814,3453996.078903407,3.6356696604002305,3.654358198490067
12648192.580886254,3453995.913129534,3.6293842092391824,3.6543581989919143
12648192.692774694,3453995.747355661,3.6230987591201766,3.6543581989919143
12648192.804663135,3453995.581581788,3.616634080893907,3.654362985516915
12648192.91600928,3453995.4154541665,3.6097518506301323,3.6542593625078075
12648193.02263526,3453995.2462474867,3.6093935586857935,3.6492292434488336
12648193.12926124,3453995.077040807,3.6093935586857935,3.6429437927709944
12648193.23588722,3453994.907834127,3.6093935586857935,3.6366583420931557
12648193.3425132,3453994.7386274473,3.6093935586857935,3.630372891415317
12648193.44913918,3453994.5694207675,3.609393558534526,3.6240874408344688
12648193.555765158,3453994.4002140877,3.6095026158738914,3.617027641084092
12648193.66498898,3453994.2327164165,3.612631443669283,3.613469558117231
12648193.778158644,3453994.067814546,3.6123796075554813,3.619730814439409
12648193.89132831,3453993.9029126754,3.6123796057562196,3.62509881588822
12648194.004497975,3453993.738010805,3.612379607073688,3.6304668163282505
12648194.117667641,3453993.573108935,3.6123796057562196,3.6358348182588553
12648194.230837306,3453993.408207064,3.6123796071112135,3.6412028184729173
12648194.34400697,3453993.2433051937,3.612590724561054,3.6457260122724007
12648194.453578638,3453993.076004438,3.617765374129555,3.6463125154134772
12648194.56228319,3453992.908125551,3.62337407117543,3.646300140981494
12648194.67098774,3453992.740246664,3.6287420720921544,3.646300141667325
12648194.77969229,3453992.572367777,3.6341100738865415,3.646300141667325
12648194.88839684,3453992.40448889,3.639478075978935,3.6463001404018374
12648194.99710139,3453992.236610003,3.644846077222218,3.646300139597636
12648195.10580594,3453992.068731116,3.6473631249072826,3.646300262440191
12648195.214597119,3453991.900908773,3.6486567121651197,3.646431697434025
12648195.324530283,3453991.733831846,3.6486355059582687,3.647968921197366
12648195.434463447,3453991.5667549195,3.648635506234503,3.6515497878284564
12648195.54439661,3453991.3996779923,3.648635505803693,3.6568904291008106
12648195.654329773,3453991.2326010657,3.648635506315609,3.6622310702920586
12648195.764262937,3453991.0655241385,3.6486481716094126,3.667326423396269
12648195.873307982,3453990.8978796885,3.6501556258909584,3.6707603348407307
12648195.978742072,3453990.7279277756,3.656331011549903,3.6705496827597166
12648196.084176162,3453990.557975862,3.6616716546527064,3.67054968306375
12648196.18961025,3453990.3880239488,3.667012296850606,3.670549680634597
12648196.29504434,3453990.218072036,3.6724765361910805,3.6705496825142334
12648196.40047843,3453990.0481201224,3.67818323546493,3.6705496814809493
12648196.505912518,3453989.878168209,3.682838700104262,3.6708568518547007
12648196.615704378,3453989.7110066023,3.682924799743775,3.677083833897166
12648196.725942923,3453989.5441310094,3.6829215622288523,3.6829263550729134
12648196.836181467,3453989.377255417,3.6829215615153865,3.6885642686709135
12648196.94642001,3453989.210379824,3.682921561772056,3.694202180658223
12648197.056658555,3453989.0435042316,3.6829479398696305,3.699471885112742
12648197.165622206,3453988.8758120094,3.6850242132752364,3.702689364134443
12648197.271114694,3453988.7058963384,3.6915369663432442,3.7024927408061314
12648197.376607182,3453988.5359806675,3.6971748790456074,3.7024927417323683
12648197.482099667,3453988.366064997,3.7057416185072567,3.7024927414867497
12648197.587592155,3453988.196149326,3.762972398516048,3.7024927408061314
12648197.693084642,3453988.026233655,3.8202031868440356,3.7024927414867497
