left_x,left_y,right_x,right_y,center_x,center_y,width,w_tr_left_m,w_tr_right_m
89625.65590483273,43199.358612700205,89631.76250298323,43203.64826145636,89628.6925139564,43201.49171303352,7.462682320907014,3.7109448934098848,3.751737427497129
89625.73826520467,43199.22504740531,89631.7831545961,43203.630724138646,89628.74517586971,43201.41656415581,7.48001839792473,3.720787203710972,3.7592311942137573
89625.83557391618,43199.10720265966,89631.8057801239,43203.60984535296,89628.79930989316,43201.342409229976,7.477777302537131,3.7121259883325983,3.7656513142045327
89625.93238188238,43198.989935841484,89631.8286576934,43203.58861160568,89628.85487795906,43201.26927492085,7.47755890808701,3.7062609132364432,3.771297994850567
89626.03081281767,43198.870543921956,89631.84975624192,43203.569770754395,89628.91184199981,43201.19718789332,7.4794943276511425,3.7031879938555563,3.7763063337955862
89626.13126272973,43198.74881514028,89631.86874933993,43203.55351535275,89628.97016394776,43201.12617481223,7.483575130511158,3.7028636398761363,3.780711490635021
89626.23298531098,43198.62592707323,89631.88647026774,43203.538599965956,89629.02980573529,43201.056262342434,7.48974279312274,3.705230627983324,3.7845121651394162
89626.33508327608,43198.503099469315,89631.90392592731,43203.5237401066,89629.09072929474,43200.98747714879,7.497922437778412,3.7102179766726753,3.7877044611057364
89626.43678545259,43198.38130144936,89631.92201896674,43203.50793601394,89629.15289655849,43200.91984589616,7.508006970130676,3.717723422737879,3.790283547392797
89626.53721544094,43198.26155779735,89631.94177558999,43203.490172566664,89629.21626945892,43200.8533952494,7.519819333641827,3.7275932998552466,3.7922260337865805
89626.63517434917,43198.14517661123,89631.96454905432,43203.469188895644,89629.28080680539,43200.78814703013,7.5330831372348355,3.7396074297398845,3.793475707494951
89626.72929369244,43198.03355982436,89631.99186958569,43203.44363520188,89629.34639974809,43200.72401813208,7.547424767609311,3.753373151194124,3.794051616415187
89626.81828772929,43197.92794685595,89632.02515243711,43203.41233624921,89629.4128740166,43200.66082399268,7.562404849156595,3.768354474677115,3.7940503744794802
89626.90269867073,43197.83085228356,89632.06542219539,43203.374506477914,89629.4800526654,43200.59837590063,7.575342633745455,3.7817906585192755,3.79355197522618
89626.98992978291,43197.751562657424,89632.11325432385,43203.32975491091,89629.54775874887,43200.536485144694,7.5739476608077645,3.781306953846557,3.792640706961207
89627.06941788123,43197.6792156936,89632.16884454274,43203.277991515955,89629.61581532146,43200.47496301361,7.5730075257578315,3.781579432059737,3.7914280936980953
89627.14132051938,43197.613641038755,89632.2320322748,43203.21939483587,89629.68404543764,43200.41362079607,7.572306241204644,3.7822396343009377,3.790066606903706
89627.20628914892,43197.55427977948,89632.30215370873,43203.15454422368,89629.75227215182,43200.352269780844,7.57171033895277,3.7829588285894125,3.7887515103633587
89627.26576128548,43197.499904851866,89632.37776045,43203.08468915249,89629.82031851844,43200.290721256664,7.571152563687222,3.783440083012791,3.7877124806744313
89627.32214899649,43197.44840425472,89632.45643990175,43203.01195766457,89629.88800759194,43200.228786512234,7.570605632581793,3.7834053218969017,3.7872003106848906
89627.37862668764,43197.39690572854,89632.53502933594,43202.93922854139,89629.95519302366,43200.166309779575,7.57006145504645,3.78263041834571,3.7874310367007404
89627.43848553504,43197.34232897304,89632.61025064987,43202.8695875861,89630.0219700575,43200.10339541001,7.569527209718652,3.781253779787775,3.7882734299308765
89627.50441803373,43197.28207593625,89632.67941002878,43202.80565073187,89630.08854858085,43200.04027118995,7.569043577073662,3.779599415562898,3.789444161510764
89627.57816723922,43197.21443005812,89632.74074980702,43202.74916267311,89630.1551391731,43199.97716565084,7.568720095820654,3.7780275678330395,3.7906925279876145
89627.6606232277,43197.13852416412,89632.79336377211,43202.701016812876,89630.22195241362,43199.9143073241,7.568774667262283,3.7769537129643402,3.7918209542979433
89627.75211580607,43197.054085754746,89632.83691967823,43202.66149477033,89630.28919888177,43199.85192474119,7.569561829218155,3.7768629214042564,3.792698907813898
89627.85262554593,43196.96123402295,89632.87146391951,43202.630454363534,89630.35708915693,43199.790246433564,7.571578295851589,3.7783130095596453,3.793265286291943
89627.9618173166,43196.86042813011,89632.89740299061,43202.607367978504,89630.4258338185,43199.72950093265,7.575442136708323,3.7819249156940495,3.793517221014273
89628.08017917776,43196.75391422983,89632.91556871758,43202.59130473346,89630.49564344584,43199.6699167699,7.579981523309125,3.786494215507556,3.793487307801569
89628.21986361455,43196.65953878198,89632.92718857848,43202.581015518,89630.56672363143,43199.61172013746,7.564575007975611,3.771356081632672,3.793218926342939
89628.36509042048,43196.56178130058,89632.93362023421,43202.5752100628,89630.63916601556,43199.55508377391,7.552005702937096,3.75915941520899,3.7928462877281057
89628.51459002962,43196.461561306394,89632.9360094733,43202.57283619647,89630.71294869923,43199.50012715796,7.542985528226744,3.750421746227418,3.792563781999327
89628.66754295157,43196.35942259305,89632.93509431902,43202.57316669808,89630.78804487915,43199.446967467775,7.538077372685089,3.745592313414619,3.7924850592704704
89628.82355693626,43196.25563977731,89632.93122488966,43202.575694202525,89630.864427752,43199.39572188148,7.537640476509659,3.7450326176863804,3.792607858823278
89628.98239938416,43196.15047175685,89632.92463078914,43202.57987339853,89630.94207051452,43199.34650757727,7.54177657587716,3.7489939856646184,3.7927825902125414
89629.14356866298,43196.044449251065,89632.91585415376,43202.58482783897,89631.02094636341,43199.29944173329,7.550277471525165,3.757595386597807,3.792682084927358
89629.30584310034,43195.93857887868,89632.90619985184,43202.58915022358,89631.10102849534,43199.25464152768,7.562583417833032,3.770803905598969,3.7917795122340623
89629.4735114222,43195.84705919363,89632.8979454983,43202.59093102776,89631.18228991816,43199.21222345539,7.563501573792555,3.7741561251348923,3.7893454486576634
89629.64530130512,43195.77737964731,89632.89408595338,43202.5880451161,89631.26466910535,43199.17217910384,7.5458442747292676,3.7612518424709735,3.7845924322582944
89629.80830418745,43195.711889791964,89632.89765294574,43202.578569568184,89631.34803002569,43199.13423058337,7.529632587286134,3.752755274389428,3.776877312896706
89629.9603806548,43195.65122447492,89632.91480577078,43202.570039325656,89631.43222694998,43199.09806492793,7.523205879460132,3.7479381832117324,3.7752676962484
89630.10025212386,43195.59562519744,89632.9445137928,43202.556903774355,89631.51711414913,43199.06336917147,7.519921799248091,3.7460307350662965,3.7738910641817944
89630.22733489079,43195.54509960578,89632.98723591324,43202.53858054504,89631.60254589398,43199.02983034796,7.51836613245153,3.746271966742506,3.7720941657090226
89630.3414587902,43195.49956759328,89633.04316526707,43202.51514255216,89631.68837645538,43198.99713549136,7.517812839573775,3.7479552289813167,3.769857610592458
89630.4427252175,43195.4589153266,89633.11215645165,43202.486722672664,89631.77446010422,43198.96497163561,7.517708374717465,3.7504597918740847,3.7672485828433797
89630.53162003224,43195.42294586325,89633.19363800925,43202.45355340772,89631.86065111133,43198.933025814695,7.517697929177372,3.7532632301429714,3.7644346990343993
89630.60936510566,43195.39124182254,89633.28628723965,43202.41609445442,89631.9468037476,43198.90098506255,7.517610432253819,3.7559339360264934,3.761676496227326
89630.67831326684,43195.36299557032,89633.3876621991,43202.375192484236,89632.0327722839,43198.868536413145,7.51741160215663,3.758108011966809,3.7593035901898215
89630.74201450149,43195.33692979199,89633.49415769783,43202.33215181386,89632.11841183377,43198.8353687331,7.517141964097998,3.7594606848502554,3.757681279247744
89630.8046908482,43195.31143176895,89633.60155448924,43202.28858955049,89632.2036574,43198.801344619795,7.516859512793272,3.759866901837405,3.7569926109558667
89630.87029955964,43195.28489129173,89633.70594478221,43202.246101014556,89632.28858849085,43198.766640919326,7.5166032643357905,3.7595377324390205,3.7570655318967705
89630.94175236703,43195.2560464231,89633.8044552404,43202.2059369124,89632.3732998215,43198.73146754742,7.516385138785475,3.7587072386355076,3.7576779001499676
89631.02073597086,43195.224119635874,89633.89541774298,43202.16887084319,89632.45788610709,43198.6960344198,7.516206797482179,3.7576046600102493,3.7586021374719305
89631.10801012765,43195.18874074246,89633.97807708586,43202.13527404168,89632.54244206283,43198.6605514522,7.5160900221993865,3.7564696965306963,3.7596203256686898
89631.20437272136,43195.15118477445,89634.05220447584,43202.10526079801,89632.62706240386,43198.625228560384,7.514607045168299,3.754067948145144,3.7605390970231545
89631.31374938843,43195.1214788339,89634.11787823548,43202.07878211998,89632.71184184536,43198.59027566008,7.501147085971311,3.7399483872697004,3.7611986987016115
89631.43132499946,43195.089282884066,89634.17547051914,43202.055639610495,89632.79687510253,43198.555902667,7.487353382407665,3.725879735504678,3.761473646902987
89631.55628557688,43195.054944933356,89634.22573178704,43202.035465396155,89632.8822568905,43198.52231949689,7.473527212801755,3.712261613681345,3.761265599120409
89631.68745706363,43195.01892373863,89634.26980807807,43202.01773889184,89632.96808165847,43198.48973571185,7.460023479223472,3.6995317415042264,3.760491737719246
89631.82346621393,43194.98171055805,89634.30906120599,43202.001884046425,89633.0544083342,43198.458313651485,7.447215470994765,3.6880872512341774,3.7591282197605875
89631.96301971858,43194.94371852203,89634.34475007752,43201.987404767475,89633.14122498834,43198.428121456986,7.43546605311239,3.67821036250392,3.7572556906084698
89632.10517581335,43194.905202496084,89634.37780141244,43201.97395884969,89633.22851128336,43198.39921609166,7.425102255204834,3.670151711340398,3.754950543864436
89632.24941045672,43194.86626539078,89634.40874274039,43201.96135488491,89633.31624688172,43198.37165451881,7.416401475174738,3.6641360368566542,3.7522654383180836
89632.39552335789,43194.82691843891,89634.43779280398,43201.94949113894,89633.4044114459,43198.34549370174,7.409582063632083,3.660358869609644,3.7492231940224396
89632.54349939867,43194.78714665455,89634.46500010086,43201.9382839719,89633.49298463833,43198.32079060373,7.404791008534751,3.658983708615102,3.7458072999196492
89632.69339698854,43194.74695774425,89634.4903558595,43201.927609657185,89633.58194612146,43198.29760218809,7.402082347460152,3.660135998585865,3.741946348874287
89632.84524667688,43194.70642290141,89634.51389772621,43201.91725339027,89633.67127555779,43198.275985418135,7.401383158809967,3.6638914111814582,3.737491747628509
89632.99888103966,43194.66572648397,89634.5358835912,43201.90685127534,89633.76095260977,43198.25599725715,7.402449938205661,3.6702584790058816,3.73219145919978
89633.15361862826,43194.62522580388,89634.5571101455,43201.89582792557,89633.85095693984,43198.23769466844,7.404825700233728,3.6791591455387667,3.7256665546949614
89633.30784372023,43194.585487300006,89634.57932468026,43201.88336796261,89633.9412682105,43198.2211346153,7.407815197299636,3.690414337992482,3.717400859307154
89633.45874051012,43194.547242426925,89634.60545761698,43201.868480617726,89634.0318660842,43198.20637406102,7.4104985506798515,3.703743678939778,3.706754871740073
89633.60483902376,43194.52763805017,89634.64027824343,43201.85683474364,89634.12272428343,43198.19340892372,7.401976665000851,3.702172502674854,3.699804162325997
89633.73951240015,43194.5114767987,89634.68689838382,43201.84336788885,89634.21378377652,43198.181898505034,7.392845674013795,3.700936211385861,3.691909462627934
89633.85935918755,43194.49713748204,89634.74830394858,43201.82679145123,89634.30497430306,43198.17138670794,7.3833630613893195,3.7011728148238565,3.682190246565463
89633.96240232898,43194.4846596387,89634.82636766971,43201.806976076026,89634.39622559256,43198.161417332594,7.373110206576787,3.702262789651069,3.670847416925718
89634.0478102703,43194.474051013596,89634.92173168111,43201.7839096398,89634.48746737458,43198.15153417919,7.36191359412629,3.703671260055198,3.6582423340710912
89634.11581448888,43194.46533891081,89635.0339434302,43201.75764721148,89634.5786293787,43198.14128104789,7.349878985731013,3.704962647227405,3.6449163385036076
89634.1678565324,43194.45854463575,89635.16137696925,43201.72832712893,89634.66964133442,43198.13020173885,7.33735785937366,3.7057865386823368,3.631571320691324
89634.20685330211,43194.453582772556,89635.30104323215,43201.69625015961,89634.76043297135,43198.11784005226,7.324853751614835,3.7058375385436397,3.6190162130711956
89634.2371180673,43194.45014146749,89635.44872718744,43201.661968259745,89634.8509351975,43198.10374785877,7.312895619485329,3.7048091896486617,3.6080864298366664
89634.26361231267,43194.44765249891,89635.59972282311,43201.62628663685,89634.94111803515,43198.08774489394,7.301916144583247,3.7026053865319875,3.5993107580512596
89634.2908070798,43194.44541777721,89635.74986907393,43201.59012511117,89635.03099874985,43198.0699744272,7.292167358929524,3.6993640828340175,3.592803276095507
89634.32187334844,43194.442813247086,89635.89627987113,43201.55430724815,89635.12059742954,43198.05059905683,7.283687447021255,3.6951425691993895,3.588544877821865
89634.35858010115,43194.439424187105,89636.03740590607,43201.51942131366,89635.20993416224,43198.02978138112,7.27631880797168,3.689914432333195,3.586404375638485
89634.40169631677,43194.43505044081,89636.17262495922,43201.48581206048,89635.29902903589,43198.00768399836,7.269761184114965,3.6836010296115025,3.586160154503463
89634.45146769479,43194.42963444324,89636.30177326119,43201.453651073694,89635.38790213848,43197.984469506846,7.263638228464396,3.6761068804912305,3.587531347973165
89634.50792247035,43194.42318710118,89636.42484952995,43201.423012407904,89635.47657355796,43197.96030050487,7.257559071512636,3.667350018758203,3.590209052754434
89634.57099819338,43194.41574424769,89636.54189587684,43201.393920714734,89635.56506338234,43197.93533959071,7.251164353664334,3.6572827315488494,3.5938816221154846
89634.64057005564,43194.40735073454,89636.65317021545,43201.36704406366,89635.65339169954,43197.90974936266,7.244852699588737,3.645902334489946,3.598950365098791
89634.71644945815,43194.39805805819,89636.75970057929,43201.34550110877,89635.74157859758,43197.88369241902,7.241673845533887,3.6332542781736796,3.608419567360207
89634.79839249229,43194.38792253455,89636.86043992272,43201.32520213795,89635.82964458498,43197.85733065923,7.237256932091065,3.6194300123462053,3.61782691974486
89634.88614268614,43194.3769958437,89636.95551271275,43201.306111004276,89635.91761939005,43197.8308106641,7.231523298421634,3.6045500418677365,3.6269732565538977
89634.9774722909,43194.35861549358,89637.04503462263,43201.288199339775,89636.00554171512,43197.804264103775,7.231455336033755,3.5957504204215742,3.635704915612181
89635.07178840354,43194.33130266508,89637.12907931869,43201.27145643488,89636.09345063407,43197.77782203114,7.238658733358753,3.5947586085724947,3.643900124786259
89635.17122850662,43194.302468641676,89637.20768619541,43201.25588640264,89636.18138522077,43197.75161549907,7.245493666879553,3.594027077116612,3.6514665897629417
89635.27572877506,43194.272147090545,89637.28090409518,43201.24149276702,89636.26938454912,43197.72577556049,7.2520691683553,3.5937308477008862,3.658338320654413
89635.38514405418,43194.24040712604,89637.34888158349,43201.228248581356,89636.35748769295,43197.70043326825,7.258525558862701,3.5940552383946525,3.6644703204680478
89635.49910519837,43194.20739620397,89637.41201610946,43201.21605231027,89636.44573372613,43197.67571967527,7.265018139699257,3.595187515435917,3.6698306242633403
89635.61685146784,43194.173380486885,89637.47112789605,43201.20468524441,89636.53416172256,43197.651765834424,7.271697715484986,3.597307705685664,3.6743900097993216
89635.73715235264,43194.138747860015,89637.52753989604,43201.19380636186,89636.62281075591,43197.6287027979,7.278690680333925,3.600579991576937,3.6781106887569877
89635.85844290857,43194.10394857177,89637.58293233257,43201.18301147215,89636.71170901736,43197.606622679705,7.286082302654435,3.6051059566661494,3.680976345988286
89635.9791510333,43194.06939786587,89637.63898650256,43201.171933862286,89636.80084455224,43197.58547394956,7.293906454391784,3.610813103084052,3.6830933513077326
89636.09803072442,43194.03539930901,89637.69703353981,43201.160320723386,89636.89019615058,43197.56517196122,7.302144559281951,3.6175711518503935,3.6845734074315573
89636.21430135997,43194.0021303849,89637.75790933272,43201.14804459327,89636.97974260243,43197.545632068446,7.31073289396618,3.625231644593291,3.6855012493728885
89636.3275733989,43193.969677278605,89637.82203123542,43201.13506508001,89637.0694626978,43197.52676962499,7.319575573054739,3.633635327396236,3.6859402456585024
89636.43768742016,43193.938079218125,89637.88956523179,43201.121381989215,89637.15933522677,43197.508499984586,7.328559741248413,3.642619937127348,3.6859398041210647
89636.54458289788,43193.90735745445,89637.96056284773,43201.107005457714,89637.24933897934,43197.49073850102,7.337569801318828,3.652026952154629,3.685542849164199
89636.64822952195,43193.87752713263,89638.0350338529,43201.09194445508,89637.33945274558,43197.47340052804,7.346498727613416,3.661706572175419,3.684792155437997
89636.74965009853,43193.85415260805,89638.11297440415,43201.076205081685,89637.42965531551,43197.45640141939,7.349605097841437,3.6658701005233394,3.683734997318097
89636.84781922339,43193.8320991414,89638.19437506974,43201.05979186,89637.51992547918,43197.43965652884,7.352057853546052,3.669631742116729,3.682426111429323
89636.9426172767,43193.81077478953,89638.27921999087,43201.042709445384,89637.61024202664,43197.42308121014,7.354412667381249,3.6734834262759692,3.6809292411052796
89637.03405257134,43193.79017514912,89638.36747591544,43201.02496512338,89637.70058374788,43197.406590817045,7.356643513603056,3.6773259431947753,3.6793175704082812
89637.12217834237,43193.77028709129,89638.45906337538,43201.00657381739,89637.790929433,43197.390100703306,7.358743586630649,3.6810703072545468,3.6776732793761022
89637.20714504507,43193.75107974145,89638.55380642302,43200.98756683276,89637.88125787198,43197.373526222684,7.3607229461185835,3.6846365645470143,3.676086381571569
89637.2892553671,43193.73249429897,89638.6513799588,43200.96800177708,89637.97154785492,43197.35678272894,7.362604964893666,3.687951960439874,3.6746530044537913
89637.36897586581,43193.71444050629,89638.75130033345,43200.947965940984,89638.06177822215,43197.33978577303,7.3644219833013,3.690948849279741,3.6734731340215587
89637.44686988868,43193.69680694449,89638.85299633472,43200.9275655471,89638.15193373339,43197.3224740919,7.366210800096024,3.693585966095132,3.672624834000892
89637.52347344901,43193.67948321616,89638.95593453707,43200.90690367724,89638.24201055277,43197.304831094065,7.368008638027087,3.695868342528453,3.6721402954986337
89637.59918733794,43193.66238168359,89639.05972004015,43200.886060398465,89638.33200614204,43197.28684527075,7.369850062920963,3.697804712833862,3.672045350087101
89637.67424856458,43193.64544562672,89639.16412298875,43200.86508531979,89638.421917963,43197.26850511317,7.371765263326812,3.699401245028338,3.6723640182984734
89637.74876879928,43193.62864418894,89639.26903957431,43200.84400291668,89638.51174347733,43197.249799112564,7.373779546434582,3.7006612031135573,3.673118343321024
89637.82279115838,43193.61196241272,89639.37443526924,43200.82282246526,89638.60148014684,43197.23071576014,7.375913648096912,3.701585110493442,3.6743285376034693
89637.89633102588,43193.59539330973,89639.47980548455,43200.79927703603,89638.6911254333,43197.21124354714,7.375861448211593,3.702171131839288,3.6736903163723054
89637.96939567693,43193.57893377607,89639.58489149595,43200.77234308916,89638.78067679841,43197.19137096478,7.372581928118711,3.7024153603308414,3.67016656778787
89638.0419914017,43193.562583254155,89639.69040281611,43200.745300880924,89638.87013170395,43197.171086504284,7.36944317415216,3.702311719238331,3.667131454913829
89638.11412726052,43193.54634362118,89639.79634226482,43200.71815124698,89638.95948761169,43197.15037865689,7.3664558603329775,3.7018512479487944,3.6646046123841836
89638.18582351806,43193.53021859875,89639.90270322766,43200.69089489812,89639.04874198335,43197.1292359138,7.363624175744554,3.701020658112439,3.662603517632115
89638.25713906543,43193.514208895955,89640.00944278763,43200.663537954686,89639.13789228072,43197.10764676626,7.360942488897081,3.6998002586571124,3.661142230239968
89638.3282421649,43193.498295822275,89640.1164118769,43200.63610866482,89639.22693596553,43197.08559970548,7.3583913387392315,3.6981616646325066,3.6602296741067244
89638.39954153824,43193.48240650766,89640.22322524428,43200.608691998175,89639.31587049959,43197.06308322271,7.355934145435922,3.69606608478637,3.6598680606495524
89638.4718410934,43193.46636711704,89640.32910679797,43200.581475813386,89639.40469334456,43197.040085809145,7.353516686468433,3.6934643104801257,3.660052375988308
89638.5464012187,43193.44987470457,89640.43282536342,43200.55477840447,89639.49340196264,43197.016595957706,7.351071529957814,3.690299568676271,3.660771961281543
89638.62478640932,43193.432526425226,89640.53283693915,43200.52901986806,89639.58200254952,43196.99264077027,7.34852883294214,3.6865535244831165,3.6619753084590236
89638.70852661958,43193.4139087347,89640.62760531917,43200.504635008845,89639.67053261456,43196.968385779306,7.345832978640255,3.6823582925913194,3.6634746860489353
89638.79880247967,43193.39369255372,89640.71592040082,43200.481974547205,89639.75903668263,43196.94402753067,7.342961442277799,3.677897248850574,3.665064193427225
89638.8963258105,43193.371679578086,89640.79702546542,43200.461253637186,89639.84755927848,43196.91976257021,7.339940021393942,3.67338236909503,3.6665576522989127
89639.00141007296,43193.347794470006,89640.87055663961,43200.442553863046,89639.93614492696,43196.89578744379,7.336846715908569,3.6690575614611265,3.6677891544474424
89639.11406747329,43193.3220684992,89640.9364567385,43200.42583407634,89640.02483815284,43196.872298697264,7.33379765257974,3.6651927220801594,3.6686049304995803
89639.23393628966,43193.29466753078,89640.99505908134,43200.410898192014,89640.11368348094,43196.84949287648,7.330913470449617,3.6620674978711727,3.6688459725784446
89639.35990160923,43193.26598437312,89641.04747840542,43200.39730079995,89640.20272543606,43196.82756652732,7.328273290659552,3.6599480111249214,3.668325279534631
89639.48945455247,43193.23674971086,89641.0962610219,43200.384237993254,89640.29200854301,43196.80671619561,7.325873038566128,3.6590645812839813,3.6668084572821464
89639.61772351286,43193.20590589421,89641.14589417877,43200.37054185782,89640.38157732658,43196.78713842722,7.325797845639381,3.661789057857329,3.664008787782052
89639.7384474882,43193.173487950386,89641.20252639138,43200.354873091026,89640.47146819794,43196.76899364428,7.3291076928204255,3.669465976911473,3.6596417159089523
89639.84598502162,43193.14435543502,89641.27324465432,43200.33945700345,89640.56160850811,43196.751956709595,7.335295265986345,3.677893953167797,3.657401312818548
89639.93546682374,43193.11934913472,89641.36248652608,43200.32237869586,89640.65184755027,43196.73535495562,7.3430252682077155,3.686285317514131,3.6567399506935847
89640.00531142265,43193.098773292535,89641.47130086906,43200.30162148799,89640.74203292267,43196.71850816851,7.350520198173846,3.6939462828993554,3.6565739152744907
89640.05786401602,43193.08233194033,89641.59724035957,43200.277447505534,89640.83201222356,43196.700736134444,7.3579458766510415,3.7002911181727103,3.6576547584783308
89640.09868276317,43193.06910516501,89641.73479305477,43200.250640721475,89640.92163864922,43196.681384231626,7.365548848191528,3.7048368986391202,3.6607119495524074
89640.13472296213,43193.05767515778,89641.87717341294,43200.2223995566,89641.0108681485,43196.66026758204,7.373561506121582,3.7076006477111902,3.665960858410391
89640.17226589649,43193.04646889236,89642.01826257027,43200.194045351884,89641.09974676711,43196.63761319488,7.3821103327140625,3.708980745013692,3.6731295877003705
89640.21565931292,43193.03414822835,89642.1537881992,43200.16668015738,89641.18832360396,43196.61366203736,7.391167384013936,3.7093119216319272,3.6818554623820083
89640.26723746401,43193.01981500282,89642.2806199183,43200.13826825176,89641.27664775802,43196.58865507668,7.397708129177771,3.7088446468436027,3.688863482334169
89640.3279559603,43193.00298101038,89642.39681020472,43200.106306265676,89641.36476832816,43196.56283328007,7.398471975157688,3.707765913345379,3.690706061812309
89640.39807279325,43192.98343093224,89642.50369488873,43200.07697566123,89641.45273441334,43196.53643761475,7.399460874355987,3.7062336163330967,3.6932272580228904
89640.47752622854,43192.96111268352,89642.60127752088,43200.05033919431,89641.54059511248,43196.50970904792,7.400503501317305,3.704409751824049,3.696093749493255
89640.56597706139,43192.936110521805,89642.68982357217,43200.02633347383,89641.62839952453,43196.482888546794,7.401485358410446,3.702482390065405,3.6990029683450407
89640.66259718746,43192.90869532834,89642.77008566385,43200.004713099835,89641.7161967484,43196.4562170786,7.402362858676351,3.7006732635270527,3.7016895951492974
89640.76575898367,43192.87939883115,89642.84362812735,43199.984970400896,89641.804035883,43196.429935610555,7.403153889456574,3.699233750599581,3.703920138856993
89640.87291211923,43192.849013770596,89642.91296144389,43199.96632996472,89641.89196602728,43196.40428510388,7.403917277644223,3.698435496369623,3.7054817812746
89640.98099134851,43192.81842873749,89642.98118197301,43199.947898783015,89641.98003610253,43196.37941915544,7.404735354108857,3.6984784949044287,3.7062568592044283
89641.08742599604,43192.78831446386,89643.0510598151,43199.92895144358,89642.0682944049,43196.35518378775,7.405710921409708,3.6992782551768055,3.7064326662329026
89641.1912512131,43192.75882864631,89643.12774465789,43199.92393174845,89642.15678909299,43196.331357371884,7.422176858989786,3.7007059992090947,3.7214708597806916
89641.29391867174,43192.729428740466,89643.20819486275,43199.927281901226,89642.24556832545,43196.3077182789,7.4480563544666225,3.7026737750259526,3.74538257944067
89641.39929692254,43192.698894686146,89643.28563904883,43199.92889442716,89642.33468019964,43196.284045416185,7.472026691100319,3.7051649939217364,3.766861697178582
89641.51291487968,43192.666580558376,89643.3545600271,43199.92969647278,89642.42414923201,43196.26032430182,7.492964008656708,3.7074711244167333,3.785492884239975
89641.64304323158,43192.643764820226,89643.409132194,43199.930587747906,89642.51394080627,43196.23705856131,7.497790247969501,3.6973263982642575,3.800463849705244
89641.79036059265,43192.61686799585,89643.4446579879,43199.93217272435,89642.60401118586,43196.214831728954,7.500025542806536,3.688816925865751,3.8112086169407853
89641.95745404132,43192.58552350771,89643.45807982188,43199.93467388563,89642.69431663431,43196.19422733908,7.500792558830924,3.6831657339178667,3.817626824913058
89642.14580070859,43192.549942166355,89643.44784084923,43199.9379800855,89642.7848134151,43196.175828925996,7.501893949036348,3.681764798682638,3.82012915035371
89642.35594011414,43192.510963132416,89643.41379160632,43199.9416474284,89642.8754577917,43196.16022002404,7.505605830717796,3.686051339624424,3.819554491093372
89642.58689569954,43192.47018651013,89643.35779081825,43199.94479516611,89642.96620602763,43196.14798416749,7.514256706031465,3.697306037300908,3.8169506687305566
89642.83470890079,43192.4299475211,89643.28511299776,43199.94613594716,89643.0570143864,43196.13970489068,7.529671460734982,3.7164121770978817,3.8132592836371013
89643.09089908375,43192.39274653423,89643.20577301392,43199.944519278775,89643.14783913144,43196.13596572794,7.552646397463976,3.7436522409541655,3.8089941565098107
89643.34247914854,43192.36014174133,89643.13410152055,43199.939937907795,89643.23864064168,43196.137297302106,7.582659900127494,3.7785826133366007,3.8040772867908927
89643.57556507812,43192.3159848199,89643.0856829021,43199.93415958425,89643.32945288291,43196.14328413084,7.633909305627663,3.8352041964109667,3.798705109216696
89643.77774662165,43192.26812010438,89643.07285779066,43199.930116607,89643.4203733161,43196.152694376,7.694352387965986,3.9009784607544526,3.793373927211533
89643.94057671803,43192.22279699018,89643.10151532269,43199.93039020854,89643.5115014855,43196.164269415014,7.753129512965959,3.9647585589671714,3.788370953998787
89644.06307595117,43192.179178377024,89643.17023448073,43199.9359609175,89643.60293693532,43196.17675062529,7.807998544543023,4.023967171087613,3.7840313734554094
89644.15151822858,43192.137477710545,89643.27121681413,43199.94599521672,89643.6947792098,43196.188879384245,7.857981688995192,4.077065863206868,3.780915825788324
89644.21759250187,43192.098374365225,89643.39253590093,43199.958595644755,89643.78711155594,43196.19951783561,7.903404137327949,4.123674527587544,3.7797296097404054
89644.27495718651,43192.06210693161,89643.52130681177,43199.97186054017,89643.87987941025,43196.20854932882,7.945576822074599,4.165221603066406,3.7803552190081913
89644.33464353892,43192.03863713401,89643.6467313337,43199.98454844133,89643.97295892674,43196.21637061206,7.975633498723235,4.193360558354832,3.7822729403684034
89644.40252702792,43192.057535619526,89643.76165960268,43199.99611779244,89644.066225735,43196.22338231962,7.9644081997895055,4.1793991539838204,3.785009045805685
89644.48632845664,43192.07849941209,89643.86230278519,43200.006430111425,89644.15955546463,43196.22998508582,7.9524520251349315,4.164326342574706,3.788125682560225
89644.58745435829,43192.10191069483,89643.94698685661,43200.015475459375,89644.25282374522,43196.23657954496,7.939439898592575,4.148188055938407,3.7912518426541677
89644.70622393864,43192.128040229814,89644.01499233315,43200.02324343382,89644.34590620633,43196.24356633134,7.92540439125599,4.131269049642299,3.794135341613691
89644.84263024217,43192.15708624807,89644.06589580642,43200.02969104522,89644.43867847757,43196.25134607927,7.910829455613696,4.114139107209216,3.796690348404479
89644.9966545175,43192.1891935061,89644.09931462833,43200.03473252588,89644.53101618851,43196.260319423054,7.896689267506274,4.097668274167609,3.799020993338665
89645.16836826153,43192.22449619349,89644.11484910149,43200.03820389717,89644.62279496877,43196.27088699699,7.8844106120320525,4.083004868031352,3.8014057440007
89645.35795011479,43192.263206463685,89644.11211102661,43200.03977763484,89644.71389044789,43196.28344943538,7.875733249270763,4.071506650613797,3.8042265986569657
89645.56562022846,43192.3057558187,89644.0908408378,43200.038820759444,89644.80417825548,43196.29840737256,7.872437210221875,4.064610720445863,3.807826489776012
89645.78267483464,43192.39133224021,89644.05123207503,43200.034235368796,89644.8935340211,43196.3161614428,7.836572098998288,4.024283247466893,3.8122888515313953
89646.00047808525,43192.53186928729,89643.99475214539,43200.02444692237,89644.98183337438,43196.33711228042,7.756394533771246,3.9392272444893455,3.8171672892819006
89646.22488732217,43192.67459981181,89643.925809907,43200.007914604685,89645.06895194488,43196.361660519724,7.6852627028808,3.8640138794122776,3.8212488234685225
89646.44793729014,43192.81656916954,89643.8540847155,43199.984594515154,89645.15476536221,43196.390206795,7.6229035501157085,3.8004183339822286,3.8224852161334804
89646.66068895934,43192.941155679146,89643.79597901921,43199.95813079749,89645.23914925591,43196.42315174058,7.579215187108686,3.760993445920556,3.8182217411881307
89646.84926218248,43193.03387952796,89643.77278757546,43199.93706110249,89645.3219894237,43196.46086740027,7.557685615227019,3.7519072425457267,3.8057783726812917
89646.9878165142,43193.10392495548,89643.8047077686,43199.932596405626,89645.40360380411,43196.5025107309,7.5341180678495245,3.7496820110077347,3.7844360568417894
89647.06428504818,43193.14354493787,89643.90310673605,43199.95281167193,89645.4848940061,43196.54559753375,7.507273924447392,3.750791640300966,3.7564822841464265
89647.0798316665,43193.154418449325,89644.06136831973,43200.003405211326,89645.56680297364,43196.58752738503,7.484633634445571,3.7517319720172573,3.7329016624283136
89647.05426266906,43193.14941139263,89644.25690170597,43200.07570036674,89645.6502736507,43196.62569986093,7.469853232202305,3.749102116310382,3.720751115891923
89647.02576634212,43193.147333133864,89644.45498305163,43200.14522346124,89645.73621495455,43196.65760146924,7.455159003039184,3.7396425721622837,3.715516430876901
89647.0395314078,43193.16415497174,89644.61114479208,43200.19766808848,89645.82442384868,43196.68355954266,7.440925232713422,3.7232640134784463,3.7176612192349756
89647.12544487827,43193.21688150477,89644.69175765594,43200.22516452788,89645.91336418364,43196.707307257464,7.418818263590912,3.6948899233093395,3.723928340281572
89647.29110628302,43193.302223053724,89644.6885910203,43200.224900005705,89646.0014210946,43196.7327788922,7.395711045884065,3.664969474106778,3.7307415717772874
89647.51501383042,43193.41533943984,89644.62210638092,43200.19885976507,89646.0869994928,43196.763861455496,7.374622804875433,3.6403055692845285,3.7343172355909053
89647.75976777113,43193.54591724073,89644.5313334704,43200.15633336937,89646.16942545559,43196.80224012464,7.356656130876852,3.6239243100394307,3.73273182083742
89647.9893886555,43193.67751367483,89644.45562772547,43200.11315676983,89646.24931815758,43196.846509231254,7.342000296699637,3.6152977988417594,3.7267024978578775
89648.1807975171,43193.79353274847,89644.42090970643,43200.08535494101,89646.32739362831,43196.895031598026,7.329650936529415,3.6130874731718543,3.7165634633575606
89648.32552579945,43193.88348379288,89644.43695456401,43200.082596141125,89646.40436789738,43196.94617004769,7.317785194936431,3.6153692453266495,3.7024159496097826
89648.42603383218,43193.94539388797,89644.50106032302,43200.10583235459,89646.4809569943,43196.99828740295,7.304547840120701,3.6198733015218667,3.6846745385988346
89648.49265729415,43193.98444911276,89644.60193558251,43200.148569537334,89646.55787694863,43197.049746486555,7.289313825461146,3.6248341996839586,3.6644796257771866
89648.54058581842,43194.01104579306,89644.72286213063,43200.2001646301,89646.63581539306,43197.09897239118,7.2718777585572285,3.6281456763348854,3.643732082222343
89648.58616620394,43194.03670889737,89644.84528417411,43200.25185518068,89646.71483433119,43197.145762120934,7.254118946088345,3.628786977065253,3.6253319690230907
89648.6420022911,43194.06896073846,89644.94732140725,43200.312607522064,89646.79438504307,43197.191251905315,7.254915023065274,3.6280010509670437,3.626913972098231
89648.71245691885,43194.10998226732,89645.0346090894,43200.36451087881,89646.87389344224,43197.23663361391,7.255735166645928,3.6271565034639117,3.6285786631820156
89648.79431367756,43194.157617919904,89645.1105184495,43200.409773956555,89646.95294826363,43197.28279268551,7.256707406870424,3.6273053225771448,3.6294020842932793
89648.8805519739,43194.20980313095,89645.18119158082,43200.452120545786,89647.03166421052,43197.32962468309,7.256155595451905,3.626523470039409,3.629632125412497
89648.96746068342,43194.26542761231,89645.24982863107,43200.49364281839,89647.11026199379,43197.37682566263,7.2533752646510745,3.623532089039489,3.6298431756115854
89649.05999113123,43194.32416439792,89645.31279690408,43200.53252932195,89647.18896232435,43197.424091680135,7.251569458119141,3.620814542504351,3.63075491561479
89649.16886912133,43194.39216741337,89645.35934660601,43200.56263309379,89647.2679859131,43197.47111879158,7.25169693988997,3.6184663271545334,3.633230612735437
89649.30739309297,43194.4779407407,89645.37602764979,43200.575293370435,89647.34739995658,43197.51779279139,7.254884102394153,3.616942574165015,3.6379415282291383
89649.48286849751,43194.58834945731,89645.3550626957,43200.5631528016,89647.42599041398,43197.56558303911,7.262028348908509,3.618655447966221,3.643372900942288
89649.68901430018,43194.72391604129,89645.30275164019,43200.525509996914,89647.50190611495,43197.61674636435,7.273086865174992,3.626556147633388,3.646530717541604
89649.90553280043,43194.87489328065,89645.24064019555,43200.472681699524,89647.5734160304,43197.67339205703,7.286731654011136,3.642851085413999,3.6438805685971376
89650.10611892577,43195.0220281113,89645.19673842927,43200.424949538705,89647.640591571,43197.73541538785,7.300244982890151,3.6662372604136615,3.6340077224764893
89650.26870185506,43195.143273196794,89645.19346546382,43200.4044505445,89647.70485941507,43197.80104689018,7.310130745139201,3.692837535332266,3.617293209806936
89650.38094438828,43195.222659370906,89645.2418062288,43200.42581300024,89647.76767929006,43197.868476501775,7.313244745844785,3.718803942609458,3.5944408032353268
89650.44016357418,43195.255512250194,89645.34220095722,43200.491644642294,89647.83051092332,43197.935894160386,7.307961772716719,3.7409536408029096,3.5670081319138087
89650.45163960345,43195.24855126966,89645.48733137255,43200.59363058654,89647.89481404227,43198.00148980375,7.294808367259394,3.757130224352029,3.5376781429073647
89650.42724560204,43195.21622024286,89645.65014690724,43200.73365145781,89647.96194233852,43198.06358473111,7.29813120953733,3.766325093525385,3.5318061160119454
89650.38307275512,43195.174872349504,89645.81936161924,43200.895695171224,89648.0321716917,43198.12183547991,7.318146834362001,3.7697914401231833,3.548355394238818
89650.3351727673,43195.13730068123,89645.99187881814,43201.056927553785,89648.10514972029,43198.176676903524,7.342083126683015,3.769722882503242,3.5723602441797726
89650.29577329458,43195.11055992958,89646.1578813411,43201.210017459096,89648.18051621191,43198.22855355648,7.3705855922748915,3.7677840680146333,3.6028015242602587
89650.27209060591,43195.09709785516,89646.31158510385,43201.351566747064,89648.25791095421,43198.277909993325,7.402971359639637,3.7649017952123174,3.63806956442732
89650.26741706017,43195.09701327462,89646.45027493189,43201.480216629134,89648.33697373485,43198.3251907686,7.437463216211347,3.761348343993343,3.6761148722180046
89650.28283636381,43195.10971520905,89646.57142029199,43201.59775827624,89648.41734434145,43198.37084043683,7.4745777205059465,3.7569932441720497,3.7175844763338963
89650.31846790291,43195.13464000038,89646.67092490631,43201.71026712515,89648.49866256163,43198.41530355256,7.519537352521521,3.7515923049725513,3.76794504754897
89650.37410235929,43195.17140415647,89646.75445862502,43201.80635717354,89648.58056818308,43198.45902467033,7.558070011702129,3.7450251647180797,3.813044846984049
89650.44947225468,43195.21977001053,89646.82153447572,43201.8850623189,89648.6627009934,43198.502448344676,7.588679337275953,3.737449475991895,3.8512298612840583
89650.54436410383,43195.279602536575,89646.87164700852,43201.94564051506,89648.74470078024,43198.54601913013,7.610841818933043,3.7293786936878948,3.881463125245148
89650.65866209679,43195.35086288033,89646.90431068286,43201.98761101372,89648.82620733122,43198.59018158124,7.625062644022133,3.7217033887576005,3.903359255264532
89650.79234317345,43195.43363567128,89646.91912494726,43202.01076056801,89648.90686043404,43198.63538025254,7.63284948985916,3.7156713423335757,3.917178147525584
89650.94538812744,43195.52815907187,89646.91590866003,43202.01514494909,89648.98629987628,43198.682059698556,7.636602029009618,3.7128312564408543,3.9237707725687634
89651.11751974015,43195.63477952587,89646.89500068397,43202.00115927016,89649.06416544561,43198.73066447385,7.639401693083796,3.7149384207556757,3.9244632723281203
89651.30768868038,43195.7537025832,89646.85780507358,43201.969801722094,89649.14009692967,43198.781639132925,7.644694409758515,3.7238224644725655,3.92087194528595
89651.51342250964,43195.88445922829,89646.80743881257,43201.923195629766,89649.21373411607,43198.83542823036,7.655887922613291,3.741227707412068,3.9146602152012235
89651.7305025754,43196.025271326,89646.74896749186,43201.86514592677,89649.28471679248,43198.89247632067,7.6759251651714635,3.768651294218694,3.9072738709527695
89651.9534982752,43196.17282544517,89646.68866830187,43201.80116269466,89649.35271812665,43198.953175021874,7.706919932248135,3.807151316894828,3.8997686153533073
89652.17699960218,43196.32281559441,89646.63239531507,43201.737466777406,89649.417724117,43199.01741984322,7.749908653274897,3.8567464605325728,3.893162192742324
89652.38920544047,43196.4779912076,89646.58415466535,43201.67951387567,89649.47989180454,43199.08483504275,7.794514261208596,3.906371796573904,3.8881424646346914
89652.59472295325,43196.62809367242,89646.54573925007,43201.63095916364,89649.53937997003,43199.155042119404,7.849768593055615,3.9649198224970497,3.884848770558566
89652.79297818661,43196.77155396459,89646.51724478812,43201.59346923101,89649.59634739424,43199.22766257216,7.914271698995485,4.031242725875187,3.8830289731202985
89652.98420687673,43196.90812831454,89646.49781970908,43201.5671313536,89649.65095285789,43199.30231789996,7.986208600243539,4.103989050306648,3.8822195499368903
89653.16909053455,43197.03842294593,89646.48620494813,43201.55098133753,89649.70335514178,43199.37862960179,8.063754894509584,4.181852341341568,3.8819025531680165
89653.34847860441,43197.163543698465,89646.48105489634,43201.543475519895,89649.7537116932,43199.45622792101,8.145263110946114,4.26365454630185,3.8816085646442655
89653.50693914606,43197.294665531466,89646.48123427418,43201.54302285411,89649.80215564395,43199.53490254782,8.210302606333713,4.3294436925468425,3.880858913786869
89653.63119043256,43197.43953298596,89646.48596776986,43201.54836527319,89649.84879889131,43199.61458241707,8.242372817591054,4.363178405592718,3.879194411998336
89653.75172816677,43197.5800303974,89646.49481198263,43201.558701758644,89649.89375261874,43199.69520114429,8.27602913868542,4.3997639274968705,3.8762652111885485
89653.8688145048,43197.71662398431,89646.50757648265,43201.573659270296,89649.9371280097,43199.77669234502,8.310508192415867,4.438698046343189,3.871810146072678
89653.98252594689,43197.84944102662,89646.52420816096,43201.593137964046,89649.97903624766,43199.85898963479,8.345164525353768,4.479532942219837,3.865631583133932
89654.09285009229,43197.97843726686,89646.54470367962,43201.617157669105,89650.01958851611,43199.94202662915,8.379427213881739,4.521851728185323,3.8575754856964157
89654.1997346798,43198.1035003917,89646.56906682647,43201.645765568435,89650.05889599846,43200.02573694364,8.412772103780853,4.565253371556042,3.8475187322248097
89654.30310503251,43198.22449519392,89646.59729487682,43201.67899786859,89650.0970698782,43200.110054193785,8.44470833628079,4.609345339764603,3.835362996516187
89654.38347398488,43198.34970058522,89646.62937596034,43201.716869200514,89650.13422133878,43200.194911995124,8.453630028455127,4.632596809309687,3.82103321914544
89654.44553713367,43198.47622920012,89646.6652886164,43201.75937190859,89650.1704615637,43200.280243963214,8.444601413609206,4.64012288570029,3.804478527908917
89654.50487013216,43198.597113253716,89646.70500140634,43201.80647794534,89650.20590173638,43200.36598371357,8.434333042032042,4.6486591584791865,3.785673883552857
89654.56147091977,43198.712349617264,89646.74847248592,43201.8581411918,89650.24065304028,43200.45206486174,8.422526293082763,4.657904709154928,3.764621583927834
89654.61533079391,43198.82192133261,89646.79564943818,43201.91429959344,89650.2748266589,43200.538421023266,8.408936901487541,4.667584743100532,3.7413521583870097
89654.66643512275,43198.92579925747,89646.8464695615,43201.97487708038,89650.30853377571,43200.62498581368,8.393374586503342,4.67745006423065,3.7159245222726924
89654.7147641593,43199.02394364285,89646.90086055969,43202.03978534447,89650.3418855741,43200.71169284851,8.375702396411178,4.687276874913995,3.6884255214971837
89654.76029386486,43199.116305687094,89646.9587415269,43202.108925543864,89650.37499323761,43200.79847574332,8.355835834255855,4.696866794946744,3.65896903930911
89654.80299671304,43199.202829080605,89647.02002412597,43202.18218998547,89650.40796794966,43200.88526811362,8.33374187820218,4.706047059978374,3.6276948182238047
89654.8428424749,43199.2834515445,89647.08461387732,43202.259463817696,89650.44092089371,43200.97200357496,8.309438008826671,4.714670886339188,3.594767122487483
89654.87979898196,43199.358106367145,89647.15241153238,43202.34062673722,89650.47396325326,43201.05861574289,8.282991280553876,4.722617982145955,3.56037329840792
89654.89836989218,43199.432753555324,89647.22331450613,43202.425554710935,89650.50720621174,43201.14503823293,8.23792048613751,4.713198201388994,3.5247222847485165
89654.91527535513,43199.50095480893,89647.29628432571,43202.51449114365,89650.54076095263,43201.231204660624,8.193315906705045,4.704268360434242,3.4890475462708044
89654.9306389749,43199.56262451573,89647.36898733053,43202.608227746925,89650.5747386594,43201.31704864151,8.151949130891797,4.695942032398104,3.4560070984936924
89654.94444974445,43199.617718285765,89647.44437525667,43202.70547124194,89650.60925051547,43201.40250379113,8.110815966385168,4.688220521170438,3.4225954452147307
89654.95669339885,43199.66618392445,89647.52236477079,43202.80611733642,89650.64440770434,43201.48750372501,8.070218335439018,4.681133807851441,3.3890845275875754
89654.96735080064,43199.70796382419,89647.60287470894,43202.91006870147,89650.68032140947,43201.5719820587,8.030503331064404,4.674739027936553,3.3557643031278515
89654.97639395844,43199.74299860502,89647.68582550639,43203.01723765722,89650.7171028143,43201.65587240773,7.99206041800421,4.669116322773147,3.322944095231064
89654.98377745929,43199.771233402564,89647.75925638461,43203.13307833533,89650.75486310232,43201.73910838765,7.9684192981066895,4.6643593981890294,3.30405989991766
89654.98942179659,43199.792629298834,89647.8246978556,43203.25740400889,89650.79371345698,43201.82162361398,7.958513236910445,4.66055644767602,3.2979567892344246
89654.99318362228,43199.80718401148,89647.89223917056,43203.385753976785,89650.83376506176,43201.90335170227,7.951702654343054,4.657755011753777,3.293947642589276
89654.99480855021,43199.8149700736,89647.96195668039,43203.51818476981,89650.87512910011,43201.984226268054,7.948257954361995,4.6559028349772715,3.292355119384723
89654.99386934482,43199.81620892788,89648.03398033814,43203.65473139844,89650.91791675547,43202.06418092688,7.948226830079081,4.6547575252567475,3.2934693048223336
89654.98971753512,43199.811425073545,89648.1085021894,43203.79533142876,89650.96223921134,43202.143149294265,7.951266218745356,4.653764013144374,3.297502205600982
89654.98154066919,43199.80178543921,89648.18571576018,43203.93962138945,89651.00820765115,43202.221064985766,7.956439061860647,4.65191238058974,3.3045266812709064
89654.9687043894,43199.7897749258,89648.26284970727,43204.08822845595,89651.05593325838,43202.29786161691,7.965248883028769,4.647609791478573,3.3176390915501957
89654.95154613718,43199.780214506136,89648.31696206005,43204.25372089305,89651.1055272165,43202.37347280324,8.001872610221357,4.63862588853175,3.3632467216896065
89654.93245567313,43199.78113209642,89648.37331776075,43204.41414108652,89651.15710070894,43202.447832160295,8.030383705401944,4.622185017536527,3.4081986878654162
89654.9164744855,43199.80349167434,89648.42826914048,43204.561266730525,89651.21076359878,43202.52087466158,8.045696494666684,4.595265332412169,3.4504311622545143
89654.91048476943,43199.85923121585,89648.47651114257,43204.68557111826,89651.26634878077,43202.59282012247,8.042982872335974,4.555462151545633,3.4875207207903407
89654.92102588764,43199.95837078904,89648.51259103934,43204.77838790568,89651.3230726469,43202.664522387015,8.018765628799338,4.50205775104426,3.5167078777550786
89654.95221745095,43200.10687983751,89648.5325032135,43204.83347761378,89651.38006839652,43202.73692085688,7.972042237035343,4.43591756354476,3.5361246734905833
89655.00534878467,43200.30682203486,89648.53425178476,43204.847312094586,89651.43646736964,43202.81095241484,7.905134177531992,4.359768745532348,3.545365431999644
89655.0199962665,43200.59663937707,89648.51718094604,43204.81767693309,89651.49116601313,43202.88723572562,7.752661810071658,4.20707435031743,3.5455874597542283
89655.03566860712,43200.93887686185,89648.48134220406,43204.742087899824,89651.54259914465,43202.96576406873,7.577836683193661,4.0385400851048425,3.5392965980888182
89655.05911022887,43201.32067072429,89648.42835680158,43204.618478394535,89651.58914777772,43203.04645783316,7.405567260072821,3.875432950982315,3.530134309090505
89655.0860805008,43201.73381047865,89648.36323956097,43204.44759074625,89651.62919292573,43203.129237407906,7.249909905852618,3.727906654085567,3.5220032517670514
89655.10934610548,43202.16540518754,89648.29546550264,43204.237528209844,89651.66111560223,43203.214023181965,7.121984462871362,3.6041494560902088,3.5178350067811537
89655.1212075378,43202.59566456574,89648.23671268408,43204.00759073578,89651.6833153309,43203.300734448116,7.027788051761071,3.5094481568046425,3.5183398949564286
89655.1181319989,43203.000774262284,89648.16920914121,43203.78940733005,89651.69542002425,43203.389217752,6.99353065322807,3.444683672867321,3.548846980360749
89655.10300287098,43203.35973681155,89648.12080126547,43203.60478441398,89651.6990325936,43203.479202676666,6.98650038198402,3.406066021404969,3.5804343605790514
89655.08266497507,43203.65973706395,89648.09583903289,43203.47545167031,89651.69593442026,43203.570408235864,6.989255886902695,3.387908424142357,3.601347462760338
89655.06376125406,43203.896264349896,89648.09258288378,43203.41364862104,89651.6879068855,43203.662553443355,6.987864180993059,3.3839346189789596,3.603929562014099
89655.05051726346,43204.06933767264,89648.10954441474,43203.423378141946,89651.67673137062,43203.7553573129,6.97096605944973,3.3883646375508953,3.5826014218988345
89655.04468290278,43204.17992295813,89648.14545052814,43203.50360282572,89651.66418925689,43203.84853885827,6.93230237949286,3.39669732410015,3.5356050553927103
89655.0460100269,43204.22853018516,89648.19869703897,43203.65008460506,89651.65206192562,43203.94181709322,6.871702441446019,3.406037009672971,3.4656654317730484
89655.05223127975,43204.21623877647,89648.25875637306,43203.85500441476,89651.64213075809,43204.03491103151,6.8030722156924766,3.4149180545007094,3.3881541611917667
89655.05879173515,43204.14805901781,89648.29711497399,43204.107521271326,89651.6361771356,43204.1275396869,6.761798276444189,3.422676107958033,3.3391221684861567
89655.05969420765,43204.03763297033,89648.34578641635,43204.39412187961,89651.63598243945,43204.21942207317,6.723365390378618,3.4285346067472635,3.294830783631354
89655.05059423743,43203.90984521686,89648.40516686215,43204.690835706664,89651.64332439589,43204.31027775373,6.691162167009421,3.4307191650805073,3.2604430019289135
89655.0325061671,43203.797050121684,89648.47086299797,43204.96976207522,89651.65889815542,43204.399989102036,6.665614330649668,3.427063820604494,3.2385505100451737
89655.01207001651,43203.72923760048,89648.53394268546,43205.20637325183,89651.68081134518,43204.48882763257,6.644400909773891,3.416761822568947,3.2276390872049445
89654.99740416161,43203.72554882425,89648.58482149626,43205.385052763384,89651.70679314798,43204.577121774535,6.623833464384971,3.3990141707032664,3.2248192936817035
89654.99337667983,43203.792216309,89648.60630061665,43205.503216135,89651.73457274672,43204.66519995713,6.6122810770174505,3.3737076821221654,3.2385733948952846
89654.99964011314,43203.92447078312,89648.60184123713,43205.56241215057,89651.76187932426,43204.75339060958,6.604141305345888,3.3421853636046057,3.2619559417412827
89655.01161177088,43204.10903597939,89648.58912679336,43205.56867784867,89651.78644206343,43204.842022161065,6.586263559335548,3.307414153746631,3.278849405588917
89655.023266533,43204.32700681307,89648.57431436065,43205.53856127762,89651.8062078153,43204.93139055604,6.561771738010672,3.273338739248119,3.288432998762553
89655.0277296268,43204.558526226094,89648.56251645535,43205.49197020865,89651.82091031274,43205.02152506503,6.532250685706001,3.2400706840860853,3.2921800016199154
89655.02133346778,43204.786593389894,89648.55588970617,43205.44674364199,89651.83115962936,43205.11232417363,6.499058500267887,3.2067599945742895,3.2922985056935974
89655.01005190295,43204.9995060486,89648.55394683003,43205.415018129206,89651.83757187334,43205.203685466826,6.4694623425572955,3.17904368845107,3.2904186541062255
89654.99624807814,43205.192264586425,89648.55505175439,43205.40300925503,89651.84076315282,43205.295506529605,6.444642999922206,3.157173421388704,3.2874695785335017
89654.98193617909,43205.36363061387,89648.55762353369,43205.41283561152,89651.84134957595,43205.38768494699,6.424501077715926,3.1406787200819792,3.283822357633947
89654.96838736282,43205.51431095264,89648.5605875359,43205.44427616197,89651.83994725086,43205.48011830395,6.408182542170966,3.1286269626406957,3.27955557953027
89654.95618730936,43205.6462657561,89648.56337198098,43205.49549202386,89651.83717228576,43205.57270418551,6.394593070796217,3.1198823731277976,3.2747106976684193
89654.9454073884,43205.76281935493,89648.56578273403,43205.56297127855,89651.83364078874,43205.665340176645,6.382754106512761,3.113293041289416,3.2694610652233447
89654.93578340796,43205.8687728754,89648.56786534307,43205.641496825316,89651.82996866122,43205.75792388194,6.371972605410495,3.107792261465719,3.2641803439447763
89654.92690087784,43205.96989612705,89648.56975614182,43205.72481661837,89651.82656476377,43205.8503725228,6.361867112744699,3.102639184971984,3.259227927772715
89654.91835241653,43206.07182242782,89648.57155987273,43205.80696321371,89651.82324202881,43205.94265978398,6.3523165851013195,3.0978042708846205,3.2545123142166994
89654.90982129451,43206.1788911119,89648.57330608451,43205.883358655905,89651.81970682077,43206.03476944732,6.343403222176991,3.09347353553283,3.2499296866441605
89654.90107748796,43206.29375111784,89648.57499332783,43205.95121259692,89651.81566550417,43206.126685294716,6.335351090457061,3.0899317304704126,3.245419359986648
89654.89193418117,43206.41768591375,89648.57664798737,43206.00919551841,89651.81082444347,43206.218391108065,6.328483555535455,3.087548483073431,3.2409350724620243
89654.87122937421,43206.55029204718,89648.57840253749,43206.0568926167,89651.8048900032,43206.309870669225,6.312140096274655,3.075750246232599,3.236389850042057
89654.84424946837,43206.69146388072,89648.58054149231,43206.094517237456,89651.79756854782,43206.4011077601,6.292088914205832,3.060485469406142,3.2316034447996893
89654.81595357318,43206.84063085642,89648.5834977276,43206.12308489338,89651.78856644183,43206.492086162565,6.273625592612364,3.0473851490595547,3.226240443552809
89654.78635050831,43206.99574691196,89648.58774556458,43206.14497832865,89651.7775900497,43206.582789658496,6.256717224769384,3.0369677624940947,3.2197494622752885
89654.75575531213,43207.1531140906,89648.5935638514,43206.164513256175,89651.76434573594,43206.67320202977,6.2409883198453935,3.0296611755549696,3.211327144290424
89654.72497320626,43207.307428203305,89648.60077294844,43206.187863145424,89651.74854783971,43206.763307877794,6.225693111351913,3.025751954683261,3.199941156668652
89654.69530204522,43207.452650301726,89648.6086703802,43206.221943993674,89651.7302974969,43206.853131552794,6.209808615594546,3.0250082151695663,3.1848004004249795
89654.66825117805,43207.583308524714,89648.61628114834,43206.272756920036,89651.71024787638,43206.94275413422,6.192244080226343,3.0265646300479947,3.1656794501783483
89654.64512417365,43207.69547750794,89648.62273285436,43206.344290461115,89651.68909448534,43207.032261052365,6.172106904305003,3.029516064512792,3.14259083979221
89654.62674635169,43207.786891073716,89648.62746652993,43206.43841082378,89651.66753283101,43207.12173773756,6.1489639260784035,3.0330469204346837,3.1159170056437198
89654.61339568764,43207.856504783915,89648.630229646,43206.555402484395,89651.64625842062,43207.21126962008,6.123001149406326,3.036483488845779,3.0865176605605478
89654.60477546995,43207.904193924805,89648.63103693319,43206.69442557611,89651.62596676132,43207.30094213025,6.095005460465374,3.039278541080525,3.055726919384848
89654.59988419115,43207.93116025665,89648.63026189472,43206.85330881097,89651.60735336033,43207.39084069838,6.06614820961013,3.040918610951426,3.0252295986587034
89654.59687071355,43207.94124830777,89648.6208802221,43207.02629203843,89651.5911137249,43207.48105075477,6.04562712452161,3.040782278057423,3.004844846464188
89654.59322427813,43207.942628928,89648.60684687793,43207.20612255946,89651.57794336222,43207.57165772972,6.031513575259242,3.0380155746426967,2.9934980006165453
89654.58655765504,43207.948351300256,89648.59499184243,43207.38135145601,89651.56853702002,43207.66274695516,6.018334463141415,3.031504312274988,2.986830150866427
89654.5755643016,43207.97425249388,89648.58590813125,43207.53699275338,89651.56300777583,43207.75432840354,6.005595484185406,3.020573360557557,2.985022123627849
89654.56020445668,43208.03450268707,89648.57921510802,43207.65913954777,89651.55984986846,43207.84620231541,5.992756550623405,3.006257587936342,2.9864989626870626
89654.54081129142,43208.13725548772,89648.57451032505,43207.73906106008,89651.55727815368,43207.93813273531,5.9795740670585955,2.9901705393706437,2.9894035276879514
89654.51615577006,43208.28191994912,89648.57235151705,43207.776272993935,89651.5535074873,43208.029883707735,5.965273492588417,2.973349477324486,2.991924015263931
89654.48514483124,43208.45845002445,89648.57404648296,43207.780050396075,89651.54675272513,43208.121219277244,5.949899977213869,2.9576802981570878,2.9922196790567814
89654.44941042301,43208.649133347004,89648.58003084495,43207.76851910935,89651.5352488732,43208.2119061891,5.935073551934141,2.9467787711314597,2.9882947808026814
89654.41184077713,43208.832800516866,89648.58825820361,43207.76418981736,89651.51851010208,43208.30188263641,5.920814371154717,2.9416383514971565,2.9791760196575607
89654.37736381883,43208.990522274726,89648.59453487002,43207.78714749827,89651.49807471252,43208.39135810865,5.906709871308035,2.9409698154855763,2.9657400558224585
89654.35072850907,43209.10981293254,89648.59476510977,43207.850044049315,89651.47566005719,43208.480566093815,5.892209457691772,2.9431225232895084,2.949086934402264
89654.33421798167,43209.18602244297,89648.58717891571,43207.95675810332,89651.45298348878,43208.56974007989,5.877035718998671,2.9464073299619002,2.93062838903677
89654.32672768853,43209.22208378686,89648.5730680526,43208.10319677707,89651.43176235998,43208.65911355489,5.861442428855029,2.9491964559193975,2.9122459729356316
89654.32446641698,43209.22785269978,89648.5559181117,43208.27870072772,89651.4137140235,43208.7489200068,5.846113154599929,2.949890848922429,2.8962223056774996
89654.3228489267,43209.21838302227,89648.5395113571,43208.46834257873,89651.40025556528,43208.8393521954,5.831771095556503,2.947069107426118,2.8847019881303844
89654.31849372222,43209.21020570363,89648.52616124834,43208.65650672721,89651.39108468695,43208.93036966285,5.818736808316759,2.940753622713451,2.877983185603308
89654.31002815171,43209.21696131659,89648.51620998242,43208.83045010483,89651.3852881508,43209.02184908338,5.806696125645378,2.931240839037059,2.875455286608319
89654.2974962994,43209.24717970685,89648.50877013711,43208.982094278086,89651.38195198702,43209.11366703196,5.794792564587404,2.918599710796339,2.8761928537910646
89654.28138606944,43209.30474937501,89648.5027577136,43209.107463996406,89651.38016222582,43209.20570008353,5.781995087814153,2.902914148397979,2.879080939416174
89654.26233494103,43209.39059651494,89648.49749338672,43209.20511162274,89651.37900489745,43209.29782481302,5.767824788558687,2.8848221312393085,2.8830026573193788
89654.24113719567,43209.50394189292,89648.49286305494,43209.27505225344,89651.37756603211,43209.38991779539,5.752829396396161,2.8658404183725743,2.886988978023587
89654.21685528256,43209.64241879541,89648.48927238869,43209.318821436194,89651.37493165999,43209.4818556056,5.736716923212749,2.8464557636594443,2.890261159553305
89654.18924899872,43209.801481686416,89648.4874465229,43209.34039838066,89651.37018781135,43209.573514818585,5.720415132507443,2.8282635787667263,2.8921515537407174
89654.15835550132,43209.97380596354,89648.4879823021,43209.34706111386,89651.36242051638,43209.66477200929,5.704905023310549,2.812961859836925,2.8919431634736243
89654.12495615776,43210.14984841318,89648.49076110947,43209.348973545704,89651.35082154328,43209.75551795911,5.6908307298251914,2.8020205863345184,2.888810143490673
89654.09074399686,43210.31973987219,89648.49468305318,43209.35706464624,89651.33560612853,43209.84578095777,5.678260444534441,2.7956075772634352,2.882652867271006
89654.05792532927,43210.47540968916,89648.49805321373,43209.380333991365,89651.31756366024,43209.93566643526,5.6666893972644745,2.7930099994830058,2.873679397781469
89654.02851830168,43210.61170305125,89648.49929340249,43209.424435582485,89651.29748987604,43210.025280674665,5.655257025830332,2.7932789809469596,2.8619780448833723
89654.00388108808,43210.72609007129,89648.49740878664,43209.491923258516,89651.27618051367,43210.114729959074,5.643084699723148,2.795373250650894,2.847711449072254
89653.98461934243,43210.817774684045,89648.49205175642,43209.58323089147,89651.25443131075,43210.204120571594,5.629600080176222,2.7983027102265163,2.8312973699497057
89653.97064118735,43210.88717477814,89648.48342980447,43209.69733967014,89651.23303800501,43210.293558795296,5.614730300252207,2.8012231469531463,2.8135071532990605
89653.96117247705,43210.93611684232,89648.47225902339,43209.831762136324,89651.21279633413,43210.38315091329,5.598907948740787,2.803451933176301,2.7954560155644863
89653.95481024684,43210.968379278005,89648.45969506791,43209.98220369549,89651.19450203577,43210.47300320865,5.582905436172419,2.804407044314956,2.778498391857463
89653.94980606236,43210.98980294812,89648.44706998135,43210.142641709455,89651.17893733863,43210.56322014538,5.5675655848398735,2.803513219471319,2.7640523653685545
89653.9445612612,43211.00739561361,89648.43544736809,43210.306294048256,89651.16639278627,43210.65383997755,5.553546550833419,2.800575237859648,2.752971312973771
89653.93803429737,43211.027677013226,89648.42531720502,43210.46707042428,89651.15653892513,43210.744817471066,5.541148751646385,2.795840844252106,2.7453079073942783
89653.92978665663,43211.055362035986,89648.41662831146,43210.620658466665,89651.14900669697,43210.83610205862,5.5302696256268495,2.7894107122717964,2.7408589133550536
89653.91975142265,43211.0930974564,89648.4090549242,43210.76468902282,89651.14342704353,43210.92764317295,5.520473530176103,2.7812501106600758,2.7392234195160277
89653.91215312401,43211.14217631226,89648.40225083196,43210.898178114636,89651.13943090652,43211.01939024679,5.5153022028133005,2.775439589186209,2.7398626136270914
89653.90820616974,43211.20274181206,89648.3959661136,43211.02086231317,89651.13664922769,43211.11129271285,5.51523984869258,2.773065239188676,2.7421746095039046
89653.90387754019,43211.27440743765,89648.39005636025,43211.132821893836,89651.13471294874,43211.20330000384,5.5156387182734,2.7700773999401402,2.7455613183332597
89653.89924064335,43211.35665535348,89648.38445420413,43211.23444865293,89651.13325301146,43211.29536155253,5.516140312561372,2.766666678482322,2.74947363407905
89653.89432060413,43211.44843308699,89648.37914040968,43211.32663383777,89651.13190035756,43211.3874267916,5.516524960000301,2.7630938070790587,2.7534311529212423
89653.88912131531,43211.54800191621,89648.37411672261,43211.41095464569,89651.13028592877,43211.479445153804,5.51670713486435,2.759687069164605,2.757020065699745
89653.88365574981,43211.65303476319,89648.36937490053,43211.48961193172,89651.12806110858,43211.571369158744,5.516701941069856,2.756804508436768,2.7598974326330885
89653.87796812654,43211.76106346548,89648.36487104888,43211.56504931572,89651.12511980307,43211.66318794906,5.516580547284428,2.7545877202933755,2.7619928269910528
89653.87213383277,43211.86999866341,89648.3605268565,43211.639396814666,89651.12151473723,43211.75491465046,5.516428978383593,2.7530255608731586,2.763403417510434
89653.86623717859,43211.97843121805,89648.35625436311,43211.71411340643,89651.11730139065,43211.84656280465,5.516318929540077,2.752096881409237,2.7642220481308404
89653.86034716779,43212.08561211758,89648.35198079399,43211.789995939034,89651.11253524301,43211.9381459533,5.516293051776314,2.7517660953621115,2.764526956414203
89653.85450808525,43212.191224909555,89648.347659126,43211.86740259403,89651.10727177394,43212.02967763811,5.51636169518018,2.7519819895964726,2.7643797055837074
89653.84874369217,43212.29514364166,89648.34326361057,43211.9464946004,89651.10156646311,43212.12117140075,5.516508595376545,2.7526803425877118,2.763828252788833
89653.84306767253,43212.397257239885,89648.33877639667,43212.02741250776,89651.09547479013,43212.2126407829,5.516702599858564,2.7537882786442918,2.7629143212142724
89653.83749612322,43212.49734406676,89648.33417929521,43212.11040255533,89651.08905223469,43212.30409932626,5.5169031025280395,2.755229089953304,2.761674012574735
89653.83205932273,43212.59498269504,89648.32944030694,43212.19590572313,89651.08235427638,43212.39556057252,5.517071547690644,2.756927098207579,2.7601444494830645
89653.82680735126,43212.689534159486,89648.32450809274,43212.28457440946,89651.07543676563,43212.48703802247,5.517181302929207,2.7588122054522457,2.758369097476962
89653.82180419027,43212.78022617435,89648.31931889801,43212.3771715878,89651.06839851025,43212.57854043981,5.517227328226624,2.76078249311491,2.7564448351117132
89653.81711091167,43212.86631355983,89648.31381418787,43212.474397111095,89651.06142074348,43212.67006749884,5.517234210444795,2.762669147666799,2.754565062777996
89653.81276579185,43212.947237108245,89648.30795866234,43212.576761524906,89651.05469403011,43212.76161784479,5.517259617874591,2.7643108280117397,2.752948789862851
89653.80877051195,43213.02268551359,89648.30175323319,43212.68453631867,89651.0484089349,43212.85319012294,5.517389254590047,2.7655604718577456,2.751828782732302
89653.80507974309,43213.092619369345,89648.29524477795,43212.797739334455,89651.04275602261,43212.94478297856,5.517720143141882,2.766276908623158,2.751443234518724
89653.80547615394,43213.15755396454,89648.28853759242,43212.91603125373,89651.03792585799,43213.03639505687,5.522222769082641,2.7702010976643834,2.752021671418258
89653.80605328867,43213.218248412326,89648.28179886389,43213.03844066138,89651.03410900578,43213.12802500317,5.527179911771951,2.7734122252277404,2.7537676865442102
89653.80649131599,43213.27671412272,89648.27523426976,43213.163013888,89651.03149603079,43213.219671462684,5.532425530886695,2.7755815062724776,2.756844024614218
89653.80670479023,43213.33610623877,89648.26902016459,43213.28669528746,89651.03027712536,43213.311333081496,5.537905060143528,2.7765381840628423,2.761366876080685
89653.80671528715,43213.40028804992,89648.26322715564,43213.40572085666,89651.03047680642,43213.40300885797,5.543490793682885,2.7762398139702045,2.76725097971268
89653.80665679948,43213.47297001378,89648.25780229899,43213.51641898983,89651.03169394529,43213.49469869572,5.549024606284262,2.7750479235089567,2.7739766827753054
89653.80669833398,43213.55693119601,89648.25263117185,43213.61595475237,89651.03346000396,43213.586402641726,5.554380777514966,2.773394923408659,2.7809858541063077
89653.80693824832,43213.65372956518,89648.2476315281,43213.7026531048,89651.03530644446,43213.67812074293,5.559521986853012,2.771739126561341,2.7877828602916708
89653.80732842356,43213.76375806788,89648.24282180471,43213.77599945682,89651.03676472873,43213.7698530463,5.564520083777846,2.7705703990033594,2.793949684774487
89653.80764844862,43213.88618177961,89648.23834299626,43213.83676238222,89651.0373663188,43213.86159959883,5.569524710287616,2.770391193038772,2.799133517248843
89653.80755548853,43214.01847796549,89648.2344121745,43213.88750695163,89651.0366426766,43213.95336044745,5.574682036242816,2.771677849693363,2.803004186549453
89653.80675614483,43214.15586775306,89648.23115628079,43213.9331918954,89651.03412526415,43214.045135639135,5.580044657657041,2.774841184918998,2.8052034727380426
89653.80526483653,43214.291377523485,89648.22836440787,43213.9810762789,89651.02936053227,43214.13692496126,5.5855264079165305,2.7801978887104233,2.8053285192061073
89653.80355031221,43214.41694490373,89648.22536758639,43214.03940648999,89651.02247407554,43214.22871817067,5.590944265190185,2.78743866967824,2.803505595511945
89653.80237779985,43214.525137359444,89648.22123906578,43214.115474799415,89651.0143417715,43214.320492029656,5.596153409438939,2.795536550709919,2.800616858729021
89653.80241403272,43214.61054769784,89648.21522122648,43214.214312499535,89651.00588943508,43214.412222435596,5.601225382582281,2.8035482401478196,2.7976771424344618
89653.80385035828,43214.67026096185,89648.20711266168,43214.338391785146,89650.99804288129,43214.5038852859,5.606568468768656,2.810735929166084,2.7958325396025723
89653.80619639541,43214.70394916098,89648.1974658704,43214.487742715806,89650.99172792502,43214.59545647795,5.612896162332629,2.8165587927604916,2.7963373695721376
89653.80829657405,43214.71439801876,89648.18756009817,43214.659621836596,89650.98787038127,43214.68691190914,5.621003376742577,2.820560120811592,2.8004432559309853
89653.81053683121,43214.70836504141,89648.17902769175,43214.847724349485,89650.98739606497,43214.77822747687,5.633233192813711,2.824005054153963,2.809228138659748
89653.81306611499,43214.6964972529,89648.17308101976,43215.042034745085,89650.99122390708,43214.86937931968,5.650559975162946,2.827133115957699,2.823426859205247
89653.81390788524,43214.69185647963,89648.1697589414,43215.23035848881,89650.9995889876,43214.96036753345,5.669779688328553,2.827099050906017,2.842680637422536
89653.81526307382,43214.70635863404,89648.16787376083,43215.40101007647,89651.01147172961,43215.05123616834,5.689951377553677,2.824922373364047,2.8650290041896302
89653.81961100166,43214.748257666506,89648.16572954685,43215.54512595609,89651.02571815642,43215.14203398294,5.709761341422015,2.8215061612622465,2.8882551801597693
89653.82875664886,43214.82178621046,89648.16197093781,43215.65734259655,89651.04117429134,43215.23280973585,5.728055059898601,2.817721728339804,2.910333331558797
89653.84336849724,43214.92812029349,89648.15603671902,43215.73527853122,89651.0566861577,43215.323612185646,5.744323038987043,2.8146069527194695,2.929716086267574
89653.8629012942,43215.06612917833,89648.1482856563,43215.77919875281,89651.07109977878,43215.41449009091,5.758932201980022,2.813451799280899,2.9454804026991233
89653.88569167117,43215.23210832431,89648.13996507828,43215.79261787748,89651.08326117793,43215.50549221026,5.773001389169515,2.815733548917658,2.957267840251857
89653.9093505761,43215.41899925765,89648.13285761491,43215.78327915384,89651.0920163784,43215.59666730225,5.7879677584983975,2.822930731628021,2.9650370268703763
89653.93160335846,43215.61646441686,89648.1284345458,43215.76300401552,89651.09626614396,43215.68806136517,5.8050187012843315,2.836241041056402,2.96877766022793
89653.9511788585,43215.812648802734,89648.12695885902,43215.745373947866,89651.09594378139,43215.77966833059,5.824608528333607,2.855425547458622,2.969182980874985
89653.96803729102,43215.99680516896,89648.12733902367,43215.74221164031,89651.09190308058,43215.87143571414,5.84624444537073,2.8788653140896114,2.967379131281119
89653.98283782121,43216.16120873099,89648.12783848747,43215.76135459479,89651.085030067,43215.96330940592,5.86863702475219,2.9045574401685275,2.964079584583663
89653.99624664459,43216.30131535616,89648.12691578112,43215.80668948441,89651.07621076616,43216.055235296015,5.890135782634403,2.9303864808785764,2.9597493017558265
89654.00877695871,43216.414747934985,89648.1236128223,43215.87954582127,89651.06633120346,43216.14715927455,5.909449907993588,2.95458807853055,2.954861829463039
89654.02879451092,43216.50091750395,89648.1175362922,43215.980112755264,89651.05627740445,43216.23902723164,5.934156327117833,2.9840315787456495,2.9501247483721835
89654.04550989563,43216.557938623264,89648.1087450464,43216.108205823606,89651.04693539457,43216.33078505738,5.953774976112365,3.0071660713907935,2.946608904721572
89654.05864024861,43216.5856758541,89648.0977358877,43216.26329947068,89651.03919119928,43216.42237864188,5.969615342087639,3.0238615280829744,2.945753814004665
89654.0677739769,43216.58562983998,89648.0855035664,43216.443901530925,89651.03393084409,43216.51375387523,5.983949045401685,3.0346944341768363,2.9492546112248483
89654.07239921484,43216.56204062104,89648.07347142781,43216.6465208627,89651.03204035446,43216.604856647566,5.999522606447542,3.0406603249986905,2.958862281448851
89654.07228104738,43216.5225354397,89648.06307588976,43216.86493851579,89651.03440575588,43216.695632848976,6.018952275346589,3.042802819736454,2.976149455610135
89654.06806105746,43216.47732260477,89648.05510828756,43217.09070488497,89651.04171565201,43216.78604058685,6.0441574131342,3.0420508387524494,3.00210657438175
89654.0615006419,43216.43677872133,89648.04933058559,43217.314910945126,89651.05367767274,43216.87609867535,6.075961239868364,3.0397370010891,3.0362242387792633
89654.05501169816,43216.4089084041,89648.04472738059,43217.530178436755,89651.0696953353,43216.96584474834,6.1139810323687405,3.0368226615794396,3.077158370789301
89654.05085771941,43216.39834747189,89648.04013860064,43217.7316611418,89651.08917206438,43217.055316445454,6.156823017362038,3.0336760129286677,3.1231470044333705
89654.05063016157,43216.40692839778,89648.034710892,43217.916727986296,89651.11151128472,43217.14455140634,6.202481717464989,3.0302652482920642,3.1722164691729247
89654.05517831452,43216.43478496096,89648.0279725838,43218.0841319203,89651.13611642098,43217.23358727058,6.248804230623466,3.026385214767571,3.2224190158558943
89654.06475128928,43216.48109542795,89648.01973631921,43218.2334868921,89651.16239089787,43217.322461677824,6.293892422969085,3.0218525788081565,3.2720398441609286
89654.07910484564,43216.54424307257,89648.01006037623,43218.365290774396,89651.18973814009,43217.4112122677,6.336364533715284,3.016633147147936,3.319731386567348
89654.09753770466,43216.62168208939,89647.99929929398,43218.48122527216,89651.21756157234,43217.499876679816,6.375453910273974,3.010894926989423,3.3645589832845513
89654.11897785042,43216.709967556424,89648.00307497247,43218.57966748379,89651.24526989329,43217.588492226605,6.3953143652933555,3.0049963425908417,3.390318022702514
89654.14222257519,43216.80528447715,89648.01588966203,43218.66642384702,89651.27252121658,43217.67708074646,6.402795851575663,2.9992023310826523,3.4035935204930103
89654.16623760649,43216.90423369535,89648.02813498492,43218.74852280704,89651.29932596549,43217.765642220045,6.409189193681848,2.9935275184521637,3.4156616752296847
89654.19033123755,43217.00435013804,89648.040485751,43218.82878395492,89651.32572118894,43217.85417497613,6.414760966756506,2.9880081971123746,3.426752769644132
89654.21416003072,43217.10421079219,89648.05324359273,43218.90888285504,89651.3517439358,43217.94267734351,6.419792256011007,2.982692082360489,3.4371001736505176
89654.23761398066,43217.20316366769,89648.06646340484,43218.98962779437,89651.37743125501,43218.03114765096,6.424527492763885,2.9776169499542147,3.446910542809671
89654.26069085866,43217.30097162589,89648.08009443387,43219.07135059451,89651.40282019545,43218.11958422724,6.429153432503121,2.9728019306261446,3.4563515018769766
89654.28341851328,43217.397567144406,89648.0940673607,43219.15418231778,89651.42794780606,43218.207985401146,6.433798610256959,2.9682470770874922,3.465551533169467
89654.3058235896,43217.492937555486,89648.10832780738,43219.23818474134,89651.4528511357,43218.29634950145,6.438543446341141,2.9639370063495747,3.4746064399915664
89654.32792460687,43217.58708535665,89648.12284138653,43219.32339718577,89651.47756723333,43218.38467485693,6.443433598576267,2.9598456324308424,3.483587966145425
89654.34973315232,43217.68001721061,89648.13758933562,43219.409850534525,89651.50213314779,43218.47295979635,6.448492391869769,2.955940413828965,3.4925519780408045
89654.37125636855,43217.77174119786,89648.15256306704,43219.497571566484,89651.52658592803,43218.56120264851,6.453730459169752,2.9521855119963045,3.5015449471734477
89654.3924989398,43217.86226624652,89648.16775992955,43219.586584530654,89651.55096262295,43218.64940174218,6.45915236626507,2.9485438657888112,3.5106085004762595
89654.41346431483,43217.95160192068,89648.1831804864,43219.6769120975,89651.57530028145,43218.73755540613,6.464760768114789,2.9449784314455605,3.519782336669228
89654.44500479357,43218.03675024827,89648.19882692337,43219.76857596493,89651.5996359524,43218.82566196915,6.481817515099215,2.9527115581509453,3.5291059569482695
89654.48173039997,43218.11919642558,89648.21470219067,43219.861597247356,89651.62400668475,43218.91371976001,6.504736981609979,2.966117354638026,3.5386196269719528
89654.51795374896,43218.2005073244,89648.23080957826,43219.95599673988,89651.64844952739,43219.00172710748,6.527627816518153,2.9792629320704385,3.5483648844477154
89654.55367218328,43218.28067702908,89648.26747289156,43220.04608836051,89651.67300152923,43219.08968234036,6.5293934407677074,2.9921151399608696,3.537278300806838
89654.58888372299,43218.35970104876,89648.3046982998,43220.137424919965,89651.69769973916,43219.17758378741,6.5307954029492725,3.0046425748353034,3.5261528281139687
89654.62358683212,43218.43757654751,89648.3424316742,43220.23001518959,89651.72258120611,43219.265429777406,6.531902204067379,3.0168153096304837,3.5150868944368954
89654.65777999669,43218.51430262963,89648.38067150646,43220.32385288646,89651.74768297895,43219.35321863913,6.53273014368205,3.028604418482601,3.5041257251994495
89654.70728799526,43218.58526525887,89648.41941759427,43220.41893114609,89651.77304210662,43219.44094870137,6.549782039550041,3.056467419874518,3.493314619675523
89654.76650965122,43218.651942826815,89648.45867228025,43220.51524229317,89651.798695638,43219.52861829288,6.577286461753011,3.094588807878958,3.4826976538740526
89654.82458683585,43218.71744423832,89648.4984422939,43220.612777392635,89651.82468062201,43219.61622574247,6.6039679384044785,3.1316521971688247,3.472315741235654
89654.88141832677,43218.78178316599,89648.53874141409,43220.71152548357,89651.85103410753,43219.703769378895,6.629740253654768,3.1675364390933174,3.46220381456145
89654.93683532765,43218.84500053825,89648.579593247,43220.81147266857,89651.87779314352,43219.791247530935,6.654437580385516,3.202049727202564,3.4523878531829526
89654.9905661838,43218.90717750623,89648.62103251209,43220.91260219534,89651.90499477882,43219.87865852737,6.677775631053252,3.234892002784451,3.4428836282688007
89655.04219880195,43218.968441229656,89648.6631039088,43221.01490528107,89651.93267606235,43219.96600069698,6.699318380970717,3.265617331981101,3.4337010489896165
89655.09114726596,43219.028929667424,89648.70586248614,43221.11843412692,89651.96087404303,43220.05327236854,6.718473830099157,3.2936132771729976,3.424860552926159
89655.13661422966,43219.08860820724,89648.75105322221,43221.222947014314,89651.98962576978,43220.14047187082,6.732814532072981,3.318125002673375,3.414689529399605
89655.17749759559,43219.146712892674,89648.80405377015,43221.32777783498,89652.01896829146,43220.22759753262,6.736306887210762,3.3383557284843812,3.39795115872638
89655.21215226938,43219.20058504661,89648.859551282,43221.43792854259,89652.04893865703,43220.314647682695,6.735075740019897,3.3536630591774137,3.3814126808424825
89655.23798925291,43219.24412363235,89648.91947932173,43221.55973308161,89652.07957391535,43220.40162064984,6.729458735435826,3.3638351312198296,3.365623604215996
89655.25112250155,43219.26714187009,89648.98730551533,43221.70342890019,89652.11091111533,43220.48851476282,6.720929826285924,3.3693737241809156,3.3515561021050093
89655.2464670888,43219.257588617336,89649.0680711486,43221.880877811345,89652.14309442243,43220.57525165795,6.71224422896079,3.3715215845372186,3.3407226444235723
89655.21873031714,43219.20726959365,89649.18270308402,43222.09227606732,89652.17750549193,43220.660866963204,6.690058827247596,3.3707556645725325,3.3193031626750638
89655.16548967996,43219.119280154955,89649.33319837949,43222.331992717365,89652.21632069982,43220.74382730856,6.658614256898217,3.3670092259562234,3.2916050309419935
89655.09157558103,43219.01101645056,89649.50179337848,43222.58941072545,89652.26171045544,43220.8226028053,6.637060392857245,3.360056807513927,3.277003585343318
89655.01116749836,43218.90820263805,89649.67696807017,43222.841333893695,89652.3144843332,43220.896581397836,6.627458412837503,3.350485067219445,3.2769733456180576
89654.94345999607,43218.83319461601,89649.84225861619,43223.067510295674,89652.37320673648,43220.96666531582,6.629606684644655,3.3403441507391327,3.2892625339055224
89654.904306171,43218.79723434494,89649.99365284955,43223.24745808912,89652.43623213263,43221.03389838309,6.627141723004101,3.330774005903251,3.29636771710085
89654.9004630943,43218.800590180355,89650.12892976894,43223.37355956247,89652.50191498901,43221.09932442343,6.609052825083134,3.322229994087445,3.286822830995689
89654.92911962871,43218.83642752335,89650.231376609,43223.468595223116,89652.56860977293,43221.16398726066,6.597406087096588,3.3150476783862657,3.2823584087103237
89654.98103716713,43218.894462607015,89650.30972975492,43223.542144812214,89652.63476156708,43221.22887188317,6.589541927925105,3.3097546525375883,3.2797872753875175
89655.0449894749,43218.9638750207,89650.37504816728,43223.60454919765,89652.69992443857,43221.294243228884,6.5836318725503205,3.306046885686805,3.277584986863515
89655.11130922046,43219.03542957784,89650.43717818374,43223.66482990018,89652.76439523685,43221.35988395596,6.5786661484657305,3.303194423954823,3.2754717245109077
89655.17354985465,43219.102679466545,89650.50280714814,43223.72925153524,89652.82848447797,43221.425567849124,6.574268517276233,3.300779007873051,3.2734895094031824
89655.22837764784,43219.16204749583,89650.57552231693,43223.80125072053,89652.89250267789,43221.49106869301,6.570484707422498,3.298583273491276,3.2719014339312213
89655.27450798955,43219.212023614375,89650.65685031244,43223.88225624115,89652.95676035261,43221.5561602723,6.567635435313659,3.2965028104962144,3.271132624817444
89655.31170881755,43219.25228711683,89650.7472493373,43223.972583319766,89653.02156801814,43221.62061637168,6.56623838968779,3.2944997101929836,3.271738679494806
89655.34030013453,43219.283214546376,89650.84662194908,43224.07193987659,89653.08723619046,43221.684210775806,6.5669653511021595,3.29257954038881,3.27438581071335
89655.36103524668,43219.30570923398,89650.95445562054,43224.17960679129,89653.1540753856,43221.74671726937,6.570602818665311,3.2907737778948696,3.2798290407704416
89655.37506198003,43219.321077142115,89651.07836239875,43224.2847693151,89653.22239579387,43221.807909674186,6.565048916791456,3.2891196012903507,3.2759293155011053
89655.38369974952,43219.33072646735,89651.2208800991,43224.38045515451,89653.29241250487,43221.86757266277,6.544373709977098,3.2877151578038823,3.2566585521732154
89655.38805213146,43219.33577390938,89651.36843877689,43224.47909544867,89653.36411392041,43221.92551677189,6.527713839986448,3.286806044787354,3.2409077951990937
89655.39086063673,43219.33416188946,89651.52011602191,43224.58007166815,89653.4374553881,43221.98155630972,6.519373687651872,3.290059160833047,3.229314526818826
89655.38867814,43219.331005438034,89651.67552989416,43224.68318020928,89653.51239225556,43222.0355055844,6.514080493638187,3.291621144942698,3.222459348695489
89655.38181678911,43219.32620932992,89651.83472597375,43224.78842594006,89653.58887987045,43222.08717890409,6.512884426161684,3.2920473544269764,3.2208370717347075
89655.37049664263,43219.319677341824,89651.99793370414,43224.89575979545,89653.66687358035,43222.136390576954,6.5166614384738075,3.291839149666305,3.2248222888075024
89655.35567066706,43219.310808327384,89652.16517729023,43225.00479073002,89653.74632873293,43222.182954911135,6.5269199159446165,3.2922951659167183,3.2346247500278977
89655.33843317453,43219.30072056069,89652.33567757621,43225.11449160886,89653.82720067578,43222.22668621479,6.543429909748226,3.293189741610586,3.2502401681376396
89655.3204832376,43219.293314478855,89652.50716196636,43225.22302850472,89653.90944475656,43222.26739879608,6.5632526237949484,3.291839473754378,3.2714131500405705
89655.3070506864,43219.2898104933,89652.67641613986,43225.32589501972,89653.99301544121,43222.30491109747,6.584417554163232,3.2889998903719717,3.2954176637912607
89655.30502313351,43219.28974283797,89652.83893133566,43225.41789853027,89654.07780243138,43222.339345264794,6.605747568932752,3.2872702373569225,3.318477331575829
89655.31911669514,43219.29621260796,89652.98719995533,43225.50195494881,89654.16358755155,43222.371329317764,6.629409753704349,3.2850556130184554,3.3443541406858937
89655.35294794515,43219.30986551838,89653.11742191823,43225.577078292765,89654.25014241204,43222.40153917439,6.653986217034867,3.2824725496383786,3.371513667396488
89655.40747612194,43219.330514942296,89653.2281969314,43225.643189901566,89654.3372386231,43222.43065075265,6.678257477192861,3.2796722925530872,3.3985851846397725
89655.48089970241,43219.35731990801,89653.32083893265,43225.701026175,89654.42464779507,43222.459339970555,6.701378345596673,3.276918760082708,3.4244595855139646
89655.56914964067,43219.38894671318,89653.39906491198,43225.7520215964,89654.51214168327,43222.48828228113,6.722945016818252,3.274621624666019,3.448323392152233
89655.66695014728,43219.42377064986,89653.46800828497,43225.79809645823,89654.59955362153,43222.51795578429,6.742950009090116,3.2731203750112687,3.4698296340788466
89655.76918869818,43219.46017788117,89653.53278415682,43225.84128791447,89654.68687392236,43222.548335478525,6.761661817160021,3.272326789924335,3.489335027235685
89655.87200264628,43219.49687579191,89653.59730369807,43225.883360686836,89654.77411754908,43222.57931735859,6.779487046825662,3.2721243403409406,3.5073627064847215
89655.9730934758,43219.53303590788,89653.66388222131,43225.92558835192,89654.86129946503,43222.61079741929,6.796850989072853,3.2724152920294713,3.5244356970433817
89656.07138144124,43219.5682321818,89653.73356837184,43225.968771132655,89654.94843463354,43222.642671655405,6.814122746829559,3.273100611009069,3.5410221358204907
89656.1664634655,43219.60228538949,89653.80670785392,43226.01337880548,89655.03553801797,43222.67483606171,6.8315858579812705,3.2740739150572553,3.5575119429240156
89656.25821420988,43219.63513052243,89653.88336757192,43226.05968913448,89655.12262458165,43222.707186633,6.849441576766359,3.2752240458082658,3.574217530958093
89656.3465916869,43219.666744087415,89653.96354419462,43226.10787443532,89655.20970928791,43222.73961936407,6.867829024460109,3.2764407601835495,3.591388264276559
89656.43156973108,43219.69711451146,89654.04697596666,43226.15875212218,89655.29680710012,43222.772030249675,6.887601036182474,3.277620024613536,3.6099810115689386
89656.5239966146,43219.69658706368,89654.13390959958,43226.21178555979,89655.38393298161,43222.80431528464,6.939764216681365,3.3102446711107647,3.6295195455706
89656.61386105345,43219.69177410861,89654.2244044092,43226.266979919346,89655.47110189572,43222.83637046371,6.99591555898029,3.3458010594041694,3.6501144995761203
89656.69937020434,43219.68714321516,89654.31851592907,43226.32439143738,89655.55832880578,43222.86809178171,7.051349590215831,3.3794096017298823,3.6719399884859487
89656.78038201506,43219.68271747539,89654.41631665424,43226.384076189934,89655.64562867515,43222.899375233384,7.106125079898883,3.410945950097289,3.695179129801593
89656.85677014722,43219.67851024163,89654.5178960545,43226.44609508315,89655.73301646716,43222.930116813564,7.160344726946719,3.440315048376126,3.7200296785705933
89656.92842379554,43219.67452948963,89654.62336135234,43226.510517146155,89655.82050714514,43222.96021251699,7.214155536666491,3.4674475137375844,3.7467080229289067
89656.99524819443,43219.67078016776,89654.73283884741,43226.577421816546,89655.90811567244,43222.98955833848,7.267750334058743,3.492298049536724,3.7754522845220184
89657.05716551926,43219.667265316435,89654.84647564248,43226.64690067646,89655.99585701241,43223.018050272796,7.321370055543943,3.514845027946806,3.8065250275971363
89657.11411595375,43219.663986553984,89654.96444167719,43226.71905895722,89656.0837461284,43223.04558431475,7.375306509577012,3.5350905777114123,3.8402159318656
89657.16605880596,43219.66094421538,89655.09140483421,43226.778671683016,89656.17179798371,43223.072056459096,7.413921594275412,3.553060838473517,3.860860755801895
89657.21297365233,43219.65813712581,89655.23099645619,43226.811182388,89656.2600275417,43223.09736270065,7.422552804060736,3.568806361297609,3.8537464427631267
89657.25486141887,43219.655562204825,89655.3747105432,43226.844675591856,89656.34844976575,43223.12139903418,7.430902946942205,3.5824024079682357,3.8485005389739695
89657.2917453622,43219.653213942154,89655.52261220565,43226.879166460596,89656.43707961914,43223.14406145448,7.4393697262879215,3.5939490656755,3.8454206606124215
89657.32367190276,43219.651083835735,89655.67478536675,43226.914673208565,89656.52593206525,43223.16524595631,7.448392939804596,3.6035710424581406,3.844821897346456
89657.35071134241,43219.64915993746,89655.83133424511,43226.951215927744,89656.61502206742,43223.184848534496,7.458453489100903,3.61141697462082,3.847036514480084
89657.37295896023,43219.647427013595,89655.99238420567,43226.98881415734,89656.70436458895,43223.202765183785,7.470070404437256,3.617657797210641,3.852412607226615
89657.39053827118,43219.645868133935,89656.15877974077,43227.02329097203,89656.79397459325,43223.21889189899,7.479545227436317,3.6224835468895566,3.8570616805467597
89657.40361200745,43219.64446849977,89656.33551870531,43227.01927709061,89656.88386704361,43223.23312467489,7.45175315302082,3.6260981744353256,3.8256549785854945
89657.41241056962,43219.64322157176,89656.51529111172,43227.01523252982,89656.97405690337,43223.24535950626,7.426396763405743,3.628712118080786,3.797684645324957
89657.41728317298,43219.642134790614,89656.69794606771,43227.01113128896,89657.06455913588,43223.25549238789,7.404022910796581,3.63053265680922,3.7734902539873607
89657.41875162089,43219.64122910949,89656.88320478071,43227.00693019386,89657.1553887045,43223.26341931458,7.385144743488637,3.6317519061155976,3.75339283737304
89657.41751304113,43219.64052858151,89657.07065951462,43227.002578993,89657.24656057256,43223.26903628109,7.370216661004148,3.632532570040181,3.7376840909639673
89657.41432963712,43219.640050103255,89657.26029477651,43226.97676138363,89657.33807128407,43223.272250741655,7.338328089549315,3.633001075419757,3.7053270141295576
89657.40980725693,43219.639815081275,89657.45007462942,43226.94715570995,89657.4298281989,43223.2730256357,7.3074515752636175,3.6332657170820757,3.6741858581815423
89657.40437869956,43219.63988201508,89657.6395214503,43226.917553423205,89657.52171172136,43223.27134067285,7.281469167543486,3.6333536878634844,3.648115479680002
89657.39849279096,43219.640383330065,89657.82835535242,43226.88795955416,89657.61360224996,43223.2671755663,7.260312868313284,3.6331658376942646,3.6271470306190197
89657.39311947075,43219.64150339313,89658.01581417963,43226.85834558244,89657.70538018321,43223.26051002929,7.243656527322825,3.6324531359825047,3.6112033913403203
89657.39053910885,43219.643324008335,89658.19968450443,43226.8271112784,89657.7969259197,43223.251323774995,7.229212668937314,3.6308143103514277,3.5983983585858863
89657.39502457975,43219.64553454976,89658.3757975064,43226.79417058417,89657.8881198579,43223.23959651663,7.215602032137368,3.6277299203546267,3.587872111782741
89657.41272790202,43219.647177382314,89658.53856380322,43226.76300400573,89657.97884651463,43223.225320423706,7.204338624113513,3.6226506743270823,3.581687949786431
89657.45032975516,43219.64673900043,89658.68167268716,43226.73509606494,89658.06912312127,43223.20888908402,7.194512581834678,3.615496984914244,3.579015596920434
89657.51252836773,43219.642770413884,89658.80065308097,43226.711763033745,89658.15912495664,43223.19117412674,7.185396435583017,3.6068346313897472,3.578561804193269
89657.5990879856,43219.63480969248,89658.89566504522,43226.693266533286,89658.24903653286,43223.17307510874,7.176553841858198,3.5974651172720487,3.579088724586149
89657.70244704283,43219.624034080276,89658.9740565362,43226.67817782895,89658.33904236196,43223.155491586884,7.167840311461203,3.5883764743000897,3.579463837161113
89657.80736985251,43219.61309314907,89659.0509355448,43226.66357715758,89658.42932695606,43223.139323118034,7.159314239878551,3.5806603347248482,3.5786539051537023
89657.89424880003,43219.601391217846,89659.14407576316,43226.63932439788,89658.52004341036,43223.12531955504,7.148046648170603,3.5790627013202214,3.5689839468503823
89657.94911102562,43219.59241642791,89659.26785297981,43226.60606509334,89658.61091882158,43223.112200833144,7.1365501430200675,3.5814622458008163,3.5550878972192517
89657.97242157499,43219.590106587464,89659.42246025786,43226.56650273015,89658.70137353381,43223.097225186306,7.1254975490506345,3.58207367660323,3.5434238724474048
89657.98116986125,43219.592546047235,89659.59119731236,43226.52279598608,89658.79085840535,43223.07779344437,7.114812197673925,3.5780644149704712,3.536747782703453
89658.00205978827,43219.59423050544,89659.74833026856,43226.48058767008,89658.87937974176,43223.05391135991,7.104320909788992,3.569185049217422,3.5351358605715695
89658.05861828093,43219.588372119324,89659.87084541259,43226.44682644738,89658.96737027827,43223.027584544965,7.09383978863196,3.5572478549228217,3.5365919337091385
89658.1617297942,43219.57109888256,89659.9475065075,43226.425608457284,89659.05527365286,43223.00086974307,7.083311371085163,3.5442557445739507,3.5390556265112125
89658.30748854669,43219.54395429587,89659.98152420274,43226.415680150734,89659.14353350352,43222.97582369776,7.072694790680985,3.532237076053866,3.5404577146271183
89658.48064797162,43219.51209731374,89659.98776233481,43226.41166046802,89659.23256268703,43222.954359687625,7.062249317577384,3.523428158757188,3.538821158820197
89658.66114304004,43219.480852908,89659.98659844243,43226.40780226,89659.32241099315,43222.936698809004,7.052620743308835,3.518543192476391,3.5340775508324436
89658.83066992144,43219.45356255537,89659.99710001294,43226.402191841895,89659.41289146441,43222.92195872774,7.045850418503149,3.5169239305979656,3.528926487905183
89658.97663207554,43219.431227420915,89660.03158158247,43226.3911248524,89659.50381308333,43222.909238186265,7.0393956217124005,3.5177377245688453,3.5216578971435557
89659.09269324194,43219.413628747,89660.09625982899,43226.374591785025,89659.59498483232,43222.897635927045,7.032933407288559,3.520028816978385,3.512904590310174
89659.17756282513,43219.4003593904,89660.19206587525,43226.3529346638,89659.68621569393,43222.8862506925,7.0262023434460685,3.5228065389691103,3.5033958044769586
89659.23418945877,43219.39115669371,89660.31565224666,43226.326503234304,89659.77731465056,43222.8741812251,7.019159023681007,3.525116290315163,3.4940427333658435
89659.26981685913,43219.385606756696,89660.45955770901,43226.29591022461,89659.86809068473,43222.860526267286,7.0119738525273565,3.5260455435912346,3.4859283089361215
89659.29562834998,43219.38257677145,89660.61271909431,43226.262530455,89659.95835493568,43222.84439459537,7.004890485695796,3.5246828472052725,3.480207638490524
89659.32468740456,43219.37994574826,89660.76251860545,43226.22870173066,89660.0480558279,43222.825533668285,6.998058092692797,3.5207013492345323,3.477356743458265
89659.3684875614,43219.37510689109,89660.89791807879,43226.19721839651,89660.13735923612,43222.80470257306,6.991449284653468,3.514724767883556,3.476724516769912
89659.43400062124,43219.36601549678,89661.01213219928,43226.17030451375,89660.22645029558,43222.78275000147,6.984901452705434,3.5074279981036836,3.4774734546017503
89659.5226159933,43219.35201387485,89661.10429209887,43226.151323537655,89660.31551414156,43222.76052464525,6.98085318522493,3.4995189877282518,3.481334197496679
89659.63088327591,43219.33390644448,89661.17727931653,43226.138083323225,89660.40473590935,43222.73887519616,6.977690428192043,3.491798977349101,3.4858914508429413
89659.75240429232,43219.31335105931,89661.23697516331,43226.12755660435,89660.49426675757,43222.718512391235,6.974048170252991,3.485037103644398,3.4890110666085934
89659.88014489658,43219.29204755877,89661.29033673306,43226.118018257715,89660.5840938834,43222.69948123784,6.9701159960623915,3.4793890919702677,3.4907269040921243
89660.00834912082,43219.27117087863,89661.34311398656,43226.10823172851,89660.67415508982,43222.68162618887,6.9661322347323384,3.4748385590516855,3.4912936756806534
89660.1333904117,43219.25125254963,89661.39894389936,43226.097578494395,89660.76438816974,43222.66479165648,6.962313162455782,3.4713696727204475,3.4909434897353346
89660.25358317982,43219.23240316031,89661.45951136573,43226.085886237146,89660.85473091612,43222.6488220529,6.958770945649238,3.468904243487457,3.489866702161781
89660.3685280303,43219.214527863885,89661.52518992804,43226.07320572095,89660.94512112188,43222.63356179027,6.955525047953778,3.467312011205358,3.48821303674842
89660.47851983477,43219.197472410735,89661.59563597545,43226.059665506844,89661.03549658903,43222.61885528992,6.952527782041407,3.466422350314266,3.4861054317271405
89660.58416251004,43219.18108693142,89661.67020967559,43226.045400807125,89661.1258129366,43222.60456489517,6.94969808192891,3.4660621103582816,3.4836359715706284
89660.68612957004,43219.16524754442,89661.74828293805,43226.03051750817,89661.21608083298,43222.59060832314,6.94694907511827,3.4661137900352084,3.480835285083062
89660.78495871254,43219.14987040412,89661.82937750457,43226.01508682922,89661.30632154527,43222.576913952136,6.94420673486678,3.4664746765754555,3.4777320582913243
89660.88098820383,43219.13490858939,89661.91321273561,43225.99914859199,89661.39655634067,43222.56341016052,6.941417599979467,3.4670496862532603,3.4743679137262067
89660.97439535378,43219.12033958865,89661.99966747669,43225.98272206671,89661.48680648631,43222.550025326585,6.938550007110581,3.4677527924797986,3.470797214630782
89661.06526673715,43219.106152735316,89662.08871018366,43225.96581821925,89661.57709324932,43222.536687828695,6.935592767722823,3.4685065093591754,3.467086258363648
89661.15365282593,43219.0923416811,89662.18034512343,43225.94844828823,89661.66743789686,43222.52332604516,6.932553272938746,3.4692403787462607,3.4633128941924842
89661.23959699165,43219.078902156165,89662.27583879806,43225.93893059436,89661.75786169608,43222.50986835432,6.937851775168885,3.469888666330102,3.4679631088387826
89661.3231550591,43219.06583205865,89662.3740706449,43225.92961858437,89661.84838591408,43222.49624313448,6.94377340061722,3.470387240670865,3.4733861599463545
89661.40443871735,43219.05312759726,89662.47490530978,43225.91984324702,89661.93903181808,43222.482378764005,6.9496534115149045,3.4706704464655163,3.478982965049388
89661.48376176655,43219.04075861393,89662.57808642661,43225.909500306836,89662.02982067518,43222.4682036212,6.955369070397572,3.4706713485364586,3.4846977218611133
89661.56203771674,43219.0285876164,89662.68274780478,43225.89855363166,89662.1207737525,43222.453646084396,6.9607775537157,3.470333048406046,3.490444505309654
89661.64156222763,43219.016190308124,89662.78661880309,43225.887219758166,89662.21191231725,43222.438634531936,6.96578784232992,3.469643164625543,3.4961446777043768
89661.7270233796,43219.00259153982,89662.88499155574,43225.87624894176,89662.30325763652,43222.42309734213,6.970513350974809,3.468703772660153,3.5018095783146554
89661.82608059222,43218.98608127493,89662.97011436698,43225.867138786816,89662.39483097749,43222.40696289333,6.975511863630853,3.467839103508765,3.5076727601220887
89661.9487071596,43218.964420290555,89663.03174245723,43225.861976121574,89662.48663310551,43222.390323631844,6.982065732858027,3.4678780294503326,3.5141877034076945
89662.10516086515,43218.93565457889,89663.0587752984,43225.862701333404,89662.57853962135,43222.374273650115,6.99237850995842,3.4710500664514297,3.5213284435069907
89662.30398925189,43218.89928096965,89663.0419112995,43225.86986860192,89662.67037890076,43222.360284964976,7.00953785120709,3.4803433782405118,3.529194472966578
89662.54993841273,43218.85719856448,89662.97638761932,43225.8814594158,89662.76197923238,43222.34983029021,7.037194002811645,3.4990624002368476,3.538131602574797
89662.84127382128,43218.8142338413,89662.86512476417,43225.892567477975,89662.85316890485,43222.3443823396,7.078373820273541,3.5301685389025885,3.5482052813709517
89663.16666731863,43218.777140948325,89662.72192771341,43225.89699538492,89662.94377620681,43222.34541382693,7.133731177636884,3.575227514986192,3.5585036626506925
89663.50431510225,43218.75042191,89662.57175383974,43225.890905460554,89663.03363263888,43222.35436786227,7.201123234888423,3.634552023039339,3.566571211849084
89663.82631381233,43218.73336370203,89662.44489806391,43225.87598092439,89663.12272078669,43222.371295054836,7.2749769934484,3.7053458237357404,3.5696311697126593
89664.10640521103,43218.7203563173,89662.36713110171,43225.858635233715,89663.21123617956,43222.394283382455,7.347115101579359,3.78141080484057,3.5657042967387884
89664.3264792515,43218.70474779706,89662.35301805378,43225.84572505865,89663.29939038907,43222.421272966494,7.408650710447631,3.855835949094316,3.5528147613533156
89664.47887807467,43218.682787998885,89662.40511017336,43225.84070580093,89663.3873949868,43222.4502039283,7.452268149320403,3.9223408975194163,3.529927251800986
89664.56587001965,43218.65513570708,89662.51630646239,43225.84261330904,89663.47546154431,43222.47901638926,7.473991239889073,3.9763116219265715,3.4976796179625014
89664.5980660489,43218.62608481593,89662.67290294229,43225.84745871602,89663.56380048525,43222.50566173149,7.473586420991951,4.015074382861752,3.458512038130199
89664.59050115073,43218.6062645271,89662.8582478485,43225.85069642675,89663.65253990816,43222.52889890028,7.448657265019186,4.033216051516001,3.4154412135031857
89664.56313503796,43218.59043408007,89663.05673250067,43225.84934055993,89663.74167190822,43222.54882095727,7.413566745344889,4.042725360832108,3.3708413845127807
89664.52989354839,43218.58003588967,89663.25667537966,43225.84269871397,89663.83117584152,43222.56564592804,7.373422258671977,4.046392691261874,3.327029567410104
89664.49958519379,43218.57444718372,89663.44825121762,43225.85249505954,89663.92103106409,43222.57959183815,7.353589872449488,4.0467157775045735,3.3068740949449134
89664.47668187371,43218.57216285745,89663.62804509218,43225.89909145483,89664.011216932,43222.59087671316,7.375911269672466,4.0455801396189575,3.330331130053508
89664.46305810964,43218.571703558475,89663.80167226499,43225.944352532024,89664.10171280133,43222.599718578655,7.402255340278305,4.044190331157828,3.3580650091204776
89664.45938458215,43218.57198501246,89663.96877013282,43225.98828453556,89664.19249802813,43222.60633546019,7.432509748009067,4.043168555452143,3.389341192556924
89664.46586178085,43218.57233450562,89664.12917348462,43226.03080861588,89664.28355196849,43222.61094538333,7.466069585948224,4.042723672134094,3.42334591381413
89664.48251632831,43218.572381048776,89664.28273211408,43226.07179929795,89664.37485397841,43222.613766373644,7.502078899096406,4.042819130958748,3.4592597681376587
89664.50930638195,43218.571939854526,89664.42926730841,43226.111122744165,89664.46638341401,43222.615016456715,7.539607741568465,4.043304439730704,3.496303301837761
89664.54616023025,43218.570928478766,89664.56858315614,43226.15307908,89664.55811963131,43222.61491365809,7.582183757166007,4.044002863239748,3.538180893926259
89664.5929918048,43218.56931562769,89664.70060595001,43226.19822008202,89664.65004198643,43222.613676003355,7.629663424918908,4.044762733643511,3.5849006912753967
89664.64970940426,43218.56709331347,89664.82506525752,43226.240874427494,89664.74212983536,43222.61152151806,7.675784406903584,4.045484030149927,3.6303003767536577
89664.71622182078,43218.56426297977,89664.9416321116,43226.28091320854,89664.8343625342,43222.60866822778,7.7199417453963886,4.046130378310534,3.6738113670858548
89664.79244349085,43218.56082912072,89665.04998575422,43226.31821974633,89664.92671943901,43222.60533415809,7.761664598254456,4.046733377380301,3.7149312208741554
89664.87829934312,43218.55679646141,89665.14982111742,43226.35268754504,89665.01917990585,43222.60173733454,7.800618043575811,4.0473934822384505,3.7532245613373587
89664.97372959854,43218.55216865939,89665.2408559235,43226.38421971887,89665.11172329079,43222.59809578272,7.8366051496657825,4.0482797020920165,3.7883254475737655
89665.07869461959,43218.54694748624,89665.32283747093,43226.41272863599,89665.20432894985,43222.594627528175,7.869569164037812,4.04962932955816,3.8199398344796522
89665.19317986153,43218.54113186429,89665.39554913758,43226.43813487504,89665.29697623914,43222.59155059649,7.89959555140128,4.0517484613640615,3.8478470900372184
89665.31720098411,43218.534716080205,89665.45881667723,43226.46036490774,89665.38964451471,43222.58908301322,7.92691392295553,4.055014092780446,3.871899830175083
89665.45080924468,43218.52768608008,89665.51251447952,43226.47934723098,89665.48231313264,43222.587442803946,7.951900564945386,4.059878957792777,3.892021607152609
89665.59409747976,43218.52001211286,89665.55657204904,43226.49500805193,89665.57496144893,43222.58684799422,7.975084224389517,4.066880902316001,3.9082033220735157
89665.74720869905,43218.51163494197,89665.59096247712,43226.508145191896,89665.66756881968,43222.58751660962,7.998036575250497,4.076659647198681,3.921376928051816
89665.90981286373,43218.51718822558,89665.61572779503,43226.51764917099,89665.76011460097,43222.58966667571,8.005864186125796,4.075228864326229,3.930635321799568
89666.08084193242,43218.545954286,89665.63096117623,43226.523217232454,89665.85257814884,43222.593516218054,7.9899384735869345,4.053993333582014,3.9359451400049212
89666.26088210107,43218.57611485552,89665.63666370531,43226.524806516696,89665.94493881936,43222.59928326223,7.973164223197982,4.035555003467726,3.9376092197302555
89666.45065684682,43218.60755121139,89665.63241926664,43226.522430779674,89666.03717596858,43222.6071858338,7.957061726421422,4.020950577839425,3.936111148581997
89666.65205916356,43218.640202173876,89665.6168070903,43226.5161065924,89666.12926895257,43222.617441958326,7.943652639994158,4.011451845369604,3.9322007946245545
89666.8688375083,43218.67434869151,89665.58660924208,43226.50646329722,89666.2211971274,43222.630269661386,7.93638006421885,4.0085843864016235,3.9277956778172256
89667.10683218397,43218.71112703121,89665.53677755511,43226.49274194084,89666.3129361713,43222.64589015043,7.938425671341288,4.014054270099809,3.924371401241479
89667.36883445377,43218.769762817254,89665.46121700288,43226.47236436239,89666.40420780124,43222.664744350775,7.935305596005936,4.012653202711894,3.9226523932940416
89667.64201999827,43218.90608862401,89665.35496321484,43226.441682022145,89666.49431965423,43222.68763143406,7.875010894763252,3.951870709417767,3.923140185345484
89667.93909106618,43219.0540596743,89665.21871681284,43226.39634159316,89666.58254124671,43222.715383552546,7.830040859034589,3.9045511847198937,3.9254896743146954
89668.24690756714,43219.21964774672,89665.06414353596,43226.3344242171,89666.66814209505,43222.74883285849,7.7942306292305235,3.866218820627621,3.9280118086029026
89668.53344938309,43219.410524932224,89664.91715106496,43226.262177725686,89666.75039171563,43222.788811504135,7.74743567432833,3.819962670949285,3.927473003379045
89668.77791134079,43219.583098991025,89664.81387408415,43226.19823317983,89666.82856853599,43222.836137093065,7.711912324960076,3.7923863547846284,3.9195259701754472
89668.95207715104,43219.712507702214,89664.78841980755,43226.16890166358,89666.90295341285,43222.889990630785,7.682516870036651,3.7809133626403564,3.901603507396295
89669.04139319355,43219.776294543466,89664.85979430255,43226.193750355,89666.9757345639,43222.94643910374,7.659602364232551,3.783749741631543,3.8758526226010086
89669.04431571762,43219.77571894089,89665.02585528388,43226.27269071051,89667.04931393587,43223.001200557555,7.6392844188974465,3.792593277512546,3.8466911413849014
89668.97710008013,43219.73464401995,89665.26377567812,43226.3856036047,89667.12603755361,43223.05009419879,7.61735134495993,3.797188745043557,3.820162599916374
89668.87568197638,43219.682583064685,89665.53524188558,43226.50599370479,89667.20675852051,43223.09163988257,7.597201640326114,3.795651971551751,3.801549668774363
89668.78112741922,43219.6437523266,89665.79863607373,43226.61469756389,89667.290712256,43223.127283804184,7.582171992725263,3.788974652077295,3.7931973406479678
89668.72566465574,43219.62995641461,89666.02360241249,43226.6999431551,89667.3770532547,43223.158618549314,7.568741829200992,3.7775930394740658,3.791148789726926
89668.7264243881,43219.643558828066,89666.19263674444,43226.76128371515,89667.4649360113,43223.18723670369,7.555268849708397,3.761516424400507,3.79375242530789
89668.78729044822,43219.683056829694,89666.30062551326,43226.80111880202,89667.55351502037,43223.214730853,7.539914372231567,3.7409789110945115,3.798935461137056
89668.902866237,43219.7460529906,89666.35128801884,43226.821792640076,89667.64194477661,43223.242693582935,7.521744677302453,3.717044304446446,3.804700372856007
89669.06122813807,43219.82948146248,89666.35511490454,43226.82561315971,89667.72937977467,43223.27271747923,7.501260397936425,3.6918415906079107,3.809418807328515
89669.24647115043,43219.928867009134,89666.32752536968,43226.816000001265,89667.81504083145,43223.30626820677,7.480163455585018,3.66821913302153,3.811944322563488
89669.44240376058,43220.03823451764,89666.2855447529,43226.798027704484,89667.89877128211,43223.34362011945,7.460600694532875,3.6480645834777365,3.812536111055138
89669.63613359927,43220.1510986464,89666.24356990702,43226.77747816647,89667.98075524915,43223.38439540725,7.444353158603262,3.6324214273359887,3.8119317312672734
89669.81981868499,43220.26195822421,89666.21099346488,43226.759284875065,89668.0611803357,43223.42820959941,7.4322858581480356,3.621871976555264,3.8104138815927717
89669.99001892193,43220.36714382803,89666.19256657241,43226.74665021395,89668.14023414491,43223.47467822515,7.424200029289288,3.6164172533881604,3.8077827759011273
89670.14586142293,43220.46467346116,89666.19013170192,43226.741170494184,89668.21810427989,43223.523416813725,7.41904391625123,3.6155440115444777,3.803499904706752
89670.28747860504,43220.55364891577,89666.20417937369,43226.74344195333,89668.2949783438,43223.574040894324,7.415313240897315,3.618400889230323,3.7969123516669914
89670.41522516619,43220.63373111947,89666.23465168034,43226.753586708466,89668.37104393971,43223.626165996204,7.411465921173948,3.623995499190487,3.7874704219834614
89670.52950499847,43220.70488683345,89666.28114154816,43226.77149579139,89668.44648867077,43223.679407648575,7.406236308309308,3.6313538936671272,3.774882414642181
89670.63087077516,43220.767503038136,89666.34275505076,43226.79680360108,89668.52150014012,43223.733381380676,7.398675675019573,3.639488812828524,3.7591868621910494
89670.71634861355,43220.82817965551,89666.41782495481,43226.82869092933,89668.5962659509,43223.787702721726,7.381289940926207,3.6405394210162787,3.7407505199099282
89670.79256943619,43220.88200729211,89666.50369251185,43226.865705952565,89668.67097370619,43223.84198720097,7.362004817393199,3.6417920729249675,3.7202127444682307
89670.86242673262,43220.931188583345,89666.59683734532,43226.905845343594,89668.74580298508,43223.89586690418,7.341101839904293,3.642720636378314,3.6983812035259787
89670.92918391677,43220.97815736795,89666.69350086123,43226.94698680033,89668.82080683172,43223.94923500403,7.319011937398928,3.6431519666896617,3.675859970709266
89670.99575727167,43221.02502963045,89666.79044068165,43226.98740471649,89668.8959374641,43224.00219271386,7.29620478666077,3.6431776307863113,3.653027155874458
89671.0641951065,43221.07324711596,89666.87829932915,43227.03615371439,89668.97114430115,43224.054847022395,7.285463510339546,3.6429108794856133,3.6425526308539324
89671.13563733896,43221.123586898524,89666.95564879615,43227.09311854749,89669.04637676182,43224.10730491842,7.287496986345511,3.6424693521604397,3.6450276341850714
89671.21057659127,43221.17637482753,89667.02939984409,43227.147530597475,89669.12158426503,43224.159673390706,7.289508914876706,3.6419718911786205,3.6475370236980855
89671.2891288863,43221.23168772074,89667.09946684452,43227.199320430715,89669.19671622971,43224.21205942799,7.291495606903906,3.6415389931807396,3.6499566137231665
89671.37114242012,43221.2894312484,89667.16602850091,43227.24859873191,89669.2717220748,43224.26457001905,7.293466951320964,3.641293244294551,3.652173707026413
89671.45614290537,43221.349297657565,89667.22958643969,43227.29569995751,89669.34655121923,43224.31731215264,7.29544240402299,3.6413578683238264,3.6540845356991634
89671.54323067724,43221.41068275098,89667.29107173579,43227.3412658981,89669.42115308194,43224.370392817524,7.2974428485806495,3.641853511393386,3.655589337187263
89671.6310933104,43221.47267767304,89667.35183365595,43227.38625248191,89669.4954781346,43224.423917168846,7.2994815028408455,3.6428926337038203,3.6565888691370256
89671.71821715606,43221.534204615244,89667.41340950587,43227.4317781408,89669.56952524354,43224.47790606896,7.301557532094449,3.644482841712171,3.657074690382278
89671.8032207099,43221.59425497218,89667.47717695264,43227.478872837186,89669.64336084036,43224.53226269641,7.303655386645622,3.646489276509661,3.657166110135961
89671.88511764912,43221.65209293921,89667.54410845606,43227.52828482621,89669.71705637795,43224.58688148389,7.305750605308431,3.6487632805498853,3.656987324758546
89671.96336410166,43221.707306403856,89667.61472739083,43227.58043060054,89669.7906833092,43224.64165686409,7.307819720846994,3.6511579600726876,3.656661760774307
89672.03774868917,43221.75973512777,89667.68922176427,43227.635468622524,89669.86431308692,43224.696483269705,7.30985160710224,3.6535341747777776,3.656317432324462
89672.10824752231,43221.809364144145,89667.76759476241,43227.69340637877,89669.93801712277,43224.75125515366,7.311854716888583,3.6557656788883044,3.6560890380002786
89672.17916912507,43221.85043546492,89667.84977047595,43227.75419096463,89670.01186198297,43224.805869347714,7.321066975747067,3.664943339773416,3.656123635973651
89672.24729115047,43221.88737164907,89667.9356608176,43227.8177575047,89670.08590489872,43224.86022726664,7.332096052562317,3.675521874807186,3.6565741777551306
89672.31130428445,43221.92200535576,89668.02520307431,43227.884056357856,89670.16020203916,43224.91423084657,7.342800265234884,3.685193924007229,3.657606341227656
89672.37121533495,43221.954341040655,89668.11836992961,43227.95306041767,89670.2348095734,43224.96778202368,7.353320896430095,3.6939215119092728,3.659399384520822
89672.42702248361,43221.984364719756,89668.2151666391,43228.024757934654,89670.30978367061,43225.02078273415,7.363835946400477,3.7016934704788467,3.662142475921631
89672.4787271206,43222.012056851134,89668.31562268805,43228.09913775312,89670.38518049987,43225.073134914135,7.374550320093399,3.7085221262598402,3.6660281938335593
89672.52635522855,43222.037413752965,89668.41977460566,43228.1761647067,89670.46105623034,43225.124740499785,7.385679906704043,3.714437560871404,3.6712423458326398
89672.57001447718,43222.060494770165,89668.52761305522,43228.25572891574,89670.53746703114,43225.17550142729,7.397427618759348,3.719477865824502,3.6779497529348455
89672.61003523585,43222.08152106136,89668.63894493035,43228.33754416502,89670.61446907143,43225.225319632795,7.409951638705254,3.723674767530531,3.6862768711747234
89672.64722324137,43222.10102895541,89668.75314009252,43228.42099272707,89670.6921185203,43225.27409705249,7.423329821933722,3.72703576841614,3.6962940535175814
89672.68314038453,43222.12000729511,89668.87451530513,43228.49548775734,89670.77047154689,43225.3217356225,7.426464577422225,3.7295262922911894,3.6969382851310364
89672.72018490105,43222.13988075437,89668.99532503705,43228.568192109204,89670.8495838119,43225.368138101156,7.429520030336157,3.731058017750151,3.698462012586006
89672.76126369229,43222.162258812525,89669.1123134578,43228.638302102976,89670.92944297958,43225.41331719191,7.433301723568043,3.7316146250180395,3.701687098550004
89672.80914786931,43222.18856207325,89669.22280427131,43228.70437315505,89671.00990102158,43225.45750500328,7.437583912577434,3.7313907727365883,3.706193139840846
89672.8659179365,43222.21976871324,89669.32474388182,43228.76537762148,89671.09079379989,43225.50095969184,7.442103846705676,3.730587076913248,3.711516769792428
89672.93279135811,43222.256396034696,89669.41687975188,43228.82073471276,89671.17195717653,43225.54393941414,7.446621831618998,3.729407256758685,3.7172145748603134
89673.01027687272,43222.29863629828,89669.49862404197,43228.87018935687,89671.25322701348,43225.58670232675,7.450974111193758,3.7280829410628513,3.7228911701309064
89673.09835589735,43222.34647551257,89669.56989470562,43228.91370602493,89671.33443917282,43225.62950658623,7.455102613915269,3.726888144514228,3.7282144694010406
89673.19641363439,43222.399657845606,89669.63120732077,43228.95151353745,89671.41542951652,43225.672610349124,7.4590555076013265,3.7261404319185774,3.7329150756827487
89673.3028384858,43222.45744288189,89669.68410193644,43228.984348640566,89671.4960339066,43225.716271772006,7.462958729377245,3.7261922283328457,3.7367665010443996
89673.41453031059,43222.518249663524,89669.73165756417,43229.01381046633,89671.5760882051,43225.76074901143,7.466984786994509,3.727421547991673,3.7395632390028353
89673.5269377893,43222.57952220335,89669.77846257357,43229.042485665625,89671.65542836,43225.80630012364,7.471342794817835,3.730233677776846,3.7411091170409883
89673.63531860348,43222.63830683903,89669.82939735908,43229.07337844546,89671.7340211087,43225.853030617676,7.476308119552756,3.7348870313141354,3.7414210882386203
89673.73532266394,43222.69586828812,89669.88721888172,43229.108492422376,89671.81222736985,43225.90058624618,7.4786129065449005,3.737447350908467,3.741165555636433
89673.82349018587,43222.76248795057,89669.9498657124,43229.14710500916,89671.89048202551,43225.94852649395,7.467817723152181,3.726575123074757,3.741242600077424
89673.9148233405,43222.83105837213,89670.00933051063,43229.18500568715,89671.96921995775,43225.996410845786,7.45825185456874,3.7154850027168917,3.742766851851849
89674.02167119212,43222.90870015765,89670.05307050463,43229.21522092702,89672.04867369584,43226.04399913782,7.451308316754731,3.7044323202646523,3.7468759964900786
89674.156737674,43223.00322199551,89670.06744809609,43229.22950727622,89672.12805331411,43226.09206354818,7.449088377030034,3.6954705207271936,3.753617856302839
89674.32915199961,43223.121825991024,89670.04230909943,43229.2199336681,89672.2062466952,43226.141695259845,7.4541223019259935,3.69138691175184,3.762735390174153
89674.54115335387,43223.2700596163,89669.97498159588,43229.18023167295,89672.28214160126,43226.193985575184,7.468604840447156,3.6949258600806143,3.773678980366542
89674.76290297715,43223.47577447193,89669.87343669786,43229.108269102944,89672.35462579437,43226.25002579655,7.458677916673931,3.673726908911302,3.7849510077626296
89674.97698275396,43223.723546785615,89669.75746485846,43229.01042306355,89672.42258703665,43226.3109072263,7.429295245150726,3.6358453667107313,3.793449878439995
89675.17926098146,43223.97138369858,89669.65500625476,43228.90512158806,89672.48493070972,43226.37770274181,7.40669695934061,3.612448885592866,3.794248073747744
89675.34984593201,43224.19307031392,89669.59333851817,43228.820233291575,89672.54168854821,43226.45030737584,7.38566278863031,3.602897035147354,3.7827657534829564
89675.47552115032,43224.3622265232,89669.59089290313,43228.78364289505,89672.59467912067,43226.52674764154,7.360555165266073,3.6033876382619403,3.757167527004132
89675.54920574253,43224.45938690325,89669.65599152163,43228.81434895466,89672.64587959397,43226.60488420335,7.327732822815401,3.610050053622176,3.7176827691932246
89675.56629835523,43224.47557941142,89669.79035380456,43228.91871680109,89672.6972671351,43226.68257772563,7.28718088947256,3.619693592150825,3.667487297321735
89675.5232177502,43224.41490320721,89669.99145969142,43229.089455548674,89672.75081891092,43226.7576888728,7.242360582990143,3.629716242208698,3.6126443407814457
89675.42240486348,43224.29871603772,89670.24957349643,43229.304263557366,89672.8085120884,43226.82807830926,7.198172707242906,3.637321671266655,3.560851035976251
89675.28320346889,43224.166513465265,89670.54013660505,43229.527751428024,89672.87232383447,43226.8916066994,7.158181037679642,3.638471347474975,3.5197096902046674
89675.1479094685,43224.06488245167,89670.82067205194,43229.72253594088,89672.94397583374,43226.94641901145,7.122782227704139,3.627750875104915,3.4950313525992245
89675.0690074085,43224.02866415877,89671.04160928282,43229.86331713079,89673.02210701357,43226.994090744374,7.089648155341614,3.6032701898877617,3.4863779654538516
89675.08412430565,43224.072227479155,89671.165509394,43229.940311010425,89673.1033125314,43227.03847172952,7.056199200398999,3.5668221483290994,3.4893770520698992
89675.20070276062,43224.19523111011,89671.1806858252,43229.95293041541,89673.18415092856,43227.08345254526,7.022224537234189,3.5225423134174263,3.4996822238167624
89675.39407317026,43224.392575342186,89671.10313804129,43229.90558540716,89673.26118090173,43227.132923585756,6.986086476531104,3.472569354989289,3.513517121541814
89675.62494160303,43224.6464929495,89670.96890024478,43229.81043968637,89673.33178347831,43227.18980077349,6.953061701939814,3.4244691373386664,3.528592564601148
89675.85780407258,43224.92790273317,89670.81847920956,43229.689082725636,89673.39608189532,43227.25375047983,6.932793808831074,3.38668625926173,3.5461075495693444
89676.06909637814,43225.20971369382,89670.68168107129,43229.5661936387,89673.45477029405,43227.32376254768,6.928431366375818,3.3621278129317558,3.566303553444062
89676.25105337446,43225.472213117246,89670.57337382346,43229.460783074916,89673.50854281582,43227.39882682,6.938640745215719,3.3515973093297675,3.5870434358859513
89676.4050991595,43225.70541690142,89670.49845860964,43229.38283026667,89673.55809360197,43227.477933139686,6.957856828375505,3.3536926602653105,3.604164168110194
89676.53501313047,43225.905989110266,89670.45798462129,43229.3356242016,89673.60411679377,43227.560071349675,6.978013496775176,3.365433314040551,3.612580182734625
89676.63350983609,43226.078507991704,89670.45216415595,43229.319505331936,89673.64730653256,43227.6442312929,6.979476927154033,3.37177988989914,3.6076970372548933
89676.70320143535,43226.22088851978,89670.48080604919,43229.33434012541,89673.68835695965,43227.72940281228,6.957857805546696,3.371187117807764,3.5866706877389314
89676.75587990208,43226.32610566057,89670.54282454222,43229.38035282379,89673.7279678003,43227.81458297354,6.923184429051677,3.3739911688280975,3.54919326022358
89676.79103170834,43226.39355736983,89670.6360210677,43229.45774585302,89673.76702965338,43227.89901573716,6.875565943761012,3.3780161817558736,3.4975497620051392
89676.80817501595,43226.42467010519,89670.7566985343,43229.56497234897,89673.80666689428,43227.982247453096,6.817761054057451,3.3815822035197978,3.4361788505376527
89676.80833800655,43226.425804610524,89670.89847113406,43229.69592033576,89673.84801817362,43228.0638429363,6.754271486031121,3.383291750639341,3.3709797353917796
89676.7967010832,43226.41129442174,89671.01512959358,43229.85910783312,89673.89222214202,43228.14336700174,6.731566400874275,3.3817263848786423,3.3498400159956323
89676.78482367704,43226.40327761635,89671.12471370994,43230.01915515324,89673.94041745011,43228.220384464366,6.716503197452685,3.375281333589967,3.341221863862718
89676.78903830361,43226.42600954285,89671.21680863645,43230.1505618688,89673.99328765493,43228.294726412634,6.702390132807018,3.3627852189891625,3.339604913817855
89676.82351291897,43226.49708537844,89671.2767024407,43230.236762307315,89674.04871297206,43228.36786415921,6.689715241644623,3.3465397042291034,3.34317553741552
89676.88584699141,43226.62673821482,89671.2985444927,43230.271806553,89674.10350709935,43228.441893032184,6.671167244347678,3.3220780072025327,3.349089237145145
89676.97440237337,43226.80593044098,89671.28711891935,43230.2605147861,89674.15496485407,43228.51852043143,6.654272768967465,3.2988168182869244,3.3554559506805397
89677.07954696828,43227.02124089436,89671.25299042022,43230.21406249782,89674.20230378707,43228.5979052778,6.644010159472872,3.2809143392988305,3.3630958201740415
89677.19174655812,43227.259958896284,89671.2063292222,43230.144191680556,89674.24521963339,43228.679821385245,6.644096585616521,3.27078437163321,3.373312213983311
89677.30532936048,43227.513066446285,89671.1541979849,43230.05943277377,89674.28340812799,43228.76404256773,6.6573567332203245,3.27061908387255,3.3867376493477743
89677.41724483352,43227.775116246696,89671.10159741911,43229.96520073242,89674.3165650059,43228.85034263919,6.684599637800849,3.2818176653396054,3.402781972461244
89677.5207246337,43228.042494243884,89671.05357752278,43229.86678694312,89674.34438600208,43228.938495413575,6.719526442149601,3.3002947139284653,3.4192317282211353
89677.56050960413,43228.318694872185,89671.01610551239,43229.772627368795,89674.36656685152,43229.028274704855,6.703964843331336,3.2718150690209766,3.4321497743103597
89677.59298465644,43228.573758580416,89670.99521446126,43229.695316220575,89674.38286400608,43229.11944829599,6.692418328868634,3.256171349228404,3.4362469796402295
89677.61836571664,43228.79640955327,89670.99554631743,43229.64938957962,89674.39402734867,43229.21168529315,6.677522873038584,3.2509709090241534,3.4265519640144313
89677.63788057068,43228.9766558158,89671.01950619694,43229.6472709856,89674.40161741273,43229.304574281065,6.652263077846242,3.2528341100239695,3.3994289678222724
89677.65299908882,43229.10731874493,89671.06748402074,43229.69648977918,89674.40721841801,43229.39770149176,6.611817542824416,3.2587442831054747,3.353073259718941
89677.66448687665,43229.1839459318,89671.13851898651,43229.79941856739,89674.41241458428,43229.49065315724,6.554926656205164,3.2665032553036584,3.2884234009015048
89677.67169059548,43229.204093838256,89671.22497330628,43229.955054685786,89674.41879013128,43229.58301550954,6.490308621432476,3.2748958858182897,3.2154127356141853
89677.67206978331,43229.16776434203,89671.30672198706,43230.161787761936,89674.42792927874,43229.67437478065,6.442494480133273,3.283458808922829,3.159035671210443
89677.66136553382,43229.080185465486,89671.40431623596,43230.4095995721,89674.44141624641,43229.764317202586,6.396718516760132,3.291824668352516,3.104893848407616
89677.63556918525,43228.95622445314,89671.51733802014,43230.68335710517,89674.46083525407,43229.85242900738,6.35733747628513,3.2988055621459313,3.058531914139198
89677.59514564797,43228.8225936736,89671.64139070446,43230.96028883853,89674.48777052143,43229.93829642701,6.325894288198688,3.301601552426941,3.024292735771747
89677.5486018235,43228.71317036599,89671.76580086365,43231.214307041024,89674.52332748899,43230.021640887906,6.300513598777687,3.2961158817209304,3.004397717056756
89677.5106505107,43228.65829144815,89671.87530714777,43231.422874599004,89674.56578365323,43230.10298235185,6.2769431107887055,3.2801482611937858,2.99679484959492
89677.49554291755,43228.67682210366,89671.95541000101,43231.57127098696,89674.6123819103,43230.183132923914,6.250672529487136,3.252935548231363,2.9977369812557724
89677.51117326054,43228.775633721234,89671.9882643407,43231.65694311356,89674.66036361353,43230.262905144846,6.229323137479847,3.2154458370529753,3.0138773004268713
89677.5566918448,43228.95217479126,89671.9736842428,43231.677216485754,89674.70697011624,43230.34311155538,6.212553912908983,3.171059603986075,3.041494308922908
89677.62256905482,43229.19481312745,89671.93676717686,43231.628442244575,89674.74944277185,43230.424564696266,6.184730687358044,3.125242959978136,3.059487727379908
89677.69320601386,43229.480388967575,89671.89233050047,43231.53029119381,89674.7850229336,43230.50807710823,6.152418699910521,3.0844240536531426,3.0679946462573784
89677.7535047004,43229.77444422413,89671.85638858573,43231.41783730046,89674.81122829104,43230.59439020888,6.121823198468574,3.054390591752413,3.0674326067161606
89677.80080871754,43230.038632847,89671.83783457238,43231.33230034963,89674.82893588938,43230.68338078757,6.1016912625333655,3.0410077299499703,3.060683532583395
89677.8325463968,43230.24676151051,89671.83608332736,43231.304387702665,89674.84126198143,43230.77434930839,6.0890181889647,3.0374547466793493,3.0515634422853513
89677.85268084187,43230.38944984984,89671.8462024631,43231.344332732515,89674.85136350655,43230.86658576348,6.081906266478024,3.0390071450038003,3.0428991214742234
89677.86513558548,43230.474576812194,89671.86409671018,43231.44346706169,89674.8623967981,43230.959380259286,6.078751179183862,3.0416236794810843,3.0371274997027786
89677.87217051884,43230.5208352298,89671.88741228709,43231.58242217467,89674.87671000988,43231.052175285164,6.078182124119739,3.042220556627343,3.0359615674923965
89677.87577488183,43230.54926570427,89671.914195037,43231.740172821745,89674.89424861544,43231.14486635779,6.079366250589195,3.040434017644541,3.038932232944654
89677.8782579047,43230.576553291,89671.94221496332,43231.90021982924,89674.91451362194,43231.23743279839,6.081833515177925,3.036534520935485,3.0452989942424393
89677.8817350737,43230.61263984126,89671.96941604628,43232.05263599679,89674.93700603653,43231.32985392814,6.08515449350598,3.0308126218418363,3.054341871664144
89677.88759018044,43230.66196505205,89671.99442395203,43232.19275756287,89674.96122686639,43231.42210906826,6.088738285303926,3.0234783232567555,3.06525996204717
89677.89645608762,43230.72589510973,89671.97003527691,43232.33140997838,89674.9866771187,43231.51417753994,6.140044105624626,3.014664631061952,3.125379474562674
89677.9084917114,43230.80456908085,89671.93103660922,43232.45904219412,89675.01285780057,43231.60603866439,6.2021972542779045,3.0045048242368564,3.1976924300410485
89677.92364915121,43230.89780832232,89671.89552835524,43232.56945863309,89675.03926991925,43231.6976717628,6.2556098897221375,2.9932298737687355,3.2623800159534024
89677.94183330618,43231.00544038717,89671.86495779802,43232.66094876978,89675.06541448183,43231.78905615636,6.298342952433215,2.9812478808059275,3.3170950716272873
89677.96297647823,43231.127394913,89671.84036549198,43232.73208186424,89675.09079249554,43231.88017116629,6.329406409799067,2.969193984559269,3.3602124252397982
89677.98706525203,43231.26374321815,89671.82239994021,43232.781756476616,89675.1149049675,43231.97099611378,6.3488158470426415,2.957957294894383,3.390858552148259
89678.01414097719,43231.41473248881,89671.81135071727,43232.80923485773,89675.13725290491,43232.06151032004,6.357613063524333,2.9486957359798973,3.4089173275444353
89678.04428070424,43231.58082767914,89671.80717978739,43232.8141546962,89675.15733731491,43232.15169310624,6.357870978405669,2.942843772448122,3.415027205957547
89678.07755034057,43231.76275861957,89671.80955505912,43232.79652038031,89675.17465920468,43232.24152379362,6.35267095214782,2.9421069047066517,3.4105640474411687
89678.11390873852,43231.961555359405,89671.81791345507,43232.756685654946,89675.1887195814,43232.330981703344,6.346005735587533,2.948424567208667,3.397581168378866
89678.15303558626,43232.178516855776,89671.83158909378,43232.69537745588,89675.19901945224,43232.420046156636,6.342541339026019,2.963873769792242,3.3786675692337766
89678.1940752091,43232.414962027746,89671.85001804991,43232.613909377505,89675.20505982434,43232.50869647469,6.347175851280718,2.990484762862655,3.356691088418063
89678.235379485,43232.6714907866,89671.8729296044,43232.51483908336,89675.20634170486,43232.5969119787,6.364378071681592,3.029955754152407,3.3344223175291847
89678.27451694905,43232.94654541309,89671.90025185178,43232.403196240426,89675.202366101,43232.68467198986,6.3973810152062445,3.083291832273451,3.3140891829327934
89678.3089188255,43233.234649031685,89671.93141584806,43232.28774351457,89675.19263401993,43232.77195582939,6.447416093723476,3.1504469506508976,3.2969691430725785
89678.33715106786,43233.5256178115,89671.96423101991,43232.18091443551,89675.17664676189,43232.85874285024,6.513243209560388,3.230094376639127,3.283148832921262
89678.35662819775,43233.8050707374,89671.99433891482,43232.09641432481,89675.15431045422,43232.945056282806,6.587733423261316,3.315790070655087,3.271943352606229
89678.3711735637,43234.059081046325,89672.01619131082,43232.045442748524,89675.12673923309,43233.03105028828,6.666373724063893,3.403410255192145,3.262963468871749
89678.38665672566,43234.277330654,89672.0249070856,43232.03440019209,89675.09527156783,43233.11690334232,6.7455611730880864,3.489958137699259,3.2556030353888277
89678.40549903149,43234.453065037545,89672.01767948619,43232.064936498755,89675.06124592782,43233.20279392059,6.8196331617691275,3.570323050833284,3.249310110935843
89678.42849998505,43234.5837830334,89671.9941842474,43232.13508794932,89675.02600078243,43233.28890049875,6.88451353593495,3.640566110152636,3.2439474257823133
89678.45472616257,43234.67134270363,89671.9563497247,43232.24008567897,89674.99087460099,43233.37540155248,6.938292805023199,3.698341669978874,3.239951135044325
89678.48181147766,43234.72209926131,89671.90779527128,43232.37267707775,89674.95720585289,43233.46247555745,6.9812229357224815,3.7429262196161384,3.238296716106343
89678.5068104285,43234.746162104755,89671.85287054442,43232.52384870912,89674.92612521927,43233.550268417006,7.015240039329812,3.775111691067707,3.2401283482621057
89678.52743245571,43234.75524763567,89671.79544948241,43232.684512155254,89674.89773505474,43233.63876483689,7.043262041319721,3.7975303899530677,3.245731651366654
89678.54288076264,43234.759658063136,89671.73817738537,43232.847183687816,89674.87182017603,43233.72789974644,7.068348200884528,3.813293990061293,3.2550542108232348
89678.55379676512,43234.766511611735,89671.68240536506,43233.00694977295,89674.84816530814,43233.817608060664,7.09310070683163,3.8251957393289455,3.2679049675026843
89678.56158740316,43234.77977465892,89671.62862464692,43233.16126208369,89674.82655517609,43233.90782469453,7.119378872878837,3.8354611818822866,3.283917690996551
89678.56773828846,43234.80128090124,89671.57695863664,43233.30906437679,89674.80677450482,43233.99848456302,7.148266244077282,3.8456898656216145,3.3025763784556674
89678.57344200705,43234.831762460504,89671.52575328757,43233.44964751379,89674.7886080194,43234.08952258111,7.1819327491026925,3.8569273201136958,3.3250054289889968
89678.57951727217,43234.87148247755,89671.43778201767,43233.576166321276,89674.77184044481,43234.18087366378,7.258252295836776,3.8697988778841412,3.388453417952634
89678.58647179465,43234.92052858016,89671.3533681804,43233.69671874509,89674.75625650604,43234.27247272604,7.335904743587772,3.884652564542912,3.4512521790448596
89678.59459908011,43234.97893351726,89671.27304478557,43233.810894757866,89674.74164092811,43234.36425468285,7.414139992699485,3.9016812517838075,3.5124587409156773
89678.60406158693,43235.046727923465,89671.19727292206,43233.918262136845,89674.727778436,43234.45615444919,7.492259562883411,3.921013656524207,3.571245906359204
89678.61494948316,43235.1239664951,89671.1264521868,43234.018383251,89674.71445375474,43234.548106940056,7.56967014256649,3.9427758184500434,3.626894324116447
89678.62731808805,43235.210743877185,89671.06093171006,43234.11083063049,89674.70145160929,43234.64004707041,7.64591472430344,3.967130254269309,3.6787844700341306
89678.64120994243,43235.30720613793,89671.00101796036,43234.19519995674,89674.68855672471,43234.73190975525,7.720692408716665,3.994300112349882,3.726392296366783
89678.6566671578,43235.41356044265,89670.94697823841,43234.27112100044,89674.67555382597,43234.82362990956,7.793873947717843,4.024584623875809,3.7692893238420346
89678.67373816151,43235.53008446944,89670.89904054721,43234.33826701398,89674.66222763807,43234.91514244831,7.865516628986718,4.058370408063984,3.807146220922734
89678.69248135008,43235.65713644488,89670.85739101788,43234.39636288934,89674.648362886,43235.0063822865,7.935879943148899,4.096141492450106,3.8397384506987935
89678.7129668928,43235.795166303236,89670.82216990861,43234.44519219279,89674.63374429478,43235.097284339085,8.005442345333066,4.13848960854247,3.866952736790595
89678.73527705688,43235.944728255876,89670.79346694902,43234.48460305587,89674.61815658944,43235.18778352107,8.074918785290928,4.186125449030268,3.8887933362606604
89678.75950416378,43236.10649476052,89670.77131598085,43234.5145127073,89674.6013844949,43235.27781474743,8.145278221384727,4.239890298675902,3.905387922708825
89678.78574511531,43236.28127165055,89670.75568980549,43234.53491055449,89674.58321273625,43235.36731293314,8.217759144475771,4.30076724947684,3.9169918949989313
89678.81409072352,43236.47001363339,89670.74649641317,43234.54585991095,89674.56342603845,43235.4562129932,8.293880002995339,4.369890387976135,3.9239896150192046
89678.84460793012,43236.67383754841,89670.74357804445,43234.54749979127,89674.5418091265,43235.54444984257,8.37544013565811,4.448549666411851,3.926890469246259
89678.87731425997,43236.89402691668,89670.74671409026,43234.54005119883,89674.51814672542,43235.63195839625,8.46450593950396,4.538188905781542,3.9263170337224174
89678.79039484801,43237.09307778031,89670.75562566366,43234.52384080423,89674.4922235602,43235.71867356921,8.435549447725428,4.512567268733122,3.922982178992306
89678.62812913269,43237.27591983419,89670.76997021082,43234.499366819844,89674.46382435584,43235.80453027644,8.334261111986782,4.416607465590834,3.917653646395948
89678.46297563557,43237.46247406377,89670.78930504792,43234.46742661592,89674.43273383734,43235.88946343292,8.237446782994953,4.326339260502858,3.9111075224920953
89678.29566393967,43237.65156212429,89670.81300998629,43234.42926766947,89674.39873672971,43235.97340795362,8.146980528983038,4.242905030787348,3.904075498195689
89678.12706420649,43237.8416821105,89670.84021048839,43234.38662637392,89674.36161775795,43236.05629875355,8.06446819399432,4.167274971497788,3.8971932224965324
89677.9581590263,43238.03124995706,89670.86980331352,43234.341501889605,89674.3211738303,43236.13806631306,7.99118436229544,4.100220192348207,3.8909641699472335
89677.77029922593,43238.207745396845,89670.90071907456,43234.295607545835,89674.27738386032,43236.2185748637,7.905438256122771,4.0196090806529705,3.885829175469801
89677.58536378149,43238.38054539273,89670.93218591296,43234.25000364866,89674.23036672066,43236.29763769286,7.831101509353251,3.948988448242559,3.8821130611106915
89677.4037200787,43238.54978921407,89670.96386318406,43234.205129995455,89674.18024487553,43236.37506678055,7.768385968093488,3.8884714282447006,3.8799145398487873
89677.22529152874,43238.715937503424,89670.99580859886,43234.16114955165,89674.12714078925,43236.45067410679,7.717029924736355,3.8379625142434994,3.8790674104928553
89677.04997103216,43238.87915794532,89671.02813645093,43234.11859537764,89674.07117692608,43236.52427165162,7.67629127147486,3.7971968322225624,3.8790944392522984
89676.87832538922,43239.038545496434,89671.06029609295,43234.07920886706,89674.01247575025,43236.59567139507,7.644899260008265,3.7657307429344935,3.8791685170737713
89676.71253250078,43239.191416174996,89671.0900571079,43234.04669895225,89673.95115972604,43236.66468531716,7.621046177896608,3.742933131781551,3.8781130461150575
89676.55706847909,43239.33316722341,89671.11274098759,43234.02684936719,89673.8873513177,43236.73112539791,7.602480583725317,3.728003672675307,3.87447691105001
89676.41832613965,43239.45818070619,89671.12157814816,43234.02650126846,89673.82127501999,43236.79497128258,7.5867437547123275,3.719860071584318,3.8668836831280093
89676.30718983633,43239.56625429159,89671.10959885051,43234.0516892304,89673.7536016068,43236.85693598055,7.577953541023625,3.7230657470018214,3.854887794021803
89676.22412738188,43239.65092625897,89671.07243707444,43234.10562675251,89673.68512383659,43236.917932956516,7.569032939552682,3.730387566222848,3.838645373329834
89676.16758976546,43239.71056884195,89671.01020164698,43234.18777434788,89673.61663447064,43236.97887568,7.556448321029171,3.737582165948538,3.818866155080632
89676.13354490227,43239.74855131678,89670.92738139068,43234.29411669893,89673.54892617263,43237.04067749732,7.540225163072019,3.7433720893996685,3.7968530736723505
89676.11535802315,43239.77039511625,89670.8308846306,43234.41843659874,89673.48262214371,43237.10403800407,7.521244512024097,3.747100006741555,3.7741445052825426
89676.1064464027,43239.781973825724,89670.72732876029,43234.55420622032,89673.41782813462,43237.16900411219,7.500963987852722,3.7491704302778555,3.7517935575748664
89676.10237874098,43239.78769391804,89670.62006303578,43234.69569243247,89673.35455147825,43237.235498594695,7.482263335420285,3.750234077273169,3.732029258147116
89676.10154239282,43239.78942454477,89670.50945866585,43234.839946909735,89673.29279950741,43237.30344422461,7.467846360838495,3.750884528815615,3.7169618320228803
89676.10439633338,43239.7866023689,89670.39622576763,43234.98873258798,89673.23258131609,43237.37276516324,7.45672620137619,3.7515238968927185,3.705202304483471
89676.11188735791,43239.77739761301,89670.27900211443,43235.14359390438,89673.17403298718,43237.44348567917,7.449475624077234,3.7520838501469975,3.6973917739302364
89676.12362291354,43239.76064294893,89670.15762469216,43235.30548313106,89673.11750078734,43237.515795731866,7.445910540711392,3.751814129937355,3.6940964107740366
89676.1364285891,43239.73807780038,89670.0383338724,43235.475320026984,89673.06335071928,43237.58990083914,7.440286486987421,3.7494628749680223,3.6908236120193987
89676.14402965091,43239.71604682279,89669.93183565437,43235.649980645714,89673.01194878577,43237.666006518724,7.424570587383574,3.743340192133228,3.681230395250346
89676.13828620959,43239.70542043049,89669.83504632182,43235.81163141093,89672.9636148793,43237.74428606361,7.408942300464264,3.7315661672139218,3.677376133250341
89676.11145787578,43239.719060703595,89669.75452559674,43235.947587122,89672.91785069431,43237.82434095731,7.391522236793946,3.7133663630861578,3.6781558737077895
89676.05802579953,43239.768038125374,89669.69545151058,43236.04636623307,89672.87345527211,43237.905281624204,7.371105294081064,3.6893564786757094,3.6817488154053555
89675.97513264492,43239.85871424005,89669.66129889322,43236.10060906793,89672.82920482087,43237.98620253138,7.347642555870714,3.661032910703309,3.686609645167405
89675.86235647603,43239.991224650315,89669.6539417798,43236.108997304174,89672.78387554869,43238.06619814589,7.322301701479286,3.630808706441757,3.6914929950375286
89675.72216292634,43240.15856550979,89669.67284224584,43236.0778934554,89672.73624366378,43238.144362934836,7.296996992666034,3.601767046251612,3.6952299464144223
89675.56156112369,43240.34626849902,89669.7127573288,43236.02245400768,89672.68508537424,43238.21979136529,7.273505178838355,3.5771521825959596,3.696352996242395
89675.39363439991,43240.53442887623,89669.7615114467,43235.96499092594,89672.62919480905,43238.29159162237,7.252625189650454,3.5598378051232205,3.692787384527233
89675.23628968916,43240.702783097615,89669.80109433367,43235.9292202045,89672.56844163263,43238.359695194755,7.233826874262104,3.5507005186678953,3.6831263555942084
89675.1074544877,43240.83604094762,89669.81338069132,43235.93318318769,89672.5043627553,43238.42530981864,7.215624129320569,3.5479164510448022,3.6677076782757667
89675.01950043495,43240.92687132174,89669.78684371377,43235.98565251203,89672.43863852583,43238.4897530298,7.1969673951758235,3.549703334490879,3.6472640606849445
89674.99004150684,43240.988962134514,89669.7201030831,43236.08646148596,89672.37294929297,43238.554342364005,7.197691546532465,3.5744293366706636,3.623262209861802
89674.99282599316,43241.00906866382,89669.6212127999,43236.22824028685,89672.30897540547,43238.62039535702,7.191004677236928,3.5928838199538102,3.5981208572831176
89675.01527893945,43240.99857523861,89669.50373070047,43236.39843344927,89672.24824739854,43238.68910848412,7.179029772376432,3.6041781640861115,3.5748516082903206
89675.0435645572,43240.97244148025,89669.37777616465,43236.57932460421,89672.1910001105,43238.760631200275,7.169423546959982,3.609602282409068,3.559821264550914
89675.06716011057,43240.94511253229,89669.25439355613,43236.758571781895,89672.13680470832,43238.83457666443,7.163475306803604,3.6112801654004056,3.5521951414031983
89675.08050184848,43240.92725030051,89669.14108119857,43236.92828191585,89672.08522697694,43238.91055368636,7.160200122773267,3.610919105940768,3.549281016832499
89675.08192056409,43240.92488698133,89669.03955719536,43237.08312608349,89672.0358327013,43238.98817107589,7.160257109627589,3.6096426092108715,3.550614500416717
89675.07177458442,43240.94041663908,89668.94965490271,43237.221030505694,89671.98818766634,43239.067037642846,7.16339183671842,3.608054481968188,3.555337354750232
89675.05116299422,43240.97392818091,89668.87052178955,43237.34190876076,89671.94185765703,43239.146762197015,7.168813763044167,3.6064269315436466,3.56238683150052
89675.02140604716,43241.02409786098,89668.80107618746,43237.44686936308,89671.89640845827,43239.22695354822,7.175588288753938,3.6049046605252353,3.5706836282287036
89674.98389390622,43241.08875158399,89668.74011470436,43237.537762126136,89671.85141541508,43239.30723469504,7.182917572365958,3.6036403709411675,3.57927720142479
89674.93996084627,43241.165407910004,89668.68632901294,43237.61686153277,89671.80657312897,43239.38740563404,7.190277637074851,3.6026949191214475,3.5875827179534037
89674.89086892387,43241.2515505707,89668.63835339964,43237.68659103764,89671.76165718178,43239.467386551,7.19742223668579,3.602111516328431,3.5953107203573587
89674.83797874895,43241.34447677369,89668.59467490428,43237.749587329585,89671.71644469879,43239.54709992234,7.204309336242293,3.602018652381514,3.602290683860779
89674.78303104553,43241.44090486865,89668.55593318222,43237.81059662979,89671.6707128052,43239.62646822451,7.208043126152651,3.6025970028228884,3.605446123329762
89674.72830470208,43241.53679517037,89668.51855286495,43237.87307625105,89671.62424305029,43239.705416123565,7.20998295410443,3.6040460528622282,3.6059369012422016
89674.67638045076,43241.62780327936,89668.47832695235,43237.940525766826,89671.57704767169,43239.78398246319,7.211926415578104,3.606319297792496,3.605607117785608
89674.6294956735,43241.71029783274,89668.43301325187,43238.01656794656,89671.52947780679,43239.86237382315,7.213877935867475,3.609007331537885,3.604870604329591
89674.58872052228,43241.78251520404,89668.38155819633,43238.102931890964,89671.48191166794,43239.94081018377,7.2158296472827335,3.611667016640745,3.6041626306419885
89674.55334295577,43241.84552893817,89668.32471129524,43238.198529199726,89671.43472746755,43240.0195115254,7.217787711949096,3.613876333670101,3.603911378278994
89674.52061641734,43241.9038240576,89668.26524721736,43238.298906216136,89671.38830341799,43240.09869782837,7.21976983509337,3.6152268849094664,3.604542950183903
89674.48613714435,43241.965042452,89668.20757887122,43238.39650052279,89671.34301260837,43240.1785858791,7.221827018812154,3.615336628252306,3.6064903905598475
89674.44491042997,43242.03834404281,89668.15672930147,43238.48219279033,89671.29880972201,43240.25913162122,7.224087045114561,3.6143528474396405,3.609734197674921
89674.39270501543,43242.13162177411,89668.1170224975,43238.54798727189,89671.25492745866,43240.339840899185,7.22679924387446,3.6133262652994134,3.6134729785750466
89674.32713133775,43242.24876093516,89668.09094367323,43238.5898411608,89671.21052695524,43240.42017494361,7.230334051913161,3.613440134490836,3.6168939174223245
89674.24833251149,43242.38803976325,89668.07836277472,43238.609408836965,89671.16476934859,43240.49959498514,7.235093519077542,3.6158796245964244,3.619213894481118
89674.15317742046,43242.53835589203,89668.07613130224,43238.6139770605,89671.11681577562,43240.577562254446,7.2340333657229055,3.614443764602249,3.6195896011206563
89674.05279437584,43242.69235146332,89668.07840108957,43238.6143986693,89671.0660163347,43240.65366079226,7.233469024557207,3.616227691843026,3.617241332714181
89673.95485581124,43242.83988205711,89668.07805245284,43238.62173112702,89671.01268254791,43240.72809948922,7.233921134651312,3.6216031154059642,3.612318019245348
89673.8657227519,43242.97283853065,89668.06840840956,43238.6441203149,89670.95743094453,43240.80128546662,7.235098822775265,3.6295735213247884,3.6055253014504762
89673.7897539276,43243.086531220295,89668.04034083612,43238.682428112756,89670.90087817756,43240.87362592621,7.242366676604034,3.639031868473098,3.6033348081309367
89673.72890309601,43243.17928026265,89667.99641469166,43238.741223103716,89670.84364090003,43240.9455280697,7.249674106604039,3.6488884333552085,3.6007856732488306
89673.68288984202,43243.251745860085,89667.93707471798,43238.8195332822,89670.78633576493,43241.017399098855,7.256645214921391,3.658186841990542,3.598458372930849
89673.64946654117,43243.306625661855,89667.86475366242,43238.91447314129,89670.72957942527,43241.08964621539,7.263188477076785,3.6661612942774773,3.597027182799307
89673.6248663641,43243.34843013049,89667.78334847672,43239.0215429286,89670.6739830913,43241.162673052706,7.26947619065466,3.6722263128515555,3.5972498778031046
89673.6046830716,43243.38277262323,89667.6972976484,43239.13536834768,89670.61986160907,43241.23668894433,7.275826112419131,3.6762527551803377,3.599573357238794
89673.58499309256,43243.41511613454,89667.61050654942,43239.2508541017,89670.56708703299,43241.311612924386,7.282552281470859,3.6786522993518,3.603899982119059
89673.56311457095,43243.449639865634,89667.52567331979,43239.36415179754,89670.51549520108,43241.38734028312,7.289849766334428,3.679818391121141,3.6100313752132873
89673.53764917025,43243.488886155705,89667.44425223148,43239.472955620884,89670.46492195131,43241.46376631078,7.297752004138892,3.6800493133008016,3.6177026908380903
89673.50806822575,43243.53409933389,89667.3668442853,43239.57615699636,89670.41520312174,43241.54078629757,7.306157610817786,3.679553153903932,3.6266044569138547
89673.47426564382,43243.58577396163,89667.293617455,43239.67331077562,89670.36617455036,43241.61829553374,7.31490124443576,3.6784781648698286,3.636423079565932
89673.43630248694,43243.644039148494,89667.22454292356,43239.76426717559,89670.31767207521,43241.69618930952,7.323836933938472,3.676951813683076,3.6468851202553956
89673.39436481016,43243.70876016749,89667.16054377735,43239.849774675225,89670.26953153429,43241.77436291517,7.331595576576902,3.675115743995812,3.65647983258109
89673.34891325302,43243.77933649009,89667.11153732338,43239.93672805331,89670.22158876559,43241.85271164088,7.326015157379672,3.6731514751363963,3.652863682243276
89673.301016815,43243.85420144696,89667.0649871598,43240.01952519353,89670.17367960716,43241.931130776924,7.320710882777775,3.671299335861898,3.649411546915877
89673.25277120447,43243.93020701559,89667.01894139058,43240.1013740859,89670.12563989701,43242.00951561353,7.3157771803188805,3.6698781554721527,3.6458990248467273
89673.20750164654,43244.00237032772,89666.97024353653,43240.18730278974,89670.07730547713,43242.08776144304,7.311506619718593,3.6693126386665234,3.6421939810520696
89673.16940273375,43244.06442978374,89666.91489391573,43240.28355984324,89670.0286731059,43242.16584900199,7.308478505246977,3.6699852288642854,3.638493276382691
89673.14259273633,43244.11008456395,89666.84899920439,43240.39631335707,89669.98032775796,43242.24407136091,7.307627256663259,3.6717741035276914,3.6358531531355673
89673.12998058322,43244.13426988689,89666.76980504725,43240.53047229521,89669.93298877499,43242.322792937244,7.310211346475171,3.6745347135389927,3.635676632936178
89673.13248988673,43244.13379872724,89666.67636404464,43240.689153082785,89669.88737549876,43242.40237814844,7.317591441501781,3.6781224302244815,3.6394690112773
89673.1486945444,43244.10753298407,89666.5996906702,43240.88832880244,89669.844207271,43242.48319141197,7.297446629287752,3.6821354786211655,3.6153111506665856
89673.17457645152,43244.05688315965,89666.51505747778,43241.11025159846,89669.80420343348,43242.56559714528,7.282295690165688,3.685559422583432,3.596736267582256
89673.20333552497,43243.9874664155,89666.42726128522,43241.34910010981,89669.76806228199,43242.64989116847,7.271599470929947,3.686490172973172,3.585109297956774
89673.22581798877,43243.9119005019,89666.35495143937,43241.59664341307,89669.73639288692,43242.73607847932,7.250463607737786,3.6822065355233375,3.568257072214448
89673.23215331654,43243.8520270466,89666.30029675351,43241.82909149777,89669.70978067727,43242.82408701879,7.221004337699179,3.669300983931512,3.551703353767667
89673.21452616913,43243.83621482173,89666.25864124378,43242.01646051602,89669.68867866497,43242.91380505707,7.189981976881905,3.6445082516778906,3.5454737252040145
89673.16881680036,43243.88996852495,89666.23222213465,43242.13372827832,89669.67131383566,43243.00445397994,7.155468213902486,3.6078612774780288,3.547606936424457
89673.09368881423,43244.024543820524,89666.22257043887,43242.16705676325,89669.65406512501,43243.09470152476,7.117761298062223,3.563091048295408,3.5546702497668146
89672.98784569412,43244.23064085676,89666.23152240274,43242.12103649737,89669.63325546865,43243.183198652114,7.078017728915251,3.5143151186103703,3.563702610304881
89672.855234629,43244.48280917599,89666.2591940913,43242.018532176226,89669.60578123196,43243.268815231844,7.041335946148485,3.4688223759519072,3.5725135701965782
89672.70445086311,43244.74992744342,89666.3009323221,43241.89175143016,89669.57149834662,43243.35155096087,7.012433231609132,3.430866983365308,3.5815662482438237
89672.54737024686,43245.00666609426,89666.3478738812,43241.769575355305,89669.53121477038,43243.43176897613,6.993748039505395,3.402571790717528,3.5911762487878667
89672.39537338026,43245.23912963489,89666.39091387557,43241.670470336714,89669.48573891369,43243.50983258737,6.984902513989218,3.384736475359322,3.6001660386298964
89672.25621456589,43245.44292868239,89666.42396498623,43241.60315181984,89669.43587918702,43243.58610510437,6.982766036004025,3.376697417476633,3.606068618527392
89672.13383440986,43245.618420322244,89666.44434887588,43241.57064870348,89669.38244400088,43243.660949836885,6.98245663925233,3.376661055497343,3.605795583754987
89672.02973288602,43245.76718339313,89666.45150832982,43241.57353880757,89669.32624176572,43243.73473009468,6.97877095980383,3.382267087013698,3.596503872790132
89671.94430153773,43245.890510012876,89666.44568009464,43241.61134736754,89669.26808089203,43243.807809187536,6.967501038370988,3.3911354547371344,3.5763655836338533
89671.87757453845,43245.98909573683,89666.42713389965,43241.68286049679,89669.20876979029,43243.880550425194,6.946291463773418,3.4012471411276723,3.545044322645746
89671.82942730967,43246.0632028362,89666.39596592309,43241.78609283527,89669.14911687096,43243.95331711744,6.91492390410334,3.411111518856233,3.5038123852471066
89671.79924461115,43246.1131519812,89666.35241057101,43241.918069334286,89669.08993054455,43244.02647257403,6.875079597735703,3.4197388291746478,3.4553407685610544
89671.78496586556,43246.14047781393,89666.2749912763,43242.05725790784,89669.03201922153,43244.10038010473,6.858024845087779,3.426472513820515,3.4315523312672633
89671.78166089898,43246.15011068159,89666.18054005996,43242.20760626417,89668.97619131235,43244.175403019304,6.849517919879868,3.4307622991117803,3.418755620768088
89671.78058313971,43246.15299173572,89666.08467369378,43242.36329018597,89668.92325522749,43244.25190462753,6.841434224811963,3.4319753773724786,3.409458847439485
89671.77016886898,43246.166714536346,89665.99839127193,43242.5067957264,89668.87401259715,43244.33024446493,6.834356028570619,3.4293357190684204,3.405020309502198
89671.73923849319,43246.21134849757,89665.93229114056,43242.6183845849,89668.82825298616,43244.41021870563,6.828618252174044,3.423142583876831,3.4054756682972136
89671.68064884107,43246.30087028408,89665.893270492,43242.68415255595,89668.78368780142,43244.49046672692,6.824543595010981,3.416130018749077,3.4084135762619043
89671.59355686927,43246.43568731728,89665.88228333455,43242.70347632629,89668.73777318285,43244.56948581291,6.8226127157870735,3.41148186548358,3.411130850303494
89671.48521530943,43246.60311773479,89665.89107874043,43242.68866751127,89668.68807679425,43244.6458434797,6.8276851498134645,3.4139282919697096,3.413756857843755
89671.36652388054,43246.78235512602,89665.90769292065,43242.660868593965,89668.6339763346,43244.71924711049,6.8399917165594974,3.4239203808709986,3.416071335688498
89671.24985062827,43246.95432969785,89665.92192068731,43242.641816169606,89668.57631887497,43244.790329423435,6.854532105629789,3.4395739886781893,3.4149581169515995
89671.14529058404,43247.10804087761,89665.9229375338,43242.642447606464,89668.51599394779,43244.85974987665,6.871280422500525,3.45948164129027,3.4117987812102544
89671.05723021456,43247.24051746345,89665.9061533785,43242.66520493715,89668.45389108548,43244.92816792827,6.889635497202681,3.4820015786679597,3.407633918534722
89670.98461220867,43247.354357550015,89665.8727653263,43242.70684143861,89668.39089945008,43244.99624274116,6.908718010932141,3.505431688941383,3.4032863219907576
89670.9230756001,43247.45486824615,89665.82735230343,43242.761593109295,89668.32768553593,43245.064455943626,6.927714444644676,3.5284728369792138,3.3992416076654615
89670.86746222453,43247.547757171065,89665.77519399623,43242.823645099736,89668.26431657634,43245.13281136917,6.946109023864875,3.5508211010642348,3.39528792280064
89670.81365397455,43247.637584206204,89665.72049058873,43242.88854598101,89668.20076001821,43245.20123329086,6.963740183186294,3.572536999071454,3.3912031841148402
89670.75920494519,43247.727239321495,89665.66578507842,43242.95359449861,89668.13698330845,43245.269645981825,6.980731396795986,3.5938574450594083,3.386873951736578
89670.7033862784,43247.81855399617,89665.6122710591,43243.017472586165,89668.07295389392,43245.33797371515,6.997845159882368,3.615584746611045,3.382260413271322
89670.64570184775,43247.91204639015,89665.5603775926,43243.07964592465,89668.00863922157,43245.4061407639,7.015170492512409,3.6378100970282468,3.3773603954841627
89670.58600061838,43248.007907451334,89665.5102156124,43243.13991471005,89667.94400673827,43245.47407140119,7.032847698908533,3.660663435982933,3.3721842629256003
89670.524349578,43248.10633349435,89665.46180071292,43243.198191717835,89667.87902389091,43245.54168990012,7.051188318978889,3.6844463296633445,3.366741989315545
89670.4607976829,43248.20746897805,89665.41513284927,43243.25442278459,89667.81365812643,43245.60892053378,7.070459688582076,3.709420689093073,3.3610389994890033
89670.39535976124,43248.311437247205,89665.37021649897,43243.308564572384,89667.74787689169,43245.67568757524,7.090895557463643,3.7358187694028886,3.3550767880607544
89670.32801945016,43248.41835436514,89665.32706313509,43243.360578744614,89667.6816476336,43245.741915297614,7.112711036782991,3.763855719027571,3.3488553177554192
89670.25873571991,43248.528337781085,89665.27708168582,43243.40157183409,89667.61493779904,43245.80752797399,7.148468786430887,3.793741352908533,3.3547274335223545
89670.1772293811,43248.630793843025,89665.21230678911,43243.422621752485,89667.54771483492,43245.87244987747,7.195520333450346,3.810880237016635,3.38464009643371
89670.08394047701,43248.7257377542,89665.151313442,43243.4424119421,89667.47994618815,43245.93660528114,7.228024702731963,3.8157628606463923,3.412261842085571
89669.98835853099,43248.823036427435,89665.094170344,43243.4609247951,89667.41159930563,43245.999918458096,7.259842916152939,3.8222615261458355,3.4375813900071037
89669.8904235704,43248.92275245129,89665.04093134847,43243.47814380207,89667.34264163426,43246.06231368141,7.291182219204414,3.830574728464918,3.4606074907394957
89669.7900633499,43249.024960878975,89664.99163652718,43243.49405533378,89667.27304062092,43246.12371522421,7.322282166293393,3.840915225240184,3.481366941053209
89669.68719242005,43249.12975017593,89664.94631239174,43243.508649594914,89667.20276371251,43246.184047359566,7.353415205522217,3.8535115265427593,3.499903678979458
89669.58171111869,43249.23722325903,89664.90497170262,43243.52192114726,89667.13177835594,43246.243234360576,7.384887933789715,3.8686095778819007,3.5162783559078146
89669.47350441384,43249.347498558796,89664.86761296424,43243.5338690507,89667.06005199812,43246.30120050033,7.417042813877259,3.886474549499421,3.530568264377839
89669.36244057438,43249.46071108071,89664.83421985655,43243.54449686735,89666.9875520859,43246.357870051936,7.450259961085271,3.90739270902278,3.5428672520624915
89669.21560289562,43249.532598921665,89664.80476063065,43243.55381253148,89666.91424606626,43246.41316728847,7.429765553903145,3.8764799716066407,3.5532855822965055
89669.05852267824,43249.59423680276,89664.77918746555,43243.56182804479,89666.84010138603,43246.46701648304,7.396125018266419,3.8341752643607228,3.561949753905696
89668.89961665869,43249.65661141828,89664.75743582007,43243.56855899178,89666.76508549211,43246.519341908715,7.363561940234909,3.7945596947120706,3.5690022455228387
89668.73887887402,43249.7197308956,89664.73942392041,43243.57402403144,89666.68916583143,43246.57006783862,7.332486125873038,3.7578851671512123,3.5746009587218257
89668.57628835595,43249.78361042334,89664.72505245078,43243.578244779674,89666.61230985088,43246.61911854583,7.3033266919179285,3.724408733102753,3.578917958815175
89668.41180887097,43249.84827051345,89664.71420387032,43243.58124711465,89666.53448499735,43246.66641830344,7.276528363303832,3.6943914807218707,3.582136882581962
89668.24539180438,43249.913731629626,89664.70673876902,43243.583066019964,89666.45565871775,43246.71189138454,7.252543854813133,3.6680956198560026,3.5844482349571307
89668.07699041706,43249.980001083655,89664.70248110425,43243.583758199,89666.37579845898,43246.75546206223,7.231821080596648,3.6457792005177585,3.5860418800788887
89667.90489565795,43250.043611796274,89664.70117809385,43243.58342713684,89666.29487166791,43246.797054609604,7.210949456525755,3.6238530343859905,3.587096422139765
89667.72976858963,43250.10494254712,89664.702427159,43243.58225787372,89666.21284579147,43246.83659329975,7.190981260315691,3.603215449901316,3.5877658104143753
89667.55340382463,43250.16659546142,89664.70559732225,43243.580541157055,89666.12968827655,43246.874002405755,7.17538244103255,3.5872182805163217,3.5881641605162278
89667.37632378384,43250.228301022624,89664.70981594763,43243.57865645136,89666.04536658061,43246.90920620473,7.164358796479833,3.5760085971675957,3.588350199312237
89667.19918487697,43250.28976315023,89664.71409951273,43243.57700031836,89665.95988572648,43246.94214322751,7.157990926545637,3.5696528586633884,3.5883380678822494
89667.02270508738,43250.350690693645,89664.71757466438,43243.57590364995,89665.87337263291,43246.97279825697,7.156211690165488,3.5680698430198987,3.58814184714559
89666.8475684336,43250.41081534554,89664.71945100659,43243.575654343076,89665.78597889979,43247.001165440866,7.158792475880793,3.5710901431815656,3.587702332699227
89666.67018098713,43250.454362194265,89664.7188488257,43243.57656226689,89665.69785612698,43247.02723892705,7.1492537404425445,3.56238536971732,3.5868683707252242
89666.493903572,43250.48488651865,89664.7145824767,43243.579003489715,89665.6091559144,43247.0510128633,7.131423698638806,3.5460212490233487,3.585402449615457
89666.32379993207,43250.5140275191,89664.70510356504,43243.583392063316,89665.5200128019,43247.072520083435,7.117154329479478,3.534126084389116,3.583028245090362
89666.16123035926,43250.54158967746,89664.68866930586,43243.59010658301,89665.43048337587,43247.09197019335,7.105740866957048,3.5261687053869744,3.579572161570074
89666.0073100455,43250.567486883716,89664.66379342544,43243.599373830526,89665.3406019695,43247.109623260934,7.096452383439674,3.521550864657751,3.5749015187819233
89665.86273014151,43250.59174570582,89664.62950712146,43243.61123164891,89665.25040291446,43247.125739357965,7.088611677605339,3.5196796212625974,3.5689320563427414
89665.72770994321,43250.61447981585,89664.58540791729,43243.625542648515,89665.15992054237,43247.140578556195,7.081673294312499,3.5199964155574075,3.5616768787550916
89665.60193211638,43250.635880418304,89664.53171445522,43243.64199909741,89665.06918918478,43247.1544009274,7.075290932038612,3.5220043266222048,3.553286605416408
89665.48425929465,43250.65625045264,89664.46953091302,43243.66009380708,89664.9782431733,43247.16746654334,7.06936217050102,3.5252894180261407,3.544072752474879
89665.37226291386,43250.67606847266,89664.40023152954,43243.67146929397,89664.88711683956,43247.18003547579,7.071722185311377,3.5295344492796232,3.5421877360317535
89665.26193422703,43250.69602773344,89664.32710676719,43243.668802211054,89664.79584451516,43247.1923677965,7.089132593068532,3.534525791841368,3.5546068012271648
89665.14751360225,43250.71274271147,89664.25755223872,43243.66601746844,89664.70445990546,43247.20463798122,7.10270144940326,3.535971631199933,3.566729818203327
89665.02317923272,43250.7221755184,89664.19718527173,43243.662842287486,89664.61299314267,43247.216532095954,7.107492644294589,3.529559240728935,3.5779334035656545
89664.88576785635,43250.73330892886,89664.15066314493,43243.65911946827,89664.52147309355,43247.22756324193,7.1122806089932205,3.524622461427086,3.5876581475661347
89664.73257118202,43250.74615722509,89664.12095482001,43243.65492538892,89664.42992862342,43247.23724431849,7.117558818065957,3.5219401335635085,3.5956186845024476
89664.56261256359,43250.76028673125,89664.10910807698,43243.6506172245,89664.33838859756,43247.24508822494,7.124118669325583,3.5223425338439065,3.6017761354816757
89664.37691373055,43250.77482709263,89664.11391422401,43243.6468201925,89664.24688188126,43247.250607860624,7.132857149048534,3.52661728531466,3.606239863733875
89664.17927078826,43250.78863895056,89664.13110695437,43243.644280373956,89664.15543733988,43247.25331612489,7.144520923475039,3.5354031615895054,3.6091177618855332
89663.97701522756,43250.800772473835,89664.15265500834,43243.64345008683,89664.06408383866,43247.25272591706,7.15947715159055,3.5491147223043407,3.610362429286209
89663.78052679308,43250.81110499229,89664.16742137127,43243.64392745131,89663.97284617774,43247.248410521526,7.177612508245749,3.567881533587328,3.609730974658422
89663.60079219153,43250.820640695914,89664.16389935813,43243.64428175861,89663.88169161018,43247.24079804244,7.198417692670467,3.5908464053805735,3.607571287289894
89663.44803648119,43250.807940241546,89664.13413248771,43243.64268658371,89663.79054470899,43247.230950565616,7.198026653969746,3.5933503903488577,3.6046762636208887
89663.32320808058,43250.78909309661,89664.07679993715,43243.63798714114,89663.69932903882,43247.21994515394,7.190703517224724,3.5889112571753947,3.6017922600493284
89663.21925586903,43250.77326159426,89663.99821960067,43243.6303425765,89663.60796816439,43247.208858870305,7.185268024887992,3.5855353891846753,3.5997326357033166
89663.12377897168,43250.759118019785,89663.91091731859,43243.62098271802,89663.51639107581,43247.198729517004,7.1814039270504795,3.581970205773091,3.5994337212773884
89663.021736453,43250.74501211488,89663.83016753796,43243.611452484605,89663.42466130354,43247.18962130755,7.179222368600811,3.578149274137115,3.601073094463697
89662.89961828291,43250.72950949745,89663.7698346415,43243.6030961294,89663.33298257223,43247.180583952504,7.179348438611976,3.5752869997811874,3.6040614388307888
89662.74842822389,43250.7113703467,89663.73926685214,43243.597093929246,89663.24156516338,43247.17061971471,7.182944391482354,3.574926443862374,3.60801794761998
89662.56480245502,43250.689317568234,89663.74198552611,43243.59469997867,89663.15061935846,43247.158730857,7.191617253792655,3.5788579141814063,3.612759339611249
89662.35877000532,43250.62332020546,89663.77552554505,43243.59714807255,89663.06035543898,43247.14391964223,7.16758614183359,3.5494295879935254,3.6181565538400653
89662.13456028231,43250.54490236955,89663.83197198556,43243.605040813025,89662.9709836864,43247.12518833324,7.144430342163889,3.5205181722371512,3.623912169926738
89661.90213314211,43250.46090406408,89663.89969622753,43243.617623548096,89662.8826947961,43247.10168176441,7.128867126034104,3.49941075266477,3.6294563733693335
89661.67216054027,43250.3743263555,89663.96658194133,43243.63271886629,89662.79554344478,43247.07353487981,7.121351072951748,3.486719592413998,3.6346314805377506
89661.45259847396,43250.288682634564,89664.0230985069,43243.64757874889,89662.7095266029,43247.04130267962,7.121216977435002,3.482146592705274,3.639070384729728
89661.25842877936,43250.18208258241,89664.0635461764,43243.65998463432,89662.62464103171,43247.005541687155,7.099749661477563,3.457882007488557,3.6418676539890056
89661.08214442496,43250.081588548426,89664.08543973346,43243.66878674013,89662.54088349239,43246.96680842574,7.081229394858041,3.4394439782476534,3.6417854166103876
89660.92252222635,43249.989704318425,89664.08813481191,43243.67374996742,89662.45824938576,43246.925658301334,7.064869595814832,3.4273657381439047,3.6375038576709278
89660.778629857,43249.90663715908,89664.07163719105,43243.67509771065,89662.3766639475,43246.882589088505,7.048118983069134,3.4203186529299856,3.6278003301391486
89660.64967002167,43249.83229972816,89664.03602578648,43243.673130362644,89662.29594977936,43246.83801426175,7.028710595761886,3.417013680821521,3.611696914940365
89660.53518240676,43249.76658060959,89663.9814563936,43243.66804513207,89662.21592133309,43246.792340601445,7.004922509412063,3.4162826236305834,3.58863988578148
89660.43497743859,43249.709417088496,89663.9082252757,43243.659884522014,89662.13639306044,43246.745974887934,6.975693141971317,3.41713400298371,3.5585591389876066
89660.34901711959,43249.66077604458,89663.81685727289,43243.648558884524,89662.05717941317,43246.69932390157,6.940653464082592,3.4187742271927544,3.5218792368898377
89660.27726329838,43249.62056669919,89663.70821238327,43243.63392116211,89661.97809484303,43246.65279442272,6.900096840602265,3.420599396045705,3.4794974445565603
89660.21942697783,43249.588466735746,89663.5836681748,43243.61591024235,89661.89895380176,43246.60679323173,6.854892406031674,3.4221611938754637,3.4327312121562104
89660.17456130819,43249.56366231004,89663.45832785209,43243.57120160877,89661.81957074115,43246.561727108965,6.833206273129392,3.4231083806990346,3.410097892430357
89660.14059665649,43249.544608592085,89663.3284200745,43243.51127618212,89661.73976011288,43246.518002834775,6.823731978432565,3.423107677303389,3.4006243011291764
89660.11413627435,43249.529019116475,89663.19160098469,43243.44858670222,89661.65933653283,43246.476023672985,6.814869579652003,3.4217575917606506,3.393111987891352
89660.09073363518,43249.51415178348,89663.05216097704,43243.385375050064,89661.57812637454,43246.43594085269,6.806758123301429,3.418730714103366,3.3880274091980636
89660.06562547477,43249.497272013716,89662.91435390062,43243.323650636565,89661.49597543178,43246.39748932075,6.799180432421982,3.4138766443930737,3.385303788028908
89660.03437032612,43249.47598804838,89662.78210912859,43243.265047456465,89661.41273131684,43246.360365042325,6.791601546243786,3.406902660282129,3.3846988859616567
89659.99250592415,43249.44810878431,89662.65944520516,43243.21101839432,89661.32824164203,43246.32426398257,6.783351801394269,3.397439661474884,3.3859121399193857
89659.9346015184,43249.41131631019,89662.55146506097,43243.16320420658,89661.2423540196,43246.28888210665,6.773985507781522,3.385234402491472,3.3887511052900505
89659.85366175682,43249.36299876994,89662.46503905214,43243.12364451609,89661.15491670005,43246.25391507686,6.763788352953918,3.37041033672021,3.3933780162337075
89659.74178450025,43249.30047344205,89662.40877226784,43243.09487594353,89661.06616772422,43246.218873548096,6.754425517103605,3.3541390594791523,3.4002864576244525
89659.59164082188,43249.22122147973,89662.39241226317,43243.08016048222,89660.9773965687,43246.18276912928,6.749588938710549,3.3395376440238103,3.4100512946867396
89659.39673886984,43249.12212243849,89662.42517521277,43243.08363617359,89660.89006822043,43246.14453012637,6.755349217814248,3.331079183473221,3.4242700343410273
89659.15190136993,43248.99850658466,89662.51455834504,43243.11107987997,89660.80564766625,43246.10308484531,6.780063062786153,3.3344180693653866,3.4456449934207662
89658.85480954494,43248.84353994088,89662.66408326791,43243.17036764641,89660.72559989305,43246.05736159206,6.833406923289498,3.3559866385334094,3.477420284756089
89658.52031879978,43248.63660192233,89662.86862149899,43243.26963022998,89660.65138988779,43246.006288672565,6.907396145462685,3.3852639149726436,3.522132230490041
89658.1596254913,43248.38638209627,89663.10910139763,43243.41092132414,89660.58448263729,43245.9487943928,7.018014081085636,3.4382795102439534,3.5797345708416826
89657.79671824767,43248.10718603178,89663.35295444069,43243.58141839191,89660.5263034146,43245.88383414578,7.166193784902884,3.5205012132545876,3.6456925716482966
89657.45871906725,43247.824955004915,89663.56437173314,43243.75142567978,89660.47676679335,43245.8113937053,7.339798065292403,3.6280905700301957,3.711707495262208
89657.16432682925,43247.57183370967,89663.74495235206,43243.87034059899,89660.43384387673,43245.73278439976,7.55021082618717,3.7512456715078906,3.7989651546792795
89656.9218018687,43247.373406203806,89663.8702402661,43243.92476495186,89660.3953777745,43245.649404856245,7.7571852270758725,3.8778744461121057,3.879310780963767
89656.73270081324,43247.241449565605,89663.90066543849,43243.923232666646,89660.35921159633,43245.56265370181,7.8987518164138075,3.9962402345351733,3.902511581878634
89656.59504422896,43247.17356941855,89663.83471426014,43243.87304481813,89660.323188452,43245.473929563545,7.956524668366854,4.09729605771187,3.859228610654984
89656.50364271108,43247.156267882114,89663.68360212389,43243.792455923605,89660.28515585458,43245.38462846161,7.92887432500976,4.175948741399132,3.7529255836106277
89656.4496142507,43247.170068245476,89663.4979411529,43243.68804996496,89660.243670951,43245.295726295815,7.861511522996741,4.231787327987044,3.6297241950096972
89656.42143440495,43247.19595910673,89663.3209302887,43243.5636137496,89660.19877623873,43245.20731960271,7.797241579126475,4.268840405322781,3.528401173803695
89656.40763060657,43247.22051598163,89663.13145058141,43243.4461911197,89660.15070084117,43245.119394431786,7.71072520697153,4.2924685844380255,3.418256622533504
89656.39904184107,43247.237082766595,89662.939430024,43243.33977272588,89660.09967388165,43245.031936832536,7.613521073513194,4.307823823027874,3.30569725048532
89656.3895277888,43247.24389952957,89662.7509513821,43243.244141826,89660.04592448357,43244.944932854465,7.514371019634192,4.319083764268923,3.1952872553652685
89656.37547187961,43247.241552898915,89662.56916701353,43243.15747428427,89659.98968177025,43244.85836854708,7.41899976698216,4.329212490562758,3.0897872764194023
89656.35495343055,43247.23126217299,89662.41611588877,43243.06356897877,89659.9311748651,43244.77222995986,7.35577031357873,4.340069028724248,3.015701284854482
89656.32707967212,43247.214145442755,89662.34402003861,43242.92221808952,89659.87063289143,43244.686503142315,7.390819425431138,4.35267102099838,3.0381484044327585
89656.2915490333,43247.19104464974,89662.27429524098,43242.78510169181,89659.80828497265,43244.60117414395,7.430046132702126,4.367477636337016,3.06256849636511
89656.24837847307,43247.16255355804,89662.2068702891,43242.65220304036,89659.7443602321,43244.51622901426,7.473077446004974,4.384623364720551,3.0884540812844232
89656.19773498776,43247.12908506613,89662.14171061227,43242.523557682216,89659.67908779316,43244.43165380274,7.519423429278925,4.4040836477560745,3.11533978152285
89656.13983616061,43247.09092877223,89662.0788192504,43242.39924444353,89659.61269677918,43244.3474345589,7.568581239635247,4.425779182764055,3.1428020568711914
89656.07489374965,43247.048289021026,89662.01823261287,43242.27938066069,89659.54541631354,43244.263557332226,7.620089487156689,4.44963565307058,3.1704538340861097
89656.0030830598,43247.00130749928,89661.96001519839,43242.164119752524,89659.4774755196,43244.18000817222,7.673553661843553,4.47561536077595,3.1979383010676035
89655.92452693924,43246.95007503183,89661.91465490939,43242.045133745654,89659.40910352068,43244.09677312838,7.742098043784128,4.503732419244135,3.238365624539993
89655.83928678688,43246.89463660638,89661.90702208642,43241.90214576606,89659.34052944022,43244.01383825023,7.85763173329191,4.5340599120844844,3.3235718212074263
89655.7473561194,43246.834992243435,89661.8997585974,43241.76626687298,89659.27198240154,43243.93118958724,7.97145113089799,4.566734095043064,3.404717035854926
89655.64865413234,43246.771095263975,89661.89290490879,43241.63824852137,89659.20369152799,43243.848813188924,8.083117185979765,4.60195864938361,3.4811585365961553
89655.54301793515,43246.702848596484,89661.88650271934,43241.51884379634,89659.13588594296,43243.766695104765,8.192295464345568,4.6400105440025365,3.552284920343032
89655.43019296025,43246.63009902201,89661.88059468263,43241.40880113296,89659.0687947698,43243.68482138428,8.298773043427664,4.681248069882148,3.6175249735455153
89655.30982049395,43246.55262954679,89661.88205575057,43241.30340156016,89659.0026471319,43243.60317807696,8.411222903006578,4.726122358855515,3.6851005441510636
89655.1814216097,43246.47014956871,89661.89968294097,43241.196776478624,89658.9376721526,43243.521751232314,8.540696638013605,4.775193283121716,3.765503354891889
89655.04437662632,43246.382282291706,89661.91483157847,43241.10482451169,89658.87409895525,43243.44052689983,8.663412253227213,4.829150846919888,3.834261406307324
89654.90324315242,43246.28454951306,89661.9273745657,43241.02835890558,89658.81215666325,43243.35949112901,8.773024667299993,4.882168717401872,3.8908559498981203
89654.7596736958,43246.174801338835,89661.9372091956,43240.96806625428,89658.75207439995,43243.27862996936,8.867192683806595,4.932248167306527,3.934944516500068
89654.60593964295,43246.05750201321,89661.94425947964,43240.92449544593,89658.69408128869,43243.19792947037,8.95537237893332,4.988993610278692,3.9663787686546277
89654.44082103872,43245.93176045542,89661.94847817217,43240.89804849029,89658.63840645287,43243.11737568155,9.038980682651287,5.053759488193053,3.9852211944582336
89654.25539769541,43245.80120254699,89661.9498484284,43240.88897339687,89658.58527901584,43243.03695465239,9.128776878951948,5.137016514653016,3.991760364298932
89654.05211405864,43245.661074575095,89661.94838501557,43240.89735923487,89658.53492810095,43242.95665243238,9.221934659710556,5.235410286120425,3.98652437359013
89653.8301507598,43245.50840227239,89661.94413496855,43240.92313345884,89658.48758283159,43242.87645507104,9.319947952240776,5.349656023899613,3.970291928341163
89653.62019808845,43245.32317216835,89661.93717754298,43240.96606152164,89658.44347233108,43242.79634861786,9.389172510643624,5.445072237806859,3.9441002728367645
89653.51179003698,43245.062167385964,89661.9276237133,43241.02574849956,89658.40282572285,43242.716319122344,9.333752401581156,5.4245031252980835,3.909249276283072
89653.39630134449,43244.78491663807,89661.91561827659,43241.10164126299,89658.3658721302,43242.63635263398,9.281448080887623,5.41414453759165,3.8673035432959733
89653.30184852953,43244.47860500293,89661.90134323764,43241.19303258586,89658.33284067655,43242.556435202285,9.205775108187018,5.385686467467673,3.820088640719343
89653.31497963954,43244.11697421828,89661.88502290913,43241.29906765334,89658.30396048521,43242.47655287674,9.02143220621773,5.251753236415717,3.769678969802014
89653.32794298089,43243.74646651041,89661.89096930133,43241.41220096338,89658.2794606796,43242.39669170685,8.875483953484277,5.132194417685626,3.743289535798652
89653.35283384721,43243.364237089154,89661.90059863904,43241.53961838461,89658.25957038303,43242.316837742124,8.74033845760168,5.017281019049461,3.7230574385522184
89653.51307958087,43242.95345776322,89661.91136341005,43241.68170759102,89658.24451871889,43242.23697703205,8.49402847746816,4.785379917512464,3.7086485599556944
89653.66771281062,43242.55229457375,89661.92286731445,43241.837918499456,89658.23453481054,43242.157095626135,8.286006822204332,4.583889766034159,3.702117056170173
89653.8270372762,43242.160044735436,89661.93413525658,43242.007461292844,89658.22984778135,43242.07717957387,8.108533737389791,4.403590237428384,3.704943499961408
89653.98873399482,43241.77805787725,89661.98961546377,43242.1914169266,89658.23068675467,43241.99721492476,8.011552283038991,4.247610272648281,3.763942010390711
89654.23533233412,43241.41779218287,89662.06677245013,43242.39506270222,89658.23728085388,43241.91718772831,7.89218043119444,4.03298746161933,3.85919296957511
89654.52379468555,43241.09144714715,89662.12848957442,43242.61325145218,89658.24985920232,43241.83708403401,7.755467277708451,3.7999383087328935,3.9555289689755573
89654.77809067673,43240.79268080966,89662.16151664534,43242.83222915431,89658.26865092339,43241.75688989136,7.659943634526891,3.621285681743359,4.038657952783531
89654.94819939167,43240.50761273418,89662.15533625575,43243.02577777031,89658.29388514042,43241.67659134986,7.6343943392180655,3.544026542406777,4.090367796811289
89655.06671253181,43240.254338597406,89662.11015515105,43243.15428226407,89658.3257909768,43241.59617445902,7.617070119166876,3.52450220457812,4.092567914588757
89655.15495645373,43240.06964225817,89662.0418539952,43243.172274770855,89658.36459755588,43241.515625268315,7.553521447340941,3.5203214157569054,4.033200031584036
89655.19282378824,43239.98320630071,89661.97571764699,43243.043824159824,89658.40998138148,43241.43487135555,7.441440101119916,3.529509089266036,3.9119310118538797
89655.16918873794,43240.02214882811,89661.92888038015,43242.759157420434,89658.45687753611,43241.3533386169,7.292780480183695,3.5469654477296664,3.7458150324540287
89655.09814868118,43240.194306305806,89661.89358049935,43242.34485867623,89658.49780847419,43241.27019767255,7.127606126419847,3.5658419680685345,3.5617641583513127
89655.02116503821,43240.45862999177,89661.93474974997,43241.890996533744,89658.52527755182,43241.1846171219,7.060405617045822,3.5785278846356374,3.481877732410184
89654.97655081515,43240.71371338723,89661.95331218386,43241.463463329,89658.53331618379,43241.09593724256,7.016931250280645,3.5772440457943833,3.4396872044862614
89654.96662406498,43240.84829862284,89661.94129836294,43241.154749459405,89658.52691315784,43241.0047293785,6.981403417500475,3.563724036177783,3.4176793813226922
89654.97236028865,43240.812355118615,89661.93284830099,43241.00828920251,89658.51583994823,43240.91210221101,6.963245187060335,3.544883295723468,3.418361891336867
89654.98500546414,43240.63494173054,89661.95149469851,43240.99903925641,89658.50988796938,43240.819166661626,6.975997366754067,3.52969340042214,3.4463039663319264
89655.00422164433,43240.40092456637,89661.96538537146,43241.046887620505,89658.51745311006,43240.72693582202,6.991070640697279,3.528325193440556,3.4627454472567227
89655.01949605953,43240.21185940657,89661.98191453844,43241.05092784474,89658.53618539876,43240.635669472045,7.012795941666715,3.5421347913733854,3.47066115029333
89655.01318386664,43240.14668159274,89662.01572835397,43240.93391564548,89658.55874412111,43240.54527752789,7.046656423499918,3.567895211126594,3.4787612123733243
89654.9832401761,43240.237775941234,89662.07251556395,43240.66751239284,89658.57776103252,43240.45566797583,7.102288289187518,3.601118871406253,3.501169417781265
89654.95275370777,43240.45961832954,89662.13021503329,43240.276148334335,89658.58586788843,43240.36674880213,7.179805869141476,3.6343009505026376,3.5455049186388385
89654.9482626937,43240.7303346569,89662.16233222492,43239.83201302297,89658.57758748013,43240.27839820715,7.26978548234824,3.657354913057756,3.612430569290485
89654.97088636286,43240.94951270246,89662.15185616836,43239.428852394514,89658.55579786182,43240.190362786554,7.3402135609026375,3.6644097819633448,3.6758037789392928
89655.0010701134,43241.05072486934,89662.12912463627,43239.132770691554,89658.52568394018,43240.10235280057,7.381579066095997,3.6499742750840847,3.731604791011912
89655.02483746361,43241.01822209376,89662.12839773213,43238.96117733789,89658.49243069808,43240.014078508175,7.395404087408209,3.610056395709094,3.7853476916991142
89655.04475139592,43240.872674108534,89662.15051593239,43238.90216799103,89658.46121847791,43239.9252504709,7.373925956150209,3.5453996772516483,3.8285262788985603
89655.07232684467,43240.652324130846,89662.18338938008,43238.92571838682,89658.43569707453,43239.83567903326,7.317675708703633,3.4610935437337775,3.8565821649698555
89655.11663226013,43240.39778232587,89662.21351226675,43238.99446613486,89658.41578321088,43239.745417914826,7.234293480380557,3.3630308236127817,3.871262656767775
89655.0933710482,43240.15448747893,89662.2337074233,43239.07521045272,89658.40083519023,43239.654557240916,7.22144323862614,3.3450335265375846,3.876409712088555
89655.0389904241,43239.92632998053,89662.24372801962,43239.1456148374,89658.39021131593,43239.563187136875,7.246913822790346,3.3708387963097093,3.8760750264806374
89654.98928979365,43239.71489469656,89662.24686793501,43239.19420859192,89658.38326989123,43239.47139772804,7.276232163526239,3.402703583393378,3.873528580132861
89654.9438082659,43239.523815259294,89662.24682029124,43239.21657314268,89658.37936921947,43239.37927913975,7.30947209861733,3.4385999702715084,3.870872128345822
89654.90240275314,43239.354591830415,89662.24630506105,43239.21159964471,89658.37786760397,43239.286921497325,7.345294267306428,3.4761235886106046,3.8691706786958227
89654.83770793497,43239.20821643057,89662.24693990345,43239.179333224536,89658.378123348,43239.19441492614,7.409288265563013,3.540442313933994,3.868845951629018
89654.72207252507,43239.08463911682,89662.23611008804,43239.11999731297,89658.37949475487,43239.101849551495,7.5141207536058685,3.6574627224557124,3.8566580311501566
89654.62628770655,43238.98539989436,89662.21964862953,43239.0337613539,89658.38134012792,43239.00931549874,7.593514926399923,3.755128578809514,3.8383863475904088
89654.55270224482,43238.912751724034,89662.19970403069,43238.92103929144,89658.38301777045,43238.91690289321,7.647006276760742,3.830317775078184,3.816688501682558
89654.50224386976,43238.86810222262,89662.17629818436,43238.7822991712,89658.38388598574,43238.824701860256,7.674533978494984,3.881884736560243,3.792649241934741
89654.47448742924,43238.85177218024,89662.14941708694,43238.618176171585,89658.38330307709,43238.73280252519,7.678483727010094,3.910625723299178,3.767858003710916
89654.46787376223,43238.86264002859,89662.11893033075,43238.429818693025,89658.38062734785,43238.64129501336,7.6632891713127655,3.919009343900626,3.74427982741214
89654.47997215898,43238.897631540334,89662.06925550105,43238.220850140446,89658.3752171013,43238.55026945011,7.619399891683852,3.910702441047898,3.708697450635954
89654.50763583083,43238.951350272466,89662.00598648787,43237.99620836661,89658.36643064074,43238.45981596077,7.558938988792674,3.8899747254456942,3.6689642633469797
89654.54703323312,43239.01645319505,89661.93803766924,43237.761328672736,89658.35363636626,43238.37002401477,7.496818267861584,3.8611006330260373,3.635717634835546
89654.59381507935,43239.085104623155,89661.86661158138,43237.52251188526,89658.33655552624,43238.280960159536,7.438767708732078,3.8281528667440177,3.6106148419880606
89654.64361447001,43239.150864634474,89661.78714412842,43237.2866366198,89658.31534602141,43238.19266257642,7.38277468647612,3.7947020659837234,3.5880726204923965
89654.69265953095,43239.20977952354,89661.70448760089,43237.05681870261,89658.29019284893,43238.10516768646,7.334914667455114,3.7632981923575715,3.5716164750975428
89654.73821152399,43239.260264264456,89661.62293741357,43236.83365172621,89658.261281006,43238.01851191073,7.299856093478513,3.7355009681477633,3.5643551253307493
89654.778617009,43239.30225233599,89661.54315036988,43236.61712509313,89658.2287954898,43237.93273167029,7.277968116228299,3.7120504311249585,3.5659176851033405
89654.81308326354,43239.33634186849,89661.46536035319,43236.406683344496,89658.19292129757,43237.84786338621,7.268816240954387,3.69308452766596,3.575731713288427
89654.8413871057,43239.363285468455,89661.38955317248,43236.20165677758,89658.15384342644,43237.76394347955,7.271476797541364,3.6783504012364205,3.593126396304944
89654.86363821093,43239.38378652042,89661.31559910282,43236.00143107423,89658.11174687365,43237.68100837138,7.284787417272411,3.6673782610611303,3.617409156211281
89654.88012025776,43239.39845302731,89661.23091214507,43235.81249745154,89658.06681663635,43237.59909448276,7.293259558475231,3.6596072167854294,3.633652341689802
89654.89119389237,43239.40780582137,89661.10858859128,43235.65204401795,89658.01923771176,43237.51823823475,7.26372793860043,3.6544662812044093,3.60926165739602
89654.89697482617,43239.412469343304,89660.99058320474,43235.49714393682,89657.96919509706,43237.438476048424,7.243054335705977,3.6517375208345584,3.5913168148714187
89654.89770624501,43239.412966628,89660.87646981247,43235.34723243955,89657.91687378945,43237.35984434484,7.2302011235307075,3.651120892407038,3.5790802311236694
89654.89574497705,43239.40827270936,89660.76588061263,43235.201840264424,89657.8624587861,43237.28237954506,7.2216733721394215,3.649768837995454,3.5719045341439686
89654.88889126395,43239.40045584467,89660.65850091007,43235.06058123337,89657.80613508426,43237.20611807015,7.2196195959595855,3.6504013170905045,3.569218278869081
89654.87838787829,43239.389189363785,89660.55406255485,43234.923146827394,89657.74808768103,43237.131096341174,7.222106269711232,3.651597055622823,3.5705092140884096
89654.86451380877,43239.37474480784,89660.45234340552,43234.789313135116,89657.68850157369,43237.057350779185,7.228417754077942,3.6531112740324745,3.5753064800454677
89654.84749053707,43239.35732109981,89660.35318934079,43234.65897456972,89657.62756175936,43236.984917805275,7.237898827292469,3.654735748716331,3.5831630785761375
89654.82740778604,43239.33696047645,89660.25658540448,43234.532224710536,89657.56545323528,43236.91383384048,7.2499279577692,3.656287129868766,3.593640827900434
89654.80408981195,43239.31341577046,89660.16279070018,43234.40948488163,89657.50236099864,43236.84413530588,7.263897946142038,3.6575966712685593,3.606301274873478
89654.77695069487,43239.28603126738,89660.0724922878,43234.291619471136,89657.4384700466,43236.77585862253,7.279210805639115,3.6585040613080393,3.620706744331076
89654.74495717333,43239.25375187721,89659.9868519894,43234.17991235943,89657.37396433663,43236.70903075904,7.295293600316078,3.6588637900194905,3.636429810296587
89654.70672044404,43239.21524877648,89659.90725257197,43234.07571992936,89657.30900682286,43236.64348773676,7.311654476522054,3.6586676868588257,3.652986789663228
89654.66090972809,43239.16931326505,89659.82180673699,43233.99324272567,89657.24374095605,43236.57888826641,7.309347725006874,3.6580484996359526,3.6512992253709213
89654.6068333221,43239.11536608254,89659.74352668495,43233.92073208098,89657.17830944769,43236.51488433824,7.305466522681793,3.6571839941194466,3.6482825285623464
89654.54490136627,43239.05384591426,89659.67340961874,43233.8559091706,89657.11285500928,43236.4511279425,7.30206431680783,3.6562995983910858,3.645764718416744
89654.47695877354,43238.986525330074,89659.60936027161,43233.796835819805,89657.04752035237,43236.387271069434,7.298932959719038,3.6556681389347183,3.64326482078432
89654.40626681846,43238.916562624516,89659.54786648054,43233.74020466317,89656.98244816896,43236.32296574418,7.29593920130115,3.6556059864729273,3.640333214828222
89654.33695463715,43238.84806272856,89659.48461420498,43233.68183532866,89656.91770068507,43236.25800781735,7.293031233563044,3.65631434738675,3.6367168861762935
89654.27312372351,43238.78522236475,89659.41554480305,43233.6176766401,89656.85307623787,43236.19266481663,7.290269088013893,3.657527801207365,3.632741286806528
89654.21795533154,43238.73136453166,89659.33758783086,43233.54460881306,89656.78831915103,43236.127300813925,7.28787155570935,3.6589503973965205,3.6289211583128287
89654.17344685218,43238.6885572703,89659.24886644416,43233.46075827111,89656.72317374819,43236.062279881095,7.286272463385254,3.6603879807120236,3.625884482673231
89654.1406595977,43238.65778103623,89659.148424095,43233.365296497,89656.657384353,43235.99796609003,7.286157962759513,3.6617644711245703,3.6243934916349425
89654.12006435989,43238.639236867384,89659.0358500302,43233.25809805088,89656.59069528912,43235.934723512604,7.288456881872688,3.6631147504124737,3.6253421314602146
89654.11164916396,43238.63244529904,89658.9111397015,43233.139610083184,89656.52285088021,43235.872916220695,7.2942681694899125,3.6645455994832195,3.6297225700066935
89654.11469230591,43238.63608111178,89658.77488854836,43233.0109916644,89656.45359544987,43235.81290828621,7.304728626657827,3.6661659427606135,3.6385626838972134
89654.12737879003,43238.64778926506,89658.61886489602,43232.886840467916,89656.38267332182,43235.755063781,7.304928369507905,3.6679986574753807,3.636929712032524
89654.14665988972,43238.66434223881,89658.43811252275,43232.782962776,89656.30983356173,43235.69974113589,7.280603689740097,3.669901910768386,3.6107017789717113
89654.16870933217,43238.6822810856,89658.25534115838,43232.679395644875,89656.23499886463,43235.64709223614,7.261900116189949,3.6717739287531512,3.5901261874367987
89654.18985033158,43238.69871636495,89658.07415773266,43232.578204609825,89656.15831146388,43235.597007809025,7.249034979269235,3.673613370411119,3.575421608858115
89654.20733716156,43238.71175485819,89657.89713932497,43232.48049150783,89656.07992767537,43235.549361829464,7.241773466952999,3.675231271708528,3.566542195244472
89654.21958495637,43238.72043418308,89657.72566649485,43232.38654183605,89656.00000381509,43235.50402827239,7.239530372766961,3.676296818101295,3.5632335546656657
89654.22592639261,43238.72440856567,89657.56020573195,43232.29617944751,89655.91869619898,43235.46088111275,7.241515608509457,3.6764223170541253,3.565093291455332
89654.22626566663,43238.72367983873,89657.40067365879,43232.20904535926,89655.83616114297,43235.419794325455,7.24688405466856,3.675244608130109,3.5716394465384513
89654.2208855911,43238.71847789943,89657.24664035269,43232.124709428244,89655.752554963,43235.38064188545,7.254858684278577,3.6724869395258093,3.5823717447527685
89654.21040694247,43238.70923008585,89657.0935387738,43232.05154167038,89655.66803397502,43235.34329776766,7.255154319126088,3.6679935846006635,3.587160734525424
89654.19575220802,43238.696521524354,89656.93851312254,43231.995086992094,89655.58275399735,43235.307636391066,7.240991798394071,3.66173680242626,3.57925499596781
89654.17797566499,43238.68098233151,89656.78718756197,43231.93977306656,89655.49682803277,43235.27357038039,7.228546816425496,3.6537416127366087,3.574805203688887
89654.15800704187,43238.66315205255,89656.63836487819,43231.88518076699,89655.41029395068,43235.24107940442,7.217552891667042,3.6440092907480057,3.5735436009190362
89654.1364949712,43238.64343169666,89656.491146717,43231.83103495566,89655.32318201134,43235.210149921855,7.207852259916545,3.6325817095374933,3.575270550379052
89654.1137760907,43238.62208125714,89656.3449693657,43231.7771881235,89655.23552247495,43235.18076839141,7.199360071655601,3.619523337461516,3.5798367341940844
89654.08996115524,43238.59925739215,89656.19951879051,43231.723570218455,89655.14734560174,43235.15292127177,7.192030834679374,3.6048986840532313,3.5871321506261427
89654.0650471882,43238.57505453328,89656.05461903634,43231.67014310575,89655.05868165198,43235.12659502165,7.185833143129328,3.588757786612032,3.597075356517295
89654.03807265968,43238.55294255311,89655.91015400054,43231.61687600947,89654.96956088587,43235.10177609975,7.184268066030659,3.574663649123859,3.6096044169067993
89654.00340229973,43238.55585658181,89655.76602962687,43231.56373770286,89654.88001356367,43235.07845096479,7.210865517515703,3.5861953562665976,3.6246701612491057
89653.96822420551,43238.55886007656,89655.62216008629,43231.51069607976,89654.79006994558,43235.05660607546,7.239621511073249,3.5973898188436175,3.6422316922296325
89653.932547646,43238.56193156629,89655.47557937977,43231.4709735571,89654.69976029183,43235.03622789046,7.256902398371356,3.608213083188857,3.648689315182499
89653.89638067287,43238.56505946407,89655.3276183839,43231.44082843701,89654.60911486269,43235.0173028685,7.266574785441849,3.618641580305471,3.6479332051363778
89653.8597317176,43238.56823766092,89655.1803913971,43231.41082849661,89654.51816391837,43234.999817468284,7.278231099265408,3.628657552623225,3.649573546642183
89653.82261038807,43238.57146283863,89655.03380814152,43231.38095591025,89654.4269377191,43234.983758148526,7.291802924172594,3.6382463449287883,3.653556579243806
89653.78502781347,43238.57473297339,89654.88778241661,43231.35119338854,89654.33546652512,43234.96911136792,7.3072287393176545,3.647394952171579,3.6598337871460758
89653.74699674657,43238.57804657759,89654.7422316863,43231.32152430632,89654.24378059665,43234.95586358518,7.324452748070664,3.656091331491016,3.6683614165796476
89653.70853154919,43238.581402371725,89654.59707671273,43231.29193273922,89654.15191019393,43234.94400125899,7.34342427147071,3.664324150172104,3.6791001212986054
89653.66964812897,43238.58479920101,89654.45224121223,43231.262403508335,89654.0598855772,43234.93351084808,7.364097406611438,3.672082774425275,3.692014632186163
89653.63036386401,43238.58823609236,89654.30765152366,43231.23292231819,89653.96773700668,43234.92437881113,7.386430754457744,3.679357391531234,3.7070733629265096
89653.5906975329,43238.591712402165,89654.16323628792,43231.20347609571,89653.8754947426,43234.91659160685,7.410387057773547,3.686139214788191,3.724247842985356
89653.55066926125,43238.59522801121,89654.01861462614,43231.17899082174,89653.7831890452,43234.910135693965,7.430985595128599,3.692420728540431,3.7385648665881672
89653.510300407,43238.598783450485,89653.87268616466,43231.18489737409,89653.69085017472,43234.904997531165,7.422737378560539,3.6981958623625677,3.724541516197971
89653.46961295028,43238.60237980591,89653.72772389188,43231.1907568838,89653.59850839138,43234.90116357715,7.416115937451895,3.7034599507424617,3.7126559867094335
89653.4286268129,43238.60601827094,89653.58364915116,43231.19657291711,89653.50619395543,43234.89862029062,7.4110668851866475,3.7082093314777835,3.7028575537088635
89653.38735059167,43238.60969931189,89653.44039946521,43231.202350926,89653.41393712707,43234.8973541303,7.407538342317649,3.7124403821695737,3.695097960148075
89653.34575780487,43238.61342201397,89653.29795165524,43231.2080990171,89653.32176816654,43234.897351554886,7.405477305070843,3.7161478925951066,3.6893294124757356
89653.30374359402,43238.617185150404,89653.15636420921,43231.2138267141,89653.2297173341,43234.89859902307,7.4048252389567635,3.719322878366764,3.6855023605899997
89653.26107455231,43238.6209916901,89653.01582647608,43231.21953987423,89653.13781488998,43234.901082993565,7.405513864781716,3.7219502488488145,3.683563615932901
89653.21736887295,43238.624856145725,89652.87667807557,43231.225232231714,89653.0460909293,43234.904789805514,7.407462742951838,3.724007211264622,3.6834555316872155
89653.17212126932,43238.62881234197,89652.73934121695,43231.230878658556,89652.95455207337,43234.90968879555,7.4105817152204665,3.7254820236531487,3.6850996915673178
89653.12478728937,43238.632914902904,89652.60419627086,43231.23643385723,89652.8631573378,43234.91571481882,7.414778949340622,3.7263959393363795,3.6883830100042427
89653.0749383835,43238.63722918765,89652.47151222432,43231.24183394709,89652.77185997646,43234.92279855709,7.419972634292235,3.7267749368630874,3.6931976974291483
89653.02236266404,43238.64182185084,89652.34135791582,43231.24700212221,89652.6806132432,43234.930870692166,7.426111114575708,3.726654152013084,3.6994569625626235
89652.9671875306,43238.64674742689,89652.21347790539,43231.251859768294,89652.58937039181,43234.93986190581,7.433198617172491,3.7260899152744402,3.7071087018980498
89652.91009060912,43238.65202260364,89652.08746824742,43231.259869356705,89652.49808467618,43234.94970287981,7.437784426567479,3.7251738518147723,3.7126105747527065
89652.8525427757,43238.65758905784,89651.96420364396,43231.29065607343,89652.40670935012,43234.96032429593,7.420299725064804,3.724048088173977,3.6962516368908274
89652.79686579663,43238.66328694298,89651.83897847458,43231.321786130604,89652.31519789397,43234.9716572312,7.4037275949263845,3.722920076678435,3.680807518247949
89652.74595067972,43238.66886267457,89651.70898027881,43231.35370868241,89652.2235592089,43234.9837294732,7.388287050553115,3.721975222998133,3.6663118275549813
89652.70269640535,43238.67401201549,89651.57161000873,43231.386876545184,89652.13192969674,43234.99679130098,7.374394876812254,3.7212533935268652,3.6531414832853883
89652.66938996363,43238.678433125395,89651.42489450113,43231.421701980216,89652.0404636239,43235.011124167584,7.362670430596144,3.720847125702694,3.6418233048934505
89652.64752573022,43238.681827507484,89651.2676004232,43231.4585388054,89651.94931525669,43235.02700952602,7.353916883311174,3.7209128373270195,3.633004045984155
89652.6379534009,43238.6838379173,89651.0990478617,43231.49772133669,89651.85863886148,43235.044728829314,7.349047677673524,3.721618748019174,3.62742892965435
89652.64107031336,43238.683940537594,89650.91887813456,43231.53964922918,89651.76858870465,43235.064563530475,7.348934902436586,3.7230517156208682,3.6258831868157175
89652.65678251308,43238.68134494164,89650.72704329198,43231.58487113435,89651.67931905253,43235.086795082534,7.354171194564871,3.7250803355457722,3.6290908590190987
89652.68400623552,43238.67502444538,89650.52424123084,43231.63405699835,89651.59098417153,43235.111704938514,7.364767984501122,3.7271897108102716,3.6375782736908504
89652.7195724015,43238.66408808845,89650.31294914172,43231.68766224042,89651.50373832796,43235.139574551424,7.37986132170285,3.7283304798652184,3.6515308418376318
89652.75682262609,43238.648653453456,89650.09882644936,43231.74512367817,89651.41773578819,43235.170685374294,7.39754466250446,3.7268506166898967,3.670694045814564
89652.78497635084,43238.6309404352,89649.8942512795,43231.81029047491,89651.33313081859,43235.20531886015,7.407938803665829,3.7205831028180736,3.6873557008477555
89652.79061553485,43238.615628337575,89649.7135003774,43231.88054340619,89651.2500280723,43235.243642931266,7.404728673299516,3.707249021863432,3.6974796514360837
89652.76141811986,43238.608505493,89649.56402941623,43231.938727402,89651.1680743745,43235.28477785483,7.396569090147591,3.6859069038194354,3.7106621863281557
89652.69562156836,43238.62465538757,89649.45333890867,43231.9799404625,89651.086669319,43235.327278154575,7.3935534948173665,3.6689813242060114,3.724572170611355
89652.59783299899,43238.67335010247,89649.38230820028,43232.00322637401,89651.0052100872,43235.36969283362,7.404738367029179,3.6675058403756453,3.7372325266535333
89652.46844425028,43238.73800728286,89649.34475478981,43232.012103539884,89650.92309386436,43235.41057090471,7.415876010641207,3.6687791792242876,3.7470968314169197
89652.3185115838,43238.81207335085,89649.32926350142,43232.01287129847,89650.83985524897,43235.44879171295,7.427297802498716,3.673974405510341,3.7533233969883746
89652.16025427966,43238.889008049715,89649.32275293383,43232.011880416554,89650.75552865991,43235.4844361397,7.439509282900361,3.682983024298202,3.7565262586021597
89652.00388379229,43238.96410316611,89649.31416701071,43232.0135389897,89650.670262124,43235.51785817257,7.45284635126165,3.69528771675923,3.75755863450242
89651.856038102,43239.03480117423,89649.29629655064,43232.019976156094,89650.5842036681,43235.54941179922,7.467265017719353,3.7101889335608327,3.7570760841585207
89651.71998521216,43239.09960544687,89649.26546596983,43232.03179305548,89650.49750131904,43235.57945100725,7.481887242589316,3.7263862048492222,3.7555010377400935
89651.59625166391,43239.155349692366,89649.22021735078,43232.04893606408,89650.41030310368,43235.608329784314,7.493107080075466,3.74002997523205,3.7530771048434155
89651.48658125721,43239.205264091,89649.160130842,43232.07121381167,89650.32275704884,43235.63640211804,7.503802031125912,3.7538330503631876,3.7499689807627252
89651.391211557,43239.24926661413,89649.08516474915,43232.098480226865,89650.23501118139,43235.66402199604,7.513427835304419,3.7670649423840095,3.746362892920409
89651.31031300024,43239.28728205676,89648.9953886074,43232.13066019208,89650.14721352812,43235.69154340596,7.521709344192291,3.779171447137881,3.7425378970544103
89651.24401807161,43239.319260131175,89648.89091789923,43232.16773935301,89650.05951211593,43235.71932033543,7.528700409880164,3.7898048619960503,3.7388955478841144
89651.19231501894,43239.34519756522,89648.77198859528,43232.20974963771,89649.97205497164,43235.74770677209,7.534759261135362,3.798812260389289,3.735947000746073
89651.1547254457,43239.36520580357,89648.63924764348,43232.256709060675,89649.8849901221,43235.77705670355,7.540447898978429,3.806184671821763,3.7342632271566654
89651.12965015267,43239.379712696355,89648.4943711253,43232.30842680462,89649.79846559414,43235.80772411745,7.546375269935288,3.8119751752479307,3.734400094687357
89651.11347829433,43239.38985532561,89648.34092102236,43232.364113530864,89649.7126294146,43235.840063001415,7.553020693254165,3.8162027106442578,3.736817982609908
89651.10001745283,43239.39792871193,89648.18490913638,43232.421921543864,89649.62762961035,43235.87442734309,7.560590751092821,3.818767845115375,3.7418229059774464
89651.0810115423,43239.407497753535,89648.03433755292,43232.47878770752,89649.54358809942,43235.91110749623,7.568965933286852,3.819478455770249,3.749487477516603
89651.04788869857,43239.42281442859,89647.89762095259,43232.53090637094,89649.46036168827,43235.94974766848,7.577769034906822,3.8186954223417535,3.7590736125650692
89650.99377006631,43239.44772280585,89647.78172320376,43232.574705586005,89649.37765277238,43235.989615727776,7.586541422252634,3.817111430282204,3.7694299919704304
89650.91460547873,43239.48468297251,89647.69096569267,43232.607793800344,89649.29516182722,43236.02997486269,7.5949626830185,3.815443075766908,3.779519607251592
89650.8093858951,43239.53427955146,89647.62666694207,43232.62948810558,89649.2125893284,43236.07008826178,7.603015509984185,3.814496109176479,3.788519400807706
89650.6799225485,43239.59467282705,89647.58700495337,43232.640978105825,89649.12963575141,43236.109219113605,7.6105196620383735,3.8146791138720135,3.79584054816636
89650.52913655962,43239.65748700199,89647.56684027649,43232.6451806808,89649.0460015718,43236.14663060674,7.61233467546116,3.8112730183219434,3.8010616571392166
89650.36733412981,43239.72372378564,89647.55808265998,43232.64610379761,89648.96140010374,43236.18161768669,7.61476188174678,3.8109271971347107,3.80383468461207
89650.20365984601,43239.78935012928,89647.55123570756,43232.64774401876,89648.87578368408,43236.21406653319,7.61826040825729,3.8139097909991757,3.8043506172581143
89650.04639168107,43239.85133894471,89647.53768963572,43232.65306907226,89648.78931605173,43236.24438623907,7.62290463727655,3.8197312678514885,3.803173369425062
89649.90144060837,43239.90796819512,89647.51135855011,43232.663689856876,89648.70216823393,43236.27300392524,7.62837209941756,3.827691141066105,3.800680958351454
89649.77215443144,43239.95851199756,89647.46959108875,43232.6823862628,89648.61451125793,43236.300346712655,7.631762814390629,3.83696637578107,3.794796438609559
89649.6599925451,43240.00249798772,89647.41148235489,43232.710991422995,89648.52651615099,43236.32684172224,7.6303254228713655,3.846455214603724,3.7838702082676408
89649.56217858549,43240.02882383857,89647.3357950957,43232.7465664238,89648.43835394035,43236.352916074924,7.614988936210698,3.8438626041847463,3.7711263320259514
89649.48273758787,43240.05033959102,89647.24275419729,43232.78902200397,89648.35019565327,43236.37899689163,7.598964316936797,3.842057840528952,3.7569064764078455
89649.42124260672,43240.06706305066,89647.13300400758,43232.83817167639,89648.262212317,43236.405511293306,7.582407690670704,3.840613555704846,3.7417941349658577
89649.37647535646,43240.079068135565,89647.0079223937,43232.893635326596,89648.1745749588,43236.43288640087,7.56574436454036,3.839167332678855,3.7265770318615052
89649.34585429027,43240.0867180437,89646.87011276599,43232.95465911568,89648.08745460589,43236.46154933526,7.549540426258625,3.837371226538391,3.7121691997202344
89649.32510785478,43240.090910426385,89646.72365669186,43233.01993308779,89648.00102228555,43236.4919272174,7.53433929923527,3.834824993814187,3.699514305421083
89649.3086816747,43240.093141788784,89646.57368203021,43233.087584239045,89647.91541776131,43236.52436965131,7.5205092671990075,3.8310989156544952,3.6894103515445122
89649.29089642069,43240.095241177085,89646.42528470398,43233.15546522875,89647.8306026759,43236.558784598375,7.508143627023521,3.8260923870416237,3.6820512399818974
89649.26719746782,43240.09888646075,89646.28245650035,43233.22161220681,89647.7464756826,43236.59492384056,7.497038068914406,3.8197315078110012,3.6773065611034044
89649.23470652472,43240.105240211036,89646.14763070265,43233.28459591942,89647.66293536201,43236.632538979655,7.486736651172836,3.8118392450833767,3.6748974060894595
89649.1919932407,43240.114894692575,89646.02193834726,43233.34357913323,89647.57988029472,43236.67138161742,7.476627744624142,3.8021954775278863,3.6744322670962557
89649.13851578369,43240.1280421954,89645.90575991488,43233.398156999734,89647.49720906137,43236.711203355626,7.466060892745211,3.790603568525026,3.6754573242201842
89649.07415529522,43240.14468275712,89645.79917318493,43233.44815990515,89647.41482024257,43236.75175579601,7.454456796419021,3.776949321925646,3.677507474493375
89648.99897076965,43240.1647644456,89645.70218237901,43233.49351968042,89647.3326124189,43236.79279054037,7.441392370356541,3.761244231723187,3.680148138633355
89648.91310841135,43240.188251060725,89645.61479497173,43233.53420629448,89647.25048417099,43236.83405919044,7.426653573259866,3.7436509542557115,3.683002619004155
89648.81678221918,43240.21514234523,89645.53702708629,43233.57021307359,89647.16833407943,43236.875313348,7.410254972456074,3.724491777436777,3.6857631950192973
89648.71030155082,43240.24545475665,89645.46885966866,43233.60158364523,89647.08606072483,43236.91630461482,7.392426450132628,3.7042406681641498,3.688185781968478
89648.59496178261,43240.28073838244,89645.41009146089,43233.62850274254,89647.00356268778,43236.956784592636,7.375339854878874,3.6852706652004468,3.690069189678427
89648.4760342999,43240.32982014309,89645.35998132887,43233.6514845839,89646.92073854893,43236.99650488324,7.369528611751843,3.678306063198197,3.6912225485536463
89648.35053120789,43240.381522774784,89645.3166332283,43233.67163996883,89646.83748688883,43237.03521708838,7.363902784543257,3.672473942494733,3.6914288420485244
89648.22214919716,43240.43409131084,89645.27635684049,43233.69086631586,89646.75370628813,43237.072672809816,7.358585186126976,3.668168332572721,3.6904168535542548
89648.09640293707,43240.48514101668,89645.2335706732,43233.711718529026,89646.66929750713,43237.10862883559,7.353574693121505,3.6657147211990324,3.6878599719224727
89647.9797462397,43240.53214135693,89645.18172314153,43233.7368858578,89646.58429314845,43237.143155648315,7.348770683344331,3.665039353551552,3.6837313297927796
89647.87792470046,43240.57302944974,89645.1150349698,43233.768520879275,89646.49893078147,43237.17681141171,7.344038163660624,3.6655042204951984,3.678533943165425
89647.79426382175,43240.606668764776,89645.03024165207,43233.80775689453,89646.4134656788,43237.210196411,7.339279336137065,3.666418956090315,3.6728603800467505
89647.72849134057,43240.63311334987,89644.92771301928,43233.854461969204,89646.32815311293,43237.24391093137,7.334471606436368,3.6671024236231093,3.66736918281326
89647.67633906871,43240.65379491116,89644.81176020019,43233.907089971915,89646.24324835649,43237.27855525804,7.329654809826258,3.666877650733009,3.6627771590932485
89647.63017151409,43240.67155686678,89644.68994064351,43233.96269116704,89646.15900383797,43237.31472306855,7.32487792044273,3.6650603651503824,3.659817555292348
89647.58081895512,43240.690223056175,89644.5712518992,43234.01736505572,89646.07548521346,43237.35257411375,7.320145337242894,3.661410948891571,3.6587343883513226
89647.5200722284,43240.71359889971,89644.46377495969,43234.067218762626,89645.99245896739,43237.39157308139,7.315416729169241,3.6564269188407663,3.658989810328475
89647.44265536773,43240.74434534619,89644.37278127501,43234.10948570603,89645.90966468414,43237.43112216239,7.310642200911443,3.6506860042579192,3.659956196653524
89647.34705887933,43240.78326397625,89644.2998715398,43234.14326690328,89645.826841948,43237.47062354769,7.305813562583071,3.6448108493045126,3.661002713278558
89647.23548905461,43240.82919567606,89644.24294573365,43234.16967721004,89645.74373034328,43237.50947942823,7.300993201410597,3.6394862300809634,3.6615069713296333
89647.1132157029,43240.8794844932,89644.19676963436,43234.191415050795,89645.66006954318,43237.547092191824,7.2962956722660355,3.6354466316768943,3.6608490405891416
89646.98720271667,43240.93089067922,89644.15431398776,43234.211843810685,89645.57569845392,43237.58308418059,7.291834431196122,3.6332014307032674,3.658633000492854
89646.86411743115,43240.98063016035,89644.10883054568,43234.23388997886,89645.49074527972,43237.61771897783,7.287668275780746,3.632536673985144,3.6551316017956017
89646.74862343681,43241.02752070308,89644.05581207683,43234.259282233914,89645.4053906578,43237.651376386755,7.284249103096223,3.633541625362917,3.6507074777333055
89646.6429573943,43241.07322353416,89643.99384948704,43234.28841725578,89645.31981522535,43237.68443621052,7.283637068070089,3.637936877423816,3.645700190646273
89646.54502876924,43241.11582902593,89643.92413523121,43234.32072039251,89645.23419117999,43237.71726144183,7.283034002232338,3.6426030265597333,3.640430975672604
89646.45242929438,43241.15631509461,89643.84914226779,43234.355196905875,89645.14858187601,43237.749998272135,7.282328745665816,3.6473294868253667,3.6349992588404487
89646.36269930343,43241.19563220447,89643.77098223969,43234.38995467621,89645.06297498899,43237.78264215112,7.28246139414071,3.6520931529480323,3.630368241192678
89646.27407043264,43241.234457440565,89643.69121129611,43234.423781069854,89644.97735666375,43237.8151854793,7.283987503126798,3.6568958617276257,3.627091641399172
89646.18557085661,43241.27317046727,89643.61131467274,43234.45770535006,89644.89171304498,43237.84762065719,7.285421035470507,3.661756346082419,3.6236646893880873
89646.09678240046,43241.31194660653,89643.53168794989,43234.491565895645,89644.8060302775,43237.87994008528,7.286789593629194,3.666702851998761,3.6200867416304336
89646.00756202867,43241.35085845531,89643.45245156251,43234.525303423296,89644.72029450606,43237.91213616409,7.288126713316848,3.6717664237998413,3.6163602895170075
89645.91786838179,43241.38993778992,89643.37362419821,43234.55889873479,89644.6344918754,43237.94420129413,7.289463151592991,3.676976374084484,3.612486777508507
89645.82768787864,43241.42920126828,89643.29519635397,43234.59234700117,89644.54860853036,43237.976127875896,7.290822285053441,3.6823579174745253,3.608464367578916
89645.73701204773,43241.46865803535,89643.21715282752,43234.62565021609,89644.46263061564,43238.00790830992,7.292218215614106,3.6879312217730007,3.6042869938411055
89645.64583397897,43241.50831079146,89643.13947625934,43234.658816171876,89644.37654427605,43238.0395349967,7.29365515790758,3.6937111235529345,3.5999440343546447
89645.55415507911,43241.54815322112,89643.06214060784,43234.691860976796,89644.29033565632,43238.071000336735,7.295127104072482,3.6997069768847894,3.595420127187692
89645.46200733268,43241.58816187174,89642.98508971526,43234.72481687523,89644.20399090125,43238.10229673054,7.296617396069348,3.705922439065962,3.5906949570033864
89645.36950023775,43241.62827959379,89642.90819245274,43234.75774804411,89644.1174961556,43238.13341657862,7.298098367907356,3.7123552788676886,3.585743089039667
89645.27688723967,43241.66839315224,89642.83118002983,43234.79077166616,89644.03083756413,43238.16435228149,7.2995315645689685,3.718997474830249,3.5805340897387197
89645.18461294782,43241.708319295816,89642.75360318663,43234.82407041563,89643.9440012716,43238.195096239644,7.300869201908917,3.7258359563478076,3.5750332455611087
89645.09328639075,43241.74781765645,89642.67486467303,43234.857877495546,89643.85697705194,43238.225645612445,7.302057177642745,3.7328483345543066,3.569208843088439
89645.0035772084,43241.78662854277,89642.59435030176,43234.89242721952,89643.76978941802,43238.25604311158,7.3030395160619905,3.7399553204088245,3.563084195653166
89644.91523769725,43241.822158095834,89642.51156102656,43234.92790927327,89643.68248219957,43238.28635677862,7.301255259518311,3.744539634171649,3.5567156253466625
89644.82498323818,43241.843696397416,89642.42618036928,43234.96444718015,89643.59509943404,43238.31665492741,7.285487286181522,3.7353227039767947,3.5501645822047267
89644.73765939045,43241.86449826549,89642.33806121525,43235.00210382477,89643.50768515885,43238.347005871816,7.269836921304151,3.7263372566005204,3.543499664703631
89644.65335176524,43241.88455899096,89642.24716394219,43235.04090289689,89643.42028341145,43238.37747792567,7.254334468006207,3.717536168436265,3.5367982995699423
89644.57209227006,43241.9038856114,89642.15349750483,43235.08084892506,89643.33293822923,43238.40813940284,7.239021360755491,3.708873722783223,3.5301476379722683
89644.49389466041,43241.9224860377,89642.05708500673,43235.121939096185,89643.24569364963,43238.439058617165,7.22395182652855,3.700307062588458,3.523644763940092
89644.41876892986,43241.94036551131,89641.95794937572,43235.16416853794,89643.15859371008,43238.47030388251,7.209194011810227,3.6917975692389637,3.5173964425712634
89644.34672544985,43241.9575263897,89641.85610873594,43235.20753250148,89643.071682448,43238.50194351272,7.194830721190929,3.6833120525212384,3.5115186686696904
89644.27777565629,43241.97396884825,89641.75157496495,43235.25202749147,89642.98500390082,43238.534045821645,7.180959931437836,3.6748237019914036,3.5061362294464318
89644.21193177495,43241.989691635805,89641.64435303668,43235.297652039226,89642.89860210594,43238.566679123134,7.1676952041341515,3.6663127909920825,3.501382413142069
89644.14920630219,43242.004692648734,89641.53444045762,43235.34440730796,89642.81252110083,43238.59991173104,7.155166052753018,3.6577671365198845,3.4973989162331343
89644.08961140466,43242.01896930107,89641.42182665045,43235.39229759979,89642.72680492287,43238.63381195922,7.143518274025049,3.6491823379891786,3.494335936035871
89644.03337733334,43242.033048333775,89641.30649229778,43235.44133080788,89642.64149760953,43238.668448121534,7.133487361617358,3.641134954073436,3.492352407543921
89643.98866507503,43242.066019455655,89641.18840867245,43235.49151888537,89642.5566431982,43238.70388853181,7.1460124313402975,3.6543961203977964,3.491616310942501
89643.94700588437,43242.09678528173,89641.06753700612,43235.542878445434,89642.47228572633,43238.74020150392,7.158563811241367,3.6662588836567354,3.492304927584632
89643.90841263407,43242.12534253938,89640.94382799424,43235.59543167915,89642.38846923133,43238.7774553517,7.171366531515661,3.6767616959735707,3.4946048355420896
89643.87289075395,43242.151696794754,89640.817221613,43235.649207884475,89642.30523775062,43238.815718389014,7.184669507166949,3.6859582013891106,3.4987113057778383
89643.84043797568,43242.175863323835,89640.68764770625,43235.70424593935,89642.22263532165,43238.85505892971,7.198744199805702,3.6939176021448477,3.504826597660855
89643.8110424917,43242.19786782191,89640.55502880384,43235.7605976612,89642.14070598183,43238.89554528764,7.213880526973774,3.7007240070740157,3.5131565198997574
89643.78467531287,43242.217748292416,89640.41928920883,43235.81833043555,89642.05949376858,43238.93724577665,7.2303784504026245,3.7064738116825255,3.5239046387200994
89643.76126514003,43242.23556418528,89640.28038142885,43235.87752262063,89641.97904271934,43238.9802287106,7.248533917183667,3.7112701073226955,3.537263809860971
89643.74063548565,43242.251426442635,89640.13834942396,43235.93823744987,89641.89939687152,43239.024562403334,7.268618859775468,3.7152134746595866,3.553405385115881
89643.72239133385,43242.26556328931,89639.99344178989,43236.000459197705,89641.82060026257,43239.07031516872,7.290856875568734,3.71838941356959,3.572467461999144
89643.70578999395,43242.278412772335,89639.84624366321,43236.06399736683,89641.74269692987,43239.11755532059,7.315398602355135,3.7208539622660175,3.5945446400891163
89643.68969836761,43242.29068434088,89639.69773018667,43236.12841204334,89641.66573090867,43239.16635117037,7.342302760485688,3.7226203184323836,3.6196824420533042
89643.67273101037,43242.30331347286,89639.54913738101,43236.193040367056,89641.58972049017,43239.21674280061,7.371530495608383,3.723687868511651,3.647842627096731
89643.65354238809,43242.317291346706,89639.40167129751,43236.25714588185,89641.51459428355,43239.268671955586,7.402956897487769,3.7241346895354375,3.6788222079523316
89643.63113823516,43242.33343529234,89639.25828557085,43236.32291721503,89641.4402613816,43239.32205897937,7.432911137732672,3.724020500177369,3.708890637555304
89643.60502685071,43242.352237158746,89639.13301688278,43236.407767772915,89641.36663087706,43239.376824215986,7.438789513913453,3.7233719549333704,3.7154175589800826
89643.57522278336,43242.37381117418,89639.0107929498,43236.49040778171,89641.29361186268,43239.43288800951,7.446371947727542,3.722200619768659,3.724171327958883
89643.54217402128,43242.39791077327,89638.89105418537,43236.57115744689,89641.2211134312,43239.49017070397,7.455465783868888,3.7205207395521036,3.7349450443167846
89643.50663210993,43242.42400710569,89638.77295095856,43236.650600453584,89641.1490489739,43239.548594561995,7.46592001118487,3.718359253726237,3.7475607574586327
89643.46948177098,43242.451419948746,89638.65556073246,43236.72942347489,89641.07740691432,43239.60811533585,7.477638625393284,3.7156968715973866,3.7619417537958966
89643.43152401241,43242.47950206865,89638.53808555321,43236.80824896648,89641.0062394583,43239.6687172461,7.490584203040378,3.7124811766685153,3.778103026371863
89643.39332679217,43242.50777891829,89638.41995074667,43236.88753379162,89640.93560084156,43239.730385419345,7.504773452531675,3.708683256393997,3.796090196137679
89643.35522528343,43242.53596720252,89638.3008064799,43236.96755099111,89640.86554529982,43239.79310498218,7.5202665208733315,3.704294748072375,3.8159717728009563
89643.31739846618,43242.56392106776,89638.18045358518,43237.04844262396,89640.79612706878,43239.856861061184,7.537154978799073,3.6993220106634075,3.837832968135666
89643.27994869793,43242.59156638672,89638.0587644992,43237.13028530486,89640.72740038417,43239.921638782966,7.555551302990982,3.6937807600576877,3.8617705429332942
89643.2429496903,43242.61885705347,89637.93563459357,43237.213134226295,89640.6594194817,43239.98742327409,7.575581351972068,3.687691971144465,3.887889380827603
89643.20646627557,43242.64575485678,89637.82250249988,43237.308484728965,89640.59223859706,43240.05419966118,7.5811290950087935,3.681079282890267,3.9000498121185267
89643.170560205,43242.67222259333,89637.72339736605,43237.419450913694,89640.525911966,43240.121953070804,7.567244763621056,3.6739677387804366,3.8932770248406188
89643.13529145748,43242.69822232204,89637.62361177911,43237.531164987486,89640.46049382424,43240.190668629555,7.554938409777135,3.6663834905102695,3.8885549192668654
89643.10071858567,43242.723715224325,89637.5230904024,43237.643691790036,89640.39603840745,43240.26033146402,7.544307406494905,3.658354058455878,3.8859533480390267
89643.08323145115,43242.76310346992,89637.42177217435,43237.757100399955,89640.33259995136,43240.33092670081,7.557260606821354,3.671710430282699,3.885550176538656
89643.07613300608,43242.809258152774,89637.31959029814,43237.87146528575,89640.27023269172,43240.402439466496,7.584166555788284,3.696735419627679,3.887431136160605
89643.0694104395,43242.85301484038,89637.21647194061,43237.98686720808,89640.20899086421,43240.47485488768,7.611588654876039,3.7198985076606865,3.891690147215353
89643.06306923894,43242.894337138765,89637.11233774404,43238.103394015816,89640.14892870456,43240.54815809095,7.639655838565928,3.741225892479049,3.8984299460868796
89643.05711481826,43242.933192213626,89637.02445933587,43238.23466079112,89640.09010044846,43240.62233420289,7.6465109492907475,3.760749794442245,3.8857611548485025
89643.0515522699,43242.96955071776,89636.9487817404,43238.376425636714,89640.03256033166,43240.6973683501,7.638102260761423,3.7785083081908755,3.8595939525705485
89643.0463862243,43243.00338683886,89636.8728018267,43238.51874227882,89639.97636258986,43240.77324565917,7.630542650703516,3.7945454006201826,3.8359972500833335
89643.04162078074,43243.03467842335,89636.79647074934,43238.66170101315,89639.92156145876,43240.849951256685,7.623964214557045,3.808910994687655,3.8150532198693896
89643.03725947751,43243.06340714193,89636.71973569745,43238.80539947088,89639.86821117409,43240.92747026925,7.618512718264653,3.8216610882559827,3.7968516300086703
89643.03330526149,43243.08955866403,89636.64253952622,43238.949943306674,89639.81636597156,43241.00578782343,7.6143484284579595,3.8328578516820047,3.781490576775955
89643.02976047635,43243.113122853865,89636.5548041228,43239.08922228315,89639.76608008689,43241.08488904584,7.623439878642523,3.8425697214955195,3.780870157147003
89643.02662699959,43243.1340940623,89636.46446711857,43239.228915779386,89639.71740775579,43241.16475906306,7.636252989880524,3.8508716341619817,3.785381355718542
89643.02390650105,43243.15247147214,89636.37306509956,43239.370234846785,89639.670403214,43241.24538300169,7.651078697675857,3.8578453481729365,3.7932333495029202
89643.02160094009,43243.16825953796,89636.28049082773,43239.513344825136,89639.62512069716,43241.3267459883,7.668178864955846,3.8635799712404464,3.804598893715399
89643.01971349596,43243.18146857621,89636.18662869612,43239.65842633794,89639.58161444106,43241.40883314952,7.687839390522536,3.868172884866589,3.819666505655948
89643.01825009918,43243.19211550559,89636.09694542634,43239.80841015305,89639.53993868141,43241.4916296119,7.70414954989193,3.871731214022424,3.8324183358695065
89643.01722159932,43243.200224639666,89636.02967406384,43239.971548590234,89639.50014765389,43241.57512050205,7.697413175394935,3.874373832730112,3.8230393426648233
89643.0166462356,43243.20582826109,89635.96177984047,43240.13617778764,89639.4622955942,43241.65929094655,7.693756812010115,3.8762335000954096,3.817523311914705
89643.01655119797,43243.20896669475,89635.89320028533,43240.3024928473,89639.42643673813,43241.74412607201,7.693485455280095,3.877457915288785,3.816027539991311
89643.01697044115,43243.20968964882,89635.82389100718,43240.47070785157,89639.39262532133,43241.829611005,7.696909316673396,3.8782076544105553,3.8187016622628405
89643.01793370572,43243.20806674084,89635.75384982508,43240.6410474294,89639.3609155795,43241.915730872126,7.704317151458269,3.878648420915372,3.825668730542897
89643.01943697607,43243.20423496132,89635.70251011472,43240.82000472456,89639.33136174842,43242.00247079997,7.695581363113512,3.878934903333271,3.8166464597802414
89643.02138291979,43243.198543495586,89635.65240153574,43241.00069818934,89639.30401806379,43242.08981591513,7.689760115154295,3.8791852650097116,3.810574850144584
89643.02349513372,43243.191861928,89635.60248192768,43241.182083656226,89639.27893876126,43242.17775134419,7.688344796241946,3.8794487627401195,3.8088960335018265
89643.02525324507,43243.18601150757,89635.55337221445,43241.362684300155,89639.25617807663,43242.26626221375,7.69113309214367,3.8796734899791487,3.811459602164522
89643.02593234154,43243.18405368847,89635.50591398854,43241.539790824965,89639.23579024557,43242.3553336504,7.697679935779218,3.879684782186726,3.8179951535924914
89643.02478143171,43243.190063751346,89635.46098099403,43241.70964933745,89639.2177833302,43242.44494429591,7.707314960344335,3.8792315666642714,3.8280833936800636
89643.0212458642,43243.208308575595,89635.41923775649,43241.86823338594,89639.20183906631,43242.53502696151,7.719218145880644,3.8782955559941596,3.8409225898864845
89643.01508524646,43243.242210244236,89635.38100608102,43242.012177950994,89639.18749857195,43242.625494709486,7.73253801455717,3.876952127856018,3.8555858867011517
89643.0063347291,43243.29365826025,89635.35382334446,43242.14060359335,89639.1743024142,43242.71626052474,7.738893044678038,3.8752883515118666,3.8636046931661716
89642.99521434502,43243.36267737609,89635.34050000056,43242.25355526586,89639.16179116021,43242.807237392204,7.7346495428508435,3.873454129012343,3.8611954138385
89642.98211204034,43243.44709169257,89635.32896101206,43242.35131198333,89639.149505377,43242.89833829679,7.7312000254069595,3.871692669257997,3.859507356148962
89642.96767176321,43243.542139769255,89635.31864225683,43242.43859340075,89639.13698563173,43242.98947622341,7.728225344604421,3.87034794725243,3.8578773973519906
89642.95289432508,43243.640594388125,89635.30863695152,43242.52257927197,89639.12377650838,43243.08056463096,7.725582734855373,3.8698548529714847,3.8557278818838885
89642.93908668967,43243.73391348146,89635.29773960146,43242.61174048747,89639.10977966209,43243.171559110895,7.723306128268847,3.870379148041214,3.8529269802276325
89642.92757550109,43243.814105652425,89635.28472731341,43242.713932168466,89639.09552985305,43243.26248995789,7.721626131503525,3.8715441006332076,3.8500820308703174
89642.91931011474,43243.875311675976,89635.26873942507,43242.8348507801,89639.0816268074,43243.35339513223,7.7209967461145075,3.8730104629452256,3.8479862831692815
89642.91457943717,43243.91443293543,89635.24954104311,43242.97746581248,89639.06867025135,43243.44431259425,7.7220930434610855,3.8745361787959474,3.847556864665138
89642.9129252522,43243.931185555855,89635.22759241136,43243.14204454831,89639.05725991109,43243.53528030425,7.7257416734038165,3.875938104622375,3.849803568781442
89642.91323742805,43243.928269747536,89635.20394712678,43243.32605823095,89639.04799551281,43243.62633622256,7.7327754176568275,3.877016754773491,3.8557586628833365
89642.91407927696,43243.911609900926,89635.20343847082,43243.52515904584,89639.04147678269,43243.71751830946,7.720319028684193,3.877463297638202,3.8428557310459905
89642.91424498521,43243.889815243325,89635.20901330838,43243.72888441092,89639.03825745556,43243.80886168791,7.706912087623091,3.87683283211413,3.8300792555089616
89642.9132783235,43243.87224040007,89635.21610949315,43243.928102077596,89639.03826791032,43243.90036302371,7.697371533832822,3.875112460843192,3.8222590729896297
89642.91156118044,43243.866285587326,89635.2239678144,43244.11595786971,89639.04098979247,43243.991991298666,7.691646638419167,3.872612141084743,3.8190344973344237
89642.90991683581,43243.87531985899,89635.23155716744,43244.289430331504,89639.04589486776,43244.083714885026,7.6895184946947746,3.8696374838569825,3.819881010837792
89642.90907231152,43243.897913625195,89635.23811358983,43244.45004776974,89639.05245490192,43244.17550215507,7.69080358762611,3.8665945269690183,3.824209060657092
89642.90930391,43243.92838557525,89635.26205886331,43244.60175961331,89639.0601416607,43244.26732148108,7.6768345950100985,3.8640558445383344,3.8127787504717645
89642.91033688707,43243.9584755419,89635.28658283009,43244.753537972196,89639.06859625468,43244.35912115834,7.665099489861392,3.8625753062562613,3.8025241836051302
89642.91137650362,43243.979761668124,89635.31131719475,43244.91361570341,89639.078168678,43244.45076543935,7.657217827483585,3.8620366112857796,3.795181216197805
89642.91116025913,43243.98610798058,89635.33754326848,43245.08791403307,89639.08939438424,43244.54209658911,7.653342465766186,3.8619965995968446,3.7913458661693404
89642.90811907833,43243.97555025081,89635.36654791787,43245.27843450801,89639.10280882783,43244.63295687254,7.65328706869812,3.861679630537629,3.791607438160491
89642.90089372064,43243.951701255406,89635.39911063056,43245.482006019374,89639.11894746301,43244.72318855458,7.656277306966798,3.8598329171588412,3.796444389807957
89642.88931822723,43243.9244230067,89635.4346297517,43245.689654700895,89639.13834574414,43244.81263390015,7.660836977858805,3.8547001388085143,3.806136839050292
89642.87530438876,43243.90838175518,89635.49287006065,43245.88183383709,89639.16153115114,43244.90113742381,7.641652290462228,3.84417422576253,3.7974780646996984
89642.86241848941,43243.91839950352,89635.54868479197,43246.0490483665,89639.18827884411,43244.98875587436,7.617766416376872,3.82687403682912,3.7908923795477523
89642.85377745955,43243.963227521184,89635.59485750762,43246.18415660961,89639.21700517864,43245.075929328086,7.591076661733917,3.803185235334311,3.7878914263996046
89642.8669913769,43244.03656730301,89635.63067871713,43246.28793477761,89639.2459839106,43245.16313808819,7.578448153516281,3.7922100159388554,3.7862381375774263
89642.89599595,43244.13037448048,89635.65871432249,43246.368972545395,89639.27390280482,43245.25074137002,7.575590185075827,3.7914088040668075,3.7841813810090197
89642.92867783293,43244.23505843396,89635.68303051958,43246.43927297524,89639.30078385028,43245.33870815978,7.573504257176178,3.7920518807921946,3.7814523763839842
89642.96150601063,43244.33992197676,89635.7071815203,43246.50949387925,89639.32691729392,43245.42692898443,7.57180731735632,3.7936551470018447,3.7781521703544754
89642.99230956516,43244.43795972218,89635.73335527082,43246.586567631,89639.35259338275,43245.51529437098,7.57026640173596,3.795811353853027,3.7744550478829333
89643.02006918227,43244.52563328543,89635.7625778456,43246.67392920062,89639.37810236377,43245.60369484644,7.5687750555179765,3.798175751114237,3.770599304403739
89643.04439259724,43244.60152234636,89635.79524006552,43246.772885429295,89639.40373448396,43245.69202093777,7.567366124749943,3.8004708492012287,3.7668952755487144
89643.06513088358,43244.665146909225,89635.83148502596,43246.883813829474,89639.4297799903,43245.780163172,7.566248429468414,3.802504093821413,3.7637443356470004
89643.08220120531,43244.716349647606,89635.87139032948,43247.006799470924,89639.4565291298,43245.86801207611,7.5658412539561795,3.8041851096296213,3.7616561443265586
89643.11951634813,43244.747108437616,89635.91503352087,43247.14186776371,89639.48427214946,43245.95545817709,7.592064609725786,3.8308105508940047,3.7612540588317813
89643.14859326756,43244.7660998267,89635.96251176385,43247.28901535054,89639.51329929625,43246.04239200196,7.616092838087015,3.8528280489106588,3.763264789176356
89643.16628135681,43244.7747454364,89636.01393179316,43247.44812151917,89639.54390081718,43246.1287040777,7.635642995882834,3.867149438054286,3.7684935578285477
89643.1733398806,43244.77379237541,89636.06935079847,43247.61875218291,89639.57636695921,43246.21428493131,7.65248045964688,3.8746913426444194,3.777789117002461
89643.17100326545,43244.76464150448,89636.12866107655,43247.79992460242,89639.61098796935,43246.29902508977,7.668606587260969,3.8766018489472014,3.792004738313768
89643.16098469903,43244.74941030576,89636.19147304526,43247.99001904299,89639.6480540946,43246.38281508009,7.68606776446433,3.8741053919984294,3.8119623724659
89643.14534454685,43244.73062521077,89636.28272942382,43248.17415032358,89639.68780962298,43246.465548141074,7.678108590623025,3.8683982892028386,3.809710301420186
89643.12613020933,43244.71058511365,89636.4075838436,43248.344094979715,89639.73026159381,43246.54713151025,7.6381450114108755,3.8606769251973425,3.777468086213533
89643.10507353525,43244.690881897586,89636.53289173507,43248.5133070906,89639.7753407144,43246.6274769291,7.60292759210353,3.851950281905532,3.7509773101979986
89643.08339800348,43244.672280179504,89636.65796787587,43248.68118428772,89639.82297765568,43246.70649614127,7.57347109809392,3.8429644056933476,3.7305066924005725
89643.06257653038,43244.65440944301,89636.78253949287,43248.84774775169,89639.87310308854,43246.784100890414,7.551354273487117,3.835143608445527,3.7162106650415905
89643.0542037173,43244.62894397984,89636.90662417069,43249.01334422013,89639.92564768388,43246.86020292016,7.550874104960767,3.842704687195912,3.7081694177648545
89643.04608006771,43244.60322478918,89637.03040136515,43249.1784380276,89639.9805421126,43246.93471397413,7.557841386897428,3.8514107511156395,3.706430635781788
89643.03811490702,43244.57694362042,89637.15412735089,43249.34352245947,89640.0377170456,43247.00754579599,7.572422557512114,3.861374659709092,3.7110478978030224
89643.03022736398,43244.549720696974,89637.27809641481,43249.50910943361,89640.09710315384,43247.07861012935,7.594902704938384,3.872789613873711,3.722113091064674
89643.02232776194,43244.52107624671,89637.40264485343,43249.67576319676,89640.15863110815,43247.147818717865,7.625721837651402,3.8859406241849177,3.7397812134664847
89643.01424077376,43244.49037659639,89637.52820805083,43249.844166331546,89640.22223157948,43247.21508330518,7.665482343940972,3.9011975071583,3.764284836782671
89643.00555908785,43244.45677902972,89637.65544020565,43250.01520120388,89640.28783523876,43247.28031563491,7.714909534131306,3.9189771472566273,3.7959323868746786
89642.9954611276,43244.41924592776,89637.81316271849,43250.15919820443,89640.35537275685,43247.34342745071,7.733257330483325,3.939657876584503,3.793599453898822
89642.98259012878,43244.37673436255,89637.9909387713,43250.28517527788,89640.42477673679,43247.40432748089,7.734743520287623,3.9634239539117813,3.771319566375842
89642.96511636666,43244.328629386866,89638.1715710467,43250.41347955971,89640.49602223844,43247.46285819457,7.7461912163664195,3.9899644150109803,3.7562268013554387
89642.94110112655,43244.27544085133,89638.35633545254,43250.54448984278,89640.56912570552,43247.51879747592,7.7666628317958795,4.018162464640727,3.7485003671551524
89642.90926418941,43244.219653189684,89638.54560748728,43250.67754181971,89640.64410529938,43247.57192052868,7.793960826936911,4.045817730595166,3.7481430963417446
89642.87017734909,43244.16647814353,89638.73788034415,43250.81046909652,89640.72097918134,43247.622002556636,7.824224838307377,4.0693613422544965,3.754863496052881
89642.82749703244,43244.12404215495,89638.92883113766,43250.93949061747,89640.79976551273,43247.66881876352,7.851747162536694,4.08376496883966,3.7679821936970352
89642.78825844127,43244.1024672103,89639.11119855217,43251.05979144899,89640.88046928526,43247.7121739156,7.86925218748964,4.082847286157382,3.786404901332257
89642.76142715407,43244.11190402498,89639.2760621698,43251.166674615735,89640.96283842697,43247.7524498255,7.868771007070532,4.060602804373498,3.8081682026970345
89642.75522713923,43244.160194123026,89639.41492874334,43251.25651788401,89641.04638694975,43247.79055339132,7.843175651119331,4.012436069286352,3.830739581832979
89642.77501972431,43244.2512643085,89639.5293195935,43251.3098285208,89641.13062033839,43247.827410652404,7.769034565403495,3.936098577711904,3.832935987691591
89642.82283473646,43244.38465773734,89639.60908055244,43251.33928360689,89641.21504407769,43247.863947648155,7.661268624757668,3.832812164186481,3.828456460571187
89642.89806986312,43244.55592205529,89639.6489232995,43251.35365804362,89641.29916365245,43247.90109041792,7.534332615365574,3.7076478318301835,3.8266847835353897
89643.044353657,43244.66642136972,89639.65027222522,43251.35166196743,89641.38248454747,43247.939765001094,7.497481618164708,3.6710471893212313,3.8264344288434775
89643.2245606111,43244.786249880104,89639.61820525632,43251.332112233795,89641.46451224755,43247.98089743705,7.473560924910981,3.6474022612191765,3.826158663691804
89643.4243647843,43244.92186201931,89639.56403187699,43251.29591126382,89641.54475223747,43248.025413765165,7.451890627662605,3.628357309492237,3.8235333181703686
89643.62793158145,43245.06521552385,89639.50697562401,43251.24909942513,89641.62271000205,43248.07424002481,7.431197622698532,3.6159565857297977,3.8152410369687337
89643.81488581862,43245.20211506436,89639.47213691456,43251.204801345586,89641.69790483445,43248.128273815884,7.408894022356878,3.6116496959737545,3.7972443263831237
89643.96451162515,43245.313754567,89639.48431346641,43251.18109658468,89641.77052365977,43248.18703769411,7.3822678015609915,3.6151540936364106,3.767113707924581
89644.0593895086,43245.38128412013,89639.56198043,43251.1951039458,89641.84170501815,43248.24809428401,7.35031899891114,3.62446203111218,3.725856967798961
89644.0865515872,43245.3911923394,89639.71582141327,43251.25731886086,89641.91266030072,43248.308856167394,7.315375767459336,3.638483961575782,3.676891805883553
89644.03697264621,43245.33935296332,89639.94977100895,43251.36824349762,89641.98460089865,43248.36673592601,7.283731069873369,3.6574960550847404,3.626235014788629
89643.90758304292,43245.23419005549,89640.28645698485,43251.47220810264,89642.05873820308,43248.41914614162,7.212865109307199,3.6826855027802554,3.530179606526943
89643.70785435665,43245.097460029945,89640.68219503577,43251.57791175168,89642.13628360514,43248.46349939601,7.151983560085587,3.7148426132081553,3.437140946877432
89643.46594277317,43244.958100090385,89641.0999040724,43251.670368427614,89642.21836526119,43248.49738075777,7.117069998567253,3.7527266475090277,3.364343351058225
89643.22386486347,43244.83962882848,89641.50201059441,43251.737229186416,89642.30491946898,43248.52084517519,7.109266686633355,3.7941816547629217,3.3150850318704337
89643.02115727596,43244.75198104278,89641.86046089012,43251.76587276351,89642.39499168524,43248.53579367984,7.109282183899675,3.8352733174298015,3.2740088664698748
89642.88192580795,43244.69486589582,89642.15614049956,43251.779899714275,89642.48760593918,43248.544171707326,7.1221112405312725,3.8694500112278316,3.2526612293034414
89642.8133284929,43244.6652268292,89642.38857812459,43251.787803679494,89642.58178626002,43248.54792469323,7.135230470257854,3.889595674223382,3.245634796034472
89642.81074891223,43244.66111075545,89642.56454039339,43251.7943921712,89642.67655667698,43248.548998073136,7.137529151677204,3.890202482010058,3.2473266696671454
89642.86337752183,43244.681608832376,89642.69328849594,43251.80119526131,89642.77097759073,43248.54928513957,7.1216178776859485,3.8687798805937805,3.2528379970921684
89642.9589044037,43244.72577463377,89642.78434876136,43251.808022902886,89642.86465141978,43248.549902134306,7.084399072444358,3.825288847306181,3.259110225138178
89643.08645065439,43244.79157778581,89642.84577454356,43251.81419412205,89642.95759670301,43248.55136873818,7.026739300445878,3.761998318228106,3.264740982217773
89643.23779536237,43244.875532773614,89642.88303041378,43251.819078236724,89643.04984261855,43248.55418937934,6.952602517547679,3.6834549891056474,3.2691475284420317
89643.40731607053,43244.973244967085,89642.89942685138,43251.82211711289,89643.14141834454,43248.55886848593,6.867678001225572,3.5954690402779113,3.2722089609476606
89643.59061920446,43245.08013920363,89642.89762674045,43251.82264965561,89643.23235305905,43248.565910486126,6.778029636275137,3.5041341391023786,3.273895497172758
89643.78253085767,43245.191868593705,89642.88182256202,43251.8199437001,89643.32267594023,43248.575819808066,6.688995070254922,3.4150537867310016,3.273941283523921
89643.97521460567,43245.304121006346,89642.8599534654,43251.81375241729,89643.41241616622,43248.589100879886,6.604476399940533,3.3328418583870176,3.271634541553516
89644.1575119878,43245.41199606304,89642.84471181413,43251.805302651825,89643.50160291513,43248.60625812977,6.526700041686138,3.260908901291812,3.2657911403943256
89644.32852077065,43245.45797408588,89642.85186384784,43251.79804704668,89643.5902827092,43248.62762243122,6.50976503538353,3.254483994190827,3.2552810411927027
89644.4645761577,43245.49464712831,89642.89576100696,43251.79724742672,89643.678649387,43248.65205053379,6.494917358882433,3.253748170007592,3.2411691888748413
89644.55621039604,43245.5191831366,89642.98535627376,43251.80561521979,89643.76697112263,43248.67765534561,6.479723065843139,3.255586786701018,3.2241362791421206
89644.60192085734,43245.53118603394,89643.12100323004,43251.82338004106,89643.8555166608,43248.70254406615,6.464118071480745,3.2580102813038803,3.2061077901768646
89644.60926902904,43245.53417679926,89643.29404641861,43251.8472820085,89643.94455474614,43248.7248238949,6.448651634097963,3.2591523386987964,3.1894992953991665
89644.5938107827,43245.53388832968,89643.48866700611,43251.87237018352,89644.03433865606,43248.74270513484,6.4341040540530265,3.257224946113445,3.1768791079395813
89644.5750590024,43245.53546262754,89643.68615262558,43251.894637269965,89644.12488613272,43248.755968152305,6.4210012209656675,3.251816638074699,3.1691845828909684
89644.57058474902,43245.54159462095,89643.86996149312,43251.91249746923,89644.21603148275,43248.765616083205,6.409311667330302,3.243458402341773,3.1658532649885283
89644.59171435499,43245.552701895016,89644.02934192514,43251.92638876278,89644.30760417013,43248.772684344585,6.3984487993722725,3.232492161270524,3.1659566381017483
89644.64248267552,43245.56816780816,89644.1602292038,43251.9374723138,89644.3994336588,43248.77820835349,6.387535385153483,3.219228654072909,3.1683067310805737
89644.72075352717,43245.587287495044,89644.26427608138,43251.946688327305,89644.49134941265,43248.783223526945,6.3757627468320575,3.2041587613234377,3.1716039855086198
89644.8200704212,43245.60949364466,89644.34725489764,43251.95510616174,89644.5831809398,43248.78876501691,6.363203024909562,3.1880845479359983,3.1751184769735636
89644.93189327407,43245.63382282056,89644.41729808963,43251.96250360366,89644.67480576865,43248.79557948744,6.349567596165048,3.1721915462414363,3.1773760499236117
89645.04904117019,43245.6474036083,89644.48258434521,43251.969305381695,89644.76624100398,43248.803575082435,6.347228951834111,3.1688159157862117,3.1784130360478997
89645.16447166748,43245.66116698383,89644.5494001406,43251.97602773866,89644.85752896815,43248.81250844788,6.344744229363495,3.166254387081987,3.1784898422815075
89645.27471560198,43245.67463552231,89644.62131323024,43251.98310668957,89644.94871198354,43248.82213622981,6.342219101197261,3.164338645433557,3.1778804557637037
89645.37877719401,43245.68754920574,89644.69939048003,43251.99077048415,89645.03983237254,43248.83221507423,6.339729078739301,3.162879545047127,3.176849533692173
89645.47750024864,43245.69989349859,89644.78283132018,43251.99901383595,89645.13093245753,43248.84250162716,6.337308730425261,3.1616601783842744,3.1756485520409865
89645.5729086677,43245.7118449945,89644.86963700378,43252.00765218889,89645.22205388932,43248.85275646767,6.334964819338729,3.160446797182579,3.17451802215615
89645.667509141,43245.723672508255,89644.95730066909,43252.01641602558,89645.31321158509,43248.862896744955,6.332694296144309,3.159154248593974,3.1735400475503357
89645.7636042827,43245.73563860889,89645.04349569607,43252.02504400862,89645.40438536688,43248.87304514838,6.330495767213033,3.157904055466598,3.172591711746435
89645.8628395032,43245.747943234586,89645.12655523384,43252.0333362793,89645.49555267405,43248.88333832232,6.328371058326742,3.1568341690739086,3.1715368892528337
89645.96608494355,43245.76071553095,89645.20559593604,43252.04115797497,89645.58669094587,43248.89391291117,6.326318109545005,3.156083907132326,3.1702342024126793
89646.07349079334,43245.77402454174,89645.28046699078,43252.04842566772,89645.67777762166,43248.90490555932,6.3243178478942275,3.1557891026651324,3.168528745229095
89646.18439077384,43245.787860129654,89645.35185039841,43252.055126349675,89645.76879014073,43248.916452911166,6.322321515813993,3.1560761522437772,3.1662453635702152
89646.29688551795,43245.802047672056,89645.42141437734,43252.06328833535,89645.8597059424,43248.9286916111,6.3221502957206495,3.1570600727326714,3.1650902229879776
89646.40733464854,43245.816114299094,89645.49279453754,43252.07339415758,89645.95050246596,43248.9417583035,6.32375954967186,3.1588520201708894,3.1649075295009705
89646.51034366075,43245.82922040074,89645.57163981069,43252.084563436445,89646.04115776568,43248.95578552668,6.325383894475207,3.1615731670972766,3.1638107273779306
89646.5997404126,43245.84032803841,89645.66410400525,43252.097842227275,89646.13170006651,43248.97057081601,6.327076679685296,3.1650405388072222,3.162036140878075
89646.67045095081,43245.84866758705,89645.77518312327,43252.11398147767,89646.22224413784,43248.98533382794,6.328954307860394,3.1685271742467322,3.1604271336136613
89646.72104275388,43245.851564683326,89645.90660241821,43252.13288398609,89646.31291332359,43248.999236963566,6.3338996868920185,3.1740211744187548,3.1598785124732642
89646.75448447127,43245.85177555947,89646.05514527962,43252.15337810708,89646.4038309678,43249.01144262398,6.34028942344263,3.179064931396454,3.1612244920461756
89646.77962833807,43245.85207115524,89646.21209671379,43252.1736229851,89646.49512041449,43249.021113210285,6.346976420483469,3.1817875958680717,3.1651888246153974
89646.8098894192,43245.85380723604,89646.36452690083,43252.191991064945,89646.58688032372,43249.02756475788,6.353811613651456,3.1815829180012565,3.1722286956501997
89646.85961929226,43245.85743778744,89646.49824390702,43252.20772744341,89646.67899685435,43249.03143592334,6.360563723744602,3.1791333145631664,3.1814304091814356
89646.94047502658,43245.86270404462,89646.60089997493,43252.22637409819,89646.7712477339,43249.034040246974,6.372723732152195,3.175848104827003,3.196875627325192
89647.05942604887,43245.869477805136,89646.6648258091,43252.24540568753,89646.86340982266,43249.036696666444,6.388126932888906,3.1732786950353864,3.214848237853519
89647.21820498403,43245.87852355491,89646.68765902097,43252.25891764567,89646.95525998095,43249.04072411938,6.402414214366907,3.1731140043512758,3.229300210015631
89647.41275561984,43245.89157422907,89646.67314690644,43252.26577121896,89647.04657506914,43249.047441543415,6.416962545852082,3.177040557100099,3.2399219887519823
89647.632148136,43245.9103532299,89646.63277838603,43252.265359003606,89647.1371319475,43249.05816787621,6.433104870980277,3.1864993448017014,3.2466055261785756
89647.85863282261,43245.93472098222,89646.58559104877,43252.25938500727,89647.2267088175,43249.07421499085,6.451512255874692,3.2024600822529496,3.249052173621743
89648.07077959445,43245.96128572915,89646.55434975793,43252.25299438573,89647.31526889061,43249.095920198226,6.471874324207941,3.2243960176017437,3.2474783066061983
89648.24758924598,43245.98823251931,89646.55913099847,43252.25351039541,89647.40314762206,43249.12165997114,6.488805600283283,3.2452194459074213,3.243586154375862
89648.37534475676,43246.008826541416,89646.6125975274,43252.267275354156,89647.49072509662,43249.14957569108,6.501958115542869,3.2629522160493045,3.2390058994935647
89648.44985563263,43246.0160492254,89646.71869120897,43252.296815053814,89647.578381399,43249.17780873949,6.514978868203009,3.279663178565121,3.2353156896378885
89648.47484766765,43246.01167615907,89646.87272327406,43252.33974579466,89647.66649661398,43249.20450049788,6.527730684199686,3.293563220049581,3.234167464150105
89648.463859952,43246.00135789622,89647.06121126052,43252.3896918372,89647.75545082634,43249.2277923477,6.540507158714438,3.303289687423022,3.237217471291416
89648.43956114454,43245.99197118755,89647.2627520655,43252.43902409751,89647.84560849449,43249.24589251518,6.553576949451877,3.3076855589542844,3.2458913904975923
89648.4290138232,43245.988312748974,89647.45193194837,43252.48204838923,89647.9369253634,43249.25875758257,6.566832688267747,3.307258753385158,3.2595739348825887
89648.45624239856,43245.991713315896,89647.60529881521,43252.51632956361,89648.0289190355,43249.26821837711,6.579872503473407,3.304253421392674,3.2756190820807327
89648.53712626887,43246.001528591594,89647.70623677435,43252.54148582212,89648.1210855921,43249.27619778673,6.592527431054337,3.3009919997301367,3.2915354313242
89648.67831853547,43246.01759686868,89647.7467546725,43252.557038945764,89648.21292111455,43249.28461869932,6.605460915812386,3.3000040001888586,3.305456915623527
89648.87776978896,43246.041541542974,89647.7279536763,43252.5612868449,89648.30392168424,43249.295404002805,6.620359196823097,3.304076656916891,3.316282539906207
89649.12450057053,43246.07602573207,89647.66103313435,43252.552154047204,89648.39358338252,43249.31047658508,6.639425795261347,3.3160084825347558,3.3234173127265905
89649.40003665876,43246.11772463984,89647.56731982084,43252.5298683199,89648.48140349997,43249.33175513353,6.668915772579901,3.3427352415042346,3.3261805310756665
89649.68044165165,43246.16282573591,89647.4740894422,43252.49949718233,89648.56715770483,43249.36019130943,6.709798439003169,3.3856384563294033,3.324159982673766
89649.94024830454,43246.20962575555,89647.40642056533,43252.47033972322,89648.65125394388,43249.394540370355,6.754022682593205,3.4358678038279886,3.3181548787652155
89650.16119827174,43246.249837758216,89647.38090353763,43252.45219880015,89648.73418747554,43249.433254271666,6.797008261215868,3.4886244439028493,3.3083838173130196
89650.33254551224,43246.277053859085,89647.40376803979,43252.454411908824,89648.81645355813,43249.47478496871,6.836482279492395,3.538929084170719,3.297553195321676
89650.44955518578,43246.2881710912,89647.47351242391,43252.484705080984,89648.89854745004,43249.51758441687,6.874144601846335,3.5825598982262754,3.2915847036200594
89650.5121791249,43246.28343760379,89647.58918544507,43252.53839110049,89648.98096440962,43249.56010457151,6.904225901440032,3.6167893111959284,3.2874365902441043
89650.52532108554,43246.26622562376,89647.74507477785,43252.61130475041,89649.06419969522,43249.60079738798,6.927466972488519,3.6406379342112536,3.2868290382772654
89650.49965316246,43246.242374980495,89647.93192279694,43252.69682359334,89649.14874856525,43249.63811482166,6.9464484541292135,3.6545851063646406,3.291863347764573
89650.45085244143,43246.21843418534,89648.13735709332,43252.78755267983,89649.23499857303,43249.6708241545,6.964594641494384,3.660231840803881,3.3043628006905026
89650.39617726841,43246.19931560832,89648.34813904227,43252.8773678351,89649.3228557418,43249.69910243815,6.985044174473892,3.6606730192323864,3.3243711552415047
89650.35004029346,43246.18698671013,89648.55305115969,43252.962530799974,89649.41209157721,43249.72352054973,7.009790842839312,3.6588002668848687,3.350990575954443
89650.32166033646,43246.18097968094,89648.74464716333,43253.04141956911,89649.5024775787,43249.744649384374,7.039361193136919,3.65661074572928,3.3827504474076395
89650.31548497794,43246.17976765761,89648.91898096287,43253.1135126669,89649.59378524579,43249.76305983722,7.072979804721306,3.6552473716347174,3.4177324330865884
89650.33299386303,43246.18184137783,89649.07424554019,43253.178549104334,89649.68578607791,43249.779322803355,7.1090341362495,3.6552360421883807,3.4537980940611197
89650.37434607714,43246.18613260064,89649.2059572078,43253.25783485033,89649.77825157456,43249.79400917794,7.16757317774035,3.6567884889632354,3.5107846887771155
89650.43933114725,43246.192014283195,89649.31726856607,43253.329895929266,89649.87095323527,43249.80768985607,7.225536577266131,3.6600769526210266,3.565459624645104
89650.52778842114,43246.19916777543,89649.40779226016,43253.38970181001,89649.96366255944,43249.820935732896,7.2772365017994645,3.665438735756677,3.611797766042787
89650.639775393,43246.20746847686,89649.47651356217,43253.436391152434,89650.05615104662,43249.83431770351,7.321919224938086,3.6735068654586067,3.6484123594794795
89650.77065887299,43246.24581177704,89649.52253796093,43253.469426687996,89650.14819019625,43249.84840666305,7.330649234068988,3.65597554234659,3.6746736917223983
89650.9223770455,43246.29943637553,89649.54513508406,43253.48861485614,89650.2395515078,43249.86377350665,7.31991001628248,3.6291527798160113,3.690757236466469
89651.09616065846,43246.36012097154,89649.5437846737,43253.494078251984,89650.33000648078,43249.880989129415,7.300905264227866,3.6032630779748636,3.6976421862530016
89651.29198098817,43246.42804974766,89649.51828311456,43253.486168644224,89650.41932661468,43249.900624426475,7.277571470270887,3.580544728884596,3.6970267413862916
89651.50955025123,43246.50376129505,89649.46907764854,43253.46535407761,89650.50728340895,43249.92325029295,7.254467762185825,3.5633472788817193,3.6911204833041045
89651.74748323968,43246.58812049609,89649.3981076534,43253.432250932994,89650.5936483631,43249.949437623975,7.236137580422581,3.5538412677899656,3.6822963126326154
89652.00178988748,43246.68177835533,89649.31028539834,43253.388144244214,89650.67819297654,43249.979757314664,7.2263088676494975,3.553670496666044,3.672638370983454
89652.26424834081,43246.783868616665,89649.21499766932,43253.336225803585,89650.76068874885,43250.014780260135,7.227123519256454,3.5636331874211193,3.6634903318353347
89652.52213712946,43246.890421912096,89649.12606881815,43253.28299543676,89650.8409071797,43250.05507735494,7.238665363405022,3.5835147852178655,3.6551505781871563
89652.76044893752,43246.993895645806,89649.0590422012,43253.23831690981,89650.91877768925,43250.10086873017,7.259008799417278,3.611791070049611,3.647217729367667
89652.961181891,43247.09144543216,89649.02689167557,43253.21309314531,89650.99483916309,43250.15102080776,7.276895644648163,3.636963734022811,3.6399319106253514
89653.11501905421,43247.17330860129,89649.03728444787,43253.21594683865,89651.06977749329,43250.20407348762,7.289814564677428,3.656302618591928,3.6335119460854997
89653.22294697078,43247.22710662522,89649.09241339151,43253.25093780234,89651.14427857193,43250.25856666969,7.303961233460744,3.675678483438378,3.628282750022366
89653.28611756992,43247.25306538052,89649.18986210089,43253.316876430246,89651.21902829103,43250.31304025389,7.3177259660597445,3.6927366968870867,3.6249892691726577
89653.3105268605,43247.25628217757,89649.3230081909,43253.407738638016,89651.29471254264,43250.36603414016,7.3308063489055355,3.7059498961685287,3.624856452737006
89653.3071129316,43247.24556115293,89649.4811979543,43253.51407622179,89651.37201096246,43250.4161009912,7.343834596587673,3.714423575336501,3.629411021251172
89653.29043717674,43247.23091520897,89649.65108766704,43253.625555122555,89651.4512282297,43250.46255836687,7.35773636916479,3.7183608015969485,3.639375567567843
89653.27535728065,43247.220622733155,89649.81937889216,43253.73360310916,89651.5320880862,43250.50590891764,7.373106536593609,3.719152161222278,3.6539543753713306
89653.27352362461,43247.21961386392,89649.97554174888,43253.83272031577,89651.61426432934,43250.546757178905,7.389848536751417,3.7179327653118923,3.6719157714395245
89653.29203405834,43247.22985691666,89650.1129881292,43253.92017526386,89651.69743075647,43250.58570768599,7.407205451887592,3.7154399573066854,3.6917654945809057
89653.33421663304,43247.25166483601,89650.2283925316,43253.99487658117,89651.78126116494,43250.62336497425,7.42408566687905,3.7121466172684827,3.7119390496105673
89653.4011175303,43247.28478309198,89650.32039761804,43254.056421858484,89651.86542935215,43250.66033357906,7.439484307522239,3.7084604988217578,3.7310238087004803
89653.49246788865,43247.32886189922,89650.3888147945,43254.10473090737,89651.94960911543,43250.69721803576,7.452856052841807,3.7048935553745928,3.7479624974672143
89653.60677724678,43247.383417667086,89650.43468021142,43254.14012515215,89652.03347425218,43250.73462287972,7.464267923950676,3.7021424459334784,3.7621254780171984
89653.74084759042,43247.44748667085,89650.46086685285,43254.16369320906,89652.11669855972,43250.77315264628,7.47433635199727,3.7010693392693415,3.7732670127279286
89653.88939783996,43247.51921569853,89650.47254806817,43254.17769520238,89652.19895583544,43250.81341187082,7.483997038093216,3.7026102403800314,3.7813867977131843
89654.04553402284,43247.59573984404,89650.47673767002,43254.18564309603,89652.27995746877,43250.85593670737,7.494206580989676,3.7075792851882747,3.786627295801402
89654.20215385914,43247.67360326246,89650.48077120801,43254.19177030898,89652.3597230812,43250.90070262527,7.505677216775653,3.7160088090506767,3.7896684077249767
89654.35346441175,43247.74954742367,89650.49057113878,43254.20006346397,89652.4384233084,43250.947410393754,7.51871675383837,3.7274267267025922,3.7912900271357777
89654.49566829299,43247.8212703219,89650.50982482026,43254.213494558455,89652.5162298219,43250.99575889785,7.533092252156952,3.741063268602137,3.792028983554814
89654.62207230304,43247.894778459384,89650.5402638986,43254.23384174758,89652.59331429319,43251.04544702259,7.539554577181873,3.747341918974817,3.7922126582070557
89654.73682491659,43247.961370480945,89650.58243866946,43254.26196608133,89652.66984839381,43251.09617365302,7.546948390569143,3.754914496148592,3.792033894420551
89654.83978373324,43248.020786094865,89650.636361742,43254.29817774108,89652.74600379524,43251.14763767418,7.55476024215782,3.7631257257551023,3.7916345164027176
89654.93104646601,43248.07302082091,89650.70179417527,43254.34245592304,89652.821952169,43251.19953797107,7.562565136148798,3.7713907572523193,3.791174378896479
89655.01097719837,43248.11830996423,89650.77950230091,43254.39262274253,89652.8978651866,43251.25157342878,7.567851785534494,3.779230386276469,3.7886213992580244
89655.08035050456,43248.157201215654,89650.86944846819,43254.446742291664,89652.97391451958,43251.3034429323,7.569017301257577,3.786279109945612,3.782738191311965
89655.14042356449,43248.19057683809,89650.96848254178,43254.506454068316,89653.05027179464,43251.3548454361,7.569372304508296,3.7922724297409376,3.7770998747673588
89655.19279192631,43248.2195223192,89651.07493164563,43254.570606897345,89653.12707609832,43251.40553035341,7.569217172857514,3.7970816525411717,3.772135520316342
89655.23904833292,43248.24507263472,89651.18717873139,43254.63813008163,89653.20437658229,43251.4553865556,7.568938550898144,3.8007899972772434,3.7681485536209016
89655.2804458182,43248.267993614674,89651.30398413981,43254.70824226591,89653.28220699138,43251.50432680486,7.56895304315284,3.8035261175570354,3.7654269255958046
89655.31776436017,43248.288729944856,89651.42460823143,43254.78049644313,89653.36060107037,43251.552263863414,7.569656327123427,3.8054095417605125,3.764246785362915
89655.3513939468,43248.30750646522,89651.54872329858,43254.85467508669,89653.43959256403,43251.59911049345,7.571375107385702,3.806526186144999,3.764848921240703
89655.38153072356,43248.32449420012,89651.67966623502,43254.924474731175,89653.51921521717,43251.64477945718,7.5672679152938,3.8069033654175937,3.760364549876207
89655.40844863956,43248.33999896504,89651.81839840606,43254.98682074941,89653.59950277458,43251.6891835168,7.554382867723416,3.80648424456784,3.7478986231555758
89655.4329438306,43248.35470108085,89651.95906274655,43255.04996784049,89653.68048898104,43251.73223543452,7.542840762529771,3.8051066095443824,3.737734152985389
89655.45703566467,43248.369947969295,89652.09968836859,43255.112858701505,89653.76220758139,43251.773847972545,7.532504630538079,3.8024962148600125,3.730008415678067
89655.48469552702,43248.38794928989,89652.23643217243,43255.173606900076,89653.84469232037,43251.813933893085,7.523055497828398,3.798286589913868,3.7247689079145307
89655.52192095775,43248.41160016828,89652.36348775288,43255.229628069974,89653.92797607816,43251.85240766929,7.514067126257651,3.7920728550735765,3.721994271184075
89655.57545487722,43248.443801279616,89652.47385512707,43255.27912975939,89654.01195291968,43251.88945846283,7.506106609721674,3.7837933077087325,3.722313302012941
89655.6502842182,43248.486512423406,89652.56062183986,43255.32434874827,89654.09622662481,43251.92584985312,7.503467146440179,3.774140558986859,3.7293265874533192
89655.74717761105,43248.539976844455,89652.62530060322,43255.359194169345,89654.18036454103,43251.96241751241,7.49985606369053,3.764040823646162,3.735815240044368
89655.86170373872,43248.602368534,89652.67197931938,43255.3852601424,89654.26393401572,43251.99999711299,7.495462657013088,3.754563629571262,3.740899027441827
89655.98546697188,43248.670033635004,89652.7089085257,43255.40602861864,89654.34656123439,43252.03931912396,7.490625052077127,3.7467448168303377,3.7438802352467904
89656.10896997187,43248.738405945005,89652.74575098876,43255.42603371932,89654.42831100542,43252.08032975062,7.48569350001304,3.7407311162451933,3.744962383767847
89656.22438542426,43248.8032447146,89652.79060538865,43255.449549184385,89654.50944621573,43252.12262103133,7.480922966982267,3.736211399399731,3.7447115675825358
89656.3270315664,43248.86166002585,89652.84838113538,43255.47951133829,89654.59023071881,43252.16578327611,7.47642727610419,3.732788185409586,3.743639090694604
89656.41553157456,43248.91255945781,89652.9206083501,43255.51705742272,89654.67092836817,43252.20940679498,7.472207285227669,3.729992320684742,3.742214964542927
89656.49149571167,43248.95669274664,89653.00576157065,43255.56150073604,89654.75180301731,43252.25308189795,7.468187938099778,3.7272928658363833,3.740895072263394
89656.55926601506,43248.99647021365,89653.09954634664,43255.610521559,89654.83311851979,43252.29639889502,7.464270586130534,3.7241260018375617,3.740144584292972
89656.62536833207,43249.035475042205,89653.19546294784,43255.660652505765,89654.91512628384,43252.33896473241,7.460377159930263,3.7199424722428147,3.7404346876874484
89656.69715315226,43249.077567416396,89653.2860155223,43255.708076339906,89654.99777098556,43252.380796380785,7.456507796230404,3.714730318565494,3.74177747766491
89656.78109995155,43249.12599643041,89653.36437022909,43255.74947507482,89655.08067873307,43252.42233665688,7.452819020299107,3.7090822596541453,3.743736760644961
89656.88174522022,43249.183008080334,89653.42558974582,43255.78248876276,89655.16346082099,43252.46404817927,7.4497084467048955,3.7037447816307063,3.7459636650741897
89657.00157662935,43249.24997999872,89653.46680960276,43255.80559457626,89655.24572854397,43252.50639356654,7.4478628089903,3.6996259031953356,3.7482369057949647
89657.14153439566,43249.32782912466,89653.48681664394,43255.81771905547,89655.32709319673,43252.54983543731,7.4481966380305735,3.6977725110065887,3.750424127023985
89657.30129235791,43249.41728314164,89653.48585367852,43255.817996625396,89655.40716607383,43252.59483641014,7.451624347568335,3.699264677499606,3.752359670068729
89657.47872430464,43249.51863780614,89653.4662405628,43255.80605978613,89655.48555847001,43252.64185910365,7.45866616313044,3.705026493502378,3.753639669628062
89657.66858553507,43249.63073346718,89653.43375247273,43255.78312569224,89655.56188167985,43252.69136613641,7.46898528294647,3.715598669060211,3.7533866138862586
89657.86120848075,43249.749523227416,89653.39874855522,43255.7536396876,89655.63574699809,43252.74382012701,7.480839729232753,3.7307496208895876,3.750090108343165
89658.04089475349,43249.86952534479,89653.37547158386,43255.72629007594,89655.70678293424,43252.79966550238,7.487847919647354,3.746171289182565,3.741676630464789
89658.19580956982,43249.975501393616,89653.37902272958,43255.71287825574,89655.77526751452,43252.85866032145,7.491256818608109,3.7645224457622595,3.7267343728458497
89658.31389216539,43250.05556136866,89653.41472436886,43255.73282324748,89655.84231127857,43252.91968289541,7.498876418453837,3.783107743652404,3.7157686748014336
89658.3871708284,43250.10104159269,89653.48852073945,43255.79519039215,89655.90907928883,43252.98155391931,7.5113316558606895,3.799774854158211,3.711556801702478
89658.4121174651,43250.108778016904,89653.60744897486,43255.8977764504,89655.97673660774,43253.04309408821,7.523120507084332,3.8133044366609967,3.7098160704233356
89658.38994180875,43250.08221831512,89653.77070629345,43256.036694063,89656.04644829771,43253.103124097164,7.536120897247404,3.8233275533620454,3.712793343885358
89658.32825385896,43250.03181744197,89653.97236056715,43256.201499663104,89656.11937942116,43253.1604646412,7.552402603103622,3.8298250063409327,3.722577596762689
89658.2431614119,43249.97365416784,89654.19928935723,43256.37653818943,89656.19669504052,43253.21393641538,7.572966723051861,3.8324213824775657,3.740545340574296
89658.15850710793,43249.92512174369,89654.43137903785,43256.54478384428,89656.27946429075,43253.262444284905,7.596802615359764,3.8299508682076127,3.7668517471521517
89658.09986542985,43249.899328347296,89654.64527896834,43256.69206252591,89656.36720008045,43253.306258603654,7.620722094481337,3.822211792232828,3.7985103022485096
89658.08759717233,43249.902713668955,89654.82005764048,43256.809084767076,89656.45815233915,43253.346757908395,7.640338758011245,3.810056585877307,3.8302821721339373
89658.13433807576,43249.9369414464,89654.94062647854,43256.890601267594,89656.55053452117,43253.38535274058,7.652004879449405,3.7947297866056213,3.857275092843783
89658.24703834743,43250.0020815989,89654.99674895332,43256.932963428386,89656.6425600808,43253.423453641684,7.65516192381427,3.7789068741168688,3.876255049697401
89658.43105952139,43250.09934737199,89654.98008771997,43256.93199122193,89656.73244247235,43253.46247115317,7.6546866921074015,3.7677448755023577,3.8869418166050442
89658.69337052369,43250.233501110095,89654.88208773742,43256.881105298206,89656.81839515008,43253.5038158165,7.662670416940749,3.7696804812257083,3.89298993571504
89659.04271772182,43250.415613250436,89654.69497636352,43256.769235013,89656.8986315683,43253.548898173154,7.698789802329005,3.7966537688684068,3.902136033460598
89659.47548041878,43250.67508995117,89654.41841276742,43256.58019442616,89656.9713651813,43253.5991287646,7.774586297098017,3.8497527329730628,3.924833564124954
89659.96423551984,43251.04139792044,89654.07224733924,43256.30001233304,89657.03480944342,43253.65591813229,7.897376163058975,3.9264810040840294,3.9708951589749453
89660.48350558772,43251.49410638022,89653.70462211476,43255.938218528085,89657.08717780889,43253.7206768177,8.105763006821809,4.061115400268784,4.044647606553026
89660.98176275256,43251.99390345591,89653.35750645063,43255.555588716285,89657.12670203218,43253.79480211433,8.415158112095222,4.254965233198716,4.160192878896506
89661.42686169106,43252.47139332379,89653.02713484899,43255.2368583082,89657.15350517367,43253.87832214861,8.843257748211593,4.49900262755872,4.344255120652872
89661.73654912232,43252.88291245006,89652.77717340527,43255.01379712652,89657.17122143328,43253.968723238984,9.209293281444424,4.692675353956131,4.516617927488294
89661.96736881832,43253.1769501616,89652.60846022985,43254.91092562927,89657.18386668502,43254.06321539972,9.518184747624124,4.864910968517259,4.653273779106867
89662.15389808269,43253.355398210006,89652.51941700994,43254.91687245467,89657.19543532311,43254.15902342176,9.760196071690737,5.023162989498329,4.73703308219241
89662.29998013811,43253.44684709008,89652.50691722106,43255.000060083104,89657.20845663908,43254.254379985556,9.915470331702698,5.15516448994479,4.7603058417579085
89662.40949834611,43253.48532459117,89652.56345539828,43255.125243241026,89657.22308138067,43254.349154045565,9.981677960575112,5.25786289909862,4.723815061476492
89662.4883279177,43253.49886879036,89652.67566016148,43255.264513730624,89657.23924257109,43254.44336433566,9.970253284101506,5.3333824924846445,4.636870791616862
89662.53921735001,43253.50579394869,89652.82732628958,43255.401779515494,89657.25687323358,43254.53702958975,9.895230630928316,5.382063387944566,4.513167242983749
89662.56880815481,43253.514613508785,89653.00314422452,43255.53071450927,89657.27590639137,43254.63016854171,9.775816573125974,5.409184052051718,4.366632521074256
89662.59109356295,43253.526517932085,89653.1909004841,43255.65034554281,89657.2962750677,43254.72279992541,9.63712994826541,5.428277213374926,4.208852734890483
89662.60958758242,43253.54209082582,89653.38202419676,43255.76167509974,89657.31791228578,43254.81494247475,9.490757629687382,5.442607717379973,4.04814991230741
89662.62671215496,43253.561242222524,89653.57058884352,43255.866189399094,89657.34075106886,43254.90661492361,9.344846222320848,5.454485521902465,3.890360700418383
89662.64402099879,43253.58378382969,89653.70332105484,43255.97853776556,89657.36472444017,43254.997836005874,9.255860948672446,5.465392548656427,3.7904684000160183
89662.66244495219,43253.60957514189,89653.83250546675,43256.086478178,89657.3897654229,43255.08862445543,9.170762234776735,5.476197247228757,3.6945649875479782
89662.68250810048,43253.63853796629,89653.95774263996,43256.19045065707,89657.41580704034,43255.17899900616,9.090313015644242,5.487363690541355,3.6029493251028857
89662.70449026022,43253.670638557596,89654.07896860453,43256.290798209106,89657.44278231569,43255.26897839194,9.014702459435986,5.499114539598338,3.515587919837648
89662.72853579426,43253.70587032989,89654.19628838908,43256.38779816857,89657.47062427216,43255.35858134667,8.943823718918402,5.511541279826934,3.4322824390914684
89662.75471881789,43253.74424179086,89654.30988113095,43256.48168374877,89657.49926593302,43255.44782660423,8.877436118141102,5.5246706907678345,3.3527654273732677
89662.78307896637,43253.78576931719,89654.41995076084,43256.572657489894,89657.52864032148,43255.536732898494,8.815251503460708,5.5385015063577265,3.2767499971029808
89662.81364061449,43253.83047305017,89654.52670143107,43256.66089963594,89657.55868046079,43255.62531896336,8.756978684867942,5.553024227310056,3.2039544575578858
89662.8464220795,43253.87837504925,89654.63032722069,43256.74657301926,89657.58931937415,43255.7136035327,8.702343036458815,5.56823063827685,3.134112398181966
89662.88144010321,43253.9294985917,89654.68860427727,43256.84491561469,89657.62049008478,43255.80160534041,8.696103454354967,5.584118442066994,3.1119850122879735
89662.91871200573,43253.98386809455,89654.71135269079,43256.95332820497,89657.65212561596,43255.88934312036,8.728026138360615,5.600693463752874,3.1273326746077426
89662.95825618028,43254.04150956805,89654.73362964015,43257.05953015579,89657.68415899089,43255.97683560646,8.760874955887427,5.617970099432876,3.1429048564545505
89663.00009245031,43254.10245111987,89654.75542608509,43257.163479093964,89657.7165232328,43256.06410153257,8.794567398799101,5.635971612587857,3.1585957862112433
89663.04424243087,43254.16672346626,89654.7767324557,43257.265130197295,89657.74915136491,43256.15115963259,8.829034231464599,5.654730435219696,3.1743037962449034
89663.09072989567,43254.234360453,89654.79753876002,43257.364436712305,89657.7819764105,43256.23802864039,8.86422002217844,5.674288481525335,3.1899315406531055
89663.13806783124,43254.30597350299,89654.8178346934,43257.461350478334,89657.81493139273,43256.324727289866,8.898465222979269,5.6930789907626265,3.205386232216643
89663.17554089811,43254.38569385989,89654.81240772341,43257.56540441018,89657.84794933486,43256.4112743149,8.947209379546116,5.699667362626098,3.2475420169200193
89663.21479319195,43254.4691521216,89654.79413271316,43257.67165687027,89657.88096326013,43256.49768844939,9.009082060027195,5.706548989946187,3.302533070081009
89663.25583641068,43254.55637256097,89654.77636863041,43257.77489146776,89657.91390619178,43256.58398842718,9.069742983680248,5.713794235400376,3.3559487482798724
89663.29868383988,43254.647382764866,89654.75914129567,43257.874954152154,89657.946711153,43256.670192982194,9.129129417662494,5.721483445442535,3.407645972219959
89663.34335060857,43254.74221417268,89654.74247522299,43257.97169835512,89657.97931116707,43256.7563208483,9.18719900094743,5.7297072203312975,3.4574917806161327
89663.38985395002,43254.840902628006,89654.72639342013,43258.064986160854,89658.01163925718,43256.84239075939,9.243931143173823,5.738566721959071,3.5053644212147526
89663.43821346856,43254.943488945115,89654.71091719733,43258.15468943083,89658.04362844657,43256.928421449345,9.299328403990696,5.748174023620652,3.5511543803700434
89663.4884514128,43255.05001949177,89654.69606598609,43258.24069087396,89658.07521175848,43257.01443165204,9.353417843815306,5.758652506498625,3.5947653373166806
89663.54059295634,43255.16054679024,89654.68185716991,43258.32288505397,89658.10632221615,43257.10044010137,9.406252337037131,5.770137306538926,3.6361150304982046
89663.59466648629,43255.27513013821,89654.66830592813,43258.401179326014,89658.13689284277,43257.18646553122,9.457911838175091,5.782775815162667,3.675136023012424
89663.64481528295,43255.395853611124,89654.65542509421,43258.47549469612,89658.16685666161,43257.27252667548,9.50227999891682,5.790503643690803,3.7117763552260152
89663.67943912254,43255.5265304306,89654.64322502971,43258.545766596886,89658.19614669587,43257.35864226802,9.527274120089569,5.78127404826444,3.746000071825128
89663.71517575593,43255.661349260925,89654.63171351478,43258.611945575074,89658.22469596882,43257.444831042725,9.55067038984475,5.77288277714967,3.77778761269508
89663.75203049101,43255.800329344995,89654.620895656,43258.673997886624,89658.25243750366,43257.5311117335,9.572648236635056,5.765512180450605,3.8071360561844507
89663.79001017126,43255.94349581679,89654.61077381214,43258.731905996465,89658.27930432362,43257.61750307421,9.593415005447904,5.759355800532433,3.8340592049154725
89663.82912331064,43256.09088025909,89654.60134753818,43258.78566898122,89658.30522945193,43257.70402379874,9.613206123026895,5.754618618278152,3.8585875047487432
89663.86938022765,43256.24252126367,89654.59261354765,43258.83530283405,89658.33014591184,43257.79069264099,9.632285103077033,5.75151731450645,3.8807677885705845
89663.91079317816,43256.398464993705,89654.58456569456,43258.88084067153,89658.35398672654,43257.87752833482,9.650943377813165,5.7502805416671166,3.9006628361460485
89663.95337648941,43256.55876574743,89654.57719500177,43258.922332837516,89658.3766849193,43257.96454961414,9.669499918747466,5.751149202379077,3.9183507163683884
89663.95207966876,43256.734178129554,89654.57048975093,43258.95984690507,89658.39817351336,43258.05177521283,9.641982725800025,5.708058834389625,3.9339238914104007
89663.93520441228,43256.91639844905,89654.5644356622,43258.99346757904,89658.4183855319,43258.139223864746,9.598204162138163,5.650716110032918,3.947488052105246
89663.91807415133,43257.101447572735,89654.55901624351,43259.023296495914,89658.43725399817,43258.226914303814,9.554342897623398,5.595182294975311,3.9591606026480872
89663.90069641006,43257.28921494381,89654.55421341835,43259.04945192515,89658.45471193542,43258.31486526389,9.51079274007878,5.541724052765378,3.9690686873134027
89663.88307579074,43257.47959894401,89654.550008562,43259.07206839237,89658.47069236687,43258.40309547887,9.467951353918536,5.490604718688755,3.977346635229781
89663.8652127301,43257.67250750361,89654.5463840433,43259.09129627327,89658.48512831575,43258.49162368263,9.426215023381651,5.4420822871697165,3.984132736211935
89663.8080383765,43257.873062589235,89654.54332522147,43259.10730142965,89658.49795280528,43258.58046860907,9.346563826360317,5.356998418017025,3.9895654083432905
89663.7352349531,43258.076197802235,89654.54082249114,43259.1202645691,89658.50909885869,43258.66964899206,9.253501820087383,5.25972269154951,3.9937791285378723
89663.6622281031,43258.27940830711,89654.5388723483,43259.130378624875,89658.51849949923,43258.75918356549,9.162956439397371,5.166055385768637,3.996901053628736
89663.58897081892,43258.48257533707,89654.53747589042,43259.13783740645,89658.52608775011,43258.849091063246,9.075182026836366,5.076132262456624,3.9990497643797425
89663.51538703845,43258.68565861126,89654.5366334762,43259.14279762029,89658.53179663456,43258.9393902192,8.99038328467539,4.9900453948467005,4.00033788982869
89663.4413784447,43258.88880125144,89654.53633708242,43259.14528626624,89658.53555917584,43259.03009976726,8.908734266249654,4.907853702916022,4.0008805633336335
89663.34402113502,43259.09263888889,89654.53656819652,43259.14504252223,89658.53730839715,43259.121238441294,8.807608835817184,4.806797819634438,4.000811016182747
89663.2245457616,43259.29659262429,89654.53731263471,43259.14135028372,89658.53697732172,43259.21282497519,8.68862011973759,4.6883168512264035,4.000303268511186
89663.10472088266,43259.50146598743,89654.53859574335,43259.13298037846,89658.53449465072,43259.304870377535,8.574046975988937,4.5744527153457755,3.9995942606431623
89662.9842402764,43259.70881274578,89654.54054175454,43259.118215743976,89658.52970709055,43259.39723909862,8.464328062325071,4.465416446590256,3.9989116157348157
89662.86281559027,43259.91998702415,89654.54338781876,43259.09517490035,89658.52238799795,43259.48966448287,8.360214918583774,4.361707139841165,3.998507778742608
89662.74014917799,43260.13602690649,89654.54746395338,43259.06219512456,89658.5123081433,43259.58187525199,8.26276018564192,4.264003268151385,3.998756917490533
89662.61596427664,43260.357605124496,89654.55320101867,43259.017955513526,89658.49923829715,43259.673600127644,8.17329874862397,4.173163743003724,4.000135005620247
89662.49001100908,43260.58502852394,89654.561154955,43258.961565975325,89658.48294922989,43259.76456783149,8.09335461803162,4.090195576025392,4.003159042006228
89662.36209295917,43260.8180520947,89654.5719950884,43258.89285626258,89658.46321171198,43259.85450708518,8.024462837367054,4.016179025527427,4.008283811839626
89662.23015730022,43261.054798045676,89654.58634484738,43258.81299164176,89658.43979651386,43259.94314661042,7.965774586740811,3.9500131397558778,4.015761446984934
89662.08926473625,43261.29025743643,89654.60440311473,43258.72518261243,89658.41247440598,43260.03021512887,7.912190742517241,3.8867073146281848,4.025483427889055
89661.94898027944,43261.5220706008,89654.62549000846,43258.634870675785,89658.38101990001,43260.115444175586,7.8720666381922095,3.835223483613588,4.036843154578621
89661.81157741856,43261.745277030015,89654.6478875607,43258.548951299446,89658.34544299207,43260.198742370805,7.844421620200901,3.795504882704557,4.048916737496344
89661.67967033753,43261.95564848311,89654.66926775014,43258.474182274185,89658.30612515584,43260.28029768721,7.827282504238183,3.766644047720465,4.060638456517719
89661.5555766819,43262.15051894927,89654.68746925678,43258.415737289404,89658.26348058926,43260.36032270622,7.817895730301185,3.7473589729051047,4.070536757396081
89661.44085639821,43262.328833377076,89654.70103327837,43258.37686143282,89658.21792349027,43260.43903000926,7.813021050463161,3.736128115859691,4.07689293460347
89661.33629778786,43262.49057189476,89654.70925698814,43258.35930098332,89658.1698680568,43260.516632177714,7.809293764797746,3.7313154849604673,4.077978279837279
89661.24217383304,43262.63611619532,89654.71193493599,43258.36388613836,89658.11972848674,43260.593341793036,7.8035869772975595,3.7312989962336465,4.072287981063913
89661.15851302475,43262.76587150417,89654.70906538753,43258.3908978898,89658.06791897805,43260.66937143663,7.793315658411275,3.7345795070846646,4.0587361513266105
89661.08527011775,43262.880134491024,89654.70065484008,43258.440203899176,89658.01485372863,43260.74493368989,7.776650686784277,3.739858187649587,4.03679249913469
89661.0223942637,43262.979093824666,89654.68662786859,43258.5112768526,89657.96094693642,43260.82024113426,7.752633378999873,3.7460785731949158,4.006554805804957
89660.9698033048,43263.062906996754,89654.66683275488,43258.60315745951,89657.90661279936,43260.895506351146,7.7211918567095665,3.752434094190816,3.9687577625187505
89660.9272319841,43263.131896588486,89654.64117426828,43258.71432459445,89657.85226551534,43260.97094192197,7.68306344689383,3.7583432326929964,3.924720214200834
89660.89390650878,43263.18696806216,89654.60991596473,43258.84238218861,89657.7983192823,43261.04676042814,7.639631114808312,3.7633959389689187,3.876235175839394
89660.86810108968,43263.23025957812,89654.57408414477,43258.98357375002,89657.74518829818,43261.123174451066,7.592693186576377,3.767279129022883,3.825414057553494
89660.84685615668,43263.26573101149,89654.53569139207,43259.1324254442,89657.6932867609,43261.20039657219,7.54420410637758,3.769695780853866,3.7745083255237137
89660.82615194297,43263.29907562966,89654.42866289038,43259.23837258664,89657.6429991795,43261.27862072825,7.577412182370447,3.7702386561298122,3.8071735262406343
89660.80076317312,43263.33613189717,89654.32005703708,43259.33761463584,89657.59426235763,43261.357759696664,7.614965023608413,3.767705408266479,3.847259615341934
89660.76846109792,43263.38341980246,89654.2201132082,43259.42832484982,89657.54666667036,43261.43750869733,7.650074259069122,3.7638450237153567,3.886229235353764
89660.7271071165,43263.444968054006,89654.13243627986,43259.50650994715,89657.49979347768,43261.517557288695,7.681219675487811,3.7590511544246583,3.922168521063153
89660.67562254661,43263.522986476266,89654.05947396033,43259.56982045167,89657.45322413961,43261.59759502924,7.707200771604582,3.75379590783987,3.953404863764712
89660.61354813735,43263.61844176006,89654.00279579147,43259.6171012318,89657.40654001615,43261.67731147739,7.727404001449294,3.748718162751793,3.9786858386975004
89660.54065496294,43263.73170076499,89653.96336770344,43259.64783162464,89657.35932246734,43261.75639619163,7.7420084506171944,3.7446901881341805,3.997318262483013
89660.45671563083,43263.86291794297,89653.9417073519,43259.66179137303,89657.31115285316,43261.8345387304,7.752083418747923,3.7428448295748535,4.00923858917307
89660.36141090971,43264.01212552413,89653.93793669321,43259.65901265787,89657.26161253365,43261.91142865218,7.7595497702168315,3.744553020062398,4.014996750154434
89660.2543709896,43264.17904853367,89653.95172568395,43259.64000605138,89657.21028286878,43261.98675551539,7.766997135630719,3.751349245978382,4.015647889652337
89660.13543077781,43264.36265105808,89653.98204258151,43259.606250877965,89657.1567452186,43262.06020887852,7.7773728834177085,3.764811768315472,4.012561115102236
89660.00515150222,43264.56055507622,89654.02666742643,43259.5607809169,89657.1005809431,43262.13147830001,7.793587972730713,3.7864157349206407,4.007172237810073
89659.86540965189,43264.76876744752,89654.08170413133,43259.508382169486,89657.04137140227,43262.20025333834,7.818113763682037,3.8173887363376173,4.000725027344419
89659.71956062199,43264.98219084741,89654.14164006297,43259.454896345946,89656.97874290287,43262.266249207845,7.852654472769035,3.8585516400583133,3.9941028327107215
89659.57187844289,43265.195737262824,89654.2003995608,43259.40570069383,89656.91279339265,43262.32945033907,7.897930668919644,3.9097741665833476,3.988156502336296
89659.42504088618,43265.403902689504,89654.25276661443,43259.36442740532,89656.84390257289,43262.39000198951,7.951583669338674,3.968106906549538,3.9834767627891354
89659.28145075054,43265.60351541584,89654.29532015003,43259.33266060321,89656.77245392487,43262.4480515743,8.01156154855609,4.0313790601312665,3.980182488424823
89659.14466511794,43265.79612183894,89654.32656949022,43259.31040859576,89656.6988309299,43262.503746508584,8.079512469859239,4.101443671599712,3.9780687982595277
89659.01495474004,43265.981938328296,89654.34656582757,43259.296762116675,89656.62341706926,43262.55723420754,8.153860191251455,4.177086394301083,3.976773796950372
89658.89167350391,43266.16176797884,89654.3564724026,43259.29033259027,89656.54659582424,43262.60866208629,8.233144801873813,4.257223368268659,3.975921433605155
89658.77346634158,43266.33680646581,89654.35822018089,43259.289493995166,89656.46875055472,43262.658177525336,8.31618973559423,4.340970598829666,3.9752191367645637
89658.65853250829,43266.50847705747,89654.35406068573,43259.29264312793,89656.39017755138,43262.705903051414,8.402186439845279,4.427753751287153,3.974432688558125
89658.5450070518,43266.67825074161,89654.34598383064,43259.29851853842,89656.31093290918,43262.75189262777,8.490715129044354,4.517452303322755,3.9732628257215974
89658.43146141157,43266.84729814359,89654.3354284769,43259.30628098569,89656.2310316559,43262.796188495086,8.5816330367612,4.610138880105379,3.9714941566558206
89658.30662922369,43266.996247983734,89654.32319437365,43259.31549021832,89656.15048881932,43262.83883289407,8.652270976770613,4.683272538635472,3.9689984381351398
89658.18034291461,43267.143204243795,89654.30958452162,43259.32597985319,89656.06931942723,43262.8798680654,8.723059538375967,4.75735804142137,3.965701496954596
89658.05349926575,43267.290193902976,89654.29462654568,43259.33772068709,89655.98753850738,43262.91933624976,8.796076078290987,4.83452070838239,3.9615553699085977
89657.92613339837,43267.43734891726,89654.27823837599,43259.35073528348,89655.90516108759,43262.95727968785,8.871327868833724,4.914809190726161,3.9565186781075634
89657.79830895759,43267.584748555404,89654.26031092487,43259.36506257749,89655.8222021956,43262.99374062037,8.948780232802498,4.998234867863056,3.9505453649394418
89657.67008853036,43267.73243392666,89654.24073760488,43259.38074777002,89655.73867685923,43263.02876128798,9.028350316042834,5.084770135936966,3.9435801801058674
89657.54152910171,43267.880414805964,89654.2194215323,43259.39783974547,89655.65460010622,43263.06238393139,9.109910996255161,5.174352379027685,3.935558617227477
89657.39756317846,43267.988185992326,89654.19627599856,43259.41638943317,89655.56998696437,43263.09465079129,9.150078461941067,5.223669359949861,3.9264091019912053
89657.2458958947,43268.07126509715,89654.17122336068,43259.43644796669,89655.48485246146,43263.12560410836,9.16589755931413,5.249841577583306,3.9160559817308256
89657.09583775664,43268.153464735224,89654.14419401191,43259.45806486951,89655.39921162526,43263.15528612331,9.18271090802876,5.2782885167734745,3.904422391255286
89656.94738162296,43268.234790284856,89654.11512569406,43259.48128664166,89655.31307948357,43263.1837390768,9.200298890697697,5.308866337479367,3.8914325532183303
89656.8005251374,43268.315243833524,89654.08396309719,43259.506155806834,89655.22647106415,43263.211005209545,9.218445703060484,5.341432219548938,3.8770134835115457
89656.65527068559,43268.39482446999,89654.05065765326,43259.53271033674,89655.13940139476,43263.23712676222,9.236940833359615,5.375844617511635,3.8610962158479807
89656.51162530138,43268.473528510425,89654.01516744023,43259.560983334115,89655.05188550323,43263.262145975525,9.255580120786059,5.411963433301077,3.843616687484982
89656.36960053796,43268.55134967774,89653.97745713509,43259.5910028636,89654.96393841729,43263.28610509014,9.274166544204395,5.4496501323246616,3.8245164118797335
89656.22293070717,43268.603595135806,89653.93749798168,43259.62279185974,89654.87557516477,43263.30904634677,9.267039992688243,5.463296975009687,3.8037430176785576
89656.07254095547,43268.63036433333,89653.89526776718,43259.65636812336,89654.7868107734,43263.331011986076,9.234344942281007,5.453094296035192,3.781250646245816
89655.9250196966,43268.65662953008,89653.8507507859,43259.69174434361,89654.69766027099,43263.35204424878,9.201725812067698,5.444725536354713,3.757000275712986
89655.78029899555,43268.682402686136,89653.80393778566,43259.728928134115,89654.6081386853,43263.372185375556,9.169008135324878,5.438048149704527,3.7309599856203506
89655.6383175335,43268.70769456923,89653.75482589689,43259.76792208328,89654.51826104411,43263.391477607096,9.136031569877057,5.432926405532627,3.70310516434443
89655.49902027087,43268.73251481854,89653.70341854407,43259.808723819,89654.42804237524,43263.40996318408,9.102649689228333,5.429231027912367,3.6734186613159645
89655.36235812178,43268.75687200624,89653.64972533929,43259.851326088,89654.33749770641,43263.427684347225,9.06872974289077,5.426838856646324,3.6418908862444463
89655.22828763988,43268.780773696504,89653.59376195812,43259.89571684961,89654.24664206544,43263.44468333719,9.034152388399383,5.42563253055144,3.6085198578479414
89655.09677071405,43268.80422650244,89653.53554999774,43259.941879384205,89654.15549048009,43263.46100239468,8.998811397575654,5.425500193033689,3.5733112045419655
89654.96629880591,43268.81850046834,89653.47511681731,43259.98979241592,89654.06405797815,43263.47668376038,8.953753938876565,5.417475819300855,3.53627811957571
89654.83617516237,43268.818390712346,89653.40775518479,43260.01020048843,89653.9723595874,43263.49176967499,8.923261660010724,5.396208763860908,3.5270528961498155
89654.70886617317,43268.818290363604,89653.33579534602,43260.01427763928,89653.8804103356,43263.50630237919,8.910441265525918,5.3762026953411235,3.5342385701847943
89654.58430911331,43268.81819913827,89653.26201720534,43260.01845126963,89653.78822525057,43263.52032411366,8.898540242174738,5.357352825129757,3.5411874170449815
89654.46244733121,43268.81811676792,89653.18642716092,43260.022721047804,89653.69581936004,43263.53387711912,8.88747508285926,5.339560572948186,3.547914509911072
89654.34322986362,43268.81804300012,89653.10903254447,43260.02708659346,89653.60320769183,43263.547003636224,8.877170583383052,5.322733206774909,3.554437376608142
89654.22661106953,43268.81797759652,89653.02984140666,43260.0315474888,89653.51040527369,43263.559745905695,8.867559510024615,5.30678351323859,3.5607759967860253
89654.11255025785,43268.817920147485,89652.94886231655,43260.03610336164,89653.4174271334,43263.5721461682,8.858582035790105,5.2916293142958155,3.5669527214942893
89654.00101128808,43268.817869525905,89652.86610418001,43260.0407541032,89653.32428829877,43263.58424666444,8.850184703581592,5.277192649536911,3.5729920540446813
89653.89196214167,43268.817822927864,89652.78157607673,43260.04550023195,89653.23100379755,43263.59608963509,8.842318852793142,5.263398570651888,3.5789202821412536
89653.78537438664,43268.81777388481,89652.69528714374,43260.05034363718,89653.13758865756,43263.60771732086,8.834937653667842,5.250172925757105,3.5847647279107364
89653.68122243343,43268.817708393326,89652.60724654306,43260.0552890241,89653.04405790652,43263.61917196243,8.827990564972724,5.237438272445247,3.5905522925274784
89653.5794824615,43268.8175982036,89652.51340063177,43260.02684413039,89652.95042657222,43263.630495800484,8.855161638460066,5.225106951271154,3.6300546871889123
89653.4801308124,43268.817389759446,89652.41582831071,43259.98152228462,89652.85670968248,43263.641731075724,8.899735605496696,5.213069797692262,3.6866658078044336
89653.38314157183,43268.816987522485,89652.3165225676,43259.93610866588,89652.76292226507,43263.652920028835,8.944701524691311,5.201179199705215,3.743522324986098
89653.28847782713,43268.81623290434,89652.21549560095,43259.89121619994,89652.66907934775,43263.66410490049,8.989283287978662,5.189227056539132,3.8000562314395285
89653.19605311313,43268.81488600972,89652.11283657522,43259.847840587754,89652.5751959583,43263.67532793141,9.032234588827844,5.176921947167874,3.8553126416599706
89653.10486991124,43268.80678480189,89652.00884339785,43259.80746018616,89652.48128712452,43263.68663136226,9.065821400037265,5.15798669417275,3.9078347058645155
89653.00972252092,43268.75728996267,89651.90441523028,43259.77204878504,89652.38736787415,43263.69805743374,9.0529698567328,5.097367858815766,3.9556019979170327
89652.91202801702,43268.70099088673,89651.80197885791,43259.74389191313,89652.29345323499,43263.709648386546,9.025620818455424,5.029526291325244,3.99609452713018
89652.80529933501,43268.63645398788,89651.70703843962,43259.72512113391,89652.19955823485,43263.72144646136,8.978754380678684,4.9521935812513105,4.026560799427373
89652.67808447225,43268.56336583747,89651.62971197364,43259.71706305757,89652.10569790147,43263.733493898864,8.908207326366195,4.8636703557871375,4.044536970579058
89652.51438473696,43268.48276908467,89651.58481363059,43259.71984231535,89652.01188961937,43263.745823317826,8.812093281749679,4.763523542635629,4.048569739114048
89652.29725367982,43268.396312495395,89651.58955891638,43259.732951308135,89651.91833485827,43263.75771577078,8.692218297944454,4.654047598268433,4.038170699676021
89652.01368406485,43268.28955007911,89651.6587104639,43259.75676299041,89651.82554811426,43263.76717431406,8.54016754862205,4.52628740760494,4.01388014101711
89651.66476637538,43268.07564610604,89651.79814197964,43259.79389772125,89651.73407432942,43263.77207770192,8.282822306483911,4.304126462060154,3.9786958444237586
89651.27478555958,43267.8490082362,89651.99987611407,43259.84888291811,89651.64445844587,43263.770304688565,8.03291736652032,4.095421916276238,3.937495450244081
89650.8705437524,43267.61028831829,89652.24117459159,43259.92465017101,89651.55722543022,43263.75980812535,7.806898400023508,3.9112311927139025,3.8956672073096055
89650.47644709014,43267.3816400665,89652.49056695397,43260.017927676985,89651.4724908833,43263.7400593682,7.634195372231447,3.775342795046695,3.8588525771847517
89650.10989703036,43267.17208463821,89652.73097586415,43260.087207128396,89651.38998706389,43263.71195174479,7.554173917908318,3.689329225486613,3.864844692421705
89649.78569518864,43266.97267151064,89652.9587373295,43260.10855549094,89651.30943146712,43263.67643334721,7.562029169452854,3.6313851732367,3.930643996216154
89649.50512378805,43266.79140106055,89653.14726801349,43260.12747142206,89651.23054158807,43263.63445226759,7.594285534901297,3.5976926308363693,3.996592904064927
89649.26452995463,43266.63201460203,89653.28990627258,43260.141428350944,89651.15303492194,43263.58695659807,7.637497259174435,3.5831312087406006,4.054366050433834
89649.0594101281,43266.49522505141,89653.38288931792,43260.15038650073,89651.07662896374,43263.534894430726,7.677854422879177,3.582279890602148,4.09557453227703
89648.88621760791,43266.38037483832,89653.42398776147,43260.15536311448,89651.00104120867,43263.47921385769,7.703384251648512,3.590155135626926,4.113229116021586
89648.74268335893,43266.28653997287,89653.41241336707,43260.157330801776,89650.92598915179,43263.42086297108,7.705425582793163,3.602628049595404,4.1027975331977595
89648.62760380539,43266.213040138704,89653.34909685169,43260.15666232442,89650.85119028826,43263.36078986301,7.67933648276565,3.616582431247839,4.06275405151781
89648.5405593201,43266.159555705,89653.2368225595,43260.1529902668,89650.7763621132,43263.2999426256,7.624546988324576,3.6299037306167072,3.9946432577078683
89648.48162261875,43266.12594534612,89653.0801389192,43260.14539498094,89650.70122212169,43263.23926935097,7.544092711252959,3.6413624173358876,3.902730293917071
89648.45086092332,43266.111705024974,89652.88524824138,43260.13294812431,89650.62548780887,43263.17971813123,7.443744015201673,3.650417679725171,3.793326335476503
89648.44730099286,43266.11500321067,89652.66019466285,43260.11559728093,89650.54887666984,43263.12223705849,7.33084883109802,3.65694812209524,3.67390070900278
89648.46722899837,43266.13157281005,89652.46626447534,43260.0173063131,89650.47110619975,43263.06777422487,7.305924961413559,3.660926878367498,3.644998083046061
89648.50248655098,43266.15432508124,89652.26181553282,43259.91258314108,89650.3918938937,43263.0172777225,7.28641865674196,3.6620931497838516,3.624325506958108
89648.54026191245,43266.17451843416,89652.0577564563,43259.8119280748,89650.31103294253,43262.9714741809,7.270166706965735,3.659934771182987,3.6102319357827484
89648.56542950947,43266.18407140024,89651.8682974867,43259.72203201552,89650.22877703617,43262.92974294929,7.257195731456726,3.654774775722504,3.6024209557342224
89648.5648629139,43266.17764623363,89651.70566600785,43259.64705276834,89650.14555304396,43262.890956707044,7.2466057629622815,3.6470411748977587,3.599564588064522
89648.5307024073,43266.15304464107,89651.57730325441,43259.58848011588,89650.0617881476,43262.85398721931,7.237077043044154,3.6370322264534516,3.6000448165907026
89648.46139410768,43266.110494459135,89651.48479493958,43259.545827547125,89649.97790952888,43262.817706251204,7.227434140547314,3.625227331496685,3.602206809050629
89648.36104643428,43266.05193863519,89651.42427037739,43259.51722576433,89649.89434436956,43262.78098556788,7.217050175123578,3.6124972701554663,3.604552904968112
89648.23810539673,43265.97979741442,89651.39107038539,43259.49298126325,89649.81151267493,43262.74271619679,7.212487226943399,3.599208978734591,3.6132782482088075
89648.10229962456,43265.897794997705,89651.37542866365,43259.470625419766,89649.72962362412,43262.70235504453,7.212619669034892,3.5859475587222183,3.626672110312674
89647.96152135593,43265.8111083411,89651.36497641931,43259.45435069033,89649.64864649295,43262.660002942954,7.2105391059946,3.5743330088527383,3.6362060971418617
89647.82137852229,43265.72312577674,89651.35400907502,43259.44032657635,89649.56853753484,43262.615795677215,7.20784603155083,3.5648372981888494,3.643008733361981
89647.6847225536,43265.63604545262,89651.33956457001,43259.42590341146,89649.4892530033,43262.569869032435,7.205812538242784,3.5577757073169463,3.6480368309258373
89647.55257505526,43265.551034987904,89651.32055256562,43259.409530912904,89649.41074915175,43262.52235879378,7.205256887982771,3.55326476099258,3.651992126990191
89647.42510203525,43265.468614957485,89651.29677902214,43259.39040211076,89649.33298223365,43262.47340074638,7.206563265588032,3.551241335344934,3.6553219302430975
89647.30220275116,43265.38898254584,89651.26834127374,43259.36812738488,89649.25590850247,43262.423130675365,7.209781664485028,3.5515128438866093,3.6582688205984195
89647.18374719024,43265.31219763193,89651.23537919942,43259.34253452296,89649.17948421168,43262.371684365906,7.214748753243332,3.553812674637435,3.6609360786058978
89647.06963388382,43265.23827005652,89651.1980127409,43259.31356553202,89649.1036656147,43262.31919760311,7.221193508712164,3.557846128000777,3.663347380711387
89646.9597816363,43265.16719312807,89651.15634911365,43259.28122905457,89649.02840896504,43262.265806172145,7.228813987545927,3.563322226974242,3.665491760571685
89646.85408814994,43265.09893848443,89651.11052459397,43259.24559462091,89648.95367051613,43262.21164585814,7.237325858817324,3.5699726640793927,3.667353194737931
89646.75234790829,43265.03340679508,89651.06078779433,43259.206834168304,89648.87940652143,43262.15685244624,7.246488999972259,3.5775610778267666,3.668927922145493
89646.65412943275,43264.97033562921,89651.00762372374,43259.1653079453,89648.80557323441,43262.10156172159,7.256118725089581,3.585885408757565,3.6702333163320167
89646.55866493113,43264.90920679684,89650.95186388245,43259.12164991864,89648.7321269085,43262.04590946933,7.26608640495399,3.594775174160942,3.671311230793048
89646.46485720319,43264.84923787712,89650.8946740034,43259.07676441601,89648.65902465722,43261.990028575965,7.276312716114097,3.604087768648659,3.672224947465438
89646.37144564166,43264.789499462146,89650.8373254516,43259.03165516201,89648.58625169039,43261.9339572339,7.286758776123381,3.61379125721841,3.6729675189049713
89646.27731873163,43264.729147298356,89650.78086301034,43258.9871701008,89648.51382689724,43261.87762012457,7.2974114045661675,3.6239724057506386,3.673438998815529
89646.18183740618,43264.667665913665,89650.725845353,43258.94379597217,89648.44177115514,43261.82093522859,7.308262127744781,3.634718165550844,3.6735439621939365
89646.08498625524,43264.60499447512,89650.6722038518,43258.90153542563,89648.37010534146,43261.76382052663,7.319290293969979,3.6460990995554075,3.673191194414571
89645.98735837315,43264.54153512344,89650.6220885899,43258.85644453789,89648.29885033361,43261.70619399927,7.33491507434993,3.658162704645575,3.6767523697043556
89645.88998567658,43264.478043658906,89650.57174247275,43258.811041659144,89648.22802293504,43261.64798169796,7.350765835189342,3.6709220809969776,3.6798437541923645
89645.79406867146,43264.415425961,89650.51993442919,43258.76440087364,89648.15758854598,43261.58921150844,7.3666743988115115,3.684252207584037,3.682422191227475
89645.7006716767,43264.354496627304,89650.46567677289,43258.71565002577,89648.0874773762,43261.52998103173,7.382537813128614,3.697935883272608,3.684601929856006
89645.6105430701,43264.2958199297,89650.40831727316,43258.66418253319,89648.01761895083,43261.47038922529,7.398241484930174,3.711747965723386,3.6864935192067882
89645.52412016381,43264.23970376434,89650.34752188204,43258.609664223,89647.94794279496,43261.41053504655,7.413673136337755,3.7254679948927367,3.688205141445018
89645.44163210756,43264.18628338213,89650.28316179752,43258.55194845262,89647.87837843371,43261.35051745297,7.428737432204217,3.7388903518317194,3.689847080372498
89645.36320370011,43264.13561172034,89650.21520341329,43258.490983449985,89647.80885539217,43261.290435402014,7.443368157440007,3.7518316168567654,3.6915365405832423
89645.2889166676,43264.08771512918,89650.143643548,43258.426753731845,89647.73930319549,43261.230387851116,7.457536927521461,3.7641351343953944,3.693401793126067
89645.21883439586,43264.04261664115,89650.0684825175,43258.35925370788,89647.66965136869,43261.17047375773,7.471258336786582,3.7756732614341675,3.695585075352415
89645.15300878567,43264.00034237648,89649.98895277639,43258.289378890826,89647.59982943696,43261.11079207931,7.4834122040592685,3.786348137652084,3.6970640664071848
89645.09148122084,43263.96092192102,89649.90425015154,43258.21809382125,89647.52976692539,43261.0514417733,7.492851217248546,3.796091662093216,3.6967595551553307
89645.03428138347,43263.92438609731,89649.81584529985,43258.143664758914,89647.45939335907,43260.99252179716,7.5020059103234615,3.804864829220457,3.697141081103005
89644.98142245889,43263.89076047002,89649.72372153732,43258.0660975243,89647.3886382631,43260.93413110834,7.5110651029321955,3.812655912929427,3.698409190002769
89644.93288314574,43263.86004612982,89649.62786900619,43257.98542191849,89647.31743116259,43260.87636866428,7.520246129889909,3.8194764645245334,3.7007696653653754
89644.88855375718,43263.83217056237,89649.52833371254,43257.90174005672,89647.24570158268,43260.81933342243,7.5297784838979664,3.825354036305771,3.704424447592195
89644.84811919251,43263.80689282828,89649.425329026,43257.81531858818,89647.17337904843,43260.76312434025,7.539881413813788,3.8303211361815155,3.709560277632273
89644.81088835237,43263.78368167384,89649.31940193822,43257.726706955495,89647.10039308497,43260.707840375195,7.5507375462614705,3.8344010764484504,3.71633646981302
89644.77566619591,43263.76164832259,89649.21155829054,43257.63681023018,89647.02667321742,43260.6535804847,7.562458616969113,3.8375927735720143,3.724865843397098
89644.74081692305,43263.73963406167,89649.10010240698,43257.55122512627,89646.95215953613,43260.600428695005,7.569661490594546,3.839875842592325,3.729785648002221
89644.70456877109,43263.71645594592,89648.98985645342,43257.46676821107,89646.87688308903,43260.54834048775,7.5777494880412295,3.841341569323061,3.7364079187181685
89644.6654045721,43263.69117074413,89648.8821853976,43257.38438329251,89646.80092133726,43260.49720575174,7.586620360229325,3.8421145515120925,3.7445058087172325
89644.6222931882,43263.66319390648,89648.77801680955,43257.304679956265,89646.7243521132,43260.44691385114,7.596100214728865,3.8422791567774146,3.7538210579514497
89644.57467696966,43263.63224965574,89648.67785227095,43257.22797712211,89646.64725324919,43260.39735415014,7.6059683300810175,3.8418903376644615,3.7640779924165564
89644.52231672309,43263.598246078676,89648.581913446,43257.1544194516,89646.56970257757,43260.34841601291,7.615984975858116,3.840987411268263,3.774997564589853
89644.46513463232,43263.56116981317,89648.49028930481,43257.08407639037,89646.49177793071,43260.299988803636,7.625916951104899,3.839607354386107,3.786309596718792
89644.40311842533,43263.5210308698,89648.4030240354,43257.01699408195,89646.41355714094,43260.25196188649,7.635557571473962,3.837795701557878,3.7977618699160836
89644.33627893133,43263.477843302106,89648.32015333095,43256.9532132915,89646.33511804066,43260.204224625675,7.644740153026565,3.835614295479192,3.809125857547374
89644.26463461448,43263.43162103725,89648.24171475785,43256.89277272304,89646.25653846217,43260.15666638534,7.653345918163745,3.833146085207118,3.820199832956627
89644.18820580213,43263.38237746853,89648.16774915023,43256.83570830365,89646.17789623786,43260.10917652967,7.661308139853616,3.830497672126544,3.830810467727072
89644.10701196383,43263.3301251913,89648.09814090194,43256.78231201674,89646.09926920007,43260.06164442286,7.668309303204277,3.827800338187596,3.84050896501668
89644.0210699911,43263.27487501722,89648.03245833091,43256.7333805548,89646.02073518114,43260.013959429074,7.673485923274273,3.8252099740107313,3.848275949263542
89643.93039316549,43263.21663388426,89647.97142210566,43256.687807045084,89645.94237201345,43259.96601091252,7.678248159005357,3.8229057782084688,3.855342380796888
89643.83499185613,43263.155401348435,89647.91506826086,43256.6455997762,89645.86425752933,43259.91768823733,7.6827429983229445,3.8210869346663916,3.861656063656553
89643.73488047517,43263.09116591211,89647.86342271417,43256.60675808618,89645.78646956115,43259.86888076772,7.687158504434091,3.8199658806735264,3.8671926237605643
89643.63010394243,43263.02390831515,89647.81647438822,43256.571263257305,89645.70908594127,43259.819477867844,7.6917049964166395,3.819756620925744,3.8719483754908954
89643.5208209626,43262.95363740612,89647.77409100758,43256.53903679792,89645.63218450203,43259.76936890191,7.696584114934729,3.82065726054517,3.8759268543895593
89643.40750945984,43262.880511688076,89647.73581083039,43256.50981343074,89645.55584307578,43259.718443234065,7.701947094100706,3.822828041285689,3.879119052815017
89643.2913356173,43262.80509969614,89647.70046870512,43256.4828768228,89645.48013949487,43259.66659022853,7.707850325889741,3.826369570855949,3.8814807550337918
89643.17457474607,43262.72873689982,89647.66577252313,43256.45670453364,89645.40515159167,43259.61369924944,7.714223711768724,3.831309518611427,3.8829141931572964
89643.06075572253,43262.65375362361,89647.62816709667,43256.42875548727,89645.33095719792,43259.55965966189,7.72087096498838,3.837607611881565,3.8832633531068157
89642.95422472864,43262.58328227773,89647.58330356382,43256.39570379825,89645.25756625638,43259.50446098836,7.727515661714064,3.8450647231529533,3.882450938561111
89642.85924890007,43262.52061147955,89647.52700005689,43256.35415671502,89645.18473380161,43259.44846882045,7.733890691299453,3.8530430240473073,3.880847667252146
89642.7791523426,43262.4684144759,89647.45608953384,43256.30144497685,89645.11215505081,43259.392136998904,7.739848467055453,3.860878753859764,3.878969713195689
89642.71592063874,43262.428265642324,89647.36875466113,43256.236087300524,89645.03952522123,43259.33591936447,7.745446214167112,3.868041333531394,3.877404880635718
89642.6701353017,43262.400453032176,89647.2645230323,43256.15794068388,89644.9665395301,43259.28026975792,7.750958588311061,3.874147137781446,3.8768114505296145
89642.64073604735,43262.383774878734,89647.14444267312,43256.068361277146,89644.89289319466,43259.22564201999,7.756792012814998,3.878919304344768,3.8778727084702305
89642.62437855711,43262.375222325165,89647.01168519622,43255.97048627644,89644.81828143212,43259.172489991455,7.76331780873354,3.8821004915313724,3.8812173172021676
89642.61486230313,43262.369958738505,89646.86881005247,43255.8742965199,89644.74239945973,43259.12126751305,7.764644171651793,3.8833502328602036,3.881293938791589
89642.60354351837,43262.36209337152,89646.72361410373,43255.787126833224,89644.66501348543,43259.072320594016,7.759198838026966,3.882301295969261,3.876897542057705
89642.58182540874,43262.344924510624,89646.5895872686,43255.70780063905,89644.58635388654,43259.02529019191,7.753294036210771,3.877899744489962,3.8753942917208084
89642.54232767793,43262.31378568852,89646.47438767292,43255.640122200064,89644.50683756346,43258.97953394453,7.745894406803552,3.869952684803594,3.8759417219999586
89642.47951518963,43262.26780118075,89646.38289158113,43255.58622178923,89644.42688192242,43258.934408721354,7.7382071837730475,3.86053655343084,3.877670630342207
89642.39186380696,43262.20631641788,89646.31689780123,43255.546856386034,89644.34690436964,43258.88927139182,7.7300905409928555,3.8503209355417694,3.879769605451086
89642.28087631545,43262.13000121554,89646.27513484248,43255.52160606749,89644.26732231135,43258.84347882538,7.721721803691155,3.8402079521401453,3.8815138515510097
89642.1511846548,43262.04104644359,89646.25301167664,43255.50858649227,89644.18855315377,43258.7963878915,7.713495830863469,3.831276487054608,3.88221934380886
89642.01046433224,43261.94355553747,89646.24258707894,43255.503951034014,89644.11101430315,43258.74735545963,7.705801003408907,3.824657516420883,3.881143486988024
89641.8683000996,43261.84343057459,89646.23370241074,43255.50193583617,89644.03503435169,43258.69587786813,7.698785154528651,3.821233486605787,3.877551667922864
89641.73406874691,43261.7473449943,89646.2163346263,43255.49596235148,89643.96042811939,43258.64225825641,7.692235849246698,3.8207642828660506,3.871471566380648
89641.61499139338,43261.66122370752,89646.18281021835,43255.48027693907,89643.88682610713,43258.58708920908,7.685640622102311,3.8225038758766496,3.8631367462256607
89641.51545762451,43261.58919610266,89646.1285733498,43255.45102424023,89643.81385857794,43258.53096368426,7.67841067588299,3.82562837553039,3.8527823003526
89641.43762635821,43261.53352117307,89646.05157369882,43255.40628034361,89643.74115579484,43258.47447464002,7.670175372448112,3.829362029998475,3.8408133424496365
89641.38242550526,43261.49507315643,89645.95120234917,43255.345486701146,89643.66834802083,43258.41821503447,7.661013994274541,3.8330793951939075,3.827934599080634
89641.35014769257,43261.473684355005,89645.82760995811,43255.26901778204,89643.59506551895,43258.36277782574,7.651506754946418,3.8363257787881584,3.81518097615826
89641.3402326018,43261.46792579133,89645.67901707732,43255.1823663075,89643.5209385522,43258.30875597191,7.637624548890407,3.8387279651015307,3.798896583788876
89641.3500926508,43261.4743572399,89645.50883117832,43255.08867914409,89643.44559738362,43258.256742431106,7.620498073194831,3.839815769414625,3.7806823037802055
89641.37330872686,43261.48682962431,89645.32630142859,43254.98984943926,89643.36867227622,43258.207330161415,7.605057713442679,3.8388269590102397,3.7662307544324385
89641.39844287556,43261.49681955958,89645.1427395864,43254.89313736801,89643.2897934932,43258.16111212071,7.591335610156655,3.8345992328466085,3.7567363773100464
89641.41015748974,43261.495238281255,89644.97293174024,43254.806231460025,89643.20878740332,43258.11836202839,7.578665622291969,3.8260113425317037,3.7526542797602644
89641.39297965815,43261.47475923572,89644.83196310292,43254.73544163472,89643.1262438765,43258.07811070818,7.566043144241722,3.813322182857621,3.7527209613841013
89641.335533508,43261.430997935044,89644.73138768152,43254.68483282135,89643.04293856613,43258.03908654853,7.55265313045611,3.7974063367612536,3.755246793694856
89641.23321654327,43261.36234424992,89644.67647083434,43254.65640158425,89642.95964712565,43258.00001793795,7.538280118714175,3.779656172716878,3.758623945997296
89641.08939709887,43261.26973254057,89644.66456848751,43254.65013542835,89642.8771452085,43257.95963326491,7.523358052511942,3.7620208024713984,3.761337250040544
89640.91590838588,43261.1573386435,89644.6841087322,43254.66288435761,89642.79620846812,43257.91666091791,7.508479894187608,3.7466679223533106,3.761811971834297
89640.7319623665,43261.03391311196,89644.71531082406,43254.686547167046,89642.71761244244,43257.86982947608,7.4937386779268165,3.735536304059776,3.758202373867041
89640.5594389732,43260.9138127142,89644.73438016378,43254.70784117218,89642.6417684287,43257.81846915078,7.479586668066204,3.730582761026124,3.7490039070400805
89640.41805556395,43260.81283588827,89644.72004172241,43254.71164230132,89642.5679164286,43257.76384483226,7.465363225790985,3.730716847599573,3.7346463781914117
89640.32118882539,43260.743953184334,89644.65407650609,43254.69201814821,89642.49506146622,43257.70760953349,7.443106430452647,3.7343145320906217,3.7087918983620254
89640.27494931298,43260.71351395991,89644.5344740293,43254.639221445475,89642.42220856561,43257.65141626746,7.418933909923554,3.739941787798948,3.6789921221246065
89640.27869076676,43260.71985616099,89644.36358560747,43254.55613848627,89642.34836275084,43257.59691804714,7.394442604642279,3.746502980733266,3.647939623909013
89640.32518085517,43260.754145860294,89644.15042078508,43254.45182376019,89642.27252904596,43257.5457678855,7.372362197752656,3.753112602268781,3.6192495954838746
89640.40109467352,43260.80328976005,89643.90921130273,43254.33813558475,89642.19380842923,43257.49947405269,7.3556169553945026,3.758858980877577,3.596757974516925
89640.48969946531,43260.854251767225,89643.65652378612,43254.225714601846,89642.1121599109,43257.458250513766,7.3461745985035325,3.7636687435278207,3.582505854975712
89640.57514449906,43260.89738420654,89643.40168924328,43254.135242741526,89642.0279941841,43257.4216298893,7.329114024488298,3.7671793534579865,3.561934671030312
89640.64529171214,43260.9269218366,89643.1623093872,43254.05834169823,89641.94172598026,43257.38913870822,7.3152423810702585,3.7678443804171575,3.5473980006531014
89640.6916194136,43260.93958813521,89642.94721571996,43253.992621808684,89641.85377003075,43257.3603034995,7.30397534491828,3.7632263498695533,3.5407489950487268
89640.70758187331,43260.93324693442,89642.76226558926,43253.93772419215,89641.76454154417,43257.33464664487,7.291026238485781,3.750611655419403,3.540414583066378
89640.68757889264,43260.90643022603,89642.61278830076,43253.893479566155,89641.67448575603,43257.31142954215,7.2724073196530234,3.7280041676634306,3.5444031519895924
89640.62720370918,43260.858415837385,89642.5036013537,43253.860024405876,89641.58409526564,43257.28950191918,7.245574563067698,3.6949679303606957,3.550606632707002
89640.52394199942,43260.7892773809,89642.43849517555,43253.837923608684,89641.49386684434,43257.26767724281,7.210189535007799,3.6527279856824086,3.55746154932539
89640.37755923792,43260.699608694165,89642.41959338148,43253.82842979322,89641.40429726333,43257.244768979916,7.168193840309475,3.604179299643236,3.5640145406662387
89640.19071075704,43260.590235207004,89642.4461727154,43253.833617494725,89641.31588329394,43257.21959059737,7.123130741146146,3.5534853766726266,3.5696453644735198
89639.96977694989,43260.46519712153,89642.51196790923,43253.85561127008,89641.22912170738,43257.19095556206,7.081621283391966,3.508077394809908,3.5735438885820576
89639.72766219084,43260.3320121496,89642.60128740329,43253.893880158255,89641.14450927498,43257.15767734083,7.050337963502711,3.476184278486912,3.574153685015799
89639.490172419,43260.1939304912,89642.68721600791,43253.94091035202,89641.06254276798,43257.11856940056,7.022915959226063,3.4540113422173193,3.5689046170087435
89639.28602412342,43260.06839279502,89642.7361556057,43253.97996801592,89640.98365230525,43257.07259928946,6.998022830475407,3.4433588502715575,3.554663980203849
89639.14152798094,43259.97671368649,89642.71818454431,43253.989888792494,89640.90716678342,43257.02128026727,6.973847179545656,3.442683121674839,3.531164057870817
89639.07412833591,43259.93486875493,89642.61607936122,43253.9556702092,89640.83151087833,43256.968215894165,6.9495490727767875,3.4481042032793012,3.5014448694974867
89639.08825146519,43259.94438718891,89642.42878849363,43253.87726965672,89640.75508249411,43256.91707161879,6.925973057111777,3.4558595515566073,3.470113505555169
89639.17186997773,43259.98971256172,89642.17116853158,43253.77304654705,89640.676279535,43256.87151288974,6.902371197863521,3.462140567675806,3.440230630187714
89639.29501207077,43260.04497752835,89641.87452234303,43253.668678709946,89640.59375983143,43256.83459922485,6.878303560200628,3.4631307508388787,3.415172809361749
89639.41670280586,43260.08688494279,89641.58078391284,43253.5787777247,89640.50776825364,43256.805690493486,6.858476988352499,3.457840485838276,3.400636502514223
89639.49959354839,43260.103456752986,89641.32527230591,43253.510547203696,89640.4191485274,43256.78275053495,6.841020336966703,3.44567426579258,3.3953460711741226
89639.52020804699,43260.09264652467,89641.13050115049,43253.4627565647,89640.32874548352,43256.76374061239,6.822644997389844,3.4256893261156542,3.39695567127419
89639.46847370012,43260.06074362724,89641.00643182802,43253.43207959377,89640.23740395284,43256.746621988976,6.804741146570035,3.402154606532883,3.402586540037153
89639.34554382876,43260.010503082456,89640.9539860674,43253.41708572698,89640.14596876627,43256.72935592782,6.786769397772279,3.3773668339358918,3.409402563836387
89639.1619689445,43259.9404439891,89640.96541195085,43253.41856758244,89640.05528475458,43256.70990369208,6.766629777138963,3.3517762078056386,3.414853569333325
89638.93870272905,43259.85276106037,89641.02068144361,43253.43651207556,89639.96619674865,43256.68622654491,6.745582732644128,3.329066655673114,3.416516076971014
89638.70856754613,43259.755570722424,89641.08540141507,43253.464709475695,89639.87954957933,43256.65628574944,6.724899587810983,3.3131203216652083,3.4117792661457735
89638.51006560001,43259.66524963847,89641.11743014843,43253.48772136436,89639.79596540234,43256.618616826265,6.705237167000205,3.306888234282915,3.39834893271729
89638.37550309763,43259.60127272775,89641.08170482544,43253.48659926563,89639.71447140595,43256.57586856168,6.6867600031676675,3.308459837861691,3.3783001653059768
89638.316690843,43259.58466674998,89640.96277486067,43253.45093702169,89639.63339929254,43256.532483332354,6.680149774389053,3.3240855518332215,3.356064222555833
89638.33259954896,43259.6039507292,89640.76796906894,43253.385923496964,89639.55107787854,43256.49291095759,6.677940353110091,3.3411461955750954,3.336794157534996
89638.40165048829,43259.63628453978,89640.52181742952,43253.31158044994,89639.46617385767,43256.46068776147,6.670606395428691,3.3492722944497535,3.321334100978938
89638.48747870802,43259.66506781515,89640.25872100411,43253.2471286686,89639.37880419986,43256.43542905876,6.657870692668627,3.350377236848827,3.307493455819801
89638.55637660241,43259.68154429697,89640.01245633916,43253.194921647504,89639.28947491373,43256.4156983474,6.648040432810901,3.3471156090508845,3.300924823760016
89638.58687215939,43259.68494966672,89639.80302995397,43253.155339307705,89639.19869201265,43256.400059112624,6.641901175256991,3.3413813738088236,3.3005198014481674
89638.57067302737,43259.678034326054,89639.63844625094,43253.12559374016,89639.10696151001,43256.387074839666,6.638871687921605,3.334369457284277,3.304502230637328
89638.50913543858,43259.66359225846,89639.51798420964,43253.1030179577,89639.0147894192,43256.37530901372,6.637688678951843,3.326934421622937,3.310754257328906
89638.41000430887,43259.64347626696,89639.43492695196,43253.08593951935,89638.92268175357,43256.36332512003,6.637149585522537,3.3199743536669715,3.3171752318555643
89638.2851253692,43259.61905081652,89639.3783471162,43253.07317223158,89638.83113437802,43256.34971530628,6.636539778890286,3.314616194405282,3.321923584485003
89638.14775334009,43259.59183040483,89639.33525274726,43253.063285235716,89638.74034897109,43256.333902593986,6.635665518033389,3.311383880276942,3.3242816377564472
89638.0096175042,43259.56364506383,89639.29361609534,43253.05443449718,89638.65019468773,43256.316249155025,6.634642008655519,3.3099727063163775,3.3246693023391414
89637.87896991135,43259.5362956827,89639.24486243063,43253.04479558474,89638.56052283078,43256.297167580895,6.6336442394823685,3.3100551720314617,3.3235890674509068
89637.76017953154,43259.51109144665,89639.18438494681,43253.03306515124,89638.47118470316,43256.277070463104,6.632735917318531,3.311256570560081,3.3214793467584496
89637.65457539402,43259.48866450202,89639.11058483113,43253.0192019597,89638.38203160776,43256.25637039318,6.631282611038549,3.3131431826854323,3.318139428353117
89637.56152666031,43259.46904955223,89639.02414587939,43253.00260517856,89638.2929148475,43256.23547996264,6.629793195701674,3.3152527763450372,3.314540419356636
89637.47928412618,43259.45188154353,89638.92676754599,43252.98365042478,89638.2036879302,43256.21480734728,6.628214092511838,3.317138861024462,3.3110752314873757
89637.40569864129,43259.43663368343,89638.82060192757,43252.96287155476,89638.1142700705,43256.194629139114,6.626578861532739,3.3185338533210724,3.3080450082116664
89637.33883064079,43259.42282363839,89638.70764301645,43252.94075767952,89638.02465578618,43256.17507112845,6.625015201109901,3.3193753171215867,3.305639883988313
89637.2764448794,43259.41431112045,89638.58931246742,43252.9176385393,89637.93484373046,43256.15625082395,6.627999391240029,3.323920267194831,3.3040791240451974
89637.21821469322,43259.409125774095,89638.46642275808,43252.89368924588,89637.84483255664,43256.13828573427,6.633923162531762,3.3303219833662205,3.303601179165541
89637.1643250881,43259.40429025865,89638.33939578416,43252.86900194009,89637.75462091796,43256.121293368065,6.640089197252933,3.3356435286675397,3.3044456685853936
89637.1144041697,43259.399790584124,89638.20855809546,43252.84366406507,89637.66420746765,43256.105391234,6.646801316958532,3.3399626861002942,3.306838630858238
89637.06790062935,43259.39556474718,89638.07438771466,43252.817808896856,89637.573590859,43256.09069684071,6.654313509249462,3.343332841283553,3.3109806679659086
89637.02396013732,43259.39149212173,89637.93763883626,43252.79162719382,89637.48276974523,43256.077327696854,6.662809154666283,3.3457722713029225,3.31703688336336
89636.9814692766,43259.38741795881,89637.7993118822,43252.76534617277,89637.39174965168,43256.06537765716,6.672383477217075,3.347279754059977,3.3251037231570972
89636.93921583799,43259.38318887774,89637.66053506472,43252.7392003959,89637.30056537606,43256.05483981959,6.683029580486055,3.347906949359341,3.3351226311267146
89636.89597211535,43259.37866865912,89637.5213819729,43252.725085657905,89637.20925950875,43256.04568045934,6.682911359876289,3.347679693566598,3.3352316663096904
89636.85042706787,43259.373735542664,89637.38392024885,43252.71948283242,89637.11787464019,43256.03786585139,6.675604400046796,3.346573591169874,3.3290308088769214
89636.80107307022,43259.3682845271,89637.25049795969,43252.71421549564,89637.02645334911,43256.031362230955,6.6692291463684565,3.3445248811519304,3.324704265216526
89636.74623623418,43259.362246146535,89637.12271283494,43252.70931286775,89636.93502313129,43256.02608494067,6.663576805505058,3.341498478832568,3.32207832667249
89636.68431618607,43259.355606760066,89637.00201611166,43252.7047667927,89636.84356683506,43256.02179867322,6.658423650848267,3.337609493206262,3.3208141576420056
89636.61418421159,43259.34841897573,89636.88941754765,43252.7005350499,89636.75205908656,43256.01824037809,6.653579042932123,3.3330314989966183,3.320547543935505
89636.53550539946,43259.34079241815,89636.78517852651,43252.69655630823,89636.66047451194,43256.015147004786,6.648925488739235,3.327992592317191,3.3209328964220437
89636.44890355301,43259.3381655903,89636.68844088452,43252.69275500884,89636.56878773736,43256.012255502785,6.649726304849225,3.3280700304963964,3.321656274352829
89636.35642906604,43259.35178140519,89636.59671740992,43252.68901518049,89636.47697338896,43256.0093028216,6.667097738384505,3.344651553680177,3.3224461847043276
89636.26313619658,43259.36478374224,89636.50550239198,43252.685124683434,89636.3850060929,43256.00602591069,6.684054646287696,3.360968081166779,3.3230865651209167
89636.17532234154,43259.37692479416,89636.40855413629,43252.68074060384,89636.29286589051,43256.0021994265,6.700244755286077,3.3767718005592697,3.3234729547268076
89636.1000835255,43259.388074721144,89636.29911285113,43252.67643617682,89636.20060999646,43255.998135398964,6.714588939175461,3.3914295185699133,3.3231594206055473
89636.04371271835,43259.39811599935,89636.17137325888,43252.67628986836,89636.10835312249,43255.99454622089,6.723038282567441,3.4041835465599446,3.3188547360074967
89636.0103979474,43259.406773754905,89636.02185775683,43252.67562574026,89636.01621135298,43255.992153843596,6.731157769826644,3.414624859980122,3.3165329098465217
89636.00147289636,43259.41348737426,89635.8495039469,43252.67519365576,89635.92430077231,43255.99168021837,6.740007180880337,3.4226772779220167,3.3173299029583196
89636.01459669303,43259.417479222495,89635.65651023916,43252.67624190196,89635.83273746491,43255.99384729652,6.750741183029056,3.4284585958402736,3.3222825871887824
89636.04266062449,43259.41820967935,89635.44937626067,43252.68005605916,89635.74163751518,43255.999377029344,6.764222094644548,3.4320593819305047,3.332162712714044
89636.07345114516,43259.416236259916,89635.2393571229,43252.68705590966,89635.65111700124,43256.00899133708,6.780677032883897,3.4333196899349616,3.347357342948935
89636.09151830156,43259.41390301711,89635.04089232307,43252.69598522553,89635.56121262231,43256.02301983838,6.799576045690903,3.43210035477732,3.367475690913583
89636.0822150947,43259.41493702323,89634.86805765929,43252.7040729944,89635.4716834661,43256.0404201563,6.819814828240819,3.42930210899488,3.3905127192459386
89636.03581897636,43259.422843288805,89634.73087338408,43252.7083643543,89635.38222796687,43256.05985015639,6.840110405594976,3.4259165220979297,3.414193883497047
89635.94959194088,43259.43922610131,89634.63421260884,43252.71414174974,89635.29254455894,43256.07996770421,6.852516495632339,3.422912245535087,3.4296042500972526
89635.82791590529,43259.463114337384,89634.57316745304,43252.716497834335,89635.20233167658,43256.09943066527,6.862304854612747,3.4213628093557467,3.440942045257
89635.6810774356,43259.49159147965,89634.53699453184,43252.71552898092,89635.11128780071,43256.1168970721,6.871968326275963,3.422458556710187,3.4495097695657764
89635.52274254756,43259.521245978416,89634.51164265921,43252.71423361526,89635.0192279237,43256.13144215271,6.881696033417957,3.4269953243617906,3.4547007090561666
89635.36657787203,43259.54946772987,89634.48315103419,43252.714697785545,89634.9263347192,43256.14345770137,6.8916270335586205,3.43434394722579,3.4572830863328305
89635.22771129143,43259.614261494906,89634.44083942528,43252.717681335096,89634.83286321165,43256.15359458033,6.941324458229591,3.4831193634047635,3.458205094824828
89635.10828010258,43259.683212844466,89634.37837726195,43252.723043923965,89634.73906842538,43256.16250365186,6.998336199316487,3.540015604694451,3.458320594622036
89635.01095159026,43259.74205704522,89634.29284901661,43252.73035564011,89634.64520538478,43256.17083577822,7.048377678640546,3.5899013391356944,3.458476339504851
89634.93804651355,43259.78846480755,89634.1831359603,43252.739259453214,89634.5515291142,43256.17924182165,7.089512400087549,3.6298603639731177,3.459652036114431
89634.89097178227,43259.82064931825,89634.04866547373,43252.74958120771,89634.45829463804,43256.18837264444,7.121059200800825,3.657956170627403,3.4631030301734214
89634.87066124305,43259.837474728476,89633.88875343588,43252.76135017899,89634.36575698068,43256.19887910883,7.143926202141228,3.6734597312984714,3.470466470842757
89634.87769399834,43259.83847724825,89633.70234825497,43252.7748578044,89634.27417116649,43256.21141207709,7.160737201159193,3.676933717706696,3.483803483452498
89634.91223096753,43259.82375635913,89633.48823167161,43252.79184568028,89634.18379221983,43256.22662241148,7.174645760602483,3.6701492676052125,3.5044964929972706
89634.97370612969,43259.79377508125,89633.25499753092,43252.85383574689,89634.0948751651,43256.24516097426,7.149595597795366,3.655818095128174,3.493777502667192
89635.06003656611,43259.74924955334,89632.9970367002,43252.92414232211,89634.00767502666,43256.267678627686,7.130081147119123,3.637141861413741,3.4929392857053814
89635.16626396101,43259.691477967965,89632.71743484444,43253.004144717735,89633.92244682887,43256.294826234014,7.121600244454307,3.617226017261819,3.5043742271924883
89635.28327427889,43259.62336357864,89632.42321326368,43253.09414529566,89633.83944559614,43256.32725465552,7.128158275284049,3.598468465637366,3.5296898096466838
89635.39807802791,43259.55065519583,89632.12557380804,43253.191842397624,89633.7589261061,43256.36561416353,7.151488241739049,3.5820811548933214,3.569407086845728
89635.50098200236,43259.48941421612,89631.83896987906,43253.29366463633,89633.68096978652,43256.410139887754,7.197058124446708,3.5769225397140287,3.6201355847326795
89635.58548701668,43259.453712944356,89631.57461199704,43253.390149717714,89633.60518118544,43256.4599249163,7.270069973985191,3.589481570111505,3.6805884038736867
89635.63323317189,43259.43096094247,89631.3404779225,43253.47402646367,89633.53108355927,43256.513867658665,7.34253471328938,3.5956176409959784,3.7469170722934013
89635.64147892054,43259.42465865806,89631.14014130215,43253.54090155606,89633.45820016453,43256.570866524395,7.408146731143209,3.5931651323926688,3.81498159875054
89635.61225844029,43259.434701759536,89630.97323377062,43253.58981289598,89633.38605425764,43256.62981992301,7.462122735059224,3.5809701450471074,3.8811525900121167
89635.55115560204,43259.45796112474,89630.84886082406,43253.63873668209,89633.31416909507,43256.68962626403,7.481640815548559,3.5591834082210405,3.9224574073275185
89635.46599858462,43259.4895157873,89630.76687578093,43253.69930319313,89633.24209516007,43256.74924400574,7.457098431021833,3.5291409547643187,3.9279574762575145
89635.38295152086,43259.546429778246,89630.69738108516,43253.74970369391,89633.16968729733,43256.80830287734,7.4536302299437915,3.5207779607146055,3.932852269229185
89635.29709312825,43259.61037418795,89630.63398049836,43253.79548617753,89633.09699109462,43256.86685329268,7.45369317672491,3.5167251614472,3.93696801527771
89635.2098775177,43259.67498791742,89630.57226761091,43253.84029937374,89633.0240550755,43256.92495214072,7.453255399436487,3.5129071325556356,3.940348266880852
89635.12349047337,43259.73862585342,89630.50980751714,43253.88601241607,89632.95092776361,43256.98265631038,7.45245962535994,3.509329971662415,3.9431296536975253
89635.03890533694,43259.80066194495,89630.44551150563,43253.9333550236,89632.87765768253,43257.040022690584,7.451480215292353,3.5060120530953918,3.9454681621969607
89634.95648503247,43259.86093742931,89630.3789720988,43253.98252784477,89632.80429335585,43257.097108170296,7.450457965891897,3.502953209206962,3.9475047566849355
89634.87635336757,43259.91944499899,89630.31004968376,43254.03355520761,89632.73088330714,43257.153969638435,7.449485080799431,3.500127961945897,3.9493571188535337
89634.79855631199,43259.976204595965,89630.23869206857,43254.086425481306,89632.65747606008,43257.21066398394,7.448614632124095,3.497490460583845,3.951124171540251
89634.72311591657,43260.03123093348,89630.16487379913,43254.141129087395,89632.58412013821,43257.26724809574,7.447876943019347,3.494982699115291,3.952894243904056
89634.65004627244,43260.08453019627,89630.08857786351,43254.19766373415,89632.51086406513,43257.32377886279,7.447294192417936,3.492541831011841,3.9547523614060958
89634.57935818071,43260.136102858734,89630.00978990871,43254.25603261787,89632.43775636444,43257.380313174006,7.446890641731678,3.490105317309191,3.9567853244224866
89634.51106063648,43260.18594644022,89629.92849587818,43254.316242519955,89632.36484555976,43257.43690791834,7.446698857586732,3.487614077035667,3.959084780551065
89634.44516141656,43260.23405721941,89629.84468052458,43254.3783029339,89632.29218017466,43257.493619984714,7.4467632357761255,3.4850142704559817,3.9617489653201443
89634.3913239382,43260.29262558711,89629.75832641195,43254.44222582124,89632.21980873273,43257.55050626206,7.46269679798923,3.4978131282875538,3.9648836697016754
89634.34807408164,43260.35944727251,89629.67137585655,43254.5104803591,89632.14777975761,43257.607623639335,7.488786299713405,3.5233263289802546,3.965459970733151
89634.30672300248,43260.42336947926,89629.58350506343,43254.58263028766,89632.07614177286,43257.66502900545,7.511525943770609,3.5473842181689523,3.9641417256016567
89634.26729905566,43260.4843491425,89629.49318532734,43254.65677374115,89632.0049433021,43257.722779249365,7.533445224414273,3.569947034663699,3.963498189750574
89634.22982534279,43260.54235162265,89629.40039905347,43254.732924972624,89631.93423286892,43257.78093126,7.554653948791616,3.5909869430730863,3.96366700571853
89634.194319222,43260.59735115737,89629.30512434056,43254.81110178002,89631.86405899691,43257.8395419263,7.57528273040676,3.610488120959676,3.9647946094470843
89634.16079197507,43260.64933144488,89629.20733448841,43254.89132593859,89631.79447020969,43257.8986681372,7.595483426524748,3.6284469583499313,3.967036468174817
89634.1292485314,43260.69828622299,89629.10699751803,43254.97362365627,89631.72551503085,43257.95836678162,7.615429518038413,3.6448721907514274,3.970557327286986
89634.0996872651,43260.74421985083,89629.00407572587,43255.058026072424,89631.65724198394,43258.018694748505,7.635316407611119,3.6597849711263706,3.9755314364847485
89634.07209987727,43260.78714789386,89628.89852531145,43255.14456983538,89631.58969959263,43258.0797089268,7.655361580892268,3.6732188790693643,3.982142701822904
89634.04647135775,43260.82709769043,89628.79029614262,43255.23329781228,89631.52293638048,43258.141466205445,7.67580451607784,3.685219838036376,3.9905846780414644
89634.02277996576,43260.86410885102,89628.70062702791,43255.346337957504,89631.4570008711,43258.20402347335,7.666231637981398,3.6958458543434496,3.9703857836379486
89634.00099696279,43260.89823374267,89628.61346122877,43255.46580472643,89631.39194158807,43258.26743761948,7.650936302295078,3.7051664186873197,3.9457698836077575
89633.98108543165,43260.92953835768,89628.52475393821,43255.58735119693,89631.32780705502,43258.33176553274,7.636132334286013,3.713261341987884,3.922870992298129
89633.96299644807,43260.95810522463,89628.43452103439,43255.71095438975,89631.26464579551,43258.3970641021,7.6221146858079045,3.720218794027731,3.9018958917801734
89633.94665964725,43260.984042056014,89628.34278794708,43255.83658566682,89631.20250633315,43258.46339021647,7.609184273665125,3.726132459729569,3.8830518139355568
89633.93196639241,43261.00749970808,89628.24960632609,43255.964192808686,89631.14143719156,43258.5308007648,7.597641766021035,3.7310978111622406,3.8665439548587943
89633.91875146334,43261.028695639245,89628.15507187767,43256.093676597615,89631.08148689431,43258.59935263602,7.587780657575938,3.7352078472250794,3.852572810350859
89633.90679019775,43261.04792480464,89628.05932633375,43256.224880324735,89631.02270396502,43258.66910271905,7.579880717792806,3.7385489046845883,3.841331813108218
89633.89582989452,43261.065530577056,89627.98170814425,43256.37282641043,89630.9651379954,43258.74010160098,7.549722410299509,3.7411996645906234,3.8085227457088857
89633.88566582532,43261.08180762558,89627.90412667973,43256.52160970229,89630.90884786434,43258.81234507535,7.521583320672579,3.7432479799950378,3.7783353406775406
89633.87617296392,43261.09695638895,89627.82639389894,43256.67082049497,89630.85389722855,43258.88580074671,7.496032663156705,3.74477768296748,3.751254980189225
89633.8672996951,43261.11107277473,89627.74850640839,43256.82039235324,89630.80034978414,43258.96043598737,7.473256971690249,3.745853754153602,3.727403217536647
89633.85903705054,43261.12415932152,89627.67040192526,43256.970359781946,89630.74826922723,43259.03621816962,7.453405619500011,3.746515007891527,3.7068906116084843
89633.85136560483,43261.13616413375,89627.59200671122,43257.12081451279,89630.6977192539,43259.113114665735,7.436572216930016,3.746760528341763,3.6898116885882533
89633.8441808911,43261.14705367999,89627.51816246855,43257.27480696678,89630.64876356024,43259.19109284803,7.417061661495176,3.7465283522939035,3.6705333092012733
89633.83717300341,43261.15697643747,89627.444373789,43257.42910701569,89630.60146584237,43259.2701200888,7.40033054813767,3.745667859351873,3.654662688785797
89633.82964134938,43261.166595917144,89627.37088338235,43257.5829716028,89630.5558897964,43259.35016376033,7.3863331703261625,3.7439117258541716,3.6424214444719905
89633.82029967308,43261.177566847924,89627.29864086764,43257.73482941228,89630.5120991184,43259.43119123491,7.374583013666003,3.7408580154539015,3.633724998212102
89633.80723375817,43261.19288293725,89627.22916596627,43257.881820950766,89630.47015750446,43259.51316988484,7.364380989132754,3.7359756237817896,3.6284053653509636
89633.78815998817,43261.21668725964,89627.16433173664,43258.019967085915,89630.4300809669,43259.59604757144,7.354870534199305,3.728695175539983,3.6261753586593213
89633.76090962741,43261.253434363854,89627.10593745165,43258.14495677605,89630.39151640424,43259.679621124356,7.345154019763487,3.7188303006667214,3.626323719096766
89633.72387515787,43261.30681856931,89627.05535851805,43258.25309174606,89630.3539385087,43259.76361691083,7.334463967233718,3.7064733073526814,3.6279906598810374
89633.67614632442,43261.379166296974,89627.01345457569,43258.341865316426,89630.31682100403,43259.847760901925,7.322339693365413,3.691919431973209,3.6304202613922034
89633.61737626494,43261.47145181452,89626.98070274085,43258.41000620214,89630.27963761402,43259.93177906867,7.308753977450255,3.6757436616531978,3.633010315797057
89633.5476106094,43261.583515934326,89626.95734852058,43258.45735189048,89630.24186206245,43260.01539738211,7.294138470608497,3.658820745739862,3.635317724868636
89633.46730440606,43261.71396940858,89626.94335154069,43258.485050202675,89630.20296807315,43260.09834181326,7.279277452323527,3.6422718488767667,3.63700560344676
89633.37763798711,43261.85964254909,89626.93800942782,43258.49622304018,89630.16242936984,43260.18033833318,7.2650813329664645,3.627344635150826,3.637736697815638
89633.27972419503,43262.01433243729,89626.9393749807,43258.4966083428,89630.11971967637,43260.2611129129,7.250821399301202,3.613780189591589,3.6370412097096128
89633.17835765288,43262.17092645883,89626.94390867541,43258.494310370814,89630.07432857214,43260.34040008879,7.237807672998564,3.6035847881666494,3.6342228848319147
89633.07898169466,43262.321585093116,89626.94689754753,43258.49823312912,89630.0262347683,43260.41819862997,7.226373656828797,3.5975191207945034,3.6288545360342943
89632.98659189626,43262.459471295784,89626.94362294894,43258.51595956956,89629.97598722893,43260.49481536057,7.215868515514969,3.5949427543037604,3.620925761211209
89632.90508813136,43262.58006690595,89626.9304920851,43258.55248437907,89629.92416711785,43260.57057449925,7.205360430044472,3.5949895439901156,3.6103708860543557
89632.8368514941,43262.68106042996,89626.9045787097,43258.6096609359,89629.87135559887,43260.64580026471,7.19500898044828,3.596727657868545,3.5982813225797354
89632.78295060495,43262.76158098967,89626.86479943825,43258.68795639056,89629.81813383583,43260.72081687562,7.18463155675564,3.5992855740602625,3.5853459826953777
89632.74344391274,43262.82160656939,89626.81216813569,43258.787597038354,89629.7650829925,43260.79594855066,7.173093143126323,3.6019333947324346,3.571159748393889
89632.71734662185,43262.86201488073,89626.74776747357,43258.907222757996,89629.71278423273,43260.87151950851,7.160744091338307,3.6040903119859347,3.5566537793523723
89632.70226892976,43262.885260103336,89626.67389195335,43259.04391630993,89629.66181872034,43260.94785396785,7.148234125209702,3.6052572737255253,3.5429768514841764
89632.69417682345,43262.89616942886,89626.59423111654,43259.1925563467,89629.61276761914,43261.02527614736,7.136251641415499,3.6049028218792416,3.5313488195362575
89632.6878311238,43262.902002683695,89626.51343096136,43259.345866696094,89629.5661746353,43261.10408957673,7.125259330589396,3.602392367909243,3.5228669626801525
89632.6779481034,43262.91122202123,89626.43603100552,43259.49562174513,89629.52199102205,43261.18427055594,7.1153253125133915,3.5975584029745935,3.5177669095387976
89632.66042132987,43262.93144881222,89626.36545390627,43259.63444125562,89629.47969503314,43261.26553413306,7.106115232140005,3.5905837259374462,3.5155315062025574
89632.63281442854,43262.96796423632,89626.30364559614,43259.75712108843,89629.43875173586,43261.34758807283,7.097034016356924,3.5815716377004945,3.515462378656429
89632.59409495819,43263.0234476779,89626.25137238622,43259.860873282356,89629.3986261974,43261.430140140015,7.087454157330368,3.5706651357134476,3.5167890216169213
89632.54413691351,43263.09849291117,89626.20870253595,43259.94486110691,89629.35878348508,43261.51289809935,7.076943005931085,3.5581719142428345,3.5187710916882504
89632.48342887162,43263.192090847675,89626.17525759387,43260.00979843327,89629.31868866607,43261.595569715595,7.0654093922585295,3.5446382458331356,3.5207711464253943
89632.41305819515,43263.301784899,89626.15017058558,43260.05788492825,89629.27780680769,43261.67786275348,7.053130385179676,3.5308532109487865,3.52227717423089
89632.3342933126,43263.42359306072,89626.13196729895,43260.0927210515,89629.23560314426,43261.759485059265,7.040138941907822,3.517262600352255,3.522876341555566
89632.24894977537,43263.55285652144,89626.11092900613,43260.114412072246,89629.19168105519,43261.840211834206,7.035495660850469,3.504289350509823,3.531206310340646
89632.16019334672,43263.68591343812,89626.08750283536,43260.12810774452,89629.14603222617,43261.9200076051,7.0381497142474885,3.49336380466288,3.5447859095846086
89632.06997798898,43263.81980635931,89626.06720167118,43260.14100777887,89629.0987160667,43261.998869918716,7.040375168773551,3.4848539325909327,3.5555212361826185
89631.97960225462,43263.952902566576,89626.04818173901,43260.15471290557,89629.04979198637,43262.076796321824,7.043294260074571,3.4790175121072853,3.5642767479672854
89631.88975798583,43264.0845629208,89626.02928358797,43260.169835809436,89628.99931939466,43262.15378436118,7.04771229013069,3.4759949792289535,3.5717173109017364
89631.80073629195,43264.2146723027,89626.00984907075,43260.18646910747,89628.94735770117,43262.229831583565,7.05413324163295,3.4758253786205695,3.578307863012381
89631.71262090003,43264.343307958836,89625.98952441175,43260.20452411496,89628.89396631537,43262.304935535736,7.0628156651893015,3.4784731999611855,3.5843424652281164
89631.62540513978,43264.47058591614,89625.9681274704,43260.223887993474,89628.83920464687,43262.37909376445,7.073841521750196,3.4838559969262968,3.589985524823899
89631.53904749446,43264.59661359649,89625.94557333374,43260.24446933489,89628.78313210516,43262.45230381649,7.087179471443555,3.491866845335611,3.5953126261079436
89631.44818827335,43264.71720821119,89625.92183308367,43260.26620058154,89628.72580809981,43262.52456323863,7.095919292219477,3.4955751722651947,3.6003441199542827
89631.35266137782,43264.83191999102,89625.89690951224,43260.28903047329,89628.66729204035,43262.59586957761,7.099512207826718,3.4944427209391944,3.605069486887524
89631.25820484907,43264.94535261989,89625.87082276169,43260.31291675914,89628.60764333632,43262.66622038022,7.105163457617559,3.495700230112484,3.6094632275050755
89631.16475624371,43265.05758103205,89625.84360170082,43260.33782197966,89628.54692139727,43262.735613193196,7.112721784380748,3.499227618767528,3.6134941656132202
89631.07226014139,43265.16866733533,89625.81527776009,43260.36371295458,89628.48518563272,43262.804045563345,7.1220397610755795,3.5049095049625207,3.6171302561130587
89630.98067333654,43265.27865611232,89625.78587761683,43260.390565167036,89628.42249545222,43262.8715150374,7.1329752319012805,3.5126346582592003,3.62034057364208
89630.88997499981,43265.38756458822,89625.75541172286,43260.41837284119,89628.35891026529,43262.93801916214,7.145390588610791,3.5222949173464126,3.623095671264379
89630.80018074856,43265.49537060816,89625.72385978588,43260.44716155124,89628.2944894815,43263.003555484334,7.159151430055372,3.533784279934502,3.62536715012087
89630.7113518944,43265.60200842799,89625.69115994609,43260.476995437304,89628.22929152717,43263.06812291989,7.174126103751892,3.5469986516367817,3.6271274521151105
89630.62356512816,43265.707411150404,89625.6571835418,43260.507995459266,89628.1633491464,43263.131756147515,7.190192597601277,3.5618339897879068,3.62835860781337
89630.5368905285,43265.811539249065,89625.62175626907,43260.54031563521,89628.09666757112,43263.194528156986,7.207242411314088,3.5781888068920265,3.629053604422061
89630.45138886226,43265.914381052,89625.58472489126,43260.574080146114,89628.02925068363,43263.25651381756,7.225180411039063,3.5959715783508126,3.62920883268825
89630.36707272759,43266.01599085829,89625.5460006069,43260.60934462898,89627.96110236604,43263.31778799854,7.243932622664589,3.6151060915289204,3.6288265311356698
89630.2659063397,43266.09599524141,89625.50561454233,43260.64605022078,89627.89222650063,43263.37842556918,7.236178461319192,3.608260093434486,3.627918367884707
89630.16534751435,43266.17419553655,89625.46378024938,43260.68397604205,89627.82262696959,43263.43850139879,7.22822556682304,3.6017165305218883,3.6265090363011514
89630.06555109797,43266.251856698225,89625.42092132218,43260.72272606992,89627.75230765512,43263.49809035128,7.221071337345568,3.5964321652852846,3.6246391720602835
89629.96583295621,43266.329541104235,89625.37762732581,43260.76177650761,89627.68127223458,43263.55723808877,7.214681802426475,3.592336523820907,3.6223452786055677
89629.86554686571,43266.40776330854,89625.33454791871,43260.800567901024,89627.6095237012,43263.61589271328,7.209063170465081,3.5894542676379375,3.619608902827143
89629.7641783079,43266.48691564199,89625.2922180789,43260.83865028547,89627.53706490548,43263.67398197717,7.204257756867771,3.587844744399267,3.6164130124685046
89629.66139053348,43266.56724037761,89625.25098989462,43260.875731687156,89627.46389869796,43263.731433632776,7.200340614779375,3.587585575461309,3.612755039318065
89629.55699663043,43266.64886195943,89625.21105964802,43260.91164786637,89627.39002792908,43263.78817543247,7.197415772671931,3.5887714831351496,3.6086442895367816
89629.45089663817,43266.7318424951,89625.17253041385,43260.94630753044,89627.31545544941,43263.8441351286,7.1956120223865625,3.5915126207740737,3.6040994016124888
89629.34302516119,43266.816223959424,89625.1354639261,43260.979650325724,89627.24018410943,43263.89924047355,7.195079105098619,3.595932861699304,3.5991462433993155
89629.23332271761,43266.902049064396,89625.08535622666,43260.99088838018,89627.16421675963,43263.95341921964,7.22131889925093,3.602168433980993,3.619150465269937
89629.12172381389,43266.98936851419,89625.03671696698,43260.99938341136,89627.08755625054,43264.00659911924,7.250324301119133,3.6103671474297103,3.639957153689423
89629.00815248847,43267.078242878146,89624.99116791798,43261.00729856421,89627.01020543266,43264.058707924705,7.279596822798156,3.620688300986254,3.6589085218119015
89628.89252029014,43267.16874317482,89624.94876448698,43261.014635521795,89626.93216715648,43264.10967338839,7.309326291802197,3.6333032307965336,3.6760230610056635
89628.77472496469,43267.26095138433,89624.90955124608,43261.02139199447,89626.85344427252,43264.15942326266,7.339732233167531,3.6483963857572927,3.691335847410239
89628.64575495425,43267.34007718026,89624.87356333621,43261.02756383359,89626.77403963129,43264.20788529985,7.353723842734193,3.6488277879246658,3.7048960548095278
89628.5072261688,43267.40752979159,89624.84082710819,43261.03314624176,89626.6939560833,43264.254987252345,7.353587404258015,3.636821808220597,3.716765596037418
89628.36683159124,43267.47590333625,89624.81136019238,43261.03813420873,89626.61319647904,43264.300656872474,7.35433533416449,3.6273166683441698,3.7270186658203204
89628.22447404885,43267.54524608632,89624.78517114614,43261.042522240714,89626.53176366903,43264.344821912615,7.356236936699713,3.620494900095468,3.7357420366042455
89628.0800409767,43267.61561307762,89624.76225880587,43261.04630341185,89626.44966050377,43264.3874101251,7.359586130878474,3.6165501225856542,3.7430360082928193
89627.9334028439,43267.68706523046,89624.74261149963,43261.04946781681,89626.36688983375,43264.42834926231,7.364702901564528,3.615687040115577,3.749015861448951
89627.78441094872,43267.75966688847,89624.72620639317,43261.052000777025,89626.28345450951,43264.46756707658,7.37193324483132,3.618119871407369,3.7538133734239505
89627.63289456558,43267.83348038837,89624.71300912043,43261.05388171996,89626.19935738151,43264.50499132028,7.381645420736628,3.624067926308354,3.7575774944282743
89627.47865927353,43267.908555234375,89624.7029721761,43261.0550859814,89626.1146013003,43264.54054974577,7.394219341096877,3.6337467063097577,3.760472634787119
89627.32073749024,43267.98291252518,89624.69602550511,43261.055593917124,89626.02918911638,43264.57417010538,7.4078914747978715,3.6452190725074667,3.7626724022904057
89627.15440233055,43268.04317592968,89624.69203682059,43261.05541567644,89625.94312368023,43264.60578015149,7.40891606521021,3.6445693441883305,3.76434672102188
89626.98568436605,43268.10405613387,89624.69069568327,43261.05464141733,89625.85640784238,43264.63530763645,7.413583539681864,3.647942105526311,3.765641434155553
89626.81497503919,43268.16523524422,89624.69127749882,43261.053513497434,89625.76904445331,43264.66268031262,7.422039978783678,3.655388055917479,3.7666519228661994
89626.64335693627,43268.22616380276,89624.69233278833,43261.05248091099,89625.68103636357,43264.68782593234,7.434259980492221,3.6668645693412514,3.7673954111509698
89626.47280218014,43268.286094911076,89624.69151231539,43261.05216695747,89625.59238642361,43264.71067224799,7.450013907389244,3.6822247519779143,3.767789155411329
89626.30599919225,43268.344234852055,89624.68579287485,43261.05322107024,89625.50311114246,43264.73119633136,7.468865407650562,3.70117232407514,3.767693083575423
89626.14579034537,43268.39993507448,89624.67213578505,43261.05612751208,89625.41329619577,43264.749625008524,7.49020475532691,3.7230781964402158,3.7671265588866936
89625.99449285436,43268.45281667851,89624.64821533556,43261.06109845302,89625.3230491016,43264.76626397645,7.513318939232195,3.747199959723682,3.7661189795085126
89625.84866437911,43268.474145989276,89624.61285307883,43261.06809256227,89625.23247738645,43264.78141896242,7.508452366069388,3.7437840889668683,3.7646682771025195
89625.71352591437,43268.48980252366,89624.56612171808,43261.07689395529,89625.14168857678,43264.7953956937,7.501183228848051,3.7384006962788936,3.7627825325691573
89625.58860427524,43268.504317462495,89624.50926519366,43261.087181107905,89625.0507901991,43264.808499897576,7.495257470935385,3.7347438270475366,3.7605136438878484
89625.47178506921,43268.518019085226,89624.4444655462,43261.098574275515,89624.95988927373,43264.82103628888,7.490230082361523,3.732253890335425,3.7579761920260983
89625.3604882008,43268.53123038989,89624.37433961414,43261.110690729365,89624.86904133759,43264.8332065943,7.48577971145203,3.730536156114846,3.7552435553371835
89625.2522298938,43268.544225972524,89624.30128612387,43261.12320624162,89624.77820679906,43264.84502224443,7.481699532866154,3.729451181647143,3.7522483512190106
89625.14513664757,43268.55719441023,89624.22707666282,43261.13588197303,89624.68733578603,43264.856474104454,7.47788154667326,3.7289291238077986,3.748952422865462
89625.03802789582,43268.57024613242,89624.15278460999,43261.14855896617,89624.5963784263,43264.86755303958,7.4742956904836415,3.728939580322279,3.745356110161363
89624.93015548035,43268.58345393864,89624.07904672819,43261.16112033657,89624.50528484772,43264.87824991496,7.470971972137999,3.7294841347802485,3.7414878373577505
89624.82084360965,43268.59689676091,89624.00642450734,43261.17344890385,89624.41400517811,43264.88855559581,7.467988789537123,3.730591334644011,3.7373974548931113
89624.70923696169,43268.61055853724,89623.93564230879,43261.18540525857,89624.32248954533,43264.89846094732,7.465343253915516,3.7321899846032807,3.7331532693122353
89624.5940487687,43268.62172040823,89623.8652514517,43261.17264305911,89624.23070233516,43264.90793658266,7.484644205467544,3.731515902927749,3.7531283025397943
89624.47464475055,43268.633371719814,89623.79855146549,43261.15443122516,89624.13867354296,43264.91685992327,7.509437598963082,3.7316667303179405,3.7777708686451414
89624.35026410814,43268.64558404953,89623.73715179958,43261.13737103831,89624.0464520238,43264.92508160204,7.533204452606806,3.732886315489482,3.800318137117324
89624.22039921224,43268.658398805725,89623.68170905295,43261.12165096773,89623.95408663458,43264.93245224948,7.5559747922549,3.7354517971750627,3.8205229950798376
89624.08475189179,43268.67183623148,89623.63262107769,43261.107441612934,89623.86162623213,43264.93882249614,7.5778947088306206,3.7396760031116396,3.838218705718981
89623.94313335975,43268.68590838761,89623.5901163045,43261.09488301251,89623.76911967323,43264.94404297253,7.599229387687094,3.745909442002498,3.8533199456845963
89623.79537889078,43268.70062710545,89623.55433273256,43261.08407673883,89623.67661581477,43264.94796430919,7.6203636880169805,3.7545416139179917,3.8658220740989893
89623.64129970319,43268.71600477033,89623.52536151125,43261.075083914715,89623.58416351354,43264.95043713665,7.641800389051753,3.7660010817821847,3.8757993072695687
89623.48066182414,43268.73204875468,89623.50326415108,43261.06792662442,89623.4918116264,43264.95131208541,7.664155458547042,3.78075311022429,3.883402348322752
89623.31317772233,43268.748749220824,89623.48807778403,43261.06259098933,89623.39960901017,43264.95043978603,7.688147916837632,3.7992926881154796,3.8888552287221527
89623.13850582665,43268.76605821822,89623.47981429132,43261.05903289952,89623.30760452164,43264.94767086902,7.7145791026611334,3.8221298142780644,3.892449288383069
89622.95626533861,43268.783858022274,89623.4784472403,43261.0571888457,89623.21584701771,43264.94285596491,7.7442940609653945,3.8497635580388594,3.894530502926536
89622.76954690667,43268.76469302666,89623.48385818869,43261.056991533056,89623.12438535517,43264.93584570423,7.7407301284871695,3.845254496514988,3.8954756319721815
89622.57798734687,43268.73497246277,89623.49567798189,43261.05837780235,89623.03326839086,43264.9264907175,7.731252271269143,3.8355982627312537,3.8956540085378895
89622.38160138212,43268.70411293661,89623.51294985486,43261.06125441506,89622.94254498159,43264.91464163526,7.726139770110054,3.830763692210363,3.8953760778996913
89622.182042774,43268.67206653615,89623.53365319381,43261.06537959771,89622.85226398421,43264.90014908802,7.725835676891277,3.8309995701038444,3.8948361067874324
89621.98229762439,43268.63908611768,89623.5543794075,43261.07017339932,89622.76247425556,43264.88286370632,7.730451530856794,3.8363892372142483,3.894062293642545
89621.78647528279,43268.60588081765,89623.57059228436,43261.07458667045,89622.67322030835,43264.86266352015,7.739732876977071,3.846815888066709,3.8929169889103616
89621.59894916504,43268.57355888321,89623.57762648715,43261.07721298366,89622.58449383511,43264.83975971153,7.753087500519722,3.8616776860737048,3.8914098144460176
89621.42528704615,43268.53612243107,89623.57193221316,43261.07665868559,89622.49625131582,43264.81458555805,7.762195877661199,3.872570356255602,3.8896255214055966
89621.27237509473,43268.47922824501,89623.55189475114,43261.07197116448,89622.40844859042,43264.787578374286,7.7500753106673255,3.862504596190396,3.887570714476929
89621.1332140246,43268.427232637994,89623.5180040897,43261.062908718304,89622.32104149884,43264.759175474755,7.740832671536371,3.855590416702254,3.885242254834117
89621.00560379491,43268.37962886179,89623.47248109872,43261.04995097206,89622.233985881,43264.72981417397,7.73367064201931,3.850982966058047,3.882687675961263
89620.88644992691,43268.33541794735,89623.41851024386,43261.034063697254,89622.14723854556,43264.699855130166,7.727943020890654,3.847974134349566,3.8799688865410884
89620.77255076518,43268.29343525934,89623.3592654543,43261.01631916822,89622.06076007997,43264.66935999011,7.72318014075096,3.846219545960028,3.876960594790932
89620.66133123128,43268.2526815561,89623.29726634601,43260.99760335115,89621.97451199286,43264.638317503974,7.719087620243799,3.845526129655388,3.873561490588411
89620.55105445137,43268.212453733424,89623.23419391716,43260.97850250012,89621.88845579285,43264.606716421964,7.715522525321182,3.845774812370754,3.8697477129504287
89620.44081830759,43268.171597929344,89623.17114658006,43260.959375094855,89621.80255298862,43264.57454549426,7.711734609658104,3.8461809060788203,3.865553703579285
89620.33162009993,43268.12467481901,89623.10903008905,43260.94049516581,89621.71676508877,43264.54179347108,7.702366099918951,3.8413103745308352,3.8610557253881157
89620.22035562985,43268.07701500661,89623.0487784299,43260.92214537068,89621.63106359846,43264.50844258187,7.693642508139298,3.8372915087716692,3.856350999367629
89620.1061154556,43268.02821674239,89622.9913632276,43260.90462902653,89621.54549880668,43264.474423665175,7.685711200099703,3.834223476404935,3.851487723694768
89619.98816260163,43267.977950545646,89622.93761450746,43260.888210323414,89621.4601583281,43264.4396432119,7.678781346254037,3.8322826365997122,3.846498709654324
89619.86599808017,43267.925983080495,89622.8935659773,43260.86031847542,89621.37513000127,43264.404007566955,7.686987946077058,3.831682485962957,3.8553054601141015
89619.73933575868,43267.872169552815,89622.85592205732,43260.83046962233,89621.29050166465,43264.36742307523,7.700561542373438,3.832670549367767,3.867890993005671
89619.60801489335,43267.816419097624,89622.82273560489,43260.8038464909,89621.20636115676,43264.32979608164,7.714311623066988,3.835524844569814,3.8787867784971737
89619.4719202879,43267.758657630904,89622.79407647002,43260.78054986453,89621.1227963161,43264.291032931105,7.728564530198702,3.8405484919662434,3.8880160382324584
89619.3349022549,43267.69080617775,89622.76999203581,43260.76062661039,89621.03989498116,43264.25103996851,7.734806438356109,3.8391394570724002,3.895666981283709
89619.19608921181,43267.615214466685,89622.75051646486,43260.7440822564,89620.95774499046,43264.20972353879,7.736046209041924,3.8341621695519885,3.901884039489936
89619.05288913866,43267.537183186265,89622.73564477764,43260.730881333926,89620.8764341825,43264.16698998682,7.738761787363908,3.831907974949178,3.9068538124147296
89618.9053867094,43267.45663397229,89622.72524351461,43260.72091674306,89620.79605039577,43264.12274565753,7.743461280611789,3.832677976329188,3.910783304282601
89618.75397820385,43267.37359160919,89622.7188525514,43260.71390925455,89620.71668146877,43264.076896895815,7.750586923365157,3.8367173650538726,3.9138695583112844
89618.59967449636,43267.288379920516,89622.71538334353,43260.709211810405,89620.63841524,43264.029350046585,7.760445369677187,3.844182557960997,3.91626281171619
89618.44436240723,43267.20185881999,89622.71286634756,43260.70558263977,89620.561339548,43263.980011454754,7.773141584864389,3.855112535251695,3.918029049612694
89618.290762193,43267.115524978835,89622.70851669472,43260.7011117102,89620.48553857575,43263.9287922743,7.788533393281356,3.8694067633695166,3.91912662991184
89618.141947867,43267.03130617124,89622.69924053864,43260.69346631778,89620.41097747121,43263.87576026045,7.806223831215662,3.886639337507384,3.9195844937082773
89618.00353095973,43266.947301364795,89622.68235494483,43260.680402573824,89620.33747891347,43263.82117059859,7.82083207464732,3.9012826888323815,3.9195493858149377
89617.88046643614,43266.861515682576,89622.65605851752,43260.66021954521,89620.26485719206,43263.76528951151,7.827027118330997,3.907932417444744,3.9190947008862533
89617.7678261323,43266.783086490424,89622.61943326943,43260.63189706848,89620.19292659636,43263.708383221994,7.834234047924158,3.915981671260661,3.918252376663497
89617.66602423787,43266.71248602545,89622.57215839403,43260.59496025341,89620.12150141592,43263.65071795281,7.841828481279622,3.9247664774543654,3.9170620038252575
89617.5751877046,43266.649905446204,89622.51422123754,43260.54927446678,89620.05039594015,43263.59255992675,7.849315294125651,3.9337027638960516,3.9156125302295988
89617.49525806597,43266.595344856556,89622.44579252314,43260.494938263575,89619.97942445854,43263.5341753666,7.856382883444279,3.942314207692243,3.9140686757520355
89617.42589996362,43266.54854621443,89622.36729743832,43260.432332009565,89619.90840126055,43263.47583049512,7.862918364242839,3.9502398130902128,3.9126785511526263
89617.36626780115,43266.50880906865,89622.27962970584,43260.362281580754,89619.8371406356,43263.417791535096,7.868985027683548,3.957221494530982,3.911763533152566
89617.31478323592,43266.4748342859,89622.18435785396,43260.286194333625,89619.76545687323,43263.36032470931,7.874771197913937,3.9630759744456245,3.911695223468312
89617.26915436827,43266.4447928945,89622.0836988676,43260.2059761599,89619.69317132558,43263.303686283005,7.880524918045198,3.967670469440863,3.912854448604335
89617.2267556876,43266.41668408986,89621.97921365305,43260.12489265484,89619.62022462678,43263.247964349255,7.88495378395211,3.9710802506755547,3.913873533276555
89617.18521314277,43266.38880444103,89621.87379510935,43260.04383410347,89619.54665672978,43263.19310697424,7.889325030813032,3.9735246461863665,3.915800384626665
89617.14282499145,43266.360027655945,89621.76927264221,43259.963607662175,89619.47251061579,43263.13905795487,7.894188153442307,3.9751831308140626,3.919005022628244
89617.09861418899,43266.32978039906,89621.6665248764,43259.88480244554,89619.39782926589,43263.08576108803,7.899591690054377,3.976185516318058,3.9234061737363186
89617.05212403377,43266.297845580884,89621.56593804315,43259.80765510623,89619.32265566124,43263.03316017064,7.905510059983421,3.976617243232216,3.928892816751205
89617.00317459732,43266.26416911792,89621.4676451977,43259.73223957398,89619.24703278297,43262.98119899959,7.911864591144755,3.9765301903990493,3.9353344007457056
89616.95170235637,43266.228748122856,89621.3716819786,43259.65857700413,89619.17100361222,43262.92982137179,7.918545850746566,3.9759546995822888,3.9425911511642764
89616.89768596254,43266.191588016074,89621.27239724659,43259.59521282513,89619.09461113013,43262.87897108414,7.915192005156688,3.974910203985485,3.9402818011712033
89616.84111891683,43266.15269213165,89621.17526845743,43259.53413108686,89619.01789831782,43262.82859193355,7.911397003304652,3.9734129772278695,3.937984026076782
89616.78199884872,43266.112060237625,89621.08072825892,43259.474669605865,89618.94090815642,43262.77862771691,7.907846036737745,3.9714810548556128,3.936364981882132
89616.7203197569,43266.06968694049,89620.98878107591,43259.41682771778,89618.86368362713,43262.72902223113,7.904447980034604,3.9691371078109983,3.9353108722236048
89616.65606301716,43266.02555827182,89620.89944898956,43259.3606183653,89618.786267711,43262.67971927311,7.901123240917884,3.9664102968435033,3.934712944074381
89616.58918882896,43265.97964853557,89620.81277921746,43259.30607105415,89618.70870338922,43262.63066263975,7.897806794951854,3.963338050372597,3.9344687445792568
89616.51962147724,43265.93191369709,89620.72885702473,43259.2532389492,89618.63103361601,43262.58179589673,7.8944512337691295,3.9599684968438376,3.9344827369252924
89616.44722575258,43265.88227919391,89620.6478207869,43259.202208165014,89618.55330059823,43262.533056179986,7.891029564854168,3.9563677852899612,3.934661779564207
89616.3717128056,43265.8305822181,89620.56995301021,43259.15315652354,89618.47554571554,43262.48437351035,7.887536670086421,3.9526226266572277,3.9349140434291936
89616.29248160387,43265.77646932347,89620.49584404525,43259.10646159433,89618.39781030483,43262.43567753984,7.8839875012793454,3.9488351042607315,3.935152397018614
89616.20868127608,43265.719423228344,89620.42633041307,43259.062674065215,89618.3201357029,43262.386897920485,7.880410754749134,3.945119101377678,3.9352916533714555
89616.12017105582,43265.65935182297,89620.36153718825,43259.02192609387,89618.2425632466,43262.3379643043,7.87683991068953,3.9415940507190665,3.935245859970464
89616.02950013183,43265.59786720536,89620.29889793422,43258.98264369791,89618.16513427274,43262.288806343335,7.873305509665814,3.9383774542849785,3.934928055380835
89615.94300233279,43265.53908556382,89620.23244598582,43258.94013503991,89618.08793577545,43262.239284748124,7.870544763197288,3.9356606683866295,3.9348840948106583
89615.86830206192,43265.48804011396,89620.15443795348,43258.88960109311,89618.01239446142,43262.18724347308,7.868313567258509,3.9360374340191524,3.9322761332393563
89615.80890728533,43265.446960481,89620.0610997709,43258.82913895119,89617.93624427199,43262.136118707196,7.866174593459161,3.9353825615753713,3.9307920318837906
89615.76196133735,43265.411462052565,89619.9562581204,43258.76148810579,89617.85896937807,43262.086697602586,7.862205733572711,3.930839779316769,3.9313659542559423
89615.71816019235,43265.375576779086,89619.84901791233,43258.69268652298,89617.78084574189,43262.038569771146,7.856526438436113,3.923045685090065,3.9334807533460485
89615.66732105282,43265.334721940155,89619.74876792291,43258.62855519681,89617.70214932572,43261.991324824754,7.8505337998675895,3.913927742236172,3.9366060576314177
89615.6034339276,43265.285290236534,89619.6617081674,43258.57266874614,89617.62315609181,43261.94455237532,7.844034489902056,3.903819549876116,3.940214940025941
89615.52427627522,43265.22598473476,89619.58990012342,43258.5270363098,89617.54414200239,43261.89784203469,7.83614747661897,3.893121034313535,3.943026442305435
89615.43050207714,43265.15710894155,89619.53219754231,43258.49257140731,89617.46538301972,43261.85078341479,7.825596861218933,3.882335500621693,3.9432613605972398
89615.3248041119,43265.08011016228,89619.48724261622,43258.465857518924,89617.38715510604,43261.80296612749,7.815000469123801,3.872074979621099,3.9429254895027017
89615.21121596827,43264.99731531847,89619.4509400264,43258.44466801366,89617.30972713379,43261.753990200064,7.804642643345966,3.863017853372652,3.9416247899733143
89615.09418070703,43264.911508656216,89619.41863200573,43258.426292626646,89617.233197119,43261.703706656794,7.794799932328478,3.85556544207939,3.939234490249087
89614.97751767708,43264.82532064782,89619.38621252068,43258.40816170734,89617.15748777837,43261.65222404627,7.7856611210208575,3.849780732103261,3.9358803889175955
89614.86379726676,43264.74073031768,89619.35083741006,43258.388365676656,89617.08251384985,43261.59966263815,7.7772788158924095,3.845648117473022,3.9316306984193874
89614.75435242751,43264.65892756283,89619.31094873908,43258.36579280517,89617.00819007144,43261.546142702085,7.769563374131102,3.843073472428257,3.9264899017028445
89614.64969416834,43264.580491277025,89619.26586903718,43258.339943465166,89616.93443118111,43261.49178450771,7.762313277093627,3.841891815806279,3.920421461287348
89614.54994576506,43264.50565463705,89619.21536404407,43258.310656319096,89616.86115191686,43261.436708324705,7.755264784487958,3.8418882524317186,3.9133765320562395
89614.45510511419,43264.43449848152,89619.15937442386,43258.27791018615,89616.78826701669,43261.3810344227,7.748143595505273,3.842822819457764,3.9053207760475086
89614.36515061374,43264.36704914866,89619.09790454018,43258.24172486459,89616.71569121853,43261.324883071364,7.74070780441253,3.8444525717770444,3.896255232635485
89614.28006821795,43264.303317691076,89619.03099056354,43258.20212194445,89616.64333926042,43261.268374540334,7.732777810878937,3.846547796196159,3.886230014682778
89614.1998524863,43264.24331317859,89618.95869606645,43258.1591094953,89616.5711258803,43261.21162909927,7.724255736318784,3.848901903906659,3.875353832412125
89614.12449847693,43264.187041789475,89618.8839446542,43258.10906870825,89616.49896581621,43261.15476701782,7.719720505979777,3.8513355392809054,3.868384966698872
89614.0539759258,43264.134485297895,89618.80717446306,43258.05160221632,89616.42677380609,43261.097908565636,7.719738526577689,3.85369537348419,3.8660431530934996
89613.98814176784,43264.085526510156,89618.7256872754,43257.99051767335,89616.35446458794,43261.041174012375,7.719680703037933,3.8558482620164205,3.8638324410215126
89613.92650240846,43264.039759811836,89618.64000084564,43257.92623848207,89616.2819528997,43260.984683627685,7.719599119567412,3.8576725506037373,3.8619265689636744
89613.86774904594,43263.99614558997,89618.55143929011,43257.859815037344,89616.20915347945,43260.92855768121,7.719553546315124,3.8590504400959977,3.860503106219126
89613.80917224428,43263.952613663445,89618.46271482208,43257.793318574164,89616.1359810651,43260.872916442626,7.719609738854835,3.8598671299156226,3.859742608939213
89613.7463943212,43263.905940243545,89618.37819718364,43257.729965837796,89616.06235039466,43260.81788018156,7.71986124337409,3.8600216943144616,3.859839549059628
89613.67398610487,43263.85223824068,89618.3033250217,43257.67364995042,89615.98826527825,43260.76346499293,7.720474860228574,3.859586541117298,3.8608883191112757
89613.58706033466,43263.78802355949,89618.24307893026,43257.627923880296,89615.91411889721,43260.709231580826,7.721744441526849,3.8592954799391403,3.8624489615877082
89613.4830449607,43263.7113143815,89618.20014124934,43257.594852021284,89615.8404108,43260.65461624709,7.7241251414182095,3.8601265763181134,3.8639985651000965
89613.36263611233,43263.62225793037,89618.1814668667,43257.564763106675,89615.76764053761,43260.59905529063,7.740437544378838,3.863133506178904,3.877304038199934
89613.23182719253,43263.52000049849,89618.18128884384,43257.53919460547,89615.6962900968,43260.54200505184,7.763195847568791,3.8654927611901164,3.8977030863786744
89613.09837031276,43263.404780331875,89618.18639785949,43257.52513343506,89615.6265548098,43260.483248953344,7.775491749564813,3.863555674096565,3.9119360754682475
89612.96189564609,43263.285981602545,89618.19276030768,43257.517940882986,89615.55839647577,43260.42283688692,7.786670588275221,3.8651538418424036,3.921516746432818
89612.82525858287,43263.16626385349,89618.19785595314,43257.51375297271,89615.49177009388,43260.36082650337,7.798440982682642,3.8704989812422497,3.927942001440392
89612.68986861639,43263.04718975831,89618.20066097885,43257.50991377706,89615.42663066328,43260.29727545346,7.812186490010658,3.8796772011763596,3.9325092888342987
89612.5562085678,43262.929469176706,89618.20107586878,43257.50482122056,89615.36293318309,43260.232241387996,7.828878099312525,3.892652156343563,3.9362259429689623
89612.42434843032,43262.813334877406,89618.19936074864,43257.497569972715,89615.3006326525,43260.16578195778,7.849084264977329,3.90928988296361,3.93979438201372
89612.2942390117,43262.698815447366,89618.195816189,43257.48765738791,89615.23968407065,43260.09795481359,7.873041439013092,3.9293921453142775,3.9436492936988143
89612.16582195912,43262.58587217742,89618.19067257886,43257.474808825325,89615.18004243667,43260.02881760623,7.9007463938093005,3.9527273074808553,3.9480190863284457
89612.0390536607,43262.47445323722,89618.18408051056,43257.458882895924,89615.12166274973,43259.95842798647,7.932042664659908,3.9790528845686652,3.952989780091243
89611.91390432933,43262.364512532506,89618.17613114316,43257.43981689702,89615.06450000899,43259.88684360513,7.966687628499435,4.008128796632556,3.9585588318668794
89611.79035417031,43262.25601525799,89618.16687840298,43257.41759367688,89615.00850921356,43259.814122113,8.004397834083328,4.039723259569389,3.964674574513939
89611.66839129775,43262.14893854378,89618.15635546159,43257.39222172484,89614.95364536264,43259.74032116084,8.044876250563055,4.073614116270778,3.9712621342922776
89611.5480113222,43262.04327065735,89618.1445849726,43257.36372358912,89614.89986345536,43259.66549839949,8.08782694479196,4.10958801253814,3.978238932253819
89611.42921751924,43261.939009897374,89618.13158477712,43257.33212955636,89614.84711849084,43259.5897114797,8.132962150160365,4.147438981707098,3.9855231684532675
89611.3120211143,43261.83616355817,89618.11737086865,43257.297474272505,89614.7953654683,43259.51301805229,8.1800052390531,4.186967032352275,3.993038206700827
89611.21940429701,43261.719866587206,89618.10195871885,43257.259794978134,89614.74455938683,43259.435475768034,8.201328802557526,4.200614219615125,4.0007145829424005
89611.133492185,43261.60263416307,89618.085363672,43257.21913058675,89614.69465524559,43259.35714227774,8.218492609672941,4.2100019181911374,4.0084906914818035
89611.04928207038,43261.487743752936,89618.06760091687,43257.17552112954,89614.64560804378,43259.27807523219,8.237236392425249,4.220923533837343,4.016312858587905
89610.96675207042,43261.375166153484,89618.04868508893,43257.129007465985,89614.59737278048,43259.198332282176,8.257338486340934,4.233203567461551,4.024134918879383
89610.88588588736,43261.26488266305,89618.02862949135,43257.07963122227,89614.5499044549,43259.1179710785,8.27859383077673,4.24667651407651,4.03191731670022
89610.80667069354,43261.15688544462,89618.00744487703,43257.027434956464,89614.50315806617,43259.03704927195,8.300813826117915,4.261188131853137,4.039625694264778
89610.72909358778,43261.05117864311,89617.98513763968,43256.97246261092,89614.4570886134,43258.95562451331,8.323827229970075,4.276598417194197,4.047228812775876
89610.65313588061,43260.94778059374,89617.96170731718,43256.914760281164,89614.41165109583,43258.87375445339,8.347482811312707,4.292787096269037,4.054695715043669
89610.57876407982,43260.84672673266,89617.93714383553,43256.85437792131,89614.36680051254,43258.79149674297,8.371654654890246,4.309662437605837,4.061992217284408
89610.51523534002,43260.74308950687,89617.91142692837,43256.791375609544,89614.32249186268,43258.70890903283,8.385683796683919,4.316606587390707,4.069077209293211
89610.46054975328,43260.63811486771,89617.88453540255,43256.72584713777,89614.27868014543,43258.62604897378,8.391746046646768,4.315846249929816,4.075899796716951
89610.40713800347,43260.53570953531,89617.8564875048,43256.65799931406,89614.23532035996,43258.54297421662,8.398181026445005,4.31578199227963,4.082399034165375
89610.35470573843,43260.435419510235,89617.8274493537,43256.58835603322,89614.19236750537,43258.459742412124,8.404867312206852,4.316358167882807,4.088509144324044
89610.30255841117,43260.33608334511,89617.79793610472,43256.51813433568,89614.14977658085,43258.376411211095,8.411743065943533,4.317569051893848,4.094174014049684
89610.24935587154,43260.23536630129,89617.76904946165,43256.449685565865,89614.10750258552,43258.29303826431,8.418858017560469,4.319483102166517,4.099374915393952
89610.19301868576,43260.12956674385,89617.74257615846,43256.38667352143,89614.06550061588,43258.20968118465,8.42645048095459,4.3222768143067665,4.104173666647824
89610.13097786147,43260.014035307126,89617.72077177184,43256.333680774806,89614.02384886076,43258.12634960773,8.435044818228489,4.326407507022511,4.108637311205978
89610.10456172003,43259.86351765902,89617.70586004156,43256.29532638566,89613.98298936633,43258.042911349876,8.397126004544624,4.284484606163554,4.11264139838107
89610.0746936212,43259.693553301164,89617.69950625794,43256.275369216426,89613.94343108677,43257.959208148975,8.355941011195911,4.2397031363566136,4.116237874839299
89610.0386883417,43259.50336881398,89617.70255047927,43256.27632331417,89613.90568297626,43257.87508174289,8.315564053125197,4.1958272473515175,4.119736805773679
89609.99679621487,43259.29241839867,89617.71495875812,43256.299479144,89613.870253989,43257.79037386948,8.278147040628808,4.154493097311621,4.123653943317186
89609.94992644322,43259.061409119066,89617.73576895714,43256.344818460566,89613.83765307914,43257.704926266626,8.246163256769877,4.117579886851093,4.128583369918785
89609.90330069917,43258.81161890094,89617.76295921094,43256.41042541575,89613.8083892009,43257.61858067219,8.218270017166956,4.0832654116079,4.135004605559058
89609.86949315284,43258.545594722265,89617.79348843181,43256.49160937499,89613.78297130845,43257.531178824036,8.185875456410814,4.0428147235539456,4.14306073285687
89609.8375259564,43258.27529914274,89617.82383202056,43256.58064110176,89613.7619061577,43257.442563406024,8.164125821308009,4.011758812728863,4.152367008579146
89609.80896633456,43258.00919677477,89617.85093369255,43256.66801789668,89613.74539419843,43257.35270891911,8.15303623014194,3.990794486322663,4.162241743819275
89609.78425868781,43257.75489114594,89617.87295638428,43256.744950111584,89613.73301796649,43257.261855779805,8.151503623119192,3.9794200222121736,4.172083600907017
89609.75639681345,43257.517949226494,89617.88925033688,43256.80533544685,89613.72428568124,43257.170276386314,8.164014014722824,3.983091571997302,4.180922442725522
89609.72966689957,43257.29948739926,89617.89983138538,43256.84634513403,89613.71870556207,43257.07824313683,8.182721163387418,3.995169392480838,4.18755177090658
89609.70497887763,43257.0992733504,89617.90486945762,43256.86774987618,89613.71578582835,43256.98602842956,8.203158455304624,4.012405364363406,4.190753090941217
89609.6819225845,43256.9161541078,89617.90444577775,43256.87076966884,89613.71504203427,43256.893893196015,8.22264844261811,4.033180884154473,4.189467558463638
89609.66035055835,43256.748617973884,89617.89848745766,43256.85691638537,89613.71609441646,43256.80193471559,8.238848713119745,4.05609429347923,4.182754419640515
89609.64026294935,43256.59539513846,89617.88687317942,43256.82738906797,89613.71864128025,43256.71012822134,8.249872815382577,4.079991849290337,4.16988096609224
89609.6482057607,43256.45682747721,89617.86957452506,43256.78296099456,89613.72238279908,43256.61844602589,8.227834917559518,4.0773814017459955,4.150453515813523
89609.67358625593,43256.33283389216,89617.84671500618,43256.72405881546,89613.72701914639,43256.52686044186,8.182486816900118,4.058073988909527,4.124412827990591
89609.69603833517,43256.222374118515,89617.8185936702,43256.65095859485,89613.73225049561,43256.43534378186,8.133854548988861,4.041826899014538,4.092027649974323
89609.71579638243,43256.12519391507,89617.78569641389,43256.56395308794,89613.73777702017,43256.3438683585,8.08181886270628,4.027920898253351,4.053897964452928
89609.73314605688,43256.04111357657,89617.74870578822,43256.46344933099,89613.7432988935,43256.25240648441,8.026678347621957,4.015715436378231,4.010962911243725
89609.74848801825,43255.969890526285,89617.70850071523,43256.350057938194,89613.74851628904,43256.16093047222,7.96908585706692,4.004587672666836,3.964498184400084
89609.7624107672,43255.91092158233,89617.66612979342,43256.22481711498,89613.75312938023,43256.06941263452,7.909949737564867,3.9938646023625806,3.916085135202287
89609.77574517482,43255.86258787608,89617.64160155323,43256.090274308415,89613.75683834047,43255.977825283946,7.869151013754558,3.9827606573566254,3.8863903563979325
89609.78953104219,43255.821208596644,89617.64213065892,43255.949649447575,89613.75934334323,43255.88614073312,7.853649966280395,3.9703432959734752,3.8833066703069203
89609.80481539715,43255.78007924443,89617.6422154284,43255.80831794883,89613.76034456193,43255.79433129465,7.837450904102413,3.9555548402719385,3.881896063830474
89609.82232477229,43255.729556745915,89617.6419432685,43255.67556277466,89613.75955308981,43255.70237043335,7.819804906471132,3.9373221762838737,3.8824827301872586
89609.84225649074,43255.65883885406,89617.64180230022,43255.562111203064,89613.75720346135,43255.610286844305,7.800145580222281,3.915248022845551,3.8848975573767315
89609.86445503395,43255.5586897067,89617.64240891303,43255.477703161974,89613.75427369181,43255.518187670095,7.778375496560628,3.890029512226974,3.888345984333654
89609.88975092085,43255.42361923794,89617.64395422395,43255.42877283046,89613.75179842999,43255.426186028926,7.754205015694019,3.862048362113971,3.8921566535800487
89609.91873403013,43255.25315092992,89617.64575604074,43255.41697196142,89613.75081232467,43255.33439503899,7.728758405001823,3.8329394282617577,3.8958189767400655
89609.9515212372,43255.05233556917,89617.64631251177,43255.43819024957,89613.75235002465,43255.242927818486,7.704459526374707,3.8056044036305305,3.898855122744177
89609.98875662827,43254.831618181335,89617.64404673314,43255.482197369674,89613.75744617873,43255.151897485615,7.6828848663788305,3.7822744163389204,3.9006104500399106
89610.02989488674,43254.60520313066,89617.63844512054,43255.53399333306,89613.76697902248,43255.06139610096,7.665030195652572,3.7648253430535976,3.900204852598975
89610.07277460041,43254.38770665284,89617.63071477214,43255.577389425205,89613.78065671315,43254.97135819959,7.651000244298722,3.753536850754927,3.897463393543795
89610.11421222058,43254.190739169506,89617.62331406894,43255.59922951721,89613.79765741187,43254.881646964204,7.64005599643765,3.747682224788106,3.8923737716495443
89610.15120294494,43254.021118867386,89617.61880216871,43255.591669650195,89613.81715665828,43254.79212522454,7.6309676927840595,3.746153684930167,3.884814007853893
89610.18186517998,43253.88097039103,89617.61891531684,43255.552233749106,89613.83832999197,43254.70265581037,7.622521626740398,3.7476528453973788,3.8748687813430194
89610.20984678704,43253.7691853466,89617.62417333755,43255.48321349504,89613.8603529526,43254.613101551426,7.609870609364175,3.7467839309965316,3.863086678367644
89610.23514978428,43253.6791552354,89617.63382043253,43255.39160540855,89613.88240107975,43254.52332527748,7.5942618441071055,3.743670000456552,3.850591843650554
89610.25750903267,43253.59930261123,89617.64606442976,43255.2890951964,89613.90364991307,43254.43318981827,7.579323837703534,3.7402822345133777,3.839041603190156
89610.2803232463,43253.515397999,89617.65867557752,43255.190736007244,89613.92347431845,43254.342616487214,7.566164191016972,3.7358854588592876,3.830278732157684
89610.30676093946,43253.41284791999,89617.66960419658,43255.1120214499,89613.94247773416,43254.25188706887,7.556364966937425,3.7312763640084485,3.825088602928976
89610.33940388277,43253.27999568884,89617.67710509202,43255.065486532556,89613.9617312629,43254.16142056371,7.551810153153114,3.728024337215746,3.823785815937368
89610.38043042709,43253.110283355905,89617.67937603769,43255.05839635397,89613.98230692113,43254.07163624025,7.554452414287151,3.7279637399722247,3.8264886743149256
89610.43173829364,43252.90331052762,89617.67435724592,43255.091461526914,89614.00527672537,43253.98295336703,7.565945683367299,3.7330691908523166,3.8328764925149823
89610.50846117616,43252.670578755606,89617.66048592213,43255.15769889784,89614.03171269207,43253.895791212584,7.572134743180772,3.730207341306002,3.841927401874771
89610.62661878763,43252.43508728381,89617.638555067,43255.242013783914,89614.06268683776,43253.810569045454,7.552885988999722,3.701150324117332,3.85173566488239
89610.74732013376,43252.20546228613,89617.6134254929,43255.32360825707,89614.09906260694,43253.72760937559,7.540970567442519,3.6811831479156014,3.859787419526918
89610.86116210384,43251.998685275714,89617.59345598114,43255.38194116563,89614.14019802223,43253.64653633307,7.534600272540957,3.6698078507324814,3.8647924218084753
89610.95950469299,43251.82539024581,89617.58713120052,43255.40353391638,89614.18479022651,43253.566667459374,7.5318354503105684,3.665312143220997,3.8665233070895706
89611.0392911274,43251.68761492987,89617.59908090481,43255.385855462126,89614.23153353095,43253.48731898232,7.530459810547866,3.664607242185673,3.8658525683621927
89611.12248551681,43251.58864262623,89617.6280491481,43255.33778813963,89614.27912224675,43253.407807129755,7.508558466271245,3.643310985310491,3.8652474809607535
89611.19681766606,43251.50106294636,89617.66767766207,43255.27755704032,89614.3262536489,43253.32745024479,7.492258453212008,3.6234044950301882,3.8688539581818198
89611.27392977776,43251.4051205491,89617.70910632033,43255.228654283696,89614.37233551533,43253.246073751034,7.485379573115454,3.604056992662313,3.88132258045314
89611.36500026744,43251.282142331765,89617.74322039999,43255.21452273029,89614.41840323583,43253.1646646863,7.493017259955544,3.587082394189828,3.9059348657657167
89611.47946375652,43251.11856704977,89617.76089915088,43255.25353728745,89614.46571914932,43253.084372060264,7.520266583034587,3.575207771623591,3.9450588114109966
89611.62532441072,43250.90825626121,89617.75158640808,43255.35547319387,89614.51554559461,43253.00634488257,7.570259209988253,3.571463895220142,3.998795314768111
89611.80899515972,43250.65424063677,89617.702897749,43255.51749604469,89614.56914491064,43252.931732162884,7.641291834140141,3.5784625607922416,4.062829273347899
89612.0783579275,43250.41599930634,89617.60538711058,43255.71812945956,89614.62777943624,43252.86168291085,7.6590231591459315,3.5328343185896673,4.126188840556264
89612.36948990778,43250.18506405202,89617.46407036812,43255.91352372539,89614.69271151035,43252.797346136125,7.6661594228308525,3.4959085087508095,4.170250914080043
89612.64429021704,43249.98376752758,89617.30898555719,43256.04548787437,89614.76520313368,43252.73987056176,7.648780045153086,3.477696872211669,4.171083172941417
89612.8605564921,43249.83433666975,89617.19030541692,43256.06255860306,89614.84536693251,43252.68943061009,7.5853460173227365,3.477216400009565,4.108129617313172
89612.97647866831,43249.75193619954,89617.15624372456,43255.93905068762,89614.9295984289,43252.64304979208,7.466647280683833,3.4890134141662896,3.977633866517544
89612.96294204531,43249.75138124498,89617.23167594713,43255.6753437041,89615.0135430978,43252.59711581944,7.301740911693532,3.507587482115026,3.794153429578506
89612.81705157665,43249.85251752717,89617.40659492378,43255.28846840163,89615.09284641409,43252.548016403845,7.114314446574151,3.5277409678495415,3.58657347872461
89612.58171938155,43250.065822563156,89617.66434012457,43254.84302984662,89615.16315385267,43252.492139256996,6.975295194224384,3.5427131731936634,3.432582021030721
89612.34921990633,43250.35083005791,89617.94650041417,43254.39647038166,89615.22011088848,43252.42587209059,6.906283712136155,3.542289438871829,3.3639942732643258
89612.21234635342,43250.59713716694,89618.15078929793,43254.00523920838,89615.26038740105,43252.346423135314,6.846916395724996,3.5143357305755307,3.3325806651494663
89612.2091619323,43250.68611119825,89618.26088795421,43253.774210452764,89615.28905958479,43252.25773384114,6.794096323274967,3.4577112779142984,3.336385045360669
89612.33803242983,43250.563581803144,89618.28057066836,43253.76402367632,89615.31532501207,43252.167046764815,6.7495621265292725,3.3816225400718576,3.3679395864574144
89612.61091739901,43250.26329922338,89618.19768065725,43253.974202121535,89615.34840959981,43252.081627166066,6.706916133600358,3.2863627396582302,3.420553393942127
89613.01095174423,43249.87567185553,89617.99707087569,43254.33226933854,89615.39714683773,43252.008455041665,6.687499167749522,3.200420463513886,3.487078704235636
89613.48118069366,43249.510817375776,89617.71158214484,43254.715282595906,89615.46338895643,43251.94943557353,6.706918417995285,3.1426117022929496,3.564306715702336
89613.95230111084,43249.2586578775,89617.42392858374,43255.02792919004,89615.54298329345,43251.90210886846,6.73325246728842,3.0851422896953826,3.6481101775930376
89614.3487053225,43249.11041558365,89617.23728733275,43255.310224570385,89615.63158142287,43251.863872728965,6.839703027323323,3.03764667794,3.802056349383323
89614.64224872654,43249.01750945528,89617.13941026194,43255.50987894908,89615.72483491882,43251.832124957524,6.956053290327116,3.0156348069958026,3.940418483331314
89614.84036410671,43248.95755292421,89617.11312219538,43255.57115577176,89615.81864830082,43251.80430690305,6.993223287924523,3.010157500941817,3.9830657869827055
89614.95376896688,43248.92040016087,89617.14718933277,43255.46806817344,89615.91112358705,43251.778238229985,6.9052913989460265,3.0139287148278155,3.8913626841182114
89614.98969374238,43248.90393742574,89617.22764135782,43255.20327782429,89616.0014925534,43251.75193309889,6.685065368882145,3.0223858437100115,3.6626795251721336
89614.95293427886,43248.91078245286,89617.38141445514,43254.92313363947,89616.08899626143,43251.72340726887,6.484279663752342,3.0333966413723275,3.4508830223800144
89614.85167626046,43248.94564852259,89617.58995911271,43254.63492025467,89616.17287577262,43251.690676499085,6.3139532640332385,3.0464318050299655,3.267521459003273
89614.70417964278,43249.01120024873,89617.8119570825,43254.31174347375,89616.25237214849,43251.65175654865,6.1444315518283785,3.0609537088607115,3.083477842967667
89614.54096601775,43249.10186126734,89618.06943972118,43254.04713311393,89616.32672648305,43251.60466324237,6.0750177211563745,3.0745663378110937,3.000451383345281
89614.39766355866,43249.200613113164,89618.3179386449,43253.80703701487,89616.39557278564,43251.54820776255,6.048776563409927,3.0826679868369817,2.966108576572945
89614.30238109268,43249.28464606843,89618.52511818915,43253.589186374134,89616.4599165162,43251.48397744507,6.029973120115883,3.080911814385458,2.949061305730424
89614.26979730415,43249.33512923733,89618.68481943045,43253.41238769264,89616.52106218053,43251.414164968024,6.009696904757367,3.064405833618017,2.945291071139349
89614.30391627239,43249.34217221875,89618.79721478962,43253.28751202718,89616.5803142843,43251.34096300948,5.979585083344996,3.0293815431201296,2.9502035402248663
89614.40321691305,43249.30351673114,89618.86327498185,43253.21954719481,89616.63897733326,43251.26656424755,5.93526853389376,2.9752613680586935,2.960007165835066
89614.56796273931,43249.22512411553,89618.88182898679,43253.210233468635,89616.69835583313,43251.19316136029,5.872864595523137,2.9003009035131146,2.972563692010023
89614.79500008818,43249.11562746691,89618.8494676509,43253.25793291849,89616.75975428961,43251.12294702582,5.796326566997665,2.8088415554456896,2.9874850115519753
89615.07151696041,43248.98228252468,89618.76353961744,43253.35432493714,89616.82447720847,43251.05811392222,5.722393394064975,2.7169736145757124,3.0054197794892623
89615.38339239087,43248.84162228404,89618.62872232375,43253.480957159816,89616.8938290954,43251.00085472755,5.661766019788659,2.635090849192337,3.0266751705963224
89615.70853523888,43248.71194560855,89618.46402359164,43253.61144755332,89616.96907517385,43250.95329707595,5.621195190437775,2.5715009873727,3.049694203065075
89616.02234026395,43248.61099832167,89618.3017941318,43253.7213676666,89617.05030777204,43250.91562651133,5.595693413443524,2.5234952526703314,3.0721981607731923
89616.30083811717,43248.544200444965,89618.17522274304,43253.79781848198,89617.13627369537,43250.885800649026,5.577976353890482,2.486170573591685,3.091805780298797
89616.52716340813,43248.497497032906,89618.10541182719,43253.839404358885,89617.22564573729,43250.8616545547,5.570174319678523,2.465181200639892,3.1049931190386313
89616.70092399296,43248.46399367781,89618.09717808444,43253.850368856256,89617.31709669114,43250.84102329397,5.564401409939785,2.4555933275047717,3.1088080824350137
89616.83046404565,43248.43853639576,89618.1415119639,43253.83643910135,89617.4092993504,43250.82174193246,5.554835754814677,2.4524923934972307,3.1023433613174465
89616.92992186666,43248.41759051096,89618.22002229418,43253.80399289721,89617.50092971166,43250.80165143623,5.53874442267039,2.4514886200984582,3.087255802571931
89617.01876096101,43248.40742592493,89618.31044091642,43253.76011272409,89617.59119248016,43250.779566657744,5.50633208925039,2.440231444019141,3.066100645231249
89617.11231476399,43248.39976880919,89618.39281107466,43253.71159132703,89617.68040550753,43250.75635287631,5.46398474217222,2.4240906662734125,3.039894075898807
89617.22057901352,43248.387301644565,89618.4541157594,43253.66340612954,89617.76902747029,43250.73313477212,5.418384578436261,2.409092935539383,3.0092916428968777
89617.34723126616,43248.3700055431,89618.49093693991,43253.61696930357,89617.85751704492,43250.71103702529,5.370166791805596,2.3960008298411606,2.974165961964436
89617.488121578,43248.34980001879,89618.50969126397,43253.56985256846,89617.94633290796,43250.691184315976,5.319074472553039,2.3857992476332757,2.933275224919764
89617.63279497305,43248.32951290626,89618.52459258473,43253.51739286056,89618.03593285843,43250.674698548195,5.263972017440551,2.37958312520613,2.884388892234421
89617.76773566437,43248.31146776508,89618.55292495826,43253.45524183791,89618.12652954171,43250.66192600249,5.203357948435735,2.3776852130206567,2.825672735415078
89617.88057741962,43248.29580946334,89618.60850124236,43253.381169792214,89618.21775626908,43250.65138004807,5.137194055722985,2.3795802899125857,2.757613765810399
89617.96344278264,43248.27422914813,89618.69674630328,43253.29502262286,89618.30916268995,43250.64130936236,5.074061604790076,2.392193761991764,2.6818678427983125
89618.01871311957,43248.257474850914,89618.81336155414,43253.19816183576,89618.40029845371,43250.62996262279,5.004183651386098,2.402978484077162,2.601205167308936
89618.05437596935,43248.2450854371,89618.94678418753,43253.09327765922,89618.49071925956,43250.61561061005,4.929640985969053,2.410349572680167,2.5192914132888866
89618.08266915838,43248.235539607354,89619.08305490905,43252.98425487425,89618.5802585952,43250.59753901981,4.852944295601399,2.413842677571975,2.439101618029424
89618.11572946052,43248.22630593904,89619.21769807626,43252.906007333615,89618.66913759011,43250.576449816865,4.807695910981563,2.4144226648166294,2.3932732461649335
89618.16214805756,43248.21471891308,89619.34643697563,43252.865555258264,89618.75760616179,43250.55315014464,4.7992519157856695,2.4130542842288953,2.3861976315567737
89618.22588020946,43248.19895792705,89619.45831315331,43252.82925105928,89618.84591422771,43250.528447146564,4.791503464619354,2.4105937458673568,2.380909718751997
89618.30656599234,43248.178576709106,89619.553891654,43252.797481021626,89618.93431170538,43250.503147966054,4.784359764317861,2.407840569651819,2.376519194666041
89618.40001341094,43248.15453684878,89619.63739944382,43252.76919623911,89619.02304851224,43250.478059746536,4.777677833754578,2.405604164002002,2.372073669752576
89618.49871094203,43248.12884588448,89619.71630729832,43252.742263470805,89619.11237456575,43250.453989631125,4.771390018923022,2.4047612117724366,2.3666288071505845
89618.59300865172,43248.10392113926,89619.80008363645,43252.7141449849,89619.20240690888,43250.43141728673,4.765626288920352,2.4059519014948245,2.359674387425528
89618.67304421272,43248.08202842313,89619.89794157712,43252.68258615753,89619.29274615756,43250.40954961651,4.760830286918031,2.4086065278653503,2.3522237590526807
89618.73088984346,43248.065086787065,89620.01696079099,43252.645781968386,89619.38286748221,43250.38728435628,4.757809036339356,2.411985985013932,2.345823051325424
89618.76176922073,43248.054923217096,89620.16117594282,43252.60210146077,89619.47224605326,43250.3635192418,4.757643235212679,2.4154488060923933,2.3421944291202865
89618.76470540938,43248.05352624513,89620.33127605823,43252.54979188653,89619.56035704116,43250.3371520089,4.761359922949171,2.4182655247301943,2.3430943982189762
89618.74366085131,43248.06260976712,89620.52397060303,43252.487623729285,89619.64667561634,43250.30708039334,4.769722358525476,2.419314790973434,2.3504075675520424
89618.7091471988,43248.0819453371,89620.75314870171,43252.46447866657,89619.73067694923,43250.27220213091,4.835756458694566,2.416763921826937,2.418992536867629
89618.67827277641,43248.10700018854,89620.98582901836,43252.431598542804,89619.81183621024,43250.231414957416,4.901730993791867,2.4079252830489515,2.4938057107429157
89618.67105438291,43248.1282152533,89621.20110575724,43252.39591836,89619.88986305828,43250.18410772377,4.96129516998045,2.390018501453786,2.571276668526664
89618.70400757168,43248.13414385244,89621.37764225854,43252.368254061104,89619.96565256445,43250.13215202083,5.007595400776883,2.3630033281278187,2.6445920726490644
89618.78572197627,43248.116738627126,89621.49910281113,43252.3583732305,89620.0404735202,43250.07820216333,5.035265600094842,2.3284631499893487,2.706802450105494
89618.91577638178,43248.07413845653,89621.55789101103,43252.36992938736,89620.11559485763,43250.02491276063,5.043271699549868,2.2902150031221216,2.7530566964277465
89619.0647973073,43247.972654469886,89621.55700290205,43252.39851299426,89620.19228550885,43249.97493842208,5.079302354085323,2.2979057138667094,2.7813966402186137
89619.24458957778,43247.854357591685,89621.51000773665,43252.43398245765,89620.2717374584,43249.93077423764,5.109313392966377,2.3165791279974357,2.7927342649689413
89619.44306657228,43247.72916147862,89621.43760287167,43252.46584712376,89620.35424002184,43249.8930439811,5.139490825992907,2.3478978980629486,2.7915929279299583
89619.64801032796,43247.60419704546,89621.3607393084,43252.48812356396,89620.4394962524,43249.861156050385,5.175536571075573,2.391717775676227,2.783818795399345
89619.85005691582,43247.482961236965,89621.29482892077,43252.50027385058,89620.52719925577,43249.8344982212,5.22118683912192,2.4470896871133014,2.774097152008619
89620.03883312803,43247.34575353025,89621.24817143565,43252.504926917194,89620.61704213764,43249.8124582693,5.29901586889817,2.533566247098939,2.765449621799231
89620.21451677749,43247.19313053015,89621.2237353477,43252.505285796426,89620.7087180037,43249.794423970394,5.407172615655766,2.6478222021621476,2.7593504134936184
89620.38059549946,43247.04567775523,89621.22169000986,43252.50380139575,89620.80191995966,43249.77978310024,5.522549560722381,2.766377837237685,2.7561717234846963
89620.53537431905,43246.905784806695,89621.24115185621,43252.50195929058,89620.8963411112,43249.76792343454,5.640504479748533,2.8848110076831235,2.75569347206541
89620.67700420922,43246.77607170966,89621.28103485086,43252.5005278548,89620.99167456401,43249.75823274905,5.756235851112908,2.998716708368148,2.7575191427447603
89620.8034742752,43246.65915233023,89621.34038832787,43252.499856135146,89621.08761342376,43249.750098819495,5.86533013876793,3.1039789392428023,2.7613511995251274
89620.91272420983,43246.557451943474,89621.41852485301,43252.50008731129,89621.1838507962,43249.7429094216,5.964121846963717,3.196974971871389,2.7671468750923283
89621.00277998437,43246.473080143536,89621.51507960481,43252.50128282417,89621.28007978694,43249.73605233111,6.049932103740652,3.2747339857414954,2.7751981179991563
89621.06976177156,43246.38464143179,89621.63005788375,43252.50348371709,89621.37599350174,43249.72891532374,6.14444160568925,3.3582652868676357,2.7861763188216147
89621.1135046615,43246.31455200864,89621.76389303201,43252.5067308489,89621.47128504627,43249.72088617524,6.226241548661895,3.425072153729596,2.8011693949322996
89621.13430336105,43246.2793588367,89621.91715058721,43252.50809000522,89621.5656475262,43249.711352661325,6.277733806814115,3.458993986852072,2.8187398199620426
89621.13193553963,43246.278190871075,89622.0910176336,43252.506874890256,89621.65877404723,43249.69970255774,6.302090373343463,3.4618349231380336,2.840255450205429
89621.10687592032,43246.30850241921,89622.28779185898,43252.50563500983,89621.7503577151,43249.6853236402,6.308646035395019,3.4375849631301225,2.8710610722648955
89621.0601444731,43246.36642214202,89622.51014916202,43252.503669569334,89621.84009163543,43249.66760368445,6.30621277645861,3.392066796530153,2.9141459799284566
89620.99147520986,43246.441103323166,89622.76126228059,43252.49953078005,89621.92766891394,43249.64593046623,6.311631288823001,3.3387685856410556,2.972862703181946
89620.89601560243,43246.51077028963,89623.02631891497,43252.44123330446,89622.01278265634,43249.619691761254,6.3014747300718685,3.3034166206293056,2.998058109442563
89620.78307966104,43246.59466181923,89623.31225236197,43252.365316075244,89622.0951259683,43249.58827534526,6.300568632557279,3.2685145640860527,3.032054068471227
89620.66080932473,43246.68942731492,89623.61631901494,43252.27723569772,89622.17439195552,43249.55106899399,6.321284683651878,3.237271301510577,3.0840133821413
89620.54133008925,43246.788642943575,89623.90874880728,43252.1459858595,89622.2502737237,43249.50746048316,6.32776674201245,3.2113014743637867,3.1164652676486635
89620.43835478913,43246.88220283156,89624.14966382069,43251.95376892187,89622.3225367819,43249.45696915289,6.284472717424842,3.190542805116931,3.093929912307911
89620.36303643038,43246.95833936285,89624.36459557016,43251.77534480781,89622.39157782773,43249.40026127754,6.262269317582389,3.174580734235916,3.087688583346473
89620.3212268033,43247.0071784413,89624.5484988355,43251.61926407989,89622.45811898271,43249.33859446015,6.256289856773356,3.162563649856995,3.093726206916361
89620.31376856435,43247.023140063255,89624.70028711177,43251.49101966042,89622.52288507066,43249.273231214036,6.261269285190897,3.1532690854586356,3.1080001997322615
89620.3381500639,43247.00543609247,89624.8139167667,43251.38475246011,89622.58660091541,43249.205434052536,6.261860699966087,3.145714903800237,3.1161457961658496
89620.38945237715,43246.95780755462,89624.89275540067,43251.29799236055,89622.64999134076,43249.136465489,6.2543538652103585,3.1395201545841616,3.1148337106261965
89620.45996204104,43246.888468882236,89624.95315850261,43251.23274404903,89622.71378117049,43249.06758803677,6.2499232928971,3.135005734908296,3.114917557988804
89620.53845477823,43246.80967764967,89625.00549184739,43251.17730603409,89622.77869507417,43249.00006401831,6.247447309236582,3.133124483244939,3.114322825991643
89620.61089169953,43246.73582836909,89625.06311918658,43251.11763574545,89622.84504210642,43248.93464160612,6.246804421463503,3.1346782437679095,3.1121261776955933
89620.66336962303,43246.68036399416,89625.13957382923,43251.040365803725,89622.91181153049,43248.87043628167,6.2486814509218345,3.138774862229571,3.1099065886922643
89620.68608469225,43246.653188790384,89625.24431203617,43250.9357417735,89622.97773123573,43248.80624018527,6.254414166976535,3.1444036301484704,3.110010536828065
89620.6767304168,43246.65888315389,89625.36039421326,43250.78236795107,89623.0415291115,43248.74084545729,6.240178958237233,3.1506887975863846,3.089490160650848
89620.64171188723,43246.69529791328,89625.48098597027,43250.58554025741,89623.10193304715,43248.673044238036,6.209070715234174,3.156607147045415,3.0524635681887586
89620.59428841007,43246.75270317631,89625.60985648014,43250.37035072421,89623.15767362848,43248.60163117811,6.184116496827714,3.1606136324806275,3.023502864347086
89620.54976271567,43246.81535765403,89625.73462451284,43250.151782016255,89623.20811180238,43248.525987754336,6.165591567774878,3.1611825646211753,3.0044090031537025
89620.52006844532,43246.86648888695,89625.84653979349,43249.945394585826,89623.25404492041,43248.44683264542,6.1523131686786225,3.1578653804904624,2.99444778818816
89620.51147490364,43246.893564029524,89625.94106222893,43249.76239174194,89623.29646942294,43248.36506986915,6.140894964614207,3.149845061044711,2.991049903569496
89620.5255212711,43246.89071400335,89626.0125591978,43249.60584809319,89623.33638175037,43248.281603443334,6.122053441027727,3.1361616776181016,2.9858917634096263
89620.56104213915,43246.85791757192,89626.06970010031,43249.48019808656,89623.37477834306,43248.19733738576,6.100956288204693,3.1162729121368553,2.9846833760678377
89620.61567747161,43246.79870278111,89626.11451017088,43249.38286491488,89623.41262145979,43248.11311933819,6.075776081145287,3.090402329562571,2.985373751582716
89620.68674588295,43246.71789549036,89626.1488463287,43249.309666942514,89623.45060051468,43248.02934693721,6.045810164040085,3.0592151481717202,2.9865950158683647
89620.77129141221,43246.620674767306,89626.17443674803,43249.25572373964,89623.48927424544,43247.946202293664,6.0114443028753595,3.023979812245207,2.987464490630152
89620.86583198432,43246.51263424311,89626.19325451764,43249.215445802365,89623.52920057073,43247.86386616753,5.973828016717283,2.9865297488268054,2.9872982678904783
89620.94279501124,43246.38764115885,89626.20801827882,43249.18214154386,89623.57093740924,43247.782519318775,5.960856352844317,2.9753684721695413,2.9854878806747758
89621.0166115291,43246.26127809074,89626.22230699268,43249.148339904415,89623.61492061899,43247.7022918815,5.9526793274551535,2.9711497558558646,2.981529571599289
89621.08727521927,43246.14200177602,89626.24070675038,43249.10763508924,89623.66083634179,43247.62300303751,5.94582521559299,2.9692729055960845,2.9765523099969053
89621.15163403553,43246.034291620985,89626.2699932309,43249.05763839894,89623.70808625575,43247.544353984325,5.944596419660272,2.9691305622080892,2.9754658574521824
89621.20824577799,43245.93973131112,89626.30713453513,43248.994299445454,89623.75607149454,43247.466045693785,5.943824782497076,2.970025501011935,2.973799281485141
89621.25769089127,43245.85693400443,89626.35149198078,43248.91910308459,89623.80419319193,43247.38777913768,5.943373538231024,2.9712221036542057,2.9721514345768187
89621.30220495952,43245.78216589583,89626.40076052962,43248.835900784514,89623.85185888926,43247.30925862872,5.943110773982305,2.9719938385383933,2.9711169354439115
89621.34481873534,43245.71050044757,89626.45187780829,43248.74967531723,89623.89880870716,43247.230361884234,5.94294844862399,2.972010020653603,2.970938427970387
89621.38837914953,43245.63721996176,89626.50200770242,43248.665130614325,89623.94527046043,43247.15122090212,5.942847793512524,2.971513423015426,2.971334370497097
89621.43816814254,43245.560859899015,89626.54915968674,43248.58566448297,89623.9915108267,43247.07198794308,5.938996323951917,2.9669962636161005,2.972000060335817
89621.49383385055,43245.47892831576,89626.59233714557,43248.512997100064,89624.03779648361,43246.992815267826,5.9329848505869025,2.96033774797024,2.972647102616662
89621.55367216839,43245.39019629876,89626.63139730888,43248.4473163503,89624.0843941088,43246.91385513708,5.926995496196964,2.953995564526197,2.972999931670768
89621.61715779411,43245.29571155715,89626.66686823124,43248.387595893306,89624.13157037989,43246.83525981152,5.921091474302156,2.948301117434163,2.972790356867993
89621.68327097481,43245.19729882249,89626.69977346393,43248.33197462164,89624.17958711086,43246.757178797765,5.915360478372477,2.943606595381683,2.971753882990794
89621.75074735154,43245.09706562388,89626.73138117378,43248.27826641126,89624.22855299452,43246.679674894855,5.909885931292016,2.9400974318813584,2.969788499410657
89621.81838530904,43244.99688132537,89626.7628862565,43248.22451531515,89624.2783964239,43246.60270880401,5.904719366015597,2.9377434497204473,2.96697591629515
89621.8852871733,43244.89804176677,89626.7951702182,43248.1693443981,89624.32903544723,43246.52623536847,5.899862067913722,2.93648089231717,2.9633811755965525
89621.95091702533,43244.80125446998,89626.8287431622,43248.11198150509,89624.38038811264,43246.45020943149,5.895260920651183,2.9362190363018126,2.9590418843493707
89622.01500336673,43244.70684250031,89626.86384357969,43248.05205815117,89624.43237246833,43246.37458583633,5.89081651059913,2.9368420468661767,2.953974463732954
89622.07738744556,43244.6149908327,89626.90190617359,43247.99028068461,89624.48490656253,43246.29931942626,5.888001574513608,2.9382156336213265,2.9497859408922813
89622.13788898267,43244.525936595055,89626.94561883362,43247.928236155414,89624.53790844341,43246.2243650445,5.889813971433144,2.9401960155406575,2.949617955892486
89622.19621933675,43244.44007698676,89626.99159033745,43247.863002219055,89624.59129615912,43246.14967753433,5.891689077017465,2.942639464382414,2.9490496126350507
89622.25196470831,43244.35797870709,89627.04022802786,43247.794035580744,89624.6449861723,43246.07521046762,5.893551769210703,2.9454094191569036,2.948142350053799
89622.30465131784,43244.28028362973,89627.09199309791,43247.7207205863,89624.69885034925,43246.00088165833,5.895358154632804,2.948329455472933,2.9470286991598718
89622.35385820935,43244.207562790776,89627.14728882145,43247.64251214321,89624.75271091511,43245.926569117364,5.897105568567882,2.951182314736243,2.9459232538316398
89622.3974223429,43244.13883618792,89627.20635451273,43247.5590616697,89624.80638749679,43245.85214877232,5.901166915135408,2.9561043832281464,2.9450625319072614
89622.43718013077,43244.07551970235,89627.2691817937,43247.470313698876,89624.85969972114,43245.77749655078,5.905325253478853,2.960629385502867,2.944695867975986
89622.47357813866,43244.01731169712,89627.33541015271,43247.376646907134,89624.9124672151,43245.70248838034,5.909529895525052,2.9644561694913216,2.945073726033731
89622.50743233947,43243.96312382084,89627.40419040305,43247.27909606682,89624.96450960553,43245.62700018858,5.913874488806771,2.9674422081220384,2.9464322806847316
89622.5401269533,43243.91099634995,89627.47411762865,43247.17952568115,89625.01564651934,43245.55090790309,5.91840755383747,2.96942873697352,2.94897881686395
89622.5734596116,43243.858227792094,89627.54338188638,43247.08051283046,89625.06573004641,43245.4741093471,5.92311136868828,2.9702668432417507,2.952844525446529
89622.6092524902,43243.80190534778,89627.6101352005,43246.98485950525,89625.11489012184,43245.3966897446,5.927902247067582,2.9701106399291684,2.957791607138413
89622.6489523337,43243.73956273925,89627.67287383392,43246.894975072435,89625.16339777195,43245.3188294827,5.932656591513483,2.969262418332719,2.9633941731807636
89622.69345959819,43243.66955836313,89627.73061620093,43246.81250091412,89625.21152513158,43245.24070969616,5.937258165132009,2.968024686853022,2.969233478278988
89622.74321028467,43243.591042299944,89627.78505917409,43246.739714209325,89625.25954433555,43245.16251151975,5.944272454782105,2.966724214426599,2.9775482403555062
89622.7983633843,43243.503697809494,89627.8343308593,43246.675993822595,89625.30772751874,43245.08441608828,5.951842605787342,2.9657340804777172,2.986108525309625
89622.85894742538,43243.40751143954,89627.87745417666,43246.620877925176,89625.35634681598,43245.006604536495,5.959121930591277,2.965485196205672,2.993636734385605
89622.92491513728,43243.302687390984,89627.9144672562,43246.57420956999,89625.40567436209,43244.92925799919,5.966446824963724,2.966462249036688,2.999984575927036
89622.99613227707,43243.189675199115,89627.94557455233,43246.535546068866,89625.45598229197,43244.852557611135,5.9742640310913275,2.9691817074760793,3.0050823236152486
89623.07235114336,43243.06922306751,89627.97118374694,43246.50409356469,89625.5075427396,43244.77668450695,5.983050744414887,2.974152430109312,3.0088983143055748
89623.15317664827,43242.94243313876,89627.99192859109,43246.47867060056,89625.56059609522,43244.70181384999,5.993204130545105,2.9817928970052603,3.011411233539845
89623.23794579567,43242.8109122188,89628.00873880512,43246.4576313811,89625.6152667622,43244.62809898552,6.004916867670761,2.992293889812466,3.0126229778582947
89623.32605305489,43242.67749375179,89628.02311993751,43246.43858122959,89625.67165266021,43244.555688277,6.0173263427782056,3.004904687844654,3.0124216549335516
89623.41622775998,43242.54636073667,89628.0375183526,43246.418108369515,89625.72985170902,43244.48473008793,6.028827122575732,3.0182994416510915,3.010527680924641
89623.50368041886,43242.42066861598,89628.05543044765,43246.39191721921,89625.78994914815,43244.4153610838,6.0406327312049966,3.0341098766703674,3.0065228545346288
89623.58447531231,43242.30504352042,89628.08092226634,43246.35555003418,89625.85171054096,43244.347423016,6.051829329088839,3.051502840564789,3.00032648852405
89623.65485312622,43242.20349180787,89628.117663978,43246.30536841603,89625.91456537851,43244.28044759575,6.061523934402955,3.0692091502442578,2.992314784158698
89623.7121057961,43242.118731089235,89628.16884453135,43246.23990823281,89625.97792718998,43244.213951808815,6.0701417778306395,3.0860810832963965,2.984060694534242
89623.75510153316,43242.05192054417,89628.24010681274,43246.16304418102,89626.04120950453,43244.14745264094,6.084127703734996,3.1012166040738505,2.9829110996611456
89623.7845032975,43242.00254626719,89628.32564035538,43246.07102875619,89626.10382585133,43244.080467077845,6.097087463841692,3.1140025696907627,2.9830848941509305
89623.80278531228,43241.968269005105,89628.42281066666,43245.96608358943,89626.16518975954,43244.01251210529,6.109595381509757,3.1240814050098282,2.985513976499929
89623.81385460307,43241.94498285333,89628.52771051461,43245.85182825001,89626.22472501945,43243.94311308153,6.122407901168946,3.1312650116862644,2.9911428894826813
89623.82211522444,43241.927484584034,89628.63604956867,43245.73269378585,89626.28219434564,43243.872071909034,6.136251375242974,3.1358267087190215,3.0004246665239527
89623.83131491416,43241.91069767224,89628.74415438394,43245.61293972663,89626.33776886865,43243.799523736016,6.151632944598168,3.138467034261533,3.0131659103366344
89623.84386932336,43241.89073446387,89628.84955167204,43245.49579101457,89626.39164403018,43243.72562354726,6.168734757599183,3.139741057007003,3.02899370059218
89623.86092442999,43241.865226545975,89628.95092231341,43245.3831717773,89626.44401527196,43243.650526327576,6.18740794709874,3.1400085363057824,3.047399410792958
89623.88282862741,43241.83301380227,89629.04768383893,43245.27600080266,89626.49507803563,43243.57438706172,6.207244867155331,3.13946297947433,3.0677818876810004
89623.90958680182,43241.79363858478,89629.13751734032,43245.17331628857,89626.5450277629,43243.49736073453,6.225229240511337,3.138187091760363,3.087042148750974
89623.94111288598,43241.74696806052,89629.20700087256,43245.06701353374,89626.59405989548,43243.41960233076,6.225132788257612,3.136213200211064,3.0889195880465485
89623.97731534629,43241.693004175766,89629.2720508074,43244.96765190182,89626.642369875,43243.341266835225,6.225555503958444,3.1335739077888425,3.091981596169602
89624.01809944228,43241.631823682794,89629.3327285641,43244.87520494755,89626.69015314321,43243.26250923269,6.226138830047122,3.1303364584771263,3.0958023715699956
89624.0633297431,43241.56360596205,89629.38911658167,43244.78957432872,89626.73760514178,43243.183484507965,6.2266264825059645,3.1266204457008175,3.100006036805147
89624.11275863026,43241.48874012018,89629.44139723197,43244.7104708494,89626.7849213124,43243.10434764585,6.226872267783477,3.122601651960005,3.104270615823472
89624.16593190588,43241.40797966371,89629.48995547058,43244.63724651077,89626.83229709674,43243.02525363111,6.226828348924051,3.11850579872183,3.108322550202221
89624.2221253351,43241.32253667745,89629.53545134547,43244.56878571592,89626.87992793652,43242.946357448556,6.226521188608328,3.114596051622092,3.111925136986236
89624.28039096516,43241.23397793951,89629.57878493755,43244.50359158086,89626.92798867355,43242.86779785348,6.226022169121527,3.1111318096093847,3.114890359512142
89624.33973822117,43241.14390062873,89629.620937484,43244.44007704998,89626.97650824276,43242.78959864937,6.225419235172283,3.108195315917239,3.1172239192550437
89624.39933416771,43241.05360038573,89629.66275188231,43244.37692725238,89627.02545258393,43242.711734009325,6.224794574998265,3.105785737890423,3.119008837107842
89624.45861749382,43240.96390825775,89629.70480297427,43244.31328721792,89627.07478738771,43242.63417791014,6.224210914982821,3.1038920125277674,3.1203189024550535
89624.51728539355,43240.87524045307,89629.74740699948,43244.24871788046,89627.12447834465,43242.55690432861,6.223706449207477,3.1024906888717236,3.121215760335754
89624.57520559602,43240.78775634427,89629.79070795797,43244.18304036521,89627.17449114534,43242.47988724154,6.223296431189865,3.1015467657985,3.121749665391365
89624.63233024377,43240.70149921507,89629.83476343993,43244.11619546592,89627.22479148045,43242.403100625714,6.222978518846955,3.1010163857005653,3.1219621331463894
89624.68831703944,43240.616257662776,89629.879596163,43244.048165302804,89627.27534504049,43242.326518457936,6.223131766908585,3.101242632500428,3.121889134408156
89624.7421918964,43240.53137925882,89629.925216342,43243.97894284845,89627.32611751612,43242.25011471499,6.2249045862812125,3.103340647841121,3.1215639384400915
89624.79527837592,43240.447733454195,89629.97162952759,43243.90852347337,89627.37707459793,43242.17386337368,6.226690838812027,3.1056716231589983,3.121019215653028
89624.84757622817,43240.36532130965,89630.01883923658,43243.83690331171,89627.4281819765,43242.0977384108,6.228470333812605,3.108181951021873,3.120288382790733
89624.89908485199,43240.284144365185,89630.06684788855,43243.76407918261,89627.47940534246,43242.02171380314,6.230226411260877,3.1108200502796657,3.1194063609812113
89624.94980326439,43240.20420437512,89630.1156572249,43243.690048622724,89627.53071038636,43241.94576352749,6.231946506501033,3.113536550842403,3.1184099556586298
89624.99973016081,43240.12550310171,89630.16526855393,43243.61480980773,89627.58206279884,43241.86986156066,6.233622396285568,3.1162843719345834,3.1173380243509845
89625.04886400462,43240.04804211391,89630.21568289773,43243.53836142453,89627.63342827052,43241.79398187944,6.235250304861025,3.1190187734960126,3.1162315313650124
89625.09720325487,43239.971822404485,89630.2669009491,43243.46070269085,89627.68477249196,43241.718098460624,6.236830918197904,3.121697394204052,3.1151335239938516
89625.14474718498,43239.89684321338,89630.31892240426,43243.3818341424,89627.73606115376,43241.642185280994,6.238369256073398,3.124280239954597,3.114089016118801
89625.19149879094,43239.82309792636,89630.37174320346,43243.301761318005,89627.78725994652,43241.56621631736,6.239874290866693,3.12672955368027,3.1131447371864227
89625.23747312768,43239.7505620898,89630.42534739424,43243.22050627522,89627.83833456086,43241.49016554652,6.241358189971307,3.1290094888383844,3.112348701132923
89625.28271499813,43239.679167368486,89630.4796897647,43243.138133053,89627.88925068738,43241.41400694526,6.242835119640728,3.131085539631128,3.1117495800096
89625.32732446569,43239.6087629409,89630.53467080487,43243.05478558805,89627.93997401667,43241.33771449037,6.244319657168514,3.132923736170459,3.1113959209980555
89625.37147585866,43239.5390850226,89630.59011818736,43242.97071762408,89627.99047023933,43241.26126215867,6.245825010874021,3.134489695939175,3.1113353149348457
89625.41540817016,43239.4697682731,89630.64579637244,43242.886281598294,89628.04070740665,43241.184625655995,6.247361366834288,3.13575061584749,3.1116107509867983
89625.45937890558,43239.40041358388,89630.70145010078,43242.80186535825,89628.09068543333,43241.107804026404,6.248934676320076,3.136711042830066,3.1122236334900095
89625.50360700498,43239.33067566209,89630.75686084639,43242.717805996035,89628.14042710546,43241.0308130659,6.250546201846998,3.1374013823786355,3.1131448194683617
89625.54823946444,43239.26031735207,89630.81188113446,43242.63433452031,89628.18995570924,43240.95366893684,6.252192853874535,3.1378502685296947,3.1143425853448403
89625.59335365772,43239.18920963129,89630.86643223604,43242.55157617452,89628.23929453082,43240.87638780149,6.253868120146571,3.1380843331484383,3.1157837869981324
89625.63898107807,43239.11729693917,89630.92048069117,43242.46958486523,89628.28846685641,43240.798985822184,6.255563324151213,3.138128803742822,3.1174345204083904
89625.68513115626,43239.04456053856,89630.97401476542,43242.38837936936,89628.33749597214,43240.72147916126,6.257268909391343,3.1380081554454784,3.119260753945866
89625.73180541811,43238.97099590776,89631.02703045074,43242.30796556401,89628.38640516419,43240.64388398099,6.2589755258332245,3.1377466942766925,3.121228831556532
89625.7790032826,43238.89660297237,89631.07952572577,43242.228345905416,89628.43521771877,43240.56621644372,6.2606748152624245,3.1373690051756555,3.123305810086769
89625.826723751,43238.82138291562,89631.13149888358,43242.14952238277,89628.48395692202,43240.48849271177,6.262359900232196,3.136900253047055,3.1254596471851417
89625.87496575675,43238.74533729453,89631.18294819919,43242.07149719501,89628.53264606012,43240.41072894743,6.2640256459192205,3.1363663613237853,3.127659284595435
89625.92372820924,43238.6684677946,89631.23387192434,43241.99427281053,89628.58130841928,43240.33294131302,6.265668781466299,3.1357941045791637,3.1298746768871353
89625.9730100071,43238.5907761315,89631.28426834222,43241.91785190102,89628.62996728564,43240.25514597087,6.267287952411376,3.135211147940214,3.132076804471162
89626.02281007859,43238.512263973294,89631.33413582742,43241.84223727569,89628.67864594537,43240.17735908328,6.268883744722665,3.1346460528411213,3.134237691881543
89626.07312744381,43238.43293288908,89631.38339265688,43241.767381413585,89628.72736768467,43240.09959681257,6.270363912534788,3.1341282504106815,3.1362356621241063
89626.12396120031,43238.35278450987,89631.43208613999,43241.6933171378,89628.7761557897,43240.021875321065,6.271789905079857,3.133687967236279,3.138101937843578
89626.17531005408,43238.27182155298,89631.48024922401,43241.62006641528,89628.82503354661,43239.944210771064,6.273206776009096,3.1333560735480748,3.139850702461021
89626.22717002663,43238.190051912905,89631.52788522062,43241.54762495342,89628.87402424164,43239.866619324894,6.274621764716096,3.133163819920984,3.1414579447951105
89626.27952702846,43238.107500957936,89631.5750085193,43241.4759705082,89628.92315116091,43239.78911714486,6.276042648911158,3.1331424407159627,3.142900208195195
89626.33233992185,43238.02423852475,89631.621661733,43241.40503566673,89628.97243759062,43239.71172039328,6.277476765166478,3.133322638555353,3.144154126611125
89626.38551436126,43237.94041934492,89631.66794203795,43241.33466712246,89629.02190681694,43239.63444523247,6.278929855857083,3.1337340167988437,3.1451958390582395
89626.43888052923,43237.85631565015,89631.71402346686,43241.26459286155,89629.07158212602,43239.55730782475,6.280404968016196,3.1344045807508336,3.1460003872653624
89626.49219781236,43237.77230659646,89631.7601519642,43241.19443284369,89629.1214848453,43239.480323011856,6.281901702342983,3.1353580938735623,3.1465436084694214
89626.54519752317,43237.6888096179,89631.80660249905,43241.12376746432,89629.17160360714,43239.403483593276,6.283416087362764,3.1365770769683285,3.1468390103944355
89626.59764249025,43237.60618875125,89631.85361802364,43241.05223095347,89629.2219000229,43239.32676415148,6.284941182472295,3.1380100869099468,3.146931095562348
89626.6493670305,43237.52469576719,89631.90136823746,43240.97957167782,89629.27233489281,43239.25013872212,6.286468343649713,3.1396040829062053,3.146864260743508
89626.70027946538,43237.444468957496,89631.94994700486,43240.90565301693,89629.32286901715,43239.17358134085,6.28798889696592,3.1413063510799275,3.1466825458859917
89626.7503394322,43237.36556898912,89631.99939527498,43240.83041683729,89629.37346319617,43239.097066043316,6.289495834456784,3.1430654351796954,3.1464303992770883
89626.79953319585,43237.28801648214,89632.04972607622,43240.75384525131,89629.42407823015,43239.02056686517,6.290985164366982,3.1448318662195267,3.1461532981474547
89626.84786296097,43237.21181305829,89632.10093784942,43240.675940570545,89629.4746749193,43238.944057842076,6.2924538301671165,3.146555744835777,3.14589808533134
89626.89537540646,43237.13695581801,89632.15301278087,43240.5967278248,89629.52521406392,43238.867513009674,6.293867896591854,3.1481549450298894,3.1457129515619644
89626.94208445522,43237.0633499367,89632.20590029258,43240.51627966842,89629.57565646422,43238.79090640362,6.295274489792554,3.1496274181201644,3.14564707167239
89626.98809738277,43236.99083315291,89632.25949062569,43240.43475695937,89629.6259629205,43238.71421205958,6.296681499502203,3.150931521174827,3.145749978327376
89627.03360075869,43236.919121331215,89632.31359530088,43240.35244038042,89629.676094233,43238.637404013185,6.298096701317272,3.152025878215134,3.1460708231021375
89627.07884964503,43236.84782228265,89632.36795814744,43240.26971668409,89629.7260141696,43238.56045825187,6.299526176222466,3.1528720213862136,3.1466541548362525
89627.12411878665,43236.77650857999,89632.42230357802,43240.18700718308,89629.77572269239,43238.4833745676,6.3009731633354535,3.153473445670419,3.1474997176650343
89627.1696416111,43236.70481197131,89632.47639695705,43240.10467480786,89629.8252439458,43238.40616865686,6.3024375926451714,3.1538608611636616,3.1485767314815103
89627.21557455989,43236.63248133407,89632.53008019333,43240.02296671426,89629.87460251646,43238.328856506865,6.303916341549105,3.1540637914774625,3.149852550071642
89627.2620001087,43236.55938106064,89632.58303816016,43239.94186947281,89629.92382299085,43238.25145410485,6.3051307522884965,3.154110372652488,3.151020379636008
89627.30895220532,43236.48545313214,89632.63533997693,43239.86150806133,89629.97292995559,43238.17397743805,6.30619961454289,3.1540278669635486,3.1521717475793416
89627.3564414979,43236.41067793581,89632.6871007803,43239.78198334837,89630.02194799723,43238.09644249369,6.30726791643894,3.153843217812393,3.153424698626547
89627.40447026021,43236.335050402886,89632.73831677776,43239.70330126609,89630.0709017023,43238.01886525901,6.308330409088611,3.1535835338666987,3.154746875221912
89627.45303849221,43236.25856986703,89632.78898651779,43239.62546395706,89630.11981565742,43237.941261721215,6.309383261866902,3.1532764428519013,3.156106819015001
89627.50214556821,43236.18123709964,89632.83910931193,43239.548472551425,89630.16871444912,43237.863647867554,6.310424438139138,3.1529502990973657,3.157474139041772
89627.55178987916,43236.10305474574,89632.88868567244,43239.47232655271,89630.21762266394,43237.786039685256,6.311453811728073,3.1526342545654185,3.158819557162655
89627.60196621358,43236.02403154635,89632.93772002788,43239.39701943489,89630.26656488846,43237.70845316155,6.31247305444157,3.1523582086896536,3.160114845751917
89627.6526588536,43235.94419345359,89632.98622774635,43239.32252732032,89630.31556570924,43237.630904283666,6.313485317061989,3.152152652723971,3.1613326643380186
89627.7038290323,43235.86360354632,89633.03424782064,43239.24878880577,89630.36464971286,43237.553409038825,6.314494730379105,3.1520484286632433,3.1624463017158613
89627.75540067589,43235.78238419555,89633.08185726532,43239.175682509594,89630.41384148585,43237.47598341427,6.315505779211574,3.1520764352576798,3.1634293439538945
89627.80725565164,43235.70072361466,89633.12917592682,43239.10302031921,89630.46316559409,43237.398643383756,6.316522641546695,3.1522673053985106,3.1642553361481847
89627.85924898904,43235.61885078146,89633.17635121281,43239.03057239692,89630.51263781404,43237.32139920493,6.317548609974417,3.152640701202804,3.164907908771613
89627.91124011991,43235.53698589825,89633.22352653716,43238.958117039816,89630.56225151353,43237.24424656212,6.318585701456359,3.1531889229026255,3.1653967785537334
89627.96312128905,43235.45529643083,89633.27081226431,43238.88548547605,89630.61199654116,43237.16717885095,6.319634512751217,3.15389941525586,3.1657350974953573
89628.01482727616,43235.37388300219,89633.3182757458,43238.812576211894,89630.66186274553,43237.090189467024,6.32069431792043,3.1547590490168433,3.165935268903587
89628.0663269577,43235.29279341206,89633.36594972755,43238.739340985565,89630.71183997522,43237.01327180593,6.321763336214252,3.1557542726945593,3.166009063519692
89628.11760863951,43235.212045787004,89633.41384708011,43238.66576151159,89630.76191807882,43236.936419263315,6.322839071645636,3.1568712828673973,3.165967788778239
89628.16866865475,43235.13164624653,89633.46197228698,43238.591831729595,89630.81208690489,43236.859625234756,6.323918636433378,3.1580961715744187,3.1658224648589597
89628.21950495272,43235.05159868037,89633.51032793544,43238.51754798631,89630.86233630205,43236.78288311586,6.324999005988426,3.159415030908995,3.1655839750794312
89628.2701131137,43234.971910744855,89633.55891876918,43238.44290302699,89630.91265611888,43236.70618630226,6.3260771955517106,3.160814015916825,3.1652631796348856
89628.32048247222,43234.89259967347,89633.60775561427,43238.36788018811,89630.96303620395,43236.62952818956,6.327150380233965,3.1622793828290128,3.1648709974049516
89628.37053611719,43234.81366039207,89633.65685893632,43238.292448143584,89631.01346640584,43236.55290217334,6.328283587837555,3.1638651179189785,3.1644184699185773
89628.41968062083,43234.73476992624,89633.70625938813,43238.21656019196,89631.06393653859,43236.47630162751,6.33014838035214,3.16623151792462,3.1639168624275205
89628.46850300924,43234.65639507288,89633.75599216546,43238.14016064852,89631.11443352766,43236.3997181102,6.331995275046858,3.1686153948985085,3.1633798801483497
89628.51696886326,43234.57858936465,89633.80609091868,43238.06319829992,89631.1649392768,43236.323140022905,6.333822822657168,3.170994214784845,3.1628286078723233
89628.56505253502,43234.50139291259,89633.85658150255,43237.98563626088,89631.21543518723,43236.24655545125,6.335631817290724,3.173345315195841,3.1622865020948834
89628.61273877548,43234.42482991909,89633.90747819708,43237.90745278935,89631.26590266018,43236.16995248087,6.337422788418927,3.1756466041880347,3.161776184230892
89628.66002019016,43234.348912462796,89633.95878739495,43237.82863805194,89631.31632309686,43236.09331919737,6.339197430772304,3.177876647666014,3.161320783106289
89628.7068936294,43234.27364588451,89634.01051125214,43237.74918860634,89631.36667789854,43236.01664368635,6.340958689315117,3.1800147319770113,3.1609439573381053
89628.75335764981,43234.19903258148,89634.06265024861,43237.66910349131,89631.4169484664,43235.93991403345,6.3427107784416865,3.1820408966661486,3.1606698817755383
89628.79941141706,43234.12507367883,89634.11520429408,43237.588382437585,89631.46711620165,43235.863118324276,6.344459115629668,3.183935930147412,3.1605231854822557
89628.84505478392,43234.051769004,89634.16817264956,43237.50702576422,89631.51716250557,43235.78624464446,6.346210136024734,3.1856813122882044,3.1605288237365294
89628.89028999163,43233.979114683636,89634.22155223113,43237.42503663178,89631.56706877935,43235.70928107961,6.347970946612725,3.1872590789159356,3.1607118676967896
89628.93512698221,43233.90709523595,89634.27533234104,43237.34242875531,89631.61681642421,43235.63221571533,6.349748787457982,3.1886515851934703,3.1610972022645116
89628.97959512107,43233.83566556979,89634.32948306888,43237.259244138295,89631.66638684137,43235.55503663726,6.351550304363957,3.1898411584201853,3.161709145943772
89629.0237609468,43233.764722969405,89634.38393774616,43237.17558078435,89631.7157614321,43235.47773193102,6.3533807027522045,3.1908096645601556,3.1625710381920484
89629.06774288454,43233.69408274139,89634.43857840348,43237.09161691149,89631.76492159758,43235.40028968222,6.3552429228597855,3.191538051635392,3.1637048712243936
89629.11170731811,43233.623482328905,89634.49323962638,43237.007607197214,89631.81384973669,43235.322698617616,6.35713702142978,3.1920071500722482,3.1651298713575318
89629.15583884926,43233.552626720724,89634.54773759049,43236.92383882877,89631.86254942311,43235.24496107221,6.359059923694898,3.19222143464864,3.1668384890462575
89629.20029921195,43233.4812538609,89634.60191035946,43236.84056774494,89631.91104446565,43235.1670923854,6.361005640651506,3.1922079132129753,3.1687977274385304
89629.24520029096,43233.40917956844,89634.65564479296,43236.75797422609,89631.95935948283,43235.089108416876,6.362965925446006,3.1919932729639564,3.170972652482049
89629.29060300869,43233.33630153723,89634.70887784963,43236.676158884526,89632.00751909312,43235.011025026346,6.3649312134702365,3.1916033235439714,3.1733278899262642
89629.3365332652,43233.26257502671,89634.76158098919,43236.595166574945,89632.05554791499,43234.9328580735,6.366891646232688,3.191063478241022,3.175828167991665
89629.3829994064,43233.1879849373,89634.81374299288,43236.51501386215,89632.1034705669,43234.85462341803,6.368837992036982,3.190399216489132,3.1784387755478503
89629.43000315259,43233.11252781842,89634.8653591964,43236.43570665137,89632.15131166736,43234.77633691966,6.3707623467427785,3.1896364617180133,3.1811258850247657
89629.47754429631,43233.03620384629,89634.9164268616,43236.35724793697,89632.1990958348,43234.69801443806,6.372658582663179,3.188801847019635,3.1838567356435443
89629.52562217151,43232.95901414601,89634.96694373869,43236.27964025128,89632.24684768775,43234.61967183294,6.374522580438022,3.1879228760157554,3.186599704422267
89629.57423601468,43232.88096004702,89635.01690773449,43236.20288620047,89632.29459184462,43234.54132496399,6.376352312929025,3.1870280041094188,3.1893243088196055
89629.62338505445,43232.80204287254,89635.06631686655,43236.12698848055,89632.34235292392,43234.46298969091,6.37814785085346,3.186146670926411,3.192001179927049
89629.67306855584,43232.72226385222,89635.11516928078,43236.05194978323,89632.39015554414,43234.38468187342,6.3799113394670135,3.1853093066716123,3.194602032795401
89629.72328587207,43232.64162404434,89635.16346328224,43235.977772704915,89632.43802432371,43234.306417371175,6.381646977040979,3.184547327626631,3.1970996494143473
89629.77403650273,43232.560124261836,89635.21119738153,43235.90445966573,89632.48598388115,43234.22821204392,6.383361004657301,3.1838931251045652,3.199467879552736
89629.82532016496,43232.477765006384,89635.25937200924,43235.832631237245,89632.53405883492,43234.15008175132,6.386238867538204,3.1833800397564613,3.2028588277817427
89629.87713689606,43232.39454642223,89635.30707492723,43235.76173235916,89632.58227380349,43234.0720423531,6.389222813163938,3.1830423003873953,3.2061805127765433
89629.9294872217,43232.31046829384,89635.35419941283,43235.6917005058,89632.63065340531,43233.994109708925,6.392201000264622,3.1829148851461273,3.2092861151184953
89629.9823723374,43232.22553029064,89635.40074542523,43235.62253776812,89632.67922225891,43233.91629967852,6.395187778395492,3.183033242391886,3.2121545360036063
89630.03579387507,43232.139733278935,89635.44671431878,43235.55424442541,89632.72800498272,43233.83862812157,6.398198685378581,3.183432790954966,3.214765894423615
89630.08975158236,43232.05308441569,89635.4921116412,43235.48681389091,89632.77702619524,43233.76111089777,6.401249277628722,3.184148129174189,3.2171011484545327
89630.14423410082,43231.96561335941,89635.53695687883,43235.42021641575,89632.82631051492,43233.683763866844,6.404353303596695,3.1852119328657964,3.2191413707308985
89630.199194742,43231.877411256275,89635.58130823977,43235.35435972976,89632.87588256029,43233.60660288845,6.4075202996225045,3.18665363309763,3.220866666524875
89630.25450791874,43231.788697113916,89635.62530670263,43235.28902200034,89632.92576694975,43233.52964382232,6.410752989119627,3.1884981185882992,3.222254870531327
89630.30992096094,43231.69988647481,89635.66922419186,43235.223782684945,89632.97598830181,43233.45290252814,6.414045183880113,3.1907648533409243,3.223280330539188
89630.36504025848,43231.61160314811,89635.71347626044,43235.15801146239,89633.02657094687,43233.37639467942,6.417381054503819,3.1934675126327496,3.2239135418710694
89630.4193850616,43231.524588967295,89635.7585649338,43235.0909618047,89633.07750419147,43233.30011331566,6.420736478247298,3.196573793961053,3.2241626842862456
89630.47249246594,43231.43954382666,89635.80496886278,43235.02193602023,89633.12870923236,43233.2240074605,6.424082685601498,3.199968432770965,3.224114252830533
89630.52401098186,43231.356991222696,89635.85304797912,43234.950419877125,89633.18009942849,43233.1480210725,6.427391758148488,3.2035283297030026,3.2238634284454855
89630.5737311864,43231.27724033629,89635.90301287774,43234.87611824591,89633.23158813882,43233.07209811019,6.4306427014663194,3.2071354832661845,3.2235072182001354
89630.62156294308,43231.200424670365,89635.95494881147,43234.79891305533,89633.28308872232,43232.996182532115,6.433826503558641,3.2106799547159217,3.2231465488427187
89630.66750779474,43231.1265444599,89636.00884496141,43234.7188176157,89633.33451453796,43232.920218296815,6.436948745634799,3.2140614184527014,3.2228873271820984
89630.7116634008,43231.05545983538,89636.06459178709,43234.635980866995,89633.38577894466,43232.844149362834,6.4400289724957425,3.21718886103595,3.222840111459792
89630.75425588153,43230.986840331636,89636.1219506213,43234.55073587963,89633.43679530144,43232.76791968869,6.443096949160852,3.2199784805957865,3.223118468565065
89630.79565759707,43230.92013192206,89636.17946411364,43234.46292494834,89633.48747696725,43232.69147323295,6.444901475960792,3.222350316354389,3.222551159606403
89630.83604851468,43230.85441905843,89636.23554104415,43234.37255739698,89633.5377525228,43232.61476383129,6.444518364079448,3.224595829989966,3.219922534089482
89630.87582505195,43230.788912534364,89636.29183168292,43234.281777703814,89633.58762394908,43232.53779294751,6.444628377080648,3.22683063670013,3.2177977403805187
89630.91574032356,43230.72325692194,89636.3479680105,43234.19117842481,89633.63711532272,43232.46057638292,6.444810097493064,3.2286468985567542,3.2161631989363095
89630.95602422202,43230.6570609575,89636.40372544779,43234.10113715826,89633.68625072482,43232.38312994169,6.445084136137146,3.230085276702699,3.2149988594344467
89630.99678696624,43230.59012237914,89636.45899852658,43234.01184405783,89633.73505423643,43232.305469428036,6.445458430272065,3.231179837331779,3.214278592940287
89631.03806875799,43230.5223560627,89636.51375087073,43233.92337446557,89633.78354993866,43232.227610646136,6.445930559387132,3.231959174824767,3.213971384562365
89631.07988005331,43230.45373156717,89636.56797494262,43233.83575137045,89633.83176191259,43232.149569400164,6.4464907867649925,3.2324479459457853,3.214042840819207
89631.12222236967,43230.384238650455,89636.62167132323,43233.74897965311,89633.8797142393,43232.07136149432,6.447125003267028,3.2326683871685535,3.2144566160984747
89631.16509585973,43230.3138731947,89636.6748411922,43233.66305990298,89633.92743099986,43231.993002732794,6.4478170907396,3.2326415563887547,3.2151755343508457
89631.20850174234,43230.24263166949,89636.72748392669,43233.57799372071,89633.97493627538,43231.91450891976,6.448550563027479,3.2323882139340734,3.2161623490934046
89631.25244428893,43230.170506757655,89636.77959514706,43233.49378787618,89634.02225414693,43231.835895859425,6.449309575552707,3.2319293788342143,3.2173801967184934
89631.29693395681,43230.097481411256,89636.83116362768,43233.41046005872,89634.06940869559,43231.757179355955,6.450079500944742,3.2312866546982266,3.218792846246516
89631.34199084945,43230.0235225343,89636.88216788258,43233.3280450444,89634.11642400244,43231.67837521355,6.450847275986888,3.2304824268837953,3.2203648491030927
89631.38764556705,43229.94857916167,89636.9325753493,43233.24659642882,89634.16332415822,43231.59949924203,6.451601675902238,3.2295400219200285,3.2220616539822107
89631.43393492867,43229.87258946854,89636.98234671864,43233.16617953513,89634.2101358309,43231.52056875713,6.452333602482708,3.228486825919436,3.2238467765632715
89631.48089386406,43229.795494509264,89637.03144412347,43233.08685756445,89634.25689172596,43231.4416046023,6.453036412665512,3.2273584504478197,3.2256779622176923
89631.52854836546,43229.717250340254,89637.07983827729,43233.008679351486,89634.30362541226,43231.36262812547,6.453706270136063,3.2261929067772797,3.2275133633587836
89631.57691344836,43229.637831649205,89637.12751072021,43232.93167542048,89634.35037045862,43231.28366067458,6.454342481140387,3.225029762425374,3.229312718715012
89631.6259956242,43229.557227610996,89637.17445157531,43232.855861773445,89634.39716043386,43231.20472359753,6.454947775085459,3.2239102698353874,3.2310375052500713
89631.6757967444,43229.47543532593,89637.22065592163,43232.78124611775,89634.44402890684,43231.12583824228,6.455528505603239,3.222877455242426,3.2326510503608135
89631.72631687611,43229.39245491421,89637.26612112307,43232.707832467124,89634.49100944641,43231.04702595674,6.456094749382581,3.221976154947057,3.2341185944355235
89631.77755580557,43229.30828705489,89637.31084553027,43232.63562331856,89634.5381356214,43230.96830808884,6.456660265879044,3.2212529786948116,3.2354072871842323
89631.82951375296,43229.22293209065,89637.35482798354,43232.564620277,89634.58544100061,43230.889705986505,6.457242234993714,3.220756155664346,3.236486079329368
89631.88219184573,43229.13638993843,89637.3980675767,43232.494823887595,89634.63295915292,43230.81124099768,6.4578606109449765,3.220535180527282,3.2373254304176955
89631.93559226548,43229.04866115787,89637.44056376998,43232.42623231983,89634.68072364716,43230.73293447027,6.45853684819468,3.220640137236005,3.2378967109586747
89631.98971675076,43228.95975150679,89637.4823181708,43232.35883656074,89634.72876805218,43230.65480775221,6.459291723054585,3.22112056697414,3.238171156080446
89632.04455870193,43228.869687511644,89637.52472590156,43232.2934686974,89634.7771259368,43230.57688219143,6.461772987637208,3.2220237999997026,3.2397491876375057
89632.10007899744,43228.778557729354,89637.56722396358,43232.22967400904,89634.82583086983,43230.499179135855,6.465282488545475,3.223392823464346,3.2418896650811297
89632.1561555978,43228.68659241351,89637.60915671506,43232.16672653451,89634.87491642014,43230.42171993342,6.46889130260944,3.2252640077176236,3.2436272948918163
89632.21251513559,43228.59426420287,89637.65082322544,43232.104149868836,89634.9244161566,43230.34452593205,6.47259548159396,3.2276652968402293,3.244930184753731
89632.26868968598,43228.5023406298,89637.6927208983,43232.04117135756,89634.974363648,43230.267618479666,6.476375337479168,3.2306156496811913,3.2457596877979777
89632.32405500706,43228.41180813983,89637.73550371284,43231.97680079993,89635.02477361233,43230.19100674786,6.48019673790043,3.234103998274416,3.2460927396260137
89632.37795634517,43228.32367181815,89637.77984999045,43231.91003687782,89635.07556167414,43230.114635900725,6.484016447861124,3.2379973526787813,3.2460190951823424
89632.42985211295,43228.238744000424,89637.82631417307,43231.840081146336,89635.1266110112,43230.038430143984,6.4877909957721105,3.2421256562049416,3.2456653395671693
89632.4794768715,43228.15760238283,89637.87525037174,43231.76643484004,89635.17780478264,43229.962313671305,6.49138223879956,3.2462218579154682,3.2451603808840916
89632.52787479098,43228.081309923844,89637.92682211965,43231.68886937171,89635.22902614751,43229.88621067638,6.493313285815213,3.2486744031096904,3.2446388827055226
89632.57367605374,43228.00899723295,89637.98103806419,43231.60736530722,89635.28015826496,43229.81004535283,6.49521490868152,3.250972206855513,3.244242701826007
89632.61702147059,43227.94047210922,89638.03774497112,43231.522120840054,89635.33108429407,43229.733741894364,6.4971109656740476,3.2529914743338635,3.2441194913401845
89632.65828076126,43227.87521038721,89638.09656197923,43231.43365580423,89635.38168739389,43229.65722449464,6.499033496728085,3.254614872107618,3.244418624620468
89632.69812146047,43227.812234476965,89638.15681425382,43231.342930519844,89635.4318507236,43229.5804173473,6.501010810580031,3.2557251645410394,3.245285646038991
89632.7374789655,43227.75012943308,89638.21756368093,43231.251330473315,89635.48146207716,43229.50324768286,6.5030559902545315,3.256204372394389,3.2468516178601425
89632.77738380157,43227.68728379644,89638.27777725321,43231.16043458052,89635.53051929474,43229.4257148343,6.505159835992306,3.2560555150608748,3.249104320931432
89632.81872969591,43227.62225113804,89638.33655203662,43231.07166728852,89635.57913221016,43229.347891513265,6.507290923482912,3.2554042368476557,3.251886686635255
89632.8621270909,43227.554007164945,89638.39326085206,43230.98604563641,89635.62741568171,43229.26985372339,6.509403102693152,3.2543740415856335,3.255029061107518
89632.90790284176,43227.481981257035,89638.44755480345,43230.904146493216,89635.67548456772,43229.19167746834,6.511448284398802,3.2530861877325523,3.258362096666249
89632.95619235608,43227.40592580636,89638.50153944,43230.827630757674,89635.72345372647,43229.11343875179,6.516052413457894,3.2516666420273186,3.264385771430575
89633.0070376464,43227.3257603169,89638.5537870511,43230.75576595509,89635.77143801628,43229.03521357737,6.521607749367344,3.250252275554172,3.271355473813172
89633.06044833979,43227.241469286186,89638.60320748654,43230.68795255014,89635.81955229546,43228.95707794876,6.526900171410724,3.248994878621926,3.2779052927887986
89633.11642802299,43227.153058512486,89638.64977685321,43230.624216359036,89635.8679114223,43228.879107869616,6.531989442172224,3.2480620806841753,3.2839273614880495
89633.17497967694,43227.06055108054,89638.69348916528,43230.5645633583,89635.91663025512,43228.8013793436,6.536975525081306,3.247634667608645,3.289340857472662
89633.23609041561,43226.964021864434,89638.7343744808,43230.508941830005,89635.96582365218,43228.72396837434,6.541986336263875,3.2479001309406,3.2940862053232745
89633.29967708387,43226.86369365704,89638.77255641697,43230.45714204065,89636.01560647183,43228.64695096552,6.547158122449603,3.249042792681305,3.298115329768298
89633.36547295227,43226.760111478536,89638.8083685629,43230.408616700035,89636.06609357236,43228.57040312081,6.552610394300681,3.2512316994845216,3.3013786948161594
89633.43287873743,43226.65434009337,89638.84250491112,43230.362279245346,89636.11739981206,43228.49440084385,6.558419633868186,3.2546085733338113,3.303811060534375
89633.5008777654,43226.548029188925,89638.87610090568,43230.316440452436,89636.16964003337,43228.41902012787,6.564598027199503,3.2592789289311033,3.3053190982683995
89633.5681334105,43226.443204309515,89638.91062046675,43230.26903397857,89636.22286720638,43228.34429629397,6.571083670351699,3.2652354065734714,3.305848263778228
89633.6332664653,43226.34184414411,89638.94754681797,43230.218075972836,89636.27693219358,43228.27013180686,6.577746487728345,3.2721952559656224,3.3055512317627223
89633.69515853871,43226.245486280626,89638.98806487361,43230.16206841305,89636.3316446567,43228.196402047644,6.584411368529577,3.2798066071574974,3.30460476137208
89633.75309234472,43226.155091481196,89639.03291984512,43230.10012627298,89636.38681425748,43228.12298239751,6.59089356175383,3.2877174106446296,3.3031761511092004
89633.80669742661,43226.0711580193,89639.08247782895,43230.031847325365,89636.44225065764,43228.04974823754,6.597038625997089,3.2955970756894155,3.3014415503076737
89633.85581049281,43225.99391926513,89639.13687449454,43229.95709781372,89636.49776351894,43227.97657494894,6.602758605185127,3.3031559685907292,3.2996026365943973
89633.90035975573,43225.92349142832,89639.19613894954,43229.875850807446,89636.55316250309,43227.90333791281,6.6080573492770736,3.310159288992301,3.2978980602847723
89633.9403114838,43225.859939377086,89639.26025382022,43229.78810895235,89636.60825727184,43227.82991251031,6.613040350307824,3.3164331552931356,3.2966071950146887
89633.97567764918,43225.8032739545,89639.32915443389,43229.69389771023,89636.66285748692,43227.75617412257,6.617905022965823,3.3218601034371087,3.2960449195287147
89634.00658642981,43225.753371606595,89639.40266421973,43229.59333583482,89636.71677281008,43227.68199813075,6.622913315822436,3.326365957836663,3.296547357985774
89634.03342802683,43225.70978528042,89639.48035605054,43229.48681527958,89636.76981290303,43227.607259915974,6.628346740329486,3.329896722614628,3.298450017714858
89634.0570407692,43225.67146012793,89639.56137256554,43229.37527861588,89636.8217874275,43227.531834859394,6.634450988281161,3.3323892668846264,3.3020617213965355
89634.07880959545,43225.63650772974,89639.64432926627,43229.260446396045,89636.87250604526,43227.455598342145,6.6413809304613896,3.3337412181835666,3.307639712277822
89634.10052443083,43225.6022890671,89639.72744843185,43229.14475225153,89636.92180255304,43227.378441344816,6.64915927965593,3.333815705238037,3.3153435744178927
89634.12399727233,43225.56591009134,89639.80891778776,43229.0308952011,89636.96974824974,43227.30040835495,6.657660480797637,3.3326840312190305,3.3249764495786067
89634.1506599677,43225.52487986621,89639.88726522092,43228.92123978906,89637.01654941647,43227.22163110452,6.666625874979624,3.330508534340013,3.3361173406396105
89634.18139133115,43225.47751271071,89639.95368046772,43228.812891211164,89637.06241389012,43227.142242331,6.666638704582479,3.32740374675968,3.339234957822799
89634.21659830562,43225.42291955869,89640.012366985,43228.70969353449,89637.10754950758,43227.062374771886,6.6628685828927114,3.323463893017708,3.339404689875003
89634.25640249852,43225.36075520063,89640.06676044439,43228.61411314391,89637.15216410572,43226.98216116467,6.659173925211701,3.318793845052967,3.340380080158734
89634.3007854578,43225.29097438926,89640.11686603364,43228.52624517687,89637.19646552141,43226.90173424685,6.655356514403939,3.313534419559016,3.341822094844923
89634.34963656143,43225.213736324906,89640.16275443844,43228.44599175822,89637.24066159158,43226.82122675591,6.6513017250940445,3.3078771456551452,3.3434245794388993
89634.40271027706,43225.12947354207,89640.2046138411,43228.37297960748,89637.2849601531,43226.74077142935,6.646985524482126,3.302066811787794,3.3449187126943327
89634.45953002489,43225.03905614635,89640.24285774649,43228.30638001876,89637.32956904283,43226.660501004655,6.6424607505513995,3.296393088368491,3.346067662182908
89634.51931369764,43224.94389845604,89640.27821200549,43228.24478717491,89637.37469609767,43226.580548219325,6.637829167316032,3.291174729187052,3.3466544381289802
89634.58101610566,43224.84583642278,89640.31168281133,43228.18633168619,89637.42052665981,43226.50103154121,6.633208084808299,3.2867143269901624,3.3464937578181364
89634.64351941584,43224.746754836866,89640.34437289032,43228.12905222262,89637.46707611972,43226.42196162841,6.628700169956747,3.2831067991242935,3.3455933708324532
89634.7058665201,43224.64818550095,89640.37723324938,43228.07133090914,89637.51428222193,43226.343299883934,6.624373560086811,3.2803371054968165,3.3440364545899937
89634.76740268708,43224.551107755884,89640.41091131764,43228.012115476646,89637.56208231207,43226.2650074577,6.620254081706172,3.278366421592333,3.341887660113838
89634.82776895001,43224.45600844514,89640.44575598737,43227.95086477149,89637.61041373576,43226.18704549965,6.616328218415047,3.277133089726291,3.339195128688756
89634.88680552466,43224.363070840634,89640.4819154708,43227.88735859276,89637.65921383859,43226.109375159715,6.6125531732560905,3.276557131197565,3.3359960420585257
89634.94445316242,43224.272342659,89640.51943762477,43227.82152634471,89637.70841996618,43226.031957587795,6.608869539517074,3.2765465340680047,3.3323230054490685
89635.00069265273,43224.18382871474,89640.55833123729,43227.75335147261,89637.75796946415,43225.95475393385,6.605213043920109,3.277003440107457,3.3282096038126525
89635.05551794598,43224.09752616712,89640.59859286959,43227.68283406725,89637.80779967808,43225.877725347804,6.601523486856165,3.277829137670894,3.323694349185271
89635.1089265364,43224.01343353956,89640.64021615272,43227.60998013447,89637.85784795361,43225.80083297957,6.597750543099219,3.2789275252937156,3.318823017805504
89635.16091633917,43223.93155172236,89640.68319471518,43227.53479911432,89637.90805163633,43225.7240379791,6.59385700708171,3.2802072070998998,3.313649799981811
89635.2114850609,43223.851882966504,89640.72752291674,43227.457303600124,89637.95834807186,43225.6473014963,6.589820298941486,3.2815825599934407,3.3082377389480455
89635.26063133076,43223.774428547884,89640.7731951405,43227.37751056136,89638.00867460582,43225.5705846811,6.585632828534416,3.282974062721773,3.3026587658126423
89635.30835954178,43223.6991818155,89640.82020162119,43227.295447300814,89638.05896858378,43225.49384868346,6.581301432781382,3.284308035010385,3.296993397770997
89635.3546937506,43223.626108158765,89640.86851536886,43227.21117047184,89638.10916735139,43225.41705465327,6.576845796166245,3.285515813931287,3.291329982234959
89635.39970719125,43223.55510103091,89640.9198905294,43227.12599055116,89638.15920825423,43225.34016374048,6.574471541709242,3.2865323661501584,3.287939175559083
89635.44356520697,43223.48591549705,89640.97294055071,43227.039361611765,89638.20902863795,43225.263137095026,6.572744554765897,3.2872944188876745,3.2854501358782233
89635.48655806751,43223.418113396794,89641.02682274749,43226.95136624681,89638.25856584813,43225.185935866815,6.571027958116198,3.2877383444099215,3.2832896137062764
89635.52908655567,43223.3510781435,89641.08114377431,43226.862622074164,89638.3077605813,43225.10852327163,6.569343965417747,3.28780211069115,3.281541854726597
89635.57158751859,43223.284124456746,89641.13547776025,43226.77381003931,89638.35660629204,43225.03089505048,6.567707369127646,3.28748187457177,3.280225494555876
89635.6144366143,43223.21665100388,89641.18946083254,43226.68552528604,89638.40513843029,43224.953072834476,6.566123957053849,3.286818735424263,3.279305221629586
89635.65788873607,43223.14824088966,89641.24284832679,43226.59817975455,89638.45339360919,43224.875078971854,6.5645907565828745,3.285851070539472,3.278739686043403
89635.7019215776,43223.07856814898,89641.29551172533,43226.511998948736,89638.50140844195,43224.796935810846,6.563284071069323,3.284800469596455,3.2784836014728684
89635.74670225994,43223.00760253455,89641.34739910811,43226.42708049394,89638.54921954173,43224.718665699664,6.562060248109209,3.2835712676491173,3.278488980460092
89635.79229537086,43222.93533886232,89641.39849501428,43226.34345785857,89638.59686352167,43224.64029098658,6.56084975703907,3.282143241624787,3.2787065154142825
89635.83870530376,43222.86176905068,89641.44879649862,43226.261140240036,89638.64437699497,43224.56183401979,6.55963777183376,3.2805509503829224,3.2790868214508375
89635.88593233014,43222.78689292661,89641.4983034128,43226.18012988012,89638.69179657479,43224.48331714754,6.558411865081417,3.2788304769704144,3.279581388111002
89635.93397560823,43222.710712420994,89641.54701572895,43226.10042759544,89638.73915887426,43224.40476271806,6.557163133602249,3.2770199213612523,3.280143212240997
89635.98283387751,43222.63322996042,89641.59493315201,43226.02203410507,89638.78650050658,43224.326193079585,6.555886804823271,3.2751596434113606,3.280727161411911
89636.03250562165,43222.55444802044,89641.64205522454,43225.94495017292,89638.83385808492,43224.24763058035,6.5545824880914925,3.2732923494012787,3.2812901386902142
89636.08298917198,43222.474368959156,89641.68838144526,43225.86917643949,89638.88126822244,43224.16909756858,6.5532541813901295,3.2714630830627836,3.2817910983273464
89636.13428274354,43222.39299512691,89641.7339114097,43225.794712946736,89638.92876753228,43224.0906163925,6.55191005162136,3.2697191310418545,3.282190920579506
89636.18638395547,43222.31033006388,89641.77864543353,43225.72155754446,89638.97639262766,43224.01220940035,6.55056191201854,3.2681098002995324,3.282452111719008
89636.23928719139,43222.226383566354,89641.82258732957,43225.64970039119,89639.0241801217,43223.93389894038,6.54922426828296,3.266685994373955,3.2825382739090054
89636.29297469971,43222.14118721319,89641.86575348889,43225.579107932615,89639.0721666276,43223.85570736078,6.5479128206035115,3.265499518988405,3.282413301615107
89636.3473957551,43222.0548289045,89641.90822996314,43225.50971012882,89639.12038875851,43223.77765700983,6.546684761271245,3.2646021009442037,3.2820826603270423
89636.40243360735,43221.96750535968,89641.95027749696,43225.4413931127,89639.1688831276,43223.69977023572,6.545721346349049,3.264044201421929,3.2816771449271203
89636.4578759884,43221.87956570637,89641.99192884412,43225.3736853058,89639.21768634803,43223.62206938671,6.544815718182524,3.2638738175807576,3.2809419006017664
89636.51341850613,43221.79150001781,89642.03349217483,43225.306083928706,89639.26683302192,43223.54457559941,6.543967708856942,3.2641331912963962,3.2798345175605452
89636.56871599169,43221.70385311327,89642.0753155466,43225.23803279534,89639.31631751197,43223.467285767234,6.543169314887822,3.2648137526255456,3.278355562262276
89636.62345891373,43221.617104383266,89642.11770872315,43225.169045688,89639.36609702418,43223.39017439762,6.542405368102291,3.265859929736267,3.276545438366024
89636.67742794318,43221.53158728345,89642.16088891333,43225.09878666882,89639.41612737121,43223.31321515854,6.541655422458856,3.267211722915981,3.274443699542875
89636.730499868,43221.44748583546,89642.20497516051,43225.02707331798,89639.4663643657,43223.236381717994,6.5408964426326115,3.268807585081017,3.272088857551594
89636.78261937594,43221.364881534326,89642.25001715883,43224.95382900762,89639.51676382033,43223.15964774395,6.5401056935248905,3.270585817555735,3.2695198759691557
89636.83376598067,43221.28380480438,89642.29602888269,43224.8790305852,89639.56728154774,43223.08298690442,6.539263293815356,3.2724858417625007,3.2667774520528554
89636.8839325324,43221.204267162895,89642.34301046541,43224.80267550544,89639.61787336062,43223.00637286738,6.538354110817133,3.274449178469458,3.2639049323476748
89636.93311563252,43221.12627496039,89642.39095805696,43224.724767499014,89639.66849507159,43222.92977930081,6.537368926450885,3.276420086246953,3.2609488402039317
89636.98131253822,43221.049833528916,89642.439867149,43224.64531187502,89639.71910249331,43222.853179872705,6.536304994125724,3.278345905157361,3.2579590889683634
89637.02852047645,43220.974947992654,89642.48973348974,43224.56431417479,89639.76965143847,43222.776548251044,6.535166192683481,3.2801771967359312,3.2549889959475493
89637.0747366531,43220.901623218975,89642.54055332058,43224.48177969644,89639.82009771973,43222.69985810383,6.533962981654127,3.2818677741879037,3.252095207466223
89637.11995842989,43220.82986359916,89642.59232346555,43224.397713201375,89639.87039714969,43222.62308309903,6.532712290278358,3.2833746856076758,3.249337604670682
89637.16418351709,43220.75967283064,89642.64504142682,43224.312118632224,89639.92050554109,43222.54619690465,6.531437406869561,3.2846581811511424,3.2467792257184183
89637.20741017933,43220.69105370773,89642.69870549097,43224.22499883707,89639.97037870652,43222.46917318866,6.530167867433973,3.285681659985276,3.2444862074486966
89637.24963749223,43220.6240079432,89642.75331481459,43224.13635527991,89640.01997245866,43222.39198561907,6.528939261646137,3.286411551912948,3.2425277097331886
89637.29086573857,43220.55853607392,89642.80856272142,43224.04599384679,89640.06924261019,43222.31460786384,6.527429946928552,3.2868170274731354,3.2406129194554167
89637.33109710817,43220.49463754484,89642.86106583665,43223.95180280107,89640.11814497375,43222.237013590966,6.521698072351726,3.2868693450081596,3.2348287273435665
89637.37033703606,43220.43231099154,89642.9144317543,43223.856089377696,89640.16663536201,43222.15917646845,6.516075865293834,3.286540537258047,3.2295353280357872
89637.40859725549,43220.37155367433,89642.96866061192,43223.75885765936,89640.21466958761,43222.08107016426,6.510616930409338,3.2858010533898145,3.224815877019523
89637.44590330482,43220.31235606046,89643.02374704539,43223.66011633933,89640.26220346324,43222.002668346395,6.505370064721242,3.284615990689596,3.220754074031645
89637.48231430388,43220.25467788583,89643.07966272715,43223.55990231696,89640.30919280152,43221.923944682836,6.500370598020588,3.282939792320099,3.2174308057004883
89637.5179699291,43220.19837651358,89643.13631195616,43223.458350771085,89640.35559341514,43221.844872841575,6.49562924531141,3.280709863213516,3.2149193820978943
89637.55317690133,43220.143056536035,89643.19344758632,43223.355842298064,89640.40136111675,43221.765426490594,6.491120531361879,3.2778403857403386,3.2132801456215403
89637.58851451008,43220.08786162771,89643.25056620664,43223.25320760411,89640.44645171898,43221.685579297875,6.48677458871934,3.2742185088310647,3.212556079888276
89637.62488308978,43220.03133726357,89643.30685570171,43223.15186581415,89640.49082103453,43221.60530493142,6.482477242357219,3.2697055712384624,3.212771671118756
89637.66340918312,43219.97154270775,89643.36127809559,43223.05372482077,89640.53445024232,43221.52459202046,6.478082796741881,3.2641750766973643,3.2139077200445167
89637.70521274442,43219.90645040452,89643.41277783895,43222.96081510111,89640.57750675749,43221.44353903802,6.473441357435017,3.25771612709643,3.2157252303385864
89637.75117672673,43219.834401514796,89643.46050031164,43222.87484551331,89640.6202409854,43221.36229340547,6.468436867233836,3.2505358558234647,3.2179010114103717
89637.80185076286,43219.75434232121,89643.50388874809,43222.79695495964,89640.66290371268,43221.28100276909,6.4630278393761085,3.2428870015482367,3.220140837827871
89637.85750061064,43219.665774258545,89643.54263954738,43222.72774158168,89640.70574572597,43221.19981477514,6.457278731628306,3.2350858633917707,3.222192868236536
89637.91821811342,43219.56857072382,89643.57659952198,43222.66742106306,89640.7490178119,43221.11887706985,6.451368350182035,3.2275186598142915,3.223849690367743
89637.9839922159,43219.46286908333,89643.6057028776,43222.615910780965,89640.79297075707,43221.03833729951,6.4455645765815195,3.22063045768645,3.2249341188950695
89638.0546657332,43219.34917981221,89643.6300243651,43222.57269805058,89640.83785534815,43220.95834311038,6.440162552873235,3.214895169816105,3.2252673830571297
89638.1297227216,43219.22875861113,89643.6500056813,43222.536446233105,89640.88392237172,43220.87904214871,6.435395975361932,3.21077116393391,3.2246248114280225
89638.20608160003,43219.10295726084,89643.66683378449,43222.50447959712,89640.93142261446,43220.80058206076,6.4335191477362565,3.210827557850402,3.2226915898858546
89638.27719096032,43218.97284789459,89643.68276073279,43222.47255601773,89640.98060686297,43220.72311049279,6.439576190418945,3.2205398158341034,3.2190363745848423
89638.3464195752,43218.84746836837,89643.70101045776,43222.435366719656,89641.03163962137,43220.646727506515,6.445514572071953,3.232296419355211,3.2132181527167414
89638.41027187789,43218.732096028274,89643.72510063135,43222.38773154768,89641.08415033079,43220.571238077886,6.45066475096186,3.2453150015887466,3.2053497493731142
89638.46567254582,43218.63099833248,89643.76134047042,43222.328079992825,89641.13756360614,43220.49633422178,6.458522398417308,3.2586008988737722,3.199921499543536
89638.51060188562,43218.54685229202,89643.8122767497,43222.2547895422,89641.19130364728,43220.42170772423,6.469664211975408,3.271275718535987,3.198388493439421
89638.54434296109,43218.48067686722,89643.8750981789,43222.16494210349,89641.24479465415,43220.347050371245,6.4800278952675585,3.282649753336627,3.1973781419309315
89638.56756914742,43218.4317950854,89643.94890555096,43222.05943060264,89641.29746082665,43220.272053948844,6.4898783450880355,3.2922425890011615,3.197635756086874
89638.5824025274,43218.39759266101,89644.03139084818,43221.94082786126,89641.34872636474,43220.19641024305,6.499691485310757,3.2997412423515087,3.1999502429592486
89638.59220728347,43218.373425806116,89644.11907804929,43221.81344812975,89641.39801813243,43220.11981220907,6.509996470755898,3.3049114948200597,3.2050849759358386
89638.60089206068,43218.35320340392,89644.2080454028,43221.68275517166,89641.4450637811,43220.04208480268,6.521202617317333,3.307813953994887,3.2133886633224464
89638.61192657352,43218.33072822704,89644.29485597294,43221.554164717,89641.49016387663,43219.963304403434,6.533469932865383,3.309011173260952,3.224458759604431
89638.62763978558,43218.301106276136,89644.37712210532,43221.431953926985,89641.53368326461,43219.883575600084,6.546659755765676,3.3089723273623295,3.2376874284033463
89638.64919834613,43218.26128397709,89644.45354590111,43221.318789875615,89641.57598679057,43219.80300298131,6.560395785203123,3.3080187554626406,3.2523770297404826
89638.67699190899,43218.2097688259,89644.52359184608,43221.21597968656,89641.61743930005,43219.72169113585,6.574194594259797,3.30637867325542,3.2678159210043782
89638.71102113581,43218.146084579595,89644.58715044535,43221.12395859774,89641.6584056386,43219.639744652406,6.587611807811884,3.3042542003356856,3.283357607476199
89638.75107409543,43218.070446490936,89644.6390152761,43221.0398474508,89641.6992506518,43219.5572681197,6.594330398717748,3.3018757643626664,3.2924546343550807
89638.79668361542,43217.983800076625,89644.68220762929,43220.96402723725,89641.74033918518,43219.47436612645,6.597055922660414,3.299529551660411,3.2975263710000036
89638.8469667393,43217.888063364284,89644.72110603788,43220.896271912214,89641.78203608427,43219.39114326136,6.599608410125227,3.2975568587737007,3.302051551351526
89638.9005154556,43217.78621497103,89644.75721742524,43220.833522500056,89641.82470619466,43219.30770411315,6.602048253201139,3.296334432055477,3.305713821145662
89638.95549988671,43217.68193396619,89644.79247804715,43220.77201772492,89641.86862851144,43219.22413803188,6.60446301234647,3.2961662222117427,3.3082967901347273
89639.00997934431,43217.5789064475,89644.82882628594,43220.70819221654,89641.91365589616,43219.140458728005,6.606921306815679,3.2969354016309658,3.309985905184714
89639.06234825762,43217.48001834906,89644.86781898678,43220.63936179369,89641.95950924087,43219.05665648703,6.60945847920033,3.29838287361924,3.31107560558109
89639.08490110857,43217.37245780318,89644.9104395331,43220.56395787492,89642.00590939788,43218.972721587495,6.642482265202442,3.3306356158557837,3.3118466493466587
89639.0730023033,43217.254864136376,89644.9571629449,43220.48130591153,89642.0525772196,43218.88864430787,6.710683496094368,3.3981030488550075,3.31258044723936
89639.06111874743,43217.147132324964,89645.00815716054,43220.39122410791,89642.09923355836,43218.80441492668,6.774318960840738,3.460740849346834,3.3135781114939036
89639.04975805373,43217.050353937055,89645.06346444096,43220.29370628058,89642.14559926657,43218.720023722424,6.832568985088312,3.5173896581534203,3.3151793269348904
89639.03933461352,43216.9654202007,89645.12310664533,43220.18875524724,89642.19139519657,43218.6354609736,6.8849234532612025,3.5671448109564565,3.3177786423047464
89639.0301510025,43216.893071229846,89645.18713211537,43220.07631664893,89642.23634220072,43218.55071695871,6.931195266500684,3.6093560868847185,3.321839179615966
89639.02241017213,43216.833911590395,89645.25563508505,43219.95625431899,89642.2801611314,43218.46578195628,6.971521851785142,3.643616637867628,3.327905213917515
89639.01623542643,43216.78841611127,89645.32876592691,43219.82833612589,89642.32257284097,43218.380646244776,7.006365321247143,3.669749841181874,3.3366154800652694
89639.0116875431,43216.75693214302,89645.40673889808,43219.69222002869,89642.3632981818,43218.29530010274,7.036518798710002,3.6878001373336904,3.3487186613763114
89639.00877427986,43216.73967937056,89645.48167671688,43219.54390080385,89642.40205800626,43218.209733808646,7.054227371304438,3.6980311651985085,3.3561962061059294
89639.00745092884,43216.73674769015,89645.54177778692,43219.378551719485,89642.43857316673,43218.123937641016,7.048159761071841,3.700931743645585,3.3472280174262568
89639.0076126945,43216.74809476795,89645.60534722218,43219.20406106872,89642.47256451556,43218.03790187834,7.040019273283755,3.697227813404855,3.3427914598788995
89639.00908280748,43216.77354652212,89645.67257391327,43219.0198417642,89642.50375290509,43217.95161679914,7.031924063268175,3.6878948830946587,3.344029180173516
89639.01160597824,43216.81280436944,89645.74363311197,43218.82513087265,89642.53185918771,43217.865072681896,7.026353768826329,3.6741599393857527,3.3521938294405764
89639.01486430124,43216.86545537832,89645.81860661207,43218.618968129114,89642.55660421583,43217.778259805134,7.026074038850756,3.6574763901152303,3.368597648735525
89639.018541311,43216.93095863307,89645.89733449636,43218.40021402627,89642.57770884177,43217.691168447345,7.033953873702286,3.6394494739971046,3.3945043997051805
89639.0224579002,43217.0085091173,89645.96978440936,43218.16615138274,89642.5948939179,43217.60378888704,7.043115875781637,3.621692574599036,3.4214233011826014
89639.02676095297,43217.096561058155,89646.01126786812,43217.91483936773,89642.60788029658,43217.51611140272,7.03227674652275,3.6056120485707366,3.4266646979520132
89639.0320212303,43217.19177047792,89646.05110431099,43217.65461389875,89642.6163888302,43217.428126272884,7.034326643377075,3.5921518833372987,3.4421747600397765
89639.03895390024,43217.28751772902,89646.08713229623,43217.39046192183,89642.62014037113,43217.339823776034,7.0489301463877645,3.5815684360181166,3.4673617103696475
89639.04760787892,43217.37303677854,89646.1176412354,43217.13182385067,89642.6188557717,43217.251194190685,7.074146968945002,3.5733257796988873,3.500821189246115
89639.05648861348,43217.43454696684,89646.14243651193,43216.89187167397,89642.61236780496,43217.16222097612,7.106697833243607,3.5662919495786567,3.54040588366495
89639.06256883843,43217.45855151882,89646.13552485485,43216.68764550985,89642.60158136446,43217.07282226845,7.114843841213301,3.5599714484808365,3.5548723927324644
89639.06253081381,43217.43543428893,89646.11688945108,43216.52988582902,89642.58799785972,43216.982879858675,7.112242529358211,3.5543949420603025,3.5578475872979087
89639.05438812825,43217.361337884926,89646.10518852722,43216.42143594072,89642.57312512479,43216.89227514636,7.113171017963607,3.5498633640671247,3.563307653896482
89639.03847920879,43217.23862601788,89646.10025053464,43216.360443578946,89642.55847099374,43216.800889531085,7.11616600809145,3.547105213834492,3.5690607942569574
89639.01740198617,43217.07601715024,89646.09969095579,43216.338483432475,89642.54554330061,43216.70860441241,7.120587969680119,3.547220497034563,3.573367472645556
89638.99488370473,43216.888176129505,89646.09998924927,43216.34064047122,89642.53584987797,43216.61530119014,7.1261714893887556,3.5514647925286327,3.574706696860123
89638.97408712971,43216.69350729071,89646.09821041736,43216.347823614284,89642.53044121653,43216.52094240016,7.132505157500433,3.560538306530358,3.5719668509700746
89638.95648743812,43216.510284679214,89646.09321235439,43216.34149522059,89642.52861914858,43216.42580080396,7.138720642515875,3.573130627623861,3.565590014892015
89638.94201706805,43216.352864627035,89646.08545717273,43216.30777801097,89642.52926763667,43216.33022329642,7.14358238784864,3.5873220195385205,3.5562603683101193
89638.93001874813,43216.2303997363,89646.07597932864,43216.23864853897,89642.53127064326,43216.23455677242,7.145965341436001,3.601254294428706,3.5447110470072944
89638.92002166485,43216.14805878071,89646.06556572611,43216.13043829148,89642.53351213085,43216.139148126844,7.145565786771973,3.6135014525554703,3.532064334216504
89638.91200766039,43216.10904376054,89646.05447607231,43215.98148898174,89642.53487606191,43216.04434425458,7.143607298624542,3.6234460780891724,3.5201612205353703
89638.90649874008,43216.116046237905,89646.04235301827,43215.79039774537,89642.53424639897,43215.950492050506,7.143280984277788,3.6315232706853506,3.5117577135924374
89638.90486939331,43216.17171725137,89646.02791059065,43215.555257528795,89642.53050710446,43215.857938409485,7.149667019415699,3.639190290994627,3.5104767284210716
89638.90998970583,43216.27793168791,89646.00828243139,43215.27406304025,89642.5225421409,43215.767030226416,7.168926828989533,3.6485004316084844,3.520426397381048
89638.9266947505,43216.43317182706,89645.97847997102,43214.946935312975,89642.50923547079,43215.678114396185,7.206703391439981,3.661244288009969,3.545459103430011
89638.96057797133,43216.62749403214,89645.92816068628,43214.582062088775,89642.48947105657,43215.59153781367,7.261611441310156,3.6778107202027566,3.5838007211073992
89639.01338033917,43216.83723241596,89645.81339945365,43214.215645727774,89642.46213286078,43215.50764737373,7.287865031748237,3.696172390437284,3.5916926413109533
89639.07668862687,43217.0258359625,89645.69007093133,43213.86853875879,89642.42610484589,43215.42678997128,7.328393489542937,3.711541066762113,3.616852422780824
89639.13141974995,43217.155288401074,89645.57678560873,43213.57259871103,89642.3808593191,43215.34907074052,7.3741715784758926,3.717698179105153,3.6564733993707406
89639.15796844065,43217.20183124114,89645.49333211908,43213.34897131511,89642.32928430685,43215.27319123973,7.414941843844525,3.7117242055768047,3.70321763826772
89639.14861684504,43217.1632003022,89645.44917821241,43213.202072193744,89642.27549740416,43215.19734777695,7.442285229394444,3.6935021567709945,3.7487830726234495
89639.11051843486,43217.05475013734,89645.43922817313,43213.120894277126,89642.22328179835,43215.11989091558,7.451697046995085,3.665102449468971,3.786594597526114
89639.05852272786,43216.90029809306,89645.44919820529,43213.0848388516,89642.17371145834,43215.040420264406,7.443014327605579,3.628160189956643,3.8148541376489358
89639.00603243464,43216.72336641077,89645.46472269348,43213.071858799114,89642.12655176457,43214.95913873784,7.419446589708813,3.584709216989559,3.8347373727192533
89638.96033399708,43216.541432395,89645.47686403374,43213.06485241481,89642.08155961153,43214.876253162525,7.385917145311431,3.5376363878403874,3.848280757471044
89638.9231207161,43216.36457399263,89645.48228254961,43213.053584352994,89642.0384918938,43214.79197036509,7.3474659816726176,3.4897879225235218,3.8576780591490945
89638.88927968468,43216.19925954086,89645.48087746355,43213.03315896788,89641.99710550602,43214.7064971722,7.312547717217461,3.4477414092510505,3.8648063079664103
89638.8066108407,43216.07003030926,89645.47364145177,43213.001633434375,89641.9571573427,43214.62004041048,7.339234057503788,3.4682003932635874,3.8710336642402003
89638.72914870027,43215.94998699378,89645.46158444072,43212.95835663493,89641.91840429843,43214.5328069066,7.367193712898275,3.489949952348118,3.8772437605501566
89638.65710249607,43215.839216443,89645.44542378034,43212.903164568634,89641.88060326777,43214.445003487184,7.396060199014612,3.5120915408452538,3.883968658169358
89638.59071123427,43215.73782060635,89645.42559499251,43212.836055104664,89641.84351114531,43214.356836978885,7.425353797328796,3.533811404225366,3.89154239310343
89638.49966370844,43215.658808959815,89645.39320527193,43212.760891247286,89641.80688482561,43214.26851420836,7.477890234295719,3.5875661685563762,3.8903240657393425
89638.40182895845,43215.59496355791,89645.34370999958,43212.679605120094,89641.77048120325,43214.18024200222,7.529211592865102,3.653663233865868,3.875548358999234
89638.3159671775,43215.53918821317,89645.28807738479,43212.587723578494,89641.73405717277,43214.09222718714,7.571093991770399,3.711742909547727,3.8593510822226724
89638.24288313552,43215.49192275407,89645.2263529762,43212.48535759471,89641.69736962879,43214.00467658976,7.603175985934758,3.7610341776471468,3.8421418082876113
89638.18322520057,43215.453563267394,89645.15856586443,43212.37256071576,89641.66017546582,43213.9177970367,7.625480581583567,3.8010210552362667,3.8244595263473005
89638.1374869604,43215.42444256595,89645.08471828625,43212.24932076792,89641.62223157848,43213.83179535464,7.638417475309048,3.831444922338484,3.8069725529705636
89638.10600150411,43215.40481754707,89645.00477581006,43212.11554999927,89641.58329486134,43213.74687837021,7.642798435476001,3.852315071011227,3.790483364464774
89638.08893012289,43215.39486309345,89644.91865712004,43211.97107410795,89641.54312220894,43213.66325291006,7.639862686779809,3.8639250503260247,3.775937636453784
89638.0862482345,43215.39467238831,89644.82622100085,43211.81562142085,89641.50147051588,43213.58112580081,7.631306488337343,3.8668714041610355,3.7644350841763083
89638.09772987089,43215.40426476069,89644.72724643402,43211.64881507657,89641.45809667671,43213.50070386914,7.619310480008844,3.8620731657365024,3.7572373142723414
89638.12293898204,43215.423598640555,89644.62139817867,43211.47017496063,89641.41275758602,43213.422193941675,7.606545255456173,3.850782675743285,3.755762579712889
89638.16124002918,43215.45258138916,89644.5081681075,43211.27914298597,89641.36521013836,43213.34580284506,7.596122967444498,3.8345717224250526,3.7615512450194455
89638.21183684099,43215.49105175676,89644.3605716626,43211.09391054018,89641.3152112283,43213.27173740595,7.559218926923854,3.8152704721350754,3.7439484547887787
89638.27382431169,43215.53868320116,89644.18592821878,43210.91280582734,89641.26251775045,43213.20020445097,7.506777876412212,3.7948348232781357,3.711943053134076
89638.34614847972,43215.59469875901,89644.0029185793,43210.72383919338,89641.20688659934,43213.131410806796,7.464872461574582,3.775130477818115,3.689741983756467
89638.42720371054,43215.65724692519,89643.81148156729,43210.528615334515,89641.14807466955,43213.06556330006,7.435947150938993,3.757653894166777,3.678293256772217
89638.51370857221,43215.72244439791,89643.61304662077,43210.33079078342,89641.08583885565,43213.00286875738,7.42113045513482,3.743253379020946,3.6778770761138744
89638.59894171373,43215.783638077024,89643.41242752284,43210.13686706745,89641.01993605222,43212.94353400544,7.41995070529788,3.731943826538147,3.6880068787597327
89638.67163083007,43215.83198723603,89643.21919708827,43209.9557147565,89640.95012315383,43212.88776587086,7.430406255813686,3.722897623703477,3.7075086321102098
89638.71763652012,43215.858896478945,89643.03260563585,43209.815636460655,89640.87627427164,43212.83565138313,7.425627927547556,3.714798494083819,3.710829433463736
89638.72517075502,43215.85920019437,89642.87203027302,43209.715329929764,89640.79932274672,43212.78619502244,7.41239405930102,3.7074880001699,3.7049060591311194
89638.69032950206,43215.83285861681,89642.7523856133,43209.640985771555,89640.72076430114,43212.73782650693,7.405375694908875,3.701606304636084,3.7037693902727913
89638.6189657773,43215.78455074182,89642.66851650592,43209.58836481409,89640.64209692577,43212.68897357975,7.402133554224481,3.6980613313189887,3.704072222905492
89638.5237340225,43215.7219106981,89642.60834472465,43209.550162063635,89640.56432498668,43212.63862677827,7.400981407565283,3.6973843745780552,3.703597032987228
89638.41858309733,43215.653164288924,89642.55800271677,43209.518147594776,89640.48740671056,43212.58696937001,7.400893501687899,3.6988623147436064,3.702031186944293
89638.31451998769,43215.58514011109,89642.50650164748,43209.4854427211,89640.41116695278,43212.5343366824,7.401284921248177,3.701800920730848,3.699484000517329
89638.21816541765,43215.52225629232,89642.44730098826,43209.44762066515,89640.33543056877,43212.4810640429,7.401809621808288,3.7056257255804383,3.6961838962278484
89638.13266063965,43215.46676158003,89642.37740206947,43209.40247302298,89640.26002241398,43212.42748677895,7.40225813581239,3.709832804230026,3.6924253315823634
89638.05925360358,43215.419581086586,89642.29573139368,43209.349147547466,89640.18476734379,43212.373940218,7.402560868972375,3.7139920517142855,3.6885688172580897
89637.99844411314,43215.38104953646,89642.20196351918,43209.28739399533,89640.10949021368,43212.32075968751,7.4028516972149525,3.7177801976751734,3.685071499539779
89637.93981099296,43215.36713971942,89642.09595948503,43209.21715931594,89640.034015879,43212.26828051489,7.42265648210528,3.7401366919205494,3.682519790184731
89637.89332724467,43215.36448399276,89641.97757923823,43209.13844848211,89639.95816919525,43212.21683802761,7.44611526412954,3.764471729572367,3.681643534557173
89637.8645035286,43215.36523662655,89641.84667298019,43209.051338916586,89639.8817750178,43212.16676755312,7.464782504068789,3.7814796938264217,3.6833028102423673
89637.85290658119,43215.36930529909,89641.70321486102,43208.9561067947,89639.80465820209,43212.118404418856,7.48023989631722,3.7917925738124105,3.688447322504809
89637.85722799809,43215.37635092068,89641.54761653431,43208.85344135189,89639.72664360354,43212.07208395226,7.494485758937894,3.7964318648535675,3.698053894084326
89637.8749314108,43215.38554870069,89641.38115956931,43208.74464160143,89639.64755607759,43212.0281414808,7.5096792874623,3.7966276416675333,3.7130516457947675
89637.90210679121,43215.39558256868,89641.20626956216,43208.631599205895,89639.56722049894,43211.986912295164,7.527879020608726,3.7936310697282103,3.7342479508805155
89637.93388919986,43215.40498416204,89641.01586859957,43208.53966207817,89639.48551545011,43211.94862946909,7.525373368515438,3.7886583092154744,3.736715059299964
89637.96544925621,43215.41263199468,89640.8135667228,43208.47699841645,89639.40249051373,43211.91320062786,7.497652048139444,3.7830024407756553,3.7146496073637887
89637.99296676213,43215.4180465495,89640.61576215709,43208.41691059372,89639.31822922936,43211.88046876968,7.476293222925507,3.777668216680084,3.698625006245423
89638.01403399088,43215.421317813816,89640.42418550159,43208.359549832836,89639.2328151366,43211.85027689279,7.461728842683987,3.773295739908301,3.688433102775687
89638.02745511963,43215.42282362901,89640.23952926001,43208.3047435838,89639.14633177496,43211.822467995386,7.453880568702723,3.770204988907309,3.6836755797954135
89638.03279189502,43215.422975512985,89640.06188732864,43208.25223873076,89639.05886268408,43211.79688507567,7.452294564675137,3.7684682728821635,3.683826291792974
89638.02997996223,43215.42209489984,89639.8911095263,43208.20182369664,89638.9704914035,43211.77337113189,7.456280540728345,3.767989769888391,3.6882907708399544
89638.01911172923,43215.4203932862,89639.7269905965,43208.153355305396,89638.88130147281,43211.75176916223,7.46503122831408,3.76857720060676,3.6964540277073197
89638.00033955248,43215.41799644896,89639.56934459435,43208.10674549568,89638.79137643157,43211.731922164916,7.477711369345182,3.769997741586734,3.707713627758449
89637.97383644717,43215.41497468135,89639.41802729179,43208.0619414938,89638.70079981936,43211.71367313816,7.493516147504672,3.7720165506139796,3.7214995968906925
89637.93977914198,43215.41136559294,89639.27294055765,43208.01891010498,89638.60965517575,43211.69686508018,7.5117053657454225,3.77442021506926,3.7372851506761626
89637.89834002532,43215.40718822137,89639.13119529646,43207.99467561253,89638.51802604031,43211.68134098919,7.514337981205922,3.777029038106873,3.737308943099049
89637.84968253899,43215.40245058741,89638.99555747185,43207.97520108147,89638.42599595261,43211.6669438634,7.5151223932322475,3.779702056494418,3.7354203367378287
89637.79395913388,43215.397153304846,89638.86659957647,43207.95662060017,89638.33364845224,43211.65351670102,7.5174519917628215,3.7823378460741752,3.7351141456886463
89637.73131589913,43215.39129149174,89638.74424000795,43207.93891162741,89638.24106707876,43211.64090250027,7.520902930662898,3.7848730298977924,3.7360299007651063
89637.66192053375,43215.38485791686,89638.62840279499,43207.92204296729,89638.14833537175,43211.628944259355,7.525137535806599,3.787279603789096,3.737857932017503
89637.58606127377,43215.37785349271,89638.51891441272,43207.9059601795,89638.05553687077,43211.6174849765,7.529900707368887,3.789561810273306,3.7403388970955804
89637.50439604164,43215.370315346794,89638.41525249709,43207.89055492788,89637.96275511541,43211.606367649925,7.535016616226049,3.7917535923733254,3.743263023852723
89637.41839236676,43215.36237065815,89638.31610593299,43207.87561139847,89637.87007364523,43211.59543527782,7.540388176968718,3.7939185727809432,3.746469604187775
89637.3308085633,43215.35430468024,89638.21889358899,43207.86074224071,89637.7775759998,43211.58453085842,7.546003780012768,3.7961553985568197,3.7498483814559482
89637.2458276319,43215.34659552975,89638.11962605166,43207.84536146365,89637.6853454732,43211.57349852095,7.551955785938529,3.798609873447983,3.7533459124905457
89637.16849057542,43215.33985118629,89638.01342487159,43207.82875361802,89637.59342525029,43211.56236716468,7.558472110479798,3.801309644242327,3.7571624662374714
89637.10359355973,43215.33463810939,89637.89555742573,43207.8102503984,89637.50177428173,43211.5515537289,7.5659511755188085,3.8039815085292714,3.7619696669895375
89637.0546938111,43215.331283150575,89637.76245204659,43207.78944373915,89637.410340893,43211.54152409963,7.574976133798924,3.8064101869201408,3.7685659468787835
89637.02355955119,43215.329741005226,89637.61220749047,43207.76632459337,89637.31907340961,43211.53274416289,7.586288566585263,3.8084791533131495,3.7778094132721134
89637.00994657326,43215.32956792633,89637.44477509012,43207.74131341418,89637.22792015699,43211.52567980468,7.600702755681506,3.8101282557447638,3.790574499936742
89637.01140483333,43215.330011700345,89637.2609257232,43207.7519252897,89637.13682946067,43211.52079691102,7.582193239541068,3.8112791354556257,3.7709141040854424
89637.02325737926,43215.330240022464,89637.06787259113,43207.76947027211,89637.0457496461,43211.51856136792,7.560901383760612,3.8117450160745476,3.7491563676860635
89637.03925170805,43215.329653589,89636.87178409404,43207.78837318669,89636.95463687742,43211.51933976986,7.54313963200764,3.8112532151333127,3.7318864168743273
89637.05300466839,43215.32809797046,89636.67847188025,43207.80830332145,89636.86348687971,43211.5229975939,7.529115909098208,3.809817038639011,3.7192988704591983
89637.05943452919,43215.325819689155,89636.49243624147,43207.82859730345,89636.77230783008,43211.529242586876,7.518632226606927,3.807418999124444,3.711213227482483
89637.05540148464,43215.323258874676,89636.31632731119,43207.84851695789,89636.68110791034,43211.53778243734,7.5111914738201495,3.803935795642804,3.7072556781773454
89637.03951482293,43215.32088275735,89636.15120239729,43207.86744729525,89636.58989530226,43211.54832483394,7.5061840607076675,3.799256637666916,3.7069274230407516
89637.01168760723,43215.319134205514,89635.99698980883,43207.88496418188,89636.49867818756,43211.560577465236,7.503099063876955,3.793405783007826,3.709693280869129
89636.97302316195,43215.31841554116,89635.85259608144,43207.900849854035,89636.40746474807,43211.574248019846,7.501708976327225,3.786640562180641,3.7150684141465837
89636.92615918143,43215.31901732808,89635.7155358967,43207.91514483333,89636.31626316553,43211.58904418635,7.502195455737647,3.7795069504150134,3.7226885053226333
89636.87567224225,43215.321004752084,89635.58360625495,43207.94041109104,89636.22508162167,43211.60467365336,7.492836399188079,3.7728483922539495,3.7199880069341296
89636.82790343022,43215.32415590359,89635.45081549408,43207.975479011344,89636.1339340956,43211.6208655912,7.476591686756448,3.767751660505617,3.708840026250831
89636.7899357334,43215.327999142566,89635.30896178458,43208.01177083541,89636.04294735908,43211.637767120825,7.464615226488073,3.765076892395645,3.699538334092428
89636.76808908905,43215.33187043951,89635.15229946289,43208.050631229795,89635.95235062129,43211.655904942396,7.458365809286907,3.7653886364867786,3.692977172800129
89636.76673270384,43215.33490909818,89634.97695442081,43208.09333630497,89635.86237681158,43211.675819541204,7.459469339151485,3.7691903594571396,3.690278979694346
89636.7877038246,43215.33603397061,89634.78139311119,43208.14104197801,89635.7732588594,43211.69805140252,7.4694840820746835,3.7767731932383075,3.6927108888363764
89636.82987494043,43215.33409231904,89634.5667136629,43208.19461814591,89635.68522969405,43211.72314101163,7.4895921408886865,3.7880314260274726,3.701560714861214
89636.88861833765,43215.32837514607,89634.3381534371,43208.25730041915,89635.59852224492,43211.75162885382,7.516978715054333,3.802296933117662,3.7146817819366715
89636.95577206573,43215.31938545097,89634.12089464205,43208.37109851592,89635.51336938966,43211.78405528625,7.504346829607039,3.818256782027846,3.686090047579193
89637.0210092625,43215.30929135235,89633.90862015555,43208.48522181698,89635.42990336468,43211.82071170767,7.500326058021533,3.834293404968891,3.6660326530526417
89637.07456831097,43215.30149499745,89633.70892569238,43208.59529908387,89635.34794578617,43211.86112112763,7.503373499129106,3.849337307553198,3.6540361915759076
89637.10990581808,43215.29944213834,89633.52643876833,43208.69747636896,89635.26725853159,43211.90465877866,7.511803253334204,3.8626290375353487,3.6491742157988547
89637.12512464658,43215.305352820964,89633.36191112408,43208.78966903469,89635.18760347845,43211.95069989327,7.524354538340057,3.8739752893179276,3.650379249022129
89637.12331161322,43215.319325738565,89633.21658707711,43208.87969371778,89635.10874250419,43211.99861970397,7.532022116543456,3.8840156105834325,3.6480065059600233
89637.11212905508,43215.33890839257,89633.09033093444,43208.980521724414,89635.03043748635,43212.047793443286,7.523559074332623,3.894210754022829,3.629348320309795
89637.10242115367,43215.35924076286,89632.96330414755,43209.07993105414,89634.95248687045,43212.09765062231,7.520772567257673,3.9064290172904426,3.6143435499672307
89637.10550845778,43215.373774309875,89632.82588104879,43209.18472272121,89634.8751736568,43212.148339984844,7.524597685386595,3.9214563505910247,3.6031413347955694
89637.12951472626,43215.37529889866,89632.67088730782,43209.30114247502,89634.79912422242,43212.20051995438,7.534901108527403,3.9382662740617485,3.5966348344656542
89637.17569892667,43215.35729845733,89632.4961412138,43209.43332459211,89634.72497222271,43212.254859757806,7.549286505626851,3.953629631341199,3.5956568742856523
89637.2354679523,43215.31628594553,89632.30840543522,43209.58371622923,89634.65335131303,43212.31202862204,7.558988067158817,3.9614250471999366,3.5975630199588813
89637.28930370197,43215.255389860264,89632.13759193521,43209.76405644961,89634.58489514876,43212.37269577397,7.529600039488356,3.952689061616948,3.5769109778714077
89637.3099219616,43215.18707078334,89631.98079757938,43209.93463298159,89634.52023388776,43212.437526572474,7.4824908648369215,3.9169315690754156,3.5655592957615054
89637.27044925201,43215.130937321555,89631.85497649464,43210.07497898823,89634.4592751914,43212.50638734135,7.408782616205764,3.8459020005238194,3.5628806156819444
89637.15392319002,43215.1055984002,89631.77362153602,43210.16565604059,89634.40032395665,43212.57737184915,7.304154735789984,3.7382132405045905,3.5659414952853936
89636.95845602719,43215.119548934235,89631.74455318776,43210.196074253734,89634.34146963771,43212.64833559855,7.171149541639635,3.5993767673282893,3.571772774311346
89636.76283137054,43215.23309024206,89631.76827690186,43210.17026600417,89634.28080168895,43212.717134092236,7.111804525177629,3.5341910938877548,3.5776134312898744
89636.54789282866,43215.39920179745,89631.8349462911,43210.10793082507,89634.21640956461,43212.78162283293,7.085860114982024,3.505357877025864,3.5805022379561593
89636.31405302741,43215.56937701932,89631.92213156118,43210.0386238237,89634.14660693119,43212.839908945905,7.0624503592171815,3.4853720811145634,3.5770782781026185
89636.09158744932,43215.720192470726,89631.9990486287,43209.99054261707,89634.07181804307,43212.892468168,7.041147736255013,3.474981033999696,3.566166702255318
89635.90861470446,43215.83765496916,89632.03710765063,43209.981682134945,89633.99362522842,43212.941075886774,7.02004164538429,3.472370238588644,3.547671406795646
89635.78368782693,43215.916663720796,89632.01855543448,43210.0192162532,89633.91362273366,43212.98752086497,6.9968641951793185,3.4752009039662854,3.521663291213034
89635.72369991613,43215.95685379598,89631.93871441115,43210.10353281428,89633.83340480513,43213.03359186532,6.970472135200649,3.4811888661587718,3.4892832690418767
89635.72487410995,43215.95993717095,89631.81042900565,43210.24045821183,89633.7545656892,43213.08107765059,6.930751765740371,3.48854517110083,3.4422065946395404
89635.77433955857,43215.930068291236,89631.64612069365,43210.41767081143,89633.67869963228,43213.13176698351,6.886851020026232,3.4960258736873238,3.390825146338909
89635.85303369828,43215.87537990544,89631.46381583803,43210.62170398011,89633.60714135306,43213.1871582403,6.845899805952427,3.5029370744088,3.3429627315436266
89635.94096410237,43215.80770340239,89631.28109643623,43210.838531585985,89633.53988589445,43213.24725082849,6.812270928761724,3.5101415845642827,3.302129344197442
89636.02269301807,43215.73941721945,89631.10961967692,43211.05469046148,89633.47649729025,43213.31156189777,6.788590019455672,3.5181805165962308,3.270409502859441
89636.08926093504,43215.680074105105,89630.95433512643,43211.26033916743,89633.41653936885,43213.37960836809,6.775066049809036,3.5264122245662612,3.248653825242774
89636.13668515129,43215.63517327958,89630.81568389795,43211.45007217001,89633.3595759587,43213.450907159364,6.769647378952785,3.533179014917671,3.236468364035114
89636.1635351468,43215.60701561049,89630.69231978683,43211.621767234166,89633.30517088827,43213.52497519154,6.768781436577087,3.5362605306426445,3.232520905934443
89636.16935414968,43215.59615339657,89630.58276691785,43211.77500213692,89633.25288798596,43213.60132938456,6.76839374208395,3.53342577720181,3.2349679648821406
89636.15410481294,43215.60243323545,89630.48598205144,43211.909958625016,89633.20229108022,43213.67948665835,6.764760482691616,3.5229146812091754,3.241845801482441
89636.11813671727,43215.62549410894,89630.40136119034,43212.02689696989,89633.15294399949,43213.75896393286,6.755103536923109,3.503755521121582,3.251348015801527
89636.06228236463,43215.66489438312,89630.32857950078,43212.126018500494,89633.1044105722,43213.83927812802,6.73787733959684,3.4758999196367064,3.2619774199601337
89635.98796536462,43215.7199589572,89630.26737720272,43212.20763021871,89633.05625462679,43213.91994616376,6.712792420838758,3.4401996899657434,3.2725927308730145
89635.8973745238,43215.78932259872,89630.21723531574,43212.27264888182,89633.0080399917,43214.00048496004,6.68064184447449,3.398263400023993,3.282378444450497
89635.79375247905,43215.870244156344,89630.17688016177,43212.32339689331,89632.95933049537,43214.08041143678,6.642994816784836,3.3522304732153168,3.2907643435695197
89635.68166369403,43215.95810714538,89630.14374285006,43212.36428883525,89632.90968996625,43214.15924251391,6.601825302165581,3.304504850935607,3.2973204512299743
89635.60148841215,43216.06990554971,89630.11378296759,43212.40170576283,89632.85870644009,43214.23652138815,6.600803036207482,3.2991135824833346,3.301689453724148
89635.52554838656,43216.178197392685,89630.08648163703,43212.44581471648,89632.80642505188,43214.312287431254,6.596523898805872,3.2977646509989915,3.2987592478068803
89635.45625883678,43216.276348608924,89630.05305797387,43212.49959748127,89632.75329868967,43214.38702262556,6.592300709558063,3.297809307450295,3.2944914021077674
89635.39588782849,43216.36169171926,89630.01109735874,43212.5659707202,89632.6997945393,43214.46122447347,6.588130714080332,3.298589816329313,3.289540897751019
89635.34431711087,43216.434690924165,89629.96064538398,43212.64468067285,89632.64637978654,43214.535390477315,6.583927320980257,3.299425403518113,3.284501917462144
89635.29957134709,43216.498116111135,89629.90358136482,43212.73313029949,89632.59348187028,43214.60997537724,6.579652426274323,3.2996963023088557,3.279956123965467
89635.25899350618,43216.555583959795,89629.84251286763,43212.82774299407,89632.54122013172,43214.68510244293,6.575337312528932,3.299241309736672,3.276096002792259
89635.2202619569,43216.61030838863,89629.77972086145,43212.925289222636,89632.48957000277,43214.7607401176,6.571061836947916,3.298117847733689,3.272943989214227
89635.18185996288,43216.66446650753,89629.71666676558,43213.02357831495,89632.43850610212,43214.8368559695,6.566917352502593,3.2963844866838086,3.270532865818784
89635.14561311022,43216.72090159989,89629.65405839916,43213.121445101635,89632.38800304841,43214.91341756688,6.566068856428617,3.2971824005557147,3.2688864558729027
89635.11168446501,43216.78030181708,89629.59214583362,43213.218397002456,89632.33803546033,43214.99039247798,6.569054164171357,3.3010459317273404,3.2680082324440165
89635.07697163947,43216.8408129959,89629.53098156858,43213.314266719775,89632.28857795653,43215.06774827107,6.572254902551631,3.3043755612119194,3.2678793413397114
89635.04150279674,43216.902498420444,89629.47056019194,43213.40900823965,89632.23960515567,43215.145452514385,6.575703395778631,3.3072406484891204,3.2684627472895107
89635.005308875,43216.96537438227,89629.41086862813,43213.502612355165,89632.19109167643,43215.223472776175,6.579398341201829,3.309688753649097,3.269709587552732
89634.96841513456,43217.029436660145,89629.35189574177,43213.595081949235,89632.14301213746,43215.301776624685,6.583318492212739,3.3117535074554767,3.271564984757262
89634.93084731586,43217.094662111806,89629.29362782111,43213.686432087714,89632.0953411574,43215.38033162818,6.587433151772881,3.3134610578298593,3.273972093943022
89634.89264354829,43217.16099674829,89629.23603835549,43213.77670339171,89632.04805335496,43215.45910535489,6.591708718573307,3.3148344880131075,3.2768742305602
89634.85386661626,43217.22833890769,89629.17907724371,43213.86598015625,89632.00112334877,43215.53806537306,6.596111793794362,3.315896375352524,3.2802154184418373
89634.81460689705,43217.29653486159,89629.12266893219,43213.95439612836,89631.95452575751,43215.61717925096,6.600609752739586,3.316669925049037,3.283939827690549
89634.7749614896,43217.36541366888,89629.06672926784,43214.042108917216,89631.90823716638,43215.696420853776,6.605169912271275,3.3171743038619526,3.2879956084093216
89634.73498116405,43217.43487856474,89629.01120267589,43214.12923681844,89631.86224291878,43215.77579209076,6.6097585081749735,3.317407565243387,3.2923509429315865
89634.69450566272,43217.504941332285,89628.95613143145,43214.21573819607,89631.81653079543,43215.85530267543,6.614211675577314,3.31723484771526,3.296976827862054
89634.65340711935,43217.57598158109,89628.90170994727,43214.30131027199,89631.77108857711,43215.93496232163,6.618571790189146,3.31673097926683,3.3018408109223163
89634.61136677905,43217.64863661588,89628.84829016862,43214.38536916399,89631.72590399992,43216.01478070743,6.622836739661586,3.3159283133551454,3.3069084263064408
89634.5679421344,43217.72369503849,89628.79632281464,43214.46714556006,89631.68093928012,43216.094747057265,6.626967939988103,3.31485399469144,3.3121139452966637
89634.52271144166,43217.801919865444,89628.74625650517,43214.54586322305,89631.63608846474,43216.174795959625,6.630937828981908,3.313627078559763,3.3173107504221457
89634.47535551758,43217.88389285744,89628.69728588458,43214.620262351,89631.59123434036,43216.25485297802,6.636066061030039,3.3123897556986104,3.3236763053314293
89634.42568232771,43217.96995990133,89628.6503461217,43214.690362864996,89631.54625969354,43216.33484367596,6.641555918090116,3.311295785133633,3.330260132956483
89634.37359999384,43218.060271463095,89628.60606636414,43214.75626745844,89631.50104731091,43216.41469361694,6.646870438969613,3.310511344779399,3.336359094190214
89634.31908183882,43218.15483856069,89628.56448092758,43214.817931422025,89631.45547997902,43216.494328364475,6.65209597793907,3.310212942274344,3.341883035664726
89634.26216785263,43218.253524306834,89628.52553703947,43214.87546438059,89631.4094404845,43216.573673482075,6.657343460556424,3.3105818567701495,3.346761603786274
89634.20302753805,43218.35593468246,89628.48902904602,43214.929244436375,89631.36281161389,43216.652654533245,6.6627310323636,3.311795549638773,3.350935482724827
89634.14207208603,43218.46124576779,89628.45448472425,43214.980096258165,89631.3154761538,43216.7311970815,6.668362010737877,3.314017655509579,3.3543443552282985
89634.08004422767,43218.56810011536,89628.4210773039,43215.02939716153,89631.26731689081,43216.80922669034,6.674303352393079,3.3173891536484312,3.356914198744648
89634.01798121721,43218.67472903479,89628.38767067344,43215.07894970335,89631.21824115148,43216.886684239835,6.680570770504765,3.321994675559545,3.3585760949452204
89633.957017916,43218.77930808088,89628.3530351796,43215.130606735445,89631.1683257296,43216.96361638246,6.6871252431716135,3.3276929627247966,3.359432280446817
89633.89813119896,43218.88034937932,89628.31612362516,43215.18585928918,89631.11771895603,43217.04011442044,6.693882698411114,3.334240085020368,3.3596426133907458
89633.84197502382,43218.97691097403,89628.27624422143,43215.24562651475,89631.0665694147,43217.116269813836,6.700734518006314,3.3413862126596943,3.3593483053466198
89633.78885559138,43219.068588863396,89628.23308507686,43215.31027252339,89631.01502568941,43217.1921740227,6.707572416421613,3.3488901115824072,3.358682304839205
89633.73612972382,43219.153647001294,89628.18667451538,43215.37969522751,89630.96323636403,43217.26791850711,6.711122491906168,3.3533430392052086,3.3577794527009592
89633.6827761356,43219.232083760646,89628.13736226712,43215.45336015435,89630.9113500224,43217.343594727114,6.710466978192595,3.3536835764052393,3.356783401787355
89633.63169181591,43219.307230286635,89628.08580406904,43215.53031288184,89630.85951524838,43217.41929414278,6.7098417256739715,3.353992517115841,3.3558492085581304
89633.5820148046,43219.38032690038,89628.03286861071,43215.60929606895,89630.8078599953,43217.49509574021,6.709224769881312,3.3541066520375438,3.355118117843769
89633.53285127752,43219.45266833984,89627.97944513692,43215.689013620366,89630.75638672785,43217.57100263032,6.708607650609626,3.354015688385911,3.354591962223716
89633.48347430797,43219.525318968204,89627.92625629337,43215.768409110366,89630.7050507246,43217.64698939355,6.7079835823957525,3.353767970452899,3.354215611942854
89633.43341767101,43219.59896967115,89627.87383094398,43215.84684460918,89630.65380717914,43217.723030558926,6.707268226039099,3.3534134906483177,3.353854735390781
89633.38244452642,43219.67397560929,89627.82232256384,43215.923918500725,89630.60261128495,43217.79910065547,6.706555342071454,3.353002973873762,3.353552368197692
89633.3304590584,43219.75048165262,89627.77182029917,43215.999490829374,89630.55141823557,43217.87517421219,6.705847971116887,3.3525879393537608,3.3532600317631256
89633.27743018938,43219.82853367012,89627.72234968567,43216.07352134549,89630.50018322458,43217.95122575812,6.705150032683381,3.352221010013099,3.352929022670282
89633.22335260033,43219.90813573017,89627.6739113854,43216.146012809564,89630.44886144545,43218.027229822255,6.704466173207026,3.351955877235254,3.352510295971771
89633.16824292798,43219.989254728214,89627.62648468936,43216.21700685249,89630.39740809177,43218.10316093364,6.703800296188982,3.3518465793438383,3.351953716845144
89633.11217110598,43220.07177302102,89627.57999585848,43216.28663175779,89630.34577835706,43218.17899362127,6.703152791910988,3.351946105979529,3.3512066859314587
89633.05533250427,43220.155383618694,89627.5342457528,43216.35520742106,89630.29392743482,43218.25470241419,6.702517292055833,3.3523047294005988,3.3502125626552344
89632.99814521176,43220.2394551234,89627.48881267944,43216.42337985315,89630.24181051862,43218.330261841395,6.701878499344377,3.352968823100491,3.3489096762438866
89632.94130863628,43220.32296059542,89627.44299467097,43216.49219048166,89630.18938280203,43218.4056464319,6.701213033887617,3.35398112678728,3.3472319071003374
89632.88574435713,43220.40457686709,89627.39587323512,43216.56296938642,89630.13662476101,43218.48084529471,6.700494979619841,3.3553541864220464,3.3451407931977943
89632.83241586995,43220.48294491339,89627.34650852844,43216.637052173086,89630.08365327881,43218.55592620236,6.699706734596648,3.356947556209646,3.3427591783870025
89632.7821157024,43220.55696022887,89627.29414242791,43216.71550334774,89630.0306310362,43218.630983338015,6.698853755013823,3.358579290771554,3.340274464242269
89632.73535864834,43220.62590607554,89627.23829623638,43216.79899541694,89629.97772074773,43218.70611090432,6.697980318715143,3.3600863516129618,3.3378939671021812
89632.69240899017,43220.6894027292,89627.17873806818,43216.88786645203,89629.9250851279,43218.78140310392,6.697181877677258,3.361330678276928,3.335851199400329
89632.65336749694,43220.74727772902,89627.11539059969,43216.98225655032,89629.87288689129,43218.85695413947,6.6966090367063815,3.3622010159434006,3.334408020762981
89632.61823624285,43220.79946454221,89627.04826137815,43217.0822155169,89629.8212887524,43218.932858213586,6.6964587887598155,3.3626082808442943,3.333850507915521
89632.58691851064,43220.84598651719,89626.97743811391,43217.18772547068,89629.77045342578,43219.00920952893,6.696950366077348,3.3624730896850887,3.3344772763922594
89632.55913800703,43220.887059579465,89626.90316476891,43217.29860526885,89629.72054362598,43219.086102288136,6.698286169583249,3.361705701764696,3.336580467818553
89632.5342845397,43220.92333302447,89626.82599262052,43217.41427612472,89629.6717220675,43219.16363069385,6.700602731111367,3.3601809772038576,3.3404217539075085
89632.51125712073,43220.956199744374,89626.74693869839,43217.53345237071,89629.6241514649,43219.24188894872,6.703921722249586,3.3577135929073934,3.3462081293421915
89632.48845173258,43220.987952810414,89626.67622197843,43217.6589638824,89629.57799452331,43219.32097124999,6.698073006315219,3.3540406511889715,3.3440323551262483
89632.46400329412,43221.02153725008,89626.61106718042,43217.784961132114,89629.53333189937,43219.400924815294,6.688219951415009,3.3489131801001717,3.339306771314837
89632.4384103289,43221.061091006886,89626.54880319194,43217.90608446123,89629.4899625395,43219.48163555956,6.681432371201199,3.3448503519445825,3.3365820192566162
89632.41013682209,43221.108667859815,89626.4904654511,43218.0200343656,89629.44762497717,43219.5629548062,6.676987794057713,3.341512423349848,3.3354753707078655
89632.3770406804,43221.16485249562,89626.43660245859,43218.125396890304,89629.40605774576,43219.64473387864,6.6728627023012175,3.3372893502971084,3.335573352004109
89632.33892886827,43221.23021788032,89626.38738690308,43218.22156848109,89629.36499937868,43219.72682410027,6.668794716506044,3.332333936886612,3.3364607796194314
89632.29590490783,43221.30466600623,89626.34273338964,43218.308586433144,89629.32418840936,43219.80907679452,6.664588804518835,3.3268432541238413,3.3377455503949935
89632.24832704935,43221.38750884351,89626.3023288216,43218.387068121,89629.28336337123,43219.891343284784,6.6601456030367965,3.3210722653557934,3.3390733376810022
89632.19681601488,43221.477485383264,89626.26561066644,43218.45821498964,89629.24226279766,43219.97347489449,6.65546321417733,3.3153329039064845,3.3401303102708457
89632.14221248843,43221.57290100615,89626.23179512269,43218.52369111485,89629.2006392723,43220.05533065679,6.6506175952618305,3.3099656721934076,3.340651923068423
89632.08543025755,43221.671971303644,89626.20001154246,43218.58529104329,89629.1583925983,43220.136850388466,6.645731598669962,3.305169539201343,3.3405620594686196
89632.02726780638,43221.77321062364,89626.16949318418,43218.644535183295,89629.11551042854,43220.21802211199,6.640943723261583,3.301051701223004,3.3398920220385793
89631.96828551094,43221.8756451191,89626.13970457451,43218.70243933668,89629.0719815907,43220.298834494424,6.636383854940283,3.2977125624380728,3.33867129250221
89631.90880000261,43221.97877882846,89626.11034821773,43218.759541595704,89629.02779491234,43220.37927620286,6.632158883980177,3.2952388349632247,3.3369200490169515
89631.84895606553,43222.08242256977,89626.08129299055,43218.816071555164,89628.98293922114,43220.459335904365,6.628347176867893,3.2937004836123323,3.334646693255561
89631.78880573742,43222.18653004006,89626.05249538743,43218.872115124,89628.93740334468,43220.539002266014,6.624998314509575,3.2931509791670033,3.3318473353425717
89631.72835937535,43222.29110009658,89626.02394947925,43218.927713895944,89628.89117611061,43220.61826395488,6.622134021403575,3.2936286425017185,3.328505378901857
89631.66761332634,43222.396127197986,89625.99023911008,43218.979653690665,89628.84424634655,43220.69710963802,6.626074948089939,3.295157321228408,3.330917626861531
89631.60657640437,43222.50155649988,89625.95610053092,43219.03074710971,89628.79660288012,43220.77552798254,6.63131928196535,3.2977455404713956,3.3335737414939546
89631.5453189354,43222.607205792665,89625.92212906932,43219.08161407097,89628.74823453893,43220.8535076555,6.637022017292194,3.301384297123032,3.3356377201691623
89631.48405344147,43222.71264695522,89625.88805652192,43219.132698437,89628.69913015065,43220.93103732397,6.643132763743249,3.3060445571549635,3.337088206588285
89631.42321705152,43222.817100834385,89625.85338510171,43219.18479279456,89628.64927854284,43221.008105655026,6.649563116872011,3.3116760724526575,3.337887044419354
89631.3634853285,43222.91944928028,89625.8173782672,43219.23902128567,89628.59867100713,43221.08470286882,6.6561891318530675,3.3182062362100515,3.3379828956430164
89631.30566780035,43223.01841828463,89625.77917585243,43219.296644455244,89628.54737839813,43221.16086933535,6.662860773537659,3.325454634387283,3.3374061391503766
89631.25052579567,43223.112849933306,89625.73798732045,43219.35877643865,89628.49556641215,43221.23670520488,6.66941888353531,3.333124697159497,3.336294186375813
89631.19864387221,43223.20191399531,89625.69324078235,43219.42619278447,89628.44340629477,43221.31231412546,6.675742194231568,3.3409462396559104,3.3347959545756574
89631.1537916116,43223.28746889577,89625.64461280081,43219.499315104076,89628.39106929155,43221.38779974515,6.685892634408137,3.352816353386582,3.3330762810215546
89631.11245993708,43223.3667201287,89625.59196345002,43219.57831932513,89628.33872664811,43221.46326571198,6.695361238362987,3.364035534125826,3.331325704237161
89631.07472755227,43223.43951222162,89625.53525176509,43219.663260231166,89628.28654961,43221.538815674015,6.704168187942919,3.3744012215318744,3.3297669664110447
89631.04063900367,43223.505760162356,89625.47448227463,43219.75415000434,89628.23470942283,43221.614553279294,6.712427244295026,3.383770720237996,3.32865652405703
89631.01021062829,43223.56543776927,89625.40969619663,43219.85097897097,89628.18337733217,43221.69058217588,6.7203397282781525,3.392059843237729,3.3282798850404234
89630.98338561787,43223.618632255435,89625.34101269601,43219.95366975983,89628.13272458357,43221.76700601182,6.728173770317801,3.399233454551746,3.328940315766055
89630.95992774842,43223.66569279112,89625.26872956571,43220.06193790781,89628.08292242266,43221.84392843515,6.736229361732905,3.4052878018074537,3.330941559925451
89630.93927123418,43223.70747300113,89625.19346625668,43220.175057889435,89628.03414209498,43221.92145309393,6.744792907184697,3.4102261544247803,3.3345667527599163
89630.92041663892,43223.745554552326,89625.11626292414,43220.29164162832,89627.98655484615,43221.99968363621,6.754088749151992,3.4140313816395116,3.3400573675124803
89630.90200229504,43223.78223283885,89625.03851145219,43220.40963898805,89627.94032363223,43222.078718752455,6.7642378836525685,3.4166505153931985,3.34758736825937
89630.88258451407,43223.820131216766,89624.96169230854,43220.52667964553,89627.89544050342,43222.15855492153,6.775233410113294,3.418166924720664,3.3570664853926298
89630.86097463594,43223.86161086709,89624.88706136923,43220.640601283034,89627.8517369066,43222.23909257227,6.786939108230881,3.4187830186704624,3.368156089560419
89630.83641718095,43223.908350964244,89624.81547295078,43220.7498442308,89627.8090380622,43222.32022840975,6.799112751532451,3.4186485014897654,3.3804642500426865
89630.80855176871,43223.961293556225,89624.74740588012,43220.85350975601,89627.76716919061,43222.401859139005,6.811446955805704,3.417871221678826,3.393575734126878
89630.77726230207,43224.02085027623,89624.68326764292,43220.95125407644,89627.72595551229,43222.4838814651,6.823429616810433,3.416540099541646,3.406889517268787
89630.74253867929,43224.08715176181,89624.62426680088,43221.04342208011,89627.68522224764,43222.56619209309,6.8335599180365705,3.414747732567919,3.418812185468651
89630.70440054302,43224.160213951676,89624.56915986683,43221.12924284139,89627.64479461707,43222.648687728026,6.843096084825043,3.41260896484238,3.4304871199826636
89630.66286929723,43224.24001637316,89624.5180055832,43221.20864126439,89627.60449784099,43222.73126507496,6.8519037583742435,3.4102736611816438,3.4416300971926
89630.61796087466,43224.32653125177,89624.47085087982,43221.28154273732,89627.56415713982,43222.81382083894,6.859950170502343,3.407933397827228,3.452016772675116
89630.56968308278,43224.41973117341,89624.42772868,43221.34787328565,89627.52359773399,43222.89625172504,6.867307679748181,3.4058223062445974,3.461485373503583
89630.51803424107,43224.519580990185,89624.38865346837,43221.407574516066,89627.48264484391,43222.9784544383,6.874146707175114,3.404212073495267,3.469934633679847
89630.4630124667,43224.62599637626,89624.35360553923,43221.46065175849,89627.44112369,43223.06032568377,6.880716500091655,3.403400725162229,3.4773157749294255
89630.4046612701,43224.73872666962,89624.3224785899,43221.50729939635,89627.39885949268,43223.141762166524,6.8873121301354745,3.403695043526725,3.483617086608749
89630.34318620873,43224.857119986395,89624.29495629645,43221.54814683373,89627.35567747234,43223.222660591586,6.894228629575781,3.4053877845687013,3.4888408450070796
89630.27914354489,43224.97981257194,89624.27031882208,43221.58458077303,89627.31140284943,43223.30291766404,6.901708014528534,3.4087331030179757,3.492974911510558
89630.21360786169,43225.10454427042,89624.24727781613,43221.61893253965,89627.26586084436,43223.382430088925,6.909890256018424,3.4139258533663446,3.495964402652079
89630.14815165076,43225.22835623506,89624.22401449642,43221.65426292113,89627.21891230319,43223.461115792394,6.918781976630548,3.421049829741988,3.49773214688856
89630.08455897754,43225.34818336557,89624.198507295,43221.69372094436,89627.17068820479,43223.5390536104,6.928253748062446,3.4298095211450037,3.4984442269174427
89630.02441476341,43225.461507289976,89624.16899258002,43221.73983620219,89627.12144333032,43223.616396124155,6.938069229360114,3.4397206798711477,3.498348549488966
89629.96881454508,43225.56670373386,89624.13427412734,43221.79416924805,89627.0714331059,43223.69329629895,6.947940582129559,3.4502861651257044,3.497654417003855
89629.91830785497,43225.66301320702,89624.09377580913,43221.85736793725,89627.0209129576,43223.76990710012,6.957593655303241,3.461032782755541,3.4965608725477004
89629.87296721565,43225.750372774484,89624.04745700081,43221.92936884162,89626.97013831149,43223.846381493,6.966824263475444,3.4715412206675014,3.4952830428079427
89629.83244240674,43225.8293245575,89623.99573855185,43222.00951708231,89626.91936459363,43223.92287244292,6.9755315953097,3.4814626251614356,3.4940689701482657
89629.79600003039,43225.900980196944,89623.93954022694,43222.09668628617,89626.86884723011,43223.999532915186,6.983607491039997,3.4905193426543812,3.493088148385616
89629.76220614983,43225.96659260571,89623.88256297597,43222.190990347444,89626.81881627008,43224.07650010379,6.987515743420883,3.497998520584711,3.4895172228361724
89629.73029974566,43226.02797282904,89623.8233432327,43222.28911916292,89626.76935221019,43224.15381825826,6.990791227228979,3.5042353892063876,3.4865558380225923
89629.69969048409,43226.08663225578,89623.76273159833,43222.38972625525,89626.72048094921,43224.23149769645,6.993896967215229,3.5095888200687355,3.484308147146494
89629.66988592723,43226.143484178414,89623.70125309097,43222.491937210936,89626.67222830573,43224.30954868638,6.9970260246593865,3.5141529000111222,3.482873124648264
89629.64065613096,43226.19903035575,89623.63916613757,43222.59529635139,89626.62462009836,43224.387981496046,7.000341485591015,3.5180067257112797,3.4823347598797354
89629.61190047645,43226.25354076955,89623.5765973896,43222.69958310413,89626.57768214565,43224.46680639347,7.003963052275851,3.5212072659209386,3.482755786354913
89629.58350844124,43226.30726799401,89623.51368128233,43222.80459784987,89626.5314402662,43224.546033646686,7.007959751427983,3.5237858293674806,3.484173922060502
89629.55523555492,43226.36066444054,89623.4506840361,43222.9099464519,89626.48592027865,43224.62567352368,7.012346531865764,3.525746693497233,3.486599838368531
89629.52661032142,43226.4145740011,89623.3880971432,43223.01484919289,89626.44114800151,43224.70573629248,7.01708435255356,3.5270673429909283,3.4900170095626324
89629.4969216741,43226.47029989042,89623.32665175211,43223.118069250355,89626.39714914502,43224.78623216233,7.022085244027185,3.5277009290494927,3.494384314977692
89629.46532821434,43226.5294449224,89623.26721322112,43223.21806240044,89626.3538961239,43224.86714245563,7.027224464609288,3.5276421508548,3.499582313754488
89629.43104737031,43226.59356565156,89623.21059794097,43223.31330580256,89626.3112222175,43224.94837308133,7.032360612191439,3.5270338213924197,3.505326790799019
89629.39350685789,43226.66385295853,89623.1574222227,43223.402608620214,89626.26893828376,43225.02981779574,7.03736216286666,3.526045899828128,3.5113162630385317
89629.35237779596,43226.741021839254,89623.1080617421,43223.48522747236,89626.22685518069,43225.11137035515,7.0421360353299445,3.524862490680811,3.517273544649134
89629.30751191659,43226.82539909348,89623.06270466383,43223.560789242285,89626.18478376628,43225.19292451589,7.046651339798888,3.523691863261884,3.522959476537004
89629.25886078956,43226.91706276302,89623.02142335863,43223.62916267729,89626.14253489849,43225.27437403422,7.050951189629508,3.5227706878357763,3.5281805017937318
89629.20644398674,43227.01589147523,89622.98415156137,43223.690393773584,89626.09991943532,43225.355612666455,7.055200776059933,3.522360076913943,3.5328406991459897
89629.15040440267,43227.121449190854,89622.95001831341,43223.74449871653,89626.05674823474,43225.436534168904,7.06035283551119,3.5227329045132354,3.5376199309979546
89629.09115869974,43227.23271594037,89622.91933901796,43223.79289566206,89626.01283215475,43225.51703229784,7.0656720650989,3.5241544629639487,3.541517602134951
89629.02958330384,43227.34781416159,89622.89112627713,43223.837463974305,89625.96798205332,43225.597000809576,7.071295009131279,3.5268611555864418,3.544433853544837
89628.96708660905,43227.464005161244,89622.86382950308,43223.88097016344,89625.92201123675,43225.67633483367,7.077279639591832,3.531040813000009,3.5462388265918228
89628.90543014582,43227.57812288131,89622.83553569576,43223.92660985653,89625.8748896469,43225.75501735699,7.08358426257654,3.5366494692550514,3.5469347933214888
89628.84659218887,43227.68741162071,89622.80439041634,43223.977278824874,89625.82683578186,43225.833170782214,7.090365831378688,3.543605204425844,3.5467606269528447
89628.79416199493,43227.791159215165,89622.7689768709,43224.03503848598,89625.77809020993,43225.91092989123,7.100091457938122,3.554145653011714,3.5459458049264083
89628.74627862917,43227.886475903106,89622.72844293466,43224.10103549432,89625.72889349937,43225.98842946597,7.109423713254685,3.5647150375689525,3.544708675685732
89628.70333098895,43227.972719862766,89622.68239160159,43224.175758060206,89625.67948621846,43226.065804288344,7.11819008150534,3.574907579783804,3.543282501721535
89628.66547064873,43228.04961703105,89622.63070262247,43224.25934385547,89625.63010893551,43226.143189140246,7.126331165217811,3.5843950721037987,3.5419360931140123
89628.63270669378,43228.11711474133,89622.57342800245,43224.35174637425,89625.58100221877,43226.22071880358,7.133922988027081,3.5929399877466643,3.540983000280416
89628.60487322358,43228.175430955474,89622.51081324063,43224.45270248913,89625.53240663654,43226.29852806028,7.141167573297308,3.600391007438389,3.5407765658589185
89628.58148698138,43228.22528300627,89622.44342584105,43224.561519412586,89625.48456275709,43226.37675169224,7.148353533005888,3.6066615685332004,3.541691964472687
89628.56158927814,43228.26818362153,89622.3722991857,43224.67679087431,89625.43771114873,43226.45552448137,7.155795812694385,3.6116959625364853,3.5440998501578997
89628.54373483318,43228.3065590647,89622.29893532941,43224.79627873741,89625.39209209607,43226.53498105134,7.1637691767940845,3.6154309009843146,3.5483382758097703
89628.52623490804,43228.34345432712,89622.2250658188,43224.91718354482,89625.34784327295,43226.615198786,7.1724516983318845,3.617877914120199,3.554573784211686
89628.50755852714,43228.381873486054,89622.15227312059,43225.036741981065,89625.30484786387,43226.69611310619,7.181890933756389,3.6192739121219883,3.5626170216344
89628.48663365062,43228.424153276144,89622.08170584805,43225.15279827142,89625.26295027584,43226.777637801366,7.191999980755168,3.6198270275762927,3.572172953178875
89628.46288927036,43228.47173265409,89622.01403168475,43225.26402086403,89625.22199491588,43226.859686660944,7.202581418322659,3.619680718097954,3.5829007002247044
89628.43610701559,43228.525313236,89621.94957382028,43225.36975009629,89625.18182619096,43226.942173474396,7.213368950947966,3.6189328800458975,3.5944360709020677
89628.40624157146,43228.585162244664,89621.88891544708,43225.46991899596,89625.14228850817,43227.02501203115,7.223591925772924,3.6176592277445345,3.6059326980283886
89628.37330490728,43228.65135115524,89621.83236411621,43225.56451132003,89625.10322627446,43227.10811612063,7.23273714443103,3.615935375096494,3.616801769334536
89628.33731815315,43228.723880624486,89621.77926130744,43225.653117692236,89625.0644838969,43227.191399532305,7.241387614098325,3.6138542259976787,3.627533388100646
89628.29829939669,43228.802730146876,89621.72965285435,43225.73568151471,89625.02590578243,43227.274776055594,7.249407197158831,3.6115375772234533,3.637869619935378
89628.25626248086,43228.88787524418,89621.68357690482,43225.81214324536,89624.98733633816,43227.35815947997,7.256743278502769,3.609142342123738,3.64760093637903
89628.21121636778,43228.979293192475,89621.64106175622,43225.88244117832,89624.94861997102,43227.44146359484,7.263430595618694,3.606862226298438,3.656568369320257
89628.1631634104,43229.07696119949,89621.60212359371,43225.94651885219,89624.9096010881,43227.52460218966,7.269588211580172,3.6049252808419934,3.6646629307381784
89628.11210035424,43229.18083896404,89621.56676056089,43226.00434754132,89624.87012409637,43227.60748905389,7.27540863244042,3.6035871012567604,3.671821531183659
89628.05803625006,43229.29080812318,89621.53492937621,43226.05599228235,89624.83003340283,43227.69003797693,7.281137054866021,3.6031191269312512,3.6780179279347696
89628.00105436584,43229.406524259626,89621.5064776904,43226.10176723037,89624.78917341454,43227.77216274826,7.2870395371210135,3.603792002209415,3.6832475349115983
89627.94144103286,43229.52716347429,89621.48100986105,43226.14249864997,89624.74738853848,43227.8537771573,7.293361837913523,3.6058553912661084,3.6875064466474154
89627.87985192731,43229.65115875497,89621.457718122,43226.17979606539,89624.70452318169,43227.9347949935,7.300285031146346,3.609517586111806,3.6907674450345396
89627.81740045438,43229.77615324953,89621.43529967671,43226.21609516245,89624.66042235406,43228.0151303813,7.3078877878459645,3.614929082057996,3.6929587057879685
89627.75553871859,43229.899344345766,89621.4120954408,43226.2542891554,89624.615038917,43228.09475737291,7.316126021285695,3.622053719411603,3.6940723018740917
89627.69574420425,43230.01808733897,89621.38644135928,43226.297074768314,89624.56855722921,43228.173778652126,7.324836990709492,3.6305334193736494,3.6943035713358423
89627.639196133,43230.130396097775,89621.3570206436,43226.34642334946,89624.52119160403,43228.25231354713,7.333769742741874,3.639937679369893,3.693832063371982
89627.58663733162,43230.23507295149,89621.32300876635,43226.40345996811,89624.47315635486,43228.33048138611,7.342635824963877,3.6498264100642146,3.692809414899662
89627.53844499611,43230.33151983283,89621.28399761564,43226.46867611148,89624.42466579503,43228.4084014972,7.351168182722714,3.6597821036126303,3.6913860791100843
89627.49478509562,43230.41946846379,89621.2398320314,43226.54222439754,89624.37593423798,43228.48619320862,7.359175183739866,3.6694391784699163,3.6897360052699493
89627.45573285036,43230.49879659352,89621.1904811254,43226.62412223776,89624.32717599701,43228.5639758485,7.36657861834278,3.6785050360186493,3.6880735823241304
89627.42131662213,43230.56946612447,89621.13598784417,43226.71432883399,89624.27860538557,43228.64186874503,7.373428061323165,3.686768988377,3.6866590729461652
89627.39147761332,43230.63158037019,89621.07650324336,43226.8127001833,89624.23043671696,43228.719991226375,7.379888019142574,3.6940969942877224,3.685791024854851
89627.36489870338,43230.684974045056,89621.01241491936,43226.91879585422,89624.18288430465,43228.798462620725,7.384994813229735,3.699208156868504,3.6857866563612305
89627.34189310296,43230.73144569104,89620.9445530357,43227.03152586619,89624.13616246192,43228.877402256236,7.390221014722022,3.7032669362410005,3.6869540784810217
89627.32114642234,43230.77325874027,89620.87436231914,43227.148773530345,89624.09048550221,43228.95692946108,7.395804101669473,3.7062409569986334,3.689563144670839
89627.30071781873,43230.813799127034,89620.8038510691,43227.26731499122,89624.04606456669,43229.03716177695,7.401812432640688,3.7079924574766303,3.693819975164057
89627.27845951883,43230.85710551027,89620.73523649377,43227.38328408138,89624.0029233427,43229.11811117733,7.408184857002103,3.708535901280527,3.699648955721577
89627.25251866903,43230.9069619811,89620.66963891718,43227.492584605105,89623.96079660661,43229.19962692993,7.415677898411235,3.708156835031923,3.7075210633793114
89627.22164988783,43230.96615820593,89620.60734954989,43227.59193659821,89623.91939447312,43229.28154441381,7.4252501923133165,3.707130217907573,3.718119974405744
89627.185206662,43231.03630471272,89620.55122791165,43227.68076487399,89623.878427057,43229.36369900805,7.434333976181529,3.7057254619503306,3.7286085142311993
89627.14293759406,43231.11810052305,89620.50167224542,43227.758271513056,89623.83760447302,43229.44592609171,7.4427720916016655,3.704240052948434,3.7385320386532315
89627.09479084448,43231.2116736391,89620.45882759769,43227.82420559641,89623.7966368359,43229.52806104385,7.45056695514416,3.703021905846106,3.7475450492980538
89627.04085165258,43231.316696877075,89620.42263224999,43227.87877482546,89623.75523426043,43229.609939243564,7.457890860945896,3.7024725883010086,3.7554182726448873
89626.98144409509,43231.4322007406,89620.39270516722,43227.9228604616,89623.71310686135,43229.691396069895,7.465048549968138,3.70302972914951,3.762018820818627
89626.91734799142,43231.55622819087,89620.36812355004,43227.95838894008,89623.66996475341,43229.77226690192,7.472401759678235,3.7051337054087017,3.7672680542695325
89626.84997679599,43231.68567627388,89620.34724930474,43227.988503900844,89623.62551805134,43229.85238711871,7.480277293076943,3.7091890383740966,3.7710882547028466
89626.78130709889,43231.81665668084,89620.3278222823,43228.01719094294,89623.57955283271,43229.931635489775,7.48888550930582,3.715445501116342,3.7734400081894783
89626.71349744375,43231.94531276738,89620.30739600219,43228.04839763747,89623.53219315597,43230.01008384149,7.498272014892861,3.7236820442977177,3.7745899705951436
89626.64839915709,43232.068613967735,89620.28388549012,43228.08517706949,89623.48365704424,43230.087857673476,7.508315639293598,3.733495431636669,3.7748202076569286
89626.5872615272,43232.18467851349,89620.25588689228,43228.12936054205,89623.43416252444,43230.165082487525,7.5187704192338165,3.7444360629153826,3.774334356318434
89626.53074024356,43232.292604681585,89620.22267060778,43228.18174973772,89623.38392762351,43230.24188378542,7.529334027610893,3.7560465731489914,3.7732874544619013
89626.47382058561,43232.38870606605,89620.18401736951,43228.24246303177,89623.33317036837,43230.318387068946,7.533455767216848,3.7616358857359375,3.771819881480911
89626.41923396454,43232.475077006435,89620.14010612447,43228.31112421011,89623.28210878592,43230.394717839896,7.534318105971576,3.764232810032542,3.7700852959390345
89626.36927333937,43232.55439230295,89620.09150825562,43228.38685395992,89623.23096090312,43230.47100160005,7.535164914411485,3.766898162733977,3.7682667516775084
89626.32301540562,43232.62801427138,89620.03918361972,43228.46824229509,89623.17994474688,43230.54736385119,7.5359302550004506,3.769349988642562,3.7665802663578876
89626.27927468614,43232.697692871305,89619.9843459061,43228.553507330485,89623.12924051308,43230.623908317226,7.536604151908214,3.7713787489674733,3.765225402940741
89626.23686216152,43232.76521236829,89619.92819247913,43228.64086509469,89623.07886759106,43230.70064615188,7.537211261120245,3.7729780504241393,3.764233210696106
89626.19484553373,43232.83200744006,89619.87165624839,43228.72889331523,89623.02880265136,43230.7775639173,7.537789348315832,3.774197361189997,3.763591987125835
89626.15265174578,43232.898991507835,89619.8153212585,43228.816700298274,89622.97902236413,43230.854648175395,7.538359186498774,3.775084517327415,3.763274669171359
89626.11000554367,43232.96662768659,89619.75957719957,43228.90390930298,89622.92950339956,43230.931885488135,7.53880765228027,3.7756813561085694,3.7631262961717007
89626.06680503541,43233.03510510561,89619.70439792855,43228.99025910482,89622.88022242778,43231.00926241743,7.53929727252896,3.7760226843306195,3.7632745881983403
89626.02302224007,43233.10448795608,89619.64980976013,43229.07569311015,89622.83115611903,43231.08676552523,7.5398292570248415,3.7761373310005872,3.7636919260242543
89625.97865206451,43233.17479595556,89619.59581630546,43229.16019739923,89622.78228114346,43231.164381373455,7.540397462702486,3.7760500336846383,3.7643474290178474
89625.93369406043,43233.24603568907,89619.54241671093,43229.2437696995,89622.73357417123,43231.24209652407,7.5409919247735795,3.7757832938705533,3.765208630903027
89625.8881480098,43233.31821005872,89619.48961011435,43229.326410198635,89622.68501187254,43231.319897538975,7.541601509131688,3.775358796250726,3.7662427128809624
89625.84201340358,43233.39132078721,89619.4373962069,43229.408119269036,89622.63657091753,43231.39777098013,7.542215574387938,3.774798321063006,3.767417253324931
89625.79528966197,43233.465369006524,89619.3857750287,43229.48889707988,89622.5882279764,43231.475703409465,7.542824856610156,3.7741242485017428,3.7687006081084125
89625.74797623475,43233.54035554889,89619.33474685435,43229.56874348558,89622.53995971932,43231.55368138892,7.54342186723268,3.773359800122317,3.7700620671103633
89625.70007243232,43233.616281406685,89619.28431232309,43229.64765772819,89622.49174281643,43231.631691480434,7.544001039284544,3.772529138326175,3.7714719009583697
89625.65157685526,43233.693148725404,89619.23447295232,43229.725637593125,89622.44355393799,43231.70972024592,7.544558773445119,3.7716574037116004,3.772901369733518
89625.60248629942,43233.77096260778,89619.18523216547,43229.80267774208,89622.39536975407,43231.78775424735,7.545093464962023,3.770770735054286,3.774322729907737
89625.5527944076,43233.84973331213,89619.13659656854,43229.87876763898,89622.34716693492,43231.865780046624,7.545605548087055,3.769896292113008,3.775709255974047
89625.50249099836,43233.92947732613,89619.08857654533,43229.95389059459,89622.29892215069,43231.9437842057,7.546097565685226,3.7690622879313054,3.77703527775392
89625.45156326117,43234.01021538557,89619.04118531571,43230.028025337706,89622.25061179682,43232.02175274366,7.546574254649823,3.768298549138309,3.778275705511514
89625.39999888263,43234.09196736306,89618.99443674585,43230.10114962766,89622.20221114508,43232.09966945937,7.5470426317369625,3.767638166207342,3.77940446552962
89625.34778815074,43234.174748779624,89618.94834207257,43230.17324554898,89622.15369518012,43232.177517584176,7.547512054463374,3.7671159197748865,3.7803961346884867
89625.2949248095,43234.25856931318,89618.90290854554,43230.244301735314,89622.10503888648,43232.2552803494,7.547994177617333,3.7667676958120793,3.7812264818052537
89625.2414052882,43234.34343377072,89618.85814004298,43230.31431255185,89622.05621724873,43232.332940986395,7.5485026983573285,3.766630335273551,3.7818723630837785
89625.18722713823,43234.42934397356,89618.81403847126,43230.383276343135,89622.00720525147,43232.41048272649,7.549052725660188,3.7667412885932117,3.7823114370669764
89625.13238806948,43234.51629911642,89618.77060455071,43230.45119519455,89621.95797787927,43232.48788880101,7.549659557578084,3.767137967128362,3.782521590449722
89625.07688762849,43234.60429127418,89618.72783594122,43230.518079549154,89621.9085101167,43232.5651424413,7.550336654043192,3.7678566878044424,3.7824799662387494
89625.020737042,43234.693287718386,89618.68571718252,43230.58396604207,89621.85877694836,43232.64222687869,7.551092719557154,3.7689311750010472,3.782161544556107
89624.96398797781,43234.78318463951,89618.64419072347,43230.64896394266,89621.80875335881,43232.71912534452,7.5519281052121,3.77039073229606,3.7815373729160395
89624.90678943248,43234.873720928364,89618.60309997472,43230.71334136264,89621.75841433264,43232.79582107013,7.55283118511427,3.7722584203847784,3.780572764729492
89624.84945990113,43234.9643751957,89618.5621175896,43230.77762754597,89621.70773485443,43232.87229728684,7.553775825701998,3.7745498070391594,3.7792260186628384
89624.79252489383,43235.05432212679,89618.51980792345,43230.84204924062,89621.65668990885,43232.94853722607,7.555807108305202,3.77727297148319,3.7785341368220124
89624.73850858628,43235.14377466846,89618.47558759175,43230.9076981201,89621.60527803734,43233.02453917746,7.5609869664810105,3.782630399483297,3.7783565669977133
89624.68748937533,43235.23130543874,89618.42952160806,43230.976100253436,89621.55358756943,43233.10035882626,7.567623916735039,3.789759094483885,3.7778648222511553
89624.6386824317,43235.31518507614,89618.38105257678,43231.048046493335,89621.5017282238,43233.176065530344,7.574061201635909,3.7968821595759805,3.7771790420599287
89624.59243229097,43235.39487821618,89618.32983292374,43231.12402264092,89621.44980971905,43233.25172864758,7.580261089113382,3.8038357881149225,3.776425300998459
89624.54891195282,43235.47010770963,89618.27569682409,43231.20426079553,89621.39794177387,43233.32741753586,7.586216312888913,3.8104769057685655,3.7757394071203483
89624.50818265989,43235.54076656114,89618.21859894258,43231.288833348255,89621.34623410692,43233.40320155302,7.591956229058219,3.8166874139185594,3.77526881513966
89624.47022284188,43235.60687531837,89618.15858365,43231.37770026074,89621.29479643684,43233.47915005695,7.597546377384286,3.822374607743599,3.7751717696406866
89624.43489701913,43235.6686268408,89618.09581321877,43231.47066852401,89621.24373848226,43233.55533240552,7.603080787261395,3.8274673320204466,3.775613455240949
89624.40187831847,43235.72650463142,89618.0306411536,43231.56727789342,89621.19316996183,43233.63181795659,7.608668087725945,3.8319083475071896,3.7767597402187554
89624.37058551199,43235.78139256409,89617.96367092844,43231.6666935479,89621.14320059422,43233.708676068054,7.61441412550907,3.835644284914386,3.7787698405946832
89624.34021683635,43235.834549760904,89617.89572011729,43231.76772885176,89621.09393449777,43233.785972584585,7.620404862544992,3.838621818981148,3.7817830435638435
89624.30990623667,43235.887390456526,89617.82766641224,43231.86905526377,89621.04538532138,43233.863716597385,7.6266933111765605,3.8408791564554097,3.7858141547211512
89624.27892118771,43235.94116983308,89617.76025712142,43231.96949745466,89620.9974934918,43233.941871263756,7.633293043675304,3.842520330823495,3.790772712851809
89624.24677759902,43235.99677159504,89617.69399712599,43232.0682339922,89620.95019733331,43234.020398422166,7.640179292710474,3.843630102747163,3.796549189963312
89624.21322800392,43236.05469188562,89617.62915875467,43232.16481110463,89620.90343517026,43234.099259911054,7.647296278373112,3.844274028855401,3.8030222495177104
89624.17817757331,43236.11515479334,89617.56586263428,43232.25902948878,89620.85714532697,43234.178417568866,7.654567996788011,3.8445033824808825,3.8100646143071293
89624.14160204244,43236.178242981456,89617.50415745557,43232.35081727751,89620.81126612778,43234.25783323405,7.661909563744914,3.844360922488437,3.817548641256477
89624.10350023268,43236.2439814729,89617.4446729142,43232.44049573856,89620.76573589703,43234.337468745056,7.6685386475373,3.843886255051659,3.8246523924856417
89624.06387566544,43236.3123753596,89617.38859336513,43232.528705355646,89620.72049295904,43234.417285940326,7.673040628563578,3.8431200642839984,3.8299205642795795
89624.0227320341,43236.38342294841,89617.33410165976,43232.61438510576,89620.67547563816,43234.497246658306,7.677461985831326,3.842107023171123,3.835354962660203
89623.9800728227,43236.45711989791,89617.2812061054,43232.69752488927,89620.63062225867,43234.57731273744,7.681755653828517,3.8408975567446464,3.840858097083871
89623.93590156281,43236.5334606785,89617.22991489078,43232.778112889704,89620.58587114498,43234.657446016194,7.685889295350598,3.8395487773424324,3.846340518008166
89623.89022191263,43236.61243929635,89617.18023564141,43232.85613598301,89620.54116062136,43234.737608332995,7.689845924446513,3.838124890338957,3.8517210341075563
89623.84303747045,43236.69404978872,89617.13217499772,43232.93158021834,89620.49642901216,43234.8177615263,7.693624139237935,3.8366972537330186,3.856926885504916
89623.79435161766,43236.77828604258,89617.0857379506,43233.00443184333,89620.4516146417,43234.897867434534,7.697238001452446,3.8353441347456383,3.861893866706807
89623.74416824961,43236.86513926481,89617.04092613139,43233.07468059747,89620.40665583432,43234.97788789617,7.7007163176114375,3.834150081917887,3.8665662356935506
89623.69249639656,43236.95458764485,89616.99773211332,43233.14233085246,89620.36149091434,43235.05778474965,7.704100898820947,3.8332047617889886,3.8708961370319583
89623.63936549511,43237.0465667342,89616.95612299046,43233.207432317446,89620.31605820612,43235.13751983343,7.707443379344318,3.832601128002711,3.874842251341607
89623.58485926116,43237.140908589805,89616.91600528466,43233.27014255607,89620.27029603397,43235.21705498592,7.710800415507641,3.8324329186855355,3.8783674968221056
89623.52916521092,43237.237258675596,89616.8771742903,43233.33081225213,89620.22414272222,43235.2963520456,7.714227561287123,3.8327916975937537,3.8814358636933695
89623.47261178624,43237.33502207035,89616.83927651745,43233.3900406881,89620.17753659519,43235.375372850904,7.7177726640872155,3.833763891788031,3.8840087722991847
89623.4156504019,43237.43340891169,89616.80182880905,43233.44862996652,89620.13042363127,43235.454083905424,7.721470022211556,3.835419457492122,3.886050564719434
89623.35876941623,43237.531590241735,89616.7643078613,43233.50742553567,89620.08281363198,43235.53249061308,7.725336548068854,3.8377448619817676,3.8875916860870863
89623.30238595123,43237.62887741245,89616.72626436263,43233.567129485185,89620.03474811268,43235.610617707396,7.729370697067711,3.8406808356028836,3.888689861464828
89623.24678127366,43237.72481772107,89616.68739109028,43233.628201670355,89619.98626881845,43235.688490061926,7.733554334507582,3.8441607414305987,3.889393593076984
89623.19210518432,43237.81917513883,89616.64751941504,43233.69087940387,89619.93741749435,43235.76613255022,7.737856845845697,3.848113281843952,3.889743564001746
89623.13842099624,43237.911850867255,89616.60657386693,43233.75525864693,89619.88823588543,43235.84357004581,7.742240360953273,3.8524652900318057,3.889775070921467
89623.08575066336,43238.002809979946,89616.56452610779,43233.82136901651,89619.83876573681,43235.92082742225,7.746664975003542,3.857144343135739,3.8895206318678035
89623.0341016242,43238.092040493335,89616.52136722933,43233.88921574476,89619.7890487935,43235.99792955307,7.751093159376397,3.862080851590432,3.8890123077859653
89622.9834767609,43238.17953966023,89616.47709706386,43233.95879393701,89619.7391268006,43236.07490131184,7.755492970926271,3.867209490368147,3.888283480558125
89622.93387276212,43238.2653176471,89616.43172517406,43234.03008523411,89619.68904150317,43236.15176757207,7.759840001508066,3.8724699893939665,3.8873700121140997
89622.88526847835,43238.34941559634,89616.38528185466,43234.103040074064,89619.63883464625,43236.22855320732,7.764118184594748,3.877807357175688,3.88631082741906
89622.83558403443,43238.43061312261,89616.33783751777,43234.17754800239,89619.58854797496,43236.305283091155,7.765904500544187,3.8807564873536853,3.8851480131905025
89622.7845169362,43238.50897518945,89616.28952057859,43234.25341064225,89619.5382232343,43236.381982097075,7.764973103667103,3.881046561690059,3.883926541977044
89622.73415450145,43238.58626305699,89616.24051587828,43234.33034407402,89619.48790156485,43236.45867476664,7.764031746325061,3.881338694527014,3.8826930517980474
89622.68428689506,43238.66279499257,89616.19103278778,43234.40802698965,89619.43760586812,43236.53537562458,7.7630792640755555,3.88160416039178,3.881475103683776
89622.63472424693,43238.73885946861,89616.1419120864,43234.486599660995,89619.38733801413,43236.612087645226,7.761335144384059,3.881839220493059,3.879495923891
89622.58533127293,43238.81466259659,89616.09401471457,43234.56633328183,89619.33709870632,43236.688813162225,7.75793095015946,3.882042068853029,3.8758888813064316
89622.53603166537,43238.890321137565,89616.04604289106,43234.646213847365,89619.28688864816,43236.765554509184,7.754508429383636,3.882211170371764,3.8722972590118716
89622.48679118328,43238.96588788123,89615.99802562298,43234.72618862976,89619.23670854302,43236.84231401975,7.7510727154132155,3.882345053412486,3.86872766200073
89622.43759736122,43239.0413823435,89615.94997109954,43234.80623889602,89619.18655909436,43236.91909402755,7.747627671225219,3.8824422093025333,3.8651854619226858
89622.38844619387,43239.1168110063,89615.90188002487,43234.88635960415,89619.13644100561,43236.99589686621,7.744175858719056,3.882501066852024,3.861674791867033
89622.33933618451,43239.192176433644,89615.8537515342,43234.96655025602,89619.0863549802,43237.07272486938,7.740718626156309,3.8825200126763897,3.858198613479921
89622.2902665426,43239.26748011245,89615.80558497802,43235.04681204547,89619.03630172159,43237.14958037068,7.73725622721422,3.8824974401228896,3.8547587870913307
89622.24123736199,43239.34272230688,89615.75737977555,43235.12714801374,89618.98628193315,43237.22646570374,7.733787934916495,3.8824318222071024,3.851356112709391
89622.1922520223,43239.417898544954,89615.70913310655,43235.207566567915,89618.93629631834,43237.303383202205,7.730312169163108,3.8823218157308057,3.847990353432302
89622.14332457366,43239.49298848292,89615.66083268827,43235.28809253655,89618.88634558063,43237.38033519968,7.726826707247359,3.8821664127374196,3.84466029450994
89622.09449589401,43239.567931264515,89615.61244086518,43235.368791510315,89618.8364304234,43237.457324029834,7.723329079617081,3.881965160826942,3.8413639187901385
89622.0458578459,43239.64258844439,89615.56387076952,43235.44980630736,89618.78655155009,43237.534352026276,7.719817258644086,3.881718475691551,3.8380987829525353
89621.99757271507,43239.71671389616,89615.51496711909,43235.53138629772,89618.73670966415,43237.61142152264,7.716290716358716,3.881428063851436,3.834862652507281
89621.94986691972,43239.789962951865,89615.46551261317,43235.61387739723,89618.6869071308,43237.68853563996,7.712751865095963,3.8810956354256567,3.8316562296703065
89621.90299195387,43239.861951698964,89615.41527000337,43235.697656993696,89618.63717320353,43237.76571023946,7.709207903495476,3.880695861133943,3.828512042361533
89621.85716852229,43239.93234224646,89615.36403568475,43235.78305122181,89618.58755892054,43237.84297150446,7.705672589276355,3.8801826046387906,3.825489984637564
89621.81254915816,43240.000900123094,89615.31167238622,43235.87028402866,89618.5381159469,43237.92034591524,7.7021677548325505,3.8795126841959138,3.8226550706366376
89621.76921750793,43240.06749577359,89615.2581087641,43235.95947659131,89618.48889594768,43237.99785995215,7.698724483698309,3.8786469254126916,3.8200775582856177
89621.72720989842,43240.13207154565,89615.20331720564,43236.05068056516,89618.43995058797,43238.07554009549,7.6953835643600135,3.8775501775852943,3.817833386774719
89621.6865380127,43240.19460588612,89615.1472906048,43236.14391391524,89618.39133153285,43238.153412825566,7.692194882128426,3.8761907661089556,3.8160041160194704
89621.6472018983,43240.255090641294,89615.09002857924,43236.23918365784,89618.34309044738,43238.23150462271,7.689215228873858,3.8745390506162574,3.8146761782576015
89621.60919347509,43240.31352037372,89615.03153276996,43236.33649658333,89618.29527899665,43238.30984196723,7.686503664282028,3.8725645671843605,3.813939097097667
89621.57249338488,43240.369888267516,89614.97180831598,43236.43586332307,89618.24794884572,43238.38845133946,7.68411319817141,3.870231090357158,3.813882107814252
89621.53706085867,43240.424188587676,89614.91087186892,43236.53729585783,89618.20115165967,43238.46735921968,7.682077558911166,3.867489025120293,3.814588533790873
89621.50280910176,43240.47643958388,89614.84877383454,43236.64078488304,89618.15493910355,43238.54659208823,7.68039271921773,3.864265115306617,3.816127603911114
89621.46954518935,43240.52676969183,89614.7856562859,43236.74621467075,89618.10936284246,43238.62617642542,7.6789951908547165,3.860450772731398,3.8185444181233184
89621.43684452292,43240.57563764722,89614.72187757543,43236.853144673354,89618.06447454146,43238.70613871157,7.677742835388188,3.8558923172520534,3.821850518136135
89621.40385958011,43240.62421879892,89614.65820637808,43236.960422857184,89618.02032586565,43238.78650542699,7.676407872483432,3.8503884004360853,3.8260194720473475
89621.36915662474,43240.67481316471,89614.59599525189,43237.06576875018,89617.9769684801,43238.867303052,7.674693255679371,3.8437004587005097,3.8309927969788617
89621.33075908439,43240.73091148331,89614.54267572785,43237.16858021429,89617.93445247128,43238.948557229305,7.666047203457114,3.8355814809537834,3.8304657225033307
89621.28663811422,43240.79666461201,89614.49450027168,43237.26156794384,89617.89265804211,43239.030203459,7.6570258537739635,3.826158090696364,3.830867763077599
89621.23505890652,43240.87562519973,89614.45315410619,43237.341052692216,89617.85114624872,43239.112007897485,7.647707861289118,3.8159154687141346,3.8317923925749833
89621.17489854264,43240.9695313961,89614.41962238894,43237.40504825585,89617.80944294196,43239.19371802075,7.638016494467585,3.8052338356802187,3.8327826587873663
89621.10627394966,43241.07793002964,89614.39387362254,43237.45387562922,89617.76707397266,43239.275081304775,7.628242815269638,3.7948017090647284,3.833441106204909
89621.03033225799,43241.19829167089,89614.3748653632,43237.49003490983,89617.72356520385,43239.35584523105,7.618819317546496,3.78540846329291,3.8334108542535863
89620.94893532009,43241.3268940252,89614.36083427256,43237.517350694754,89617.6785433919,43239.43580284914,7.610236251194598,3.7777889300702157,3.8324473211243824
89620.86415012837,43241.459979584106,89614.34982557452,43237.53974610933,89617.63198070804,43239.51490321387,7.602937254090126,3.7722991991277817,3.8306380549623436
89620.7777284831,43241.594662591866,89614.3402045618,43237.560314580915,89617.58392318204,43239.593128737986,7.5972151549588185,3.7691550869204478,3.82806006803837
89620.69087418757,43241.72913632968,89614.33088805716,43237.58108685159,89617.53441684364,43239.670461834234,7.593137563070078,3.768469668476479,3.8246678945935995
89620.60439509079,43241.86223561222,89614.32118910018,43237.60345193859,89617.4835077226,43239.74688491534,7.590514863908451,3.770231628923431,3.82028323498502
89620.51911355653,43241.99273427326,89614.31039837388,43237.62885184663,89617.43124184865,43239.822380394035,7.588913891501474,3.774306246897433,3.814607644604041
89620.43253951108,43242.116059399894,89614.29735274601,43237.65932305765,89617.37766525155,43239.89693068307,7.583074275420767,3.775816336020289,3.8072579394004777
89620.34863217895,43242.23096416845,89614.28027136282,43237.69756442528,89617.32282719051,43239.9705211966,7.574741990730421,3.7769165012040715,3.7978254895263492
89620.27168832193,43242.336193279145,89614.25704043049,43237.74644573742,89617.26691622252,43240.04326680936,7.5658292179206805,3.7797046399398715,3.7861245779808086
89620.20357126063,43242.42960264339,89614.2258892858,43237.80814849383,89617.2103102401,43240.115458361,7.55582690701351,3.783500402634922,3.7723265043785874
89620.14507280657,43242.51038091425,89614.1771507271,43237.87639269098,89617.15340066944,43240.18739926892,7.555788562418525,3.7876570463288863,3.7681315160896385
89620.09548095822,43242.57948099197,89614.1167039675,43237.954025108986,89617.09657893663,43240.25939295059,7.559141249513023,3.79159885204489,3.767542397468133
89620.05267731957,43242.639522858386,89614.04933810368,43238.04046611987,89617.04023572309,43240.33174225072,7.562499892574593,3.794819587984084,3.7676803045905083
89620.01376567467,43242.694136348444,89613.97797253379,43238.13215038861,89616.98462088,43240.40464171186,7.565878318955767,3.797038830194045,3.768839488761723
89619.97594068068,43242.74696837627,89613.90542568166,43238.22552609971,89616.92967803383,43240.478050381804,7.569319164470107,3.7983818895949306,3.7709372748751764
89619.93713142416,43242.8008504024,89613.83379015751,43238.31785330592,89616.875310587,43240.551896374884,7.572848709973743,3.799018433323503,3.7738302766502403
89619.89615203526,43242.85751274204,89613.7642879418,43238.407472773404,89616.82142194186,43240.62610780549,7.576451213012398,3.7990963581015107,3.7773548549108873
89619.8524750812,43242.9177980945,89613.69749433732,43238.49359019329,89616.76791550085,43240.700612788,7.580066194351167,3.798739065548324,3.7813271288028423
89619.80590944679,43242.982056563764,89613.63365534515,43238.57588623727,89616.71469466639,43240.77533943677,7.5836045282732725,3.7980533562823653,3.785551171990907
89619.7563482823,43243.05049535695,89613.57293657491,43238.654173268624,89616.66166284084,43240.85021586618,7.586977543617095,3.7971446929381747,3.7898328506789207
89619.70357725084,43243.123474672015,89613.4784991345,43238.701741725155,89616.60872342662,43240.92517019061,7.635661059001157,3.7961378776683423,3.8395231813328143
89619.6470761544,43243.20182389759,89613.38905749153,43238.74471698969,89616.55577982611,43241.00013052442,7.683007195969721,3.7952031169274942,3.8878040790422275
89619.58582554509,43243.287140279455,89613.31008385977,43238.78429938944,89616.50273544174,43241.075024982,7.724021606753242,3.7945880770655207,3.9294335296877216
89619.51824498297,43243.3818594421,89613.24421878459,43238.81840246678,89616.44949325074,43241.14978133863,7.758127628729608,3.7946554328563615,3.963472195873247
89619.4423897249,43243.48889125575,89613.19431612354,43238.84438001501,89616.39585932359,43241.22425008842,7.785236566312608,3.796043611834402,3.9891929544782054
89619.35448215481,43243.60946986317,89613.16286654666,43238.85979237345,89616.341420096,43241.298106571005,7.803559450375946,3.7974917035668048,4.0060677468091415
89619.25145003652,43243.74384891518,89613.15137345858,43238.86322759646,89616.28573174785,43241.37100199759,7.8122595139660245,3.798142633194841,4.014116880771184
89619.13582561594,43243.89466403783,89613.15993341019,43238.854777605426,89616.22835045896,43241.44258757933,7.81740000935538,3.803431443683535,4.013968565671845
89619.00783788446,43244.060898124364,89613.18710453993,43238.83601867046,89616.16883240921,43241.51251452746,7.821783810357867,3.8149981710998295,4.006785639258037
89618.86843431264,43244.240680288254,89613.23012714043,43238.80949917417,89616.10673588575,43241.58043424617,7.8286803525365505,3.8345648000088293,3.994115552527721
89618.71889592287,43244.4319200779,89613.28565588423,43238.777837976886,89616.04180533867,43241.646015194754,7.841475736263528,3.8636873597557826,3.9777883765077457
89618.52502443665,43244.59305504969,89613.35070197826,43238.74288406959,89615.97411464778,43241.708956012626,7.810128897776699,3.8503464787689126,3.9597824190077864
89618.32020734885,43244.75302806488,89613.42306937564,43238.70552623954,89615.90377141326,43241.76895842844,7.781660404834613,3.8397700746206307,3.9418903302139827
89618.1092042669,43244.915777815324,89613.50130090398,43238.66614557166,89615.83088323541,43241.82572417087,7.764707115085602,3.839163743337102,3.9255433717484993
89617.89234808205,43245.08003693085,89613.58382830475,43238.6255315418,89615.75555771441,43241.87895496858,7.7604112319291,3.848739898252758,3.9116713336763413
89617.67157749474,43245.24304440756,89613.66089950012,43238.574875625636,89615.67790245052,43241.92835255023,7.781388878647608,3.8680644114262552,3.9133244672213525
89617.45207861999,43245.400180005425,89613.72906435339,43238.519506762146,89615.59802504398,43241.9736186445,7.823330461512664,3.896002749344251,3.9273277121684136
89617.24224096948,43245.544412272844,89613.78785028381,43238.480501152735,89615.51604650753,43242.01450342211,7.863310710002967,3.9293770263167325,3.9339336836862344
89617.05406505046,43245.67151431007,89613.82564409323,43238.46526001778,89615.43230080929,43242.0515261862,7.8963790943791015,3.966665258228946,3.929713836150155
89616.89837485025,43245.777638433894,89613.83190283565,43238.47896000927,89615.34729235897,43242.085821825094,7.9166885351393645,4.004418405681383,3.9122701294579816
89616.7828507919,43245.860677145916,89613.8001262837,43238.523789779814,89615.26153034368,43242.11854248154,7.92001020925299,4.039552914929292,3.8804572943236986
89616.71043612399,43245.920139211936,89613.71786046558,43238.57124174859,89615.1755239505,43242.150840298316,7.934847383413455,4.069836566809855,3.865010816603601
89616.67848098239,43245.957123691056,89613.59056915423,43238.62314444583,89615.08978236651,43242.18386741816,7.9575405137433135,4.094072079604747,3.8634684341385666
89616.67842222797,43245.97478060311,89613.43172205564,43238.688352204954,89615.00481477885,43242.21877598384,7.977035841114139,4.111998613047203,3.8650372280669365
89616.69686178838,43245.97878573893,89613.25432193629,43238.762953718,89614.92111460838,43242.25668115538,7.994955433748713,4.123995705403975,3.870959728344739
89616.71873852616,43245.976886549666,89613.07267532178,43238.841496856265,89614.83881636143,43242.29785618549,8.01296218430491,4.131509623126614,3.881452561178296
89616.73130220066,43245.97723781385,89612.89912830453,43238.918138435314,89614.75769767695,43242.341737222174,8.032212696772833,4.136662829877195,3.895549866895637
89616.72638340147,43245.9865596924,89612.742074274,43238.98810474997,89614.6775208373,43242.38772439126,8.053141672936478,4.141189844913666,3.9119518280228123
89616.7001307373,43246.00927436029,89612.60609015785,43239.04840021188,89614.59804812478,43242.435217818515,8.075576584748438,4.146399820764278,3.9291767639841617
89616.6513383877,43246.04780124355,89612.49330715284,43239.09755472096,89614.51904182171,43242.48361762977,8.099083310775708,4.153323184882703,3.945760125893004
89616.57426000653,43246.09403968795,89612.40474624345,43239.13497125238,89614.44026421045,43242.53232395083,8.11255067851253,4.152078642045757,3.9604720364667734
89616.46045145736,43246.1340780957,89612.34107157463,43239.16040285449,89614.36147757331,43242.580736907505,8.099471401774037,4.126975280474428,3.9724961212996086
89616.32064025631,43246.18507490192,89612.30285698059,43239.17371557301,89614.2824441926,43242.62825662559,8.080949330974724,4.099414524652655,3.98153480632207
89616.15517016787,43246.2466926662,89612.29058734253,43239.17489557455,89614.20292635067,43242.67428323091,8.058865585141545,4.071039805154581,3.9878257799869643
89615.96456494139,43246.31838345643,89612.30444933978,43239.1642605491,89614.12268632985,43242.718216849265,8.036038874370558,4.043972850922915,3.992066023447642
89615.74995577692,43246.39904253777,89612.34380130819,43239.14284659082,89614.04148641243,43242.75945760646,8.015875989897577,4.02062756813203,3.995248421765547
89615.51385245092,43246.486649262624,89612.40628500025,43239.11281207237,89613.95908888077,43242.7974056283,8.001902921730757,4.003474535011392,3.998428386719365
89615.25424937293,43246.56029544966,89612.48696617201,43239.07748867888,89613.87525601719,43242.8314610406,7.978110896876493,3.9756545027627803,4.002456394113713
89614.9758618264,43246.60143128347,89612.57832802054,43239.04076790162,89613.78976542948,43242.86105624741,7.931695854220586,3.9239304368358154,4.00776541738477
89614.69970490254,43246.63884056688,89612.67170863079,43239.00602337033,89613.7026256825,43242.886110089516,7.89763681325411,3.8829309814542046,4.014705831799906
89614.43237780269,43246.671904744086,89612.75945922456,43238.975335537296,89613.61402397562,43242.90691764431,7.8762830144653195,3.8528990186309646,4.023383995834355
89614.17785363749,43246.70106463968,89612.83635996367,43238.949516714165,89613.52415215244,43242.92378377046,7.86677192490609,3.833428804159705,4.033343120746386
89613.93765157985,43246.72722497874,89612.89971525,43238.92862831176,89613.43320205649,43242.93701332667,7.86736434894632,3.823633571501268,4.043730777445052
89613.7117536302,43246.751258854245,89612.94857576553,43238.9124704327,89613.34136553133,43242.94691117163,7.875851977462809,3.8223354946921337,4.053516482770676
89613.4994743672,43246.773812884596,89612.98291010765,43238.9008007545,89613.2488344205,43242.95378216404,7.88994034419236,3.8282443872961913,4.061695956896169
89613.29990749601,43246.795323516984,89613.00316193562,43238.893349915954,89613.15580056752,43242.95793116257,7.90754353253879,3.840097249881574,4.067446282657216
89613.11175868587,43246.799076884425,89613.01019344806,43238.889781086895,89613.06245581599,43242.959663025926,7.909947882910244,3.8397304006678885,4.070217482242357
89612.9345980683,43246.801822670255,89613.00541832998,43238.889682229696,89612.96899200941,43242.95928261277,7.9124573844415185,3.8426939816440258,4.069763402797493
89612.76648097098,43246.80487296694,89612.99086680896,43238.892604169785,89612.87560099136,43242.95709478183,7.91544986230741,3.8493251539278135,4.066124708379596
89612.60516096954,43246.808194741476,89612.96895180986,43238.89812246121,89612.78244773319,43242.95336674863,7.918433383856541,3.8589026226344623,4.059530761222078
89612.44839974024,43246.81169247139,89612.9418964551,43238.90590926725,89612.68956851168,43242.94818545065,7.921170814879181,3.871026850282655,4.0501439645965265
89612.2944346215,43246.81525126213,89612.91137613819,43238.91569139589,89612.59696112241,43242.94158392019,7.923614258366971,3.885462772923866,4.038151485443105
89612.14216372765,43246.8187795182,89612.87838953172,43238.92721655759,89612.50462335418,43242.93359517987,7.925830833161088,3.902055141034665,4.023775692126423
89611.99102925629,43246.822228370205,89612.84337950518,43238.94025019428,89612.41255299565,43242.924252252255,7.927930430605527,3.9207014779198714,4.007228952685655
89611.84079585281,43246.82558627626,89612.80646640803,43238.954587658416,89612.32074783558,43242.91358815996,7.9300150607243145,3.94133012670992,3.9886849340143944
89611.69137226831,43246.828863098875,89612.76763353773,43238.9700678893,89612.22920566263,43242.90163592556,7.932149801039305,3.9638842100722504,3.9682655909670546
89611.54271798262,43246.83207610899,89612.7268221499,43238.98657847713,89612.13792426555,43242.88842857166,7.934351628866043,3.9883112238046072,3.9460404050614364
89611.39827550076,43246.81418029574,89612.68396568704,43239.00405119541,89612.04690143302,43242.87399912085,7.915245783863936,3.9932121520092516,3.922033631854685
89611.25789822296,43246.78066550232,89612.63899867337,43239.02245226029,89611.95613495378,43242.85838059572,7.880184716300739,3.983949475189444,3.8962352411112944
89611.11910880358,43246.74753870418,89612.59185858192,43239.041771715434,89611.86562261653,43242.84160601886,7.845242940431194,3.976630862318946,3.8686120781122475
89610.98185346785,43246.71478299099,89612.5424863311,43239.06201429723,89611.77536220998,43242.823708412856,7.810278075331013,3.971160724074596,3.8391173512564163
89610.84608272546,43246.68238485676,89612.49082678,43239.083192652775,89611.68535152287,43242.80472080032,7.775146632574693,3.967448884221462,3.807697748353232
89610.71175136625,43246.65033286295,89612.4368292648,43239.10532282715,89611.59558834386,43242.78467620383,7.739707371494664,3.965409084716596,3.774298286778068
89610.57881839755,43246.61861699269,89612.3834455146,43239.11595976227,89611.5060704617,43242.763607645975,7.7166407554547325,3.9649581906648983,3.7516825647898346
89610.4472469439,43246.58722835556,89612.3360474072,43239.095369105686,89611.4167956651,43242.74154814936,7.726287737977699,3.96601575528072,3.7602719826969793
89610.31700412568,43246.556159062995,89612.28757971228,43239.074309247975,89611.32776174278,43242.718530736565,7.737004898345507,3.9685037649396433,3.768501133405864
89610.18806091858,43246.52540221112,89612.23802435881,43239.05277245259,89611.23896648342,43242.6945884302,7.748712513338324,3.972346501794514,3.7763660115438107
89610.06039198338,43246.49495197789,89612.1873656137,43239.03075238067,89611.15040767576,43242.66975425282,7.761333161978041,3.9774705335800897,3.783862628397951
89609.93397543418,43246.46480391474,89612.13558982537,43239.00824433471,89611.0620831085,43242.64406122705,7.774791746280871,3.9838049162072187,3.7909868300736527
89609.80879247401,43246.434955622986,89612.08268509911,43238.985245691445,89610.97399057035,43242.61754237549,7.789015710255537,3.991281812383494,3.797733897872043
89609.68482677478,43246.40540813133,89612.02864088246,43238.961756558456,89610.88612785004,43242.59023072071,7.8039357576605575,3.9998378652062256,3.804097892454332
89609.56525229389,43246.366331699195,89611.97344746716,43238.9377805987,89610.79849273627,43242.5621592853,7.809146908925069,3.9990761112252544,3.8100707976998143
89609.45248461464,43246.311241088064,89611.91709551925,43238.913325905756,89610.71108301777,43242.53336109186,7.797657081185876,3.982015470346698,3.815641610839178
89609.3412284376,43246.256811637664,89611.85957730876,43238.88840601082,89610.6238964832,43242.50386916299,7.786878868881425,3.966083021501185,3.8207958473802406
89609.23145053115,43246.20298603506,89611.80089544883,43238.86304230945,89610.53693092134,43242.473716521265,7.776684452907602,3.95116820139205,3.825516251515552
89609.12307866963,43246.1496833902,89611.74109866272,43238.837274061785,89610.45018412085,43242.4429361893,7.766940122758705,3.937154262924648,3.8297858598340575
89609.01589148343,43246.0967632987,89611.6803906854,43238.811192657304,89610.36365387047,43242.41156118967,7.7575186476154965,3.923923806132152,3.8335948414833445
89608.90927472047,43246.04394223207,89611.61937225456,43238.78502462581,89610.2773379589,43242.37962454497,7.748323267569126,3.9113707490281033,3.8369525185410223
89608.80185396508,43245.99066020705,89611.55940904224,43238.75926708997,89610.19123417487,43242.3471592778,7.739325320549693,3.899420006715952,3.8399053138337407
89608.69119815278,43245.93596136244,89611.50293546985,43238.734813999734,89610.10534030707,43242.31419841074,7.7306138229512,3.888054129101734,3.8425596938494655
89608.57393149722,43245.87850669234,89611.45335858595,43238.71295570152,89610.01965994753,43242.280762901515,7.722449181528926,3.8773562044840144,3.845092977044912
89608.44644450316,43245.816791782585,89611.41493710782,43238.69385110292,89609.93430686997,43242.24664464407,7.716750110631027,3.867775202002219,3.848974908628808
89608.30593016508,43245.74948676879,89611.39693892054,43238.66447582442,89609.84949345888,43242.21143052403,7.729923363670624,3.860107463927033,3.869815899743591
89608.1512749027,43245.67577583989,89611.39137244612,43238.648082269414,89609.76543557903,43242.17470019178,7.738650335254433,3.8552620381448452,3.883388297109588
89607.98345790317,43245.59561691452,89611.3971339136,43238.644084259024,89609.6823490951,43242.136033297684,7.744481271501266,3.8542119926017424,3.890269278899524
89607.80529429988,43245.50984095256,89611.41120410098,43238.650505574464,89609.60044982286,43242.09500961535,7.749391416291401,3.8579342157823424,3.891457200509058
89607.63400164752,43245.39617946309,89611.42958360178,43238.66431446192,89609.51990520295,43242.05133055892,7.728159468171945,3.8398758329042586,3.888283635267686
89607.4642355439,43245.2761433543,89611.4485578436,43238.682139676785,89609.44074367326,43242.00504706909,7.7042656163293906,3.8218654205135687,3.8824001958158223
89607.29615833913,43245.156112032135,89611.46559447891,43238.70098392771,89609.36296885868,43241.956272479736,7.68458694844894,3.809288501127466,3.8752984473214744
89607.1310149295,43245.03729877915,89611.4795137541,43238.718655151744,89609.28658438398,43241.90512012477,7.6703780426787675,3.802239181854289,3.8681388608244784
89606.96911592358,43244.92029960688,89611.49150800322,43238.7318795787,89609.21159387406,43241.85170333811,7.664761742361209,3.8006565773699412,3.864105164991269
89606.81031145024,43244.80529305728,89611.50338048192,43238.73825347146,89609.13800095371,43241.79613545365,7.670323739712545,3.804361695214611,3.8659620444979343
89606.6543106478,43244.69224113641,89611.51164003725,43238.74276687312,89609.06580924777,43241.73852980532,7.680487797470501,3.813100592039514,3.8673872054309872
89606.50082164675,43244.58101606685,89611.516296118,43238.745483799,89608.99502238106,43241.67899972702,7.69470084024299,3.8265828280143097,3.8681180122286802
89606.34958947895,43244.471462393965,89611.51737916276,43238.74648334026,89608.92564397844,43241.617658552655,7.712420850900688,3.8445094809337808,3.867911369966907
89606.2019320025,43244.36180185986,89611.51493131029,43238.74584340049,89608.85767766472,43241.55461961614,7.730908812160071,3.8643572779805324,3.8665515341795382
89606.08084106524,43244.22868492365,89611.50900247876,43238.74363863065,89608.79112706473,43241.48999625138,7.716908005646167,3.8530592835623825,3.8638487220837843
89605.96221732936,43244.09831222993,89611.49964312388,43238.73994162173,89608.72599580334,43241.42390179229,7.705531779484919,3.8458994581488035,3.859632321336115
89605.8458791035,43243.9704748725,89611.48809358501,43238.73370189899,89608.66228750534,43241.35644957277,7.697946182680981,3.8425622380946334,3.8553839445863485
89605.73170396975,43243.845018384156,89611.48008843588,43238.719984157025,89608.60000579558,43241.28775292675,7.701292086379845,3.842754478717917,3.8585376076619275
89605.61964874549,43243.72187090723,89611.47069434063,43238.70365795903,89608.53915429888,43241.21792518811,7.708255039243944,3.846200312075195,3.8620547271687498
89605.50976238889,43243.601067109405,89611.4598695904,43238.684698454075,89608.47973662808,43241.14707968326,7.718449097104124,3.8526356263182513,3.8658134707858722
89605.41501002418,43243.47248337644,89611.44750370742,43238.662970799116,89608.42173658048,43241.075317304094,7.715075584185554,3.8453621107455844,3.869713473439969
89605.32740956201,43243.34352183061,89611.4334328709,43238.63823318624,89608.36507774056,43241.0027011585,7.708648511601803,3.8349536349118325,3.873694876689971
89605.24227592761,43243.21815368682,89611.41750922844,43238.61024430077,89608.30967229807,43240.92928720396,7.704955238663167,3.8272483940682465,3.87770684459492
89605.15962482155,43243.0964166682,89611.39962843302,43238.578814190434,89608.25543244276,43240.85513139802,7.703659988492699,3.8219608174191815,3.881699171073517
89605.07944549278,43242.97831583987,89611.37972565374,43238.543811484684,89608.20227036436,43240.78028969822,7.704437616250449,3.8188157978539845,3.885621818396465
89605.00171322943,43242.86383689583,89611.35775981424,43238.50515008221,89608.15009825266,43240.70481806205,7.706975991109031,3.817550337471643,3.8894256536373892
89604.92639861208,43242.752961326696,89611.33370032285,43238.46277355497,89608.09882829738,43240.62877244705,7.710980892825356,3.817916775495716,3.8930641173296396
89604.85346740096,43242.64567286945,89611.30752278329,43238.416648294165,89608.04837268828,43240.55220881075,7.716182977129058,3.819687364175467,3.8964956129535917
89604.7828669312,43242.54194601259,89611.27921828286,43238.366774882474,89607.9986436151,43240.47518311066,7.722346460107629,3.822659882002018,3.8996865781056114
89604.71448582802,43242.44169227219,89611.24883026224,43238.31324223622,89607.94955326758,43240.39775130433,7.729279195658448,3.826663823563417,3.9026153720950307
89604.64806396281,43242.344622302895,89611.21654314357,43238.25636662888,89607.90101383548,43240.31996934926,7.736843878752609,3.8315665799707195,3.90527729878189
89604.58304493684,43242.250005016,89611.18283099473,43238.19693352953,89607.85293750855,43240.24189320298,7.7449702700801115,3.8372790469449574,3.907691223135154
89604.51842790584,43242.15641160249,89611.14860829494,43238.13645104531,89607.80523647653,43240.16357882303,7.753668478417894,3.843760277025619,3.909908201392275
89604.4527496716,43242.061658246705,89611.11524939953,43238.07719662981,89607.75782402144,43240.085081522404,7.763043024557812,3.8510222026056553,3.912020821952157
89604.38429937045,43241.9631173987,89611.08437306117,43238.02188618647,89607.710722454,43240.00639228087,7.77330630615737,3.8592568866962798,3.91404941946109
89604.31149688165,43241.85829127767,89611.05745655243,43237.97306788151,89607.66415440879,43239.927383875394,7.784788546763406,3.868942477013766,3.91584606974964
89604.2332277696,43241.74532372888,89611.03549243257,43237.93257709478,89607.61836401795,43239.84791639818,7.797938281422986,3.8806316494231794,3.917306631999806
89604.14898787686,43241.623232287944,89611.01884217231,43237.90128568639,89607.57359541366,43239.76784994138,7.813308169113869,3.89491725625052,3.918390912863349
89604.07237787716,43241.48488214681,89611.00726214267,43237.87909165441,89607.53009272806,43239.68704459719,7.8162871525424045,3.8971799862154493,3.9191071663269548
89604.02216481042,43241.32291773725,89611.00002011075,43237.86501526997,89607.48810009331,43239.60536045778,7.787653951320195,3.8681662830627825,3.919487668257413
89603.9701204845,43241.15482775568,89610.99608836991,43237.85741208651,89607.44785794755,43239.52266174084,7.761261161824204,3.8416954280497047,3.9195657337744993
89603.91712243605,43240.98252082309,89610.99443221251,43237.85440971691,89607.4095183832,43239.43891133099,7.737789914738168,3.818318964645405,3.9194709500927636
89603.86379708868,43240.80766036131,89610.99425961643,43237.854392918474,89607.37314322461,43239.35417292644,7.717854912384935,3.7984386299012844,3.9194162824836507
89603.81043651809,43240.63132419443,89610.99510379284,43237.85628148831,89607.3387902178,43239.268514780364,7.701967662203364,3.7823972992352415,3.919570362968122
89603.7570713277,43240.45399020711,89610.99676997164,43237.859560233854,89607.30651710865,43239.18200514593,7.6905333586970075,3.7704789281745956,3.9200544305224123
89603.70360006823,43240.27571038346,89610.99921142432,43237.86411509796,89607.2763816431,43239.0947122763,7.683862107053277,3.76291439057927,3.920947716474007
89603.64989235322,43240.096304175866,89611.00241933984,43237.87004267455,89607.24844156709,43239.006704424646,7.682180247901915,3.7598914961091756,3.922288751792739
89603.5958454795,43239.91548592182,89611.00635133177,43237.877523129995,89607.2227546266,43238.91804984411,7.685628752897782,3.761562001396345,3.924066751501436
89603.54141624407,43239.73293923596,89611.01088023516,43237.886744695854,89607.1993785675,43238.828816787885,7.6942398321139445,3.768040042347607,3.926199789766338
89603.48665482938,43239.5484025424,89611.01573940233,43237.89781343069,89607.17837113579,43238.739073509125,7.7078893947882765,3.779389206087429,3.9285001887008475
89603.43175232357,43239.361844004714,89611.02045721859,43237.91056826675,89607.15979007738,43238.64888826099,7.726230856722373,3.795598949619457,3.9306319071029163
89603.3770862108,43239.173766417516,89611.02430255676,43237.92426496935,89607.14369313819,43238.55832929667,7.7486238591644785,3.816554807038799,3.932069052125679
89603.3659470909,43238.979734425244,89611.02629187361,43237.93723646272,89607.13013806418,43238.4674648693,7.730956227519289,3.798888492868223,3.932067734651066
89603.35922858419,43238.78984684739,89611.02529822581,43237.94680522805,89607.11918053617,43238.37636299837,7.712285194553742,3.7826191421607107,3.929666052393031
89603.35328503956,43238.607456428756,89611.02021415146,43237.94965157943,89607.11073580256,43238.28507581235,7.695096440379775,3.771255162176141,3.9238412782036343
89603.34812821867,43238.435106449964,89611.01009455144,43237.942559032395,89607.10449136746,43238.193629668676,7.677781648568718,3.7641167810606295,3.913664867508089
89603.3436298913,43238.274662185744,89610.9942291413,43237.923110682554,89607.10011391737,43238.1020485691,7.658672035250821,3.760447805621936,3.898224229628885
89603.33961236673,43238.12717741724,89610.972118735,43237.88989229672,89607.09727013882,43238.01035651539,7.636193926947326,3.7594732417266705,3.876720685220654
89603.33592344672,43237.993104681475,89610.94345591441,43237.84230345037,89607.09562671836,43237.918577509314,7.6090269587054635,3.760441861031832,3.848585097673631
89603.33246321268,43237.87259198188,89610.90814718624,43237.78025862964,89607.09485034253,43237.82673555263,7.576246637704914,3.762666571331213,3.8135800663737007
89603.32917846624,43237.765687290266,89610.87010493266,43237.70393956362,89607.09460769783,43237.7348546471,7.541179268104701,3.7655554636685453,3.7756238044361554
89603.32605304482,43237.67242250606,89610.8624224328,43237.613500207575,89607.0945654708,43237.64295879448,7.536599723303492,3.7686276036675515,3.7679721196359393
89603.32311259216,43237.592802836174,89610.85403012874,43237.50946993621,89607.094390348,43237.551071996546,7.531378579983943,3.771508633772596,3.7598699462113463
89603.3204486846,43237.52667047335,89610.84494938083,43237.392161099866,89607.0937490159,43237.459218255055,7.5257028574884774,3.7739031773448377,3.75179968014364
89603.31824676356,43237.473295461816,89610.8351514492,43237.262423444554,89607.09230816107,43237.36742157177,7.519861904352802,3.7755461476085985,3.7443157567442036
89603.31676371086,43237.43049820123,89610.82457772213,43237.122477938596,89607.08973447005,43237.275705948465,7.5141298704564745,3.7761447259401346,3.7379851445163395
89603.3161652936,43237.39337650672,89610.81329029475,43236.97714238939,89607.08569462932,43237.18409538688,7.5086705962790266,3.775334422274332,3.7333361740046946
89603.31619924644,43237.35337449152,89610.80177576166,43236.83474489231,89607.07985532546,43237.092613888795,7.50352133510289,3.7726785144005848,3.730842820702305
89603.31592351713,43237.29887936943,89610.79119142592,43236.7065954763,89607.07194988748,43237.00128014644,7.498695254385622,3.767797684627191,3.730897569758431
89603.31390243073,43237.21783819984,89610.78315813196,43236.60455642158,89607.06260266078,43236.91004186307,7.494390920543018,3.761315195471898,3.73307572507112
89603.3089828009,43237.10130947343,89610.79092683879,43236.53675339229,89607.05307336139,43236.81879612081,7.503213321964433,3.7547340677538643,3.7484792542105674
89603.30111319988,43236.94608162778,89610.81274868044,43236.507359937226,89607.0446353789,43236.72743891232,7.524436478211807,3.7499017242926214,3.774534753919185
89603.29147252736,43236.75526997199,89610.82457526345,43236.51522216024,89607.03856210293,43236.635866230325,7.536926414958032,3.748991536514711,3.78793487844332
89603.29450882865,43236.536796325825,89610.8259160539,43236.5512658492,89607.03607473934,43236.54398471357,7.531421124839217,3.74157281593848,3.7898483089007375
89603.34031862477,43236.30306682177,89610.81744500082,43236.60395827629,89607.03764824221,43236.45185324459,7.483178102304159,3.7003221075488795,3.782855994755279
89603.39025104915,43236.06462950918,89610.80112714232,43236.66313735736,89607.04320028303,43236.35964439784,7.435004782289005,3.6648426828307863,3.770162099458219
89603.44290177422,43235.827235267025,89610.79370573495,43236.723851576906,89607.05263515627,43236.26753347685,7.405284577662667,3.636486986511447,3.7687975911512206
89603.4968994594,43235.59327193675,89610.79609145687,43236.78443861733,89607.0658571565,43236.175695785125,7.395747553622711,3.616168771349767,3.7795787822729436
89603.55130393697,43235.36300140316,89610.79871496202,43236.84329159329,89607.08277057821,43236.08430662619,7.397041679819938,3.6043775971720353,3.7926640826479026
89603.60568067292,43235.13573532828,89610.80141737981,43236.900530511324,89607.10327971594,43235.99354130351,7.408989728234377,3.601253970065556,3.8077357581688207
89603.66002170234,43234.91053719698,89610.8036934174,43236.95651075371,89607.1272888642,43235.90357512065,7.430885099870064,3.606669639648606,3.8242154602214575
89603.71464264327,43234.68658535943,89610.80471407554,43237.01142484082,89607.15470231752,43235.81458338109,7.4615006217810675,3.620274865154808,3.8412257566262595
89603.77005532112,43234.463498999976,89610.80338798402,43237.06491741861,89607.18542437043,43235.726741388346,7.499009677010058,3.6415006624697055,3.8575090145403523
89603.82670983433,43234.24187485975,89610.79859569833,43237.11547962246,89607.21935931743,43235.64022444593,7.540875070764153,3.6695302261090634,3.8713448446550904
89603.90190023366,43234.0319650093,89610.78972637127,43237.15964329581,89607.25641145307,43235.55520785736,7.56468904620854,3.684157202851413,3.8805318433571268
89604.00959110144,43233.848134615066,89610.77741323851,43237.191452525025,89607.29648507187,43235.47186692613,7.548588684390951,3.6660849132101783,3.8825037711807724
89604.1090072909,43233.68044666194,89610.76397246154,43237.202977750414,89607.33945898028,43235.39035290696,7.52972686700753,3.6550783143655865,3.874648552641943
89604.1962601731,43233.5347890549,89610.75292524697,43237.18607532032,89607.3847998544,43235.31042819673,7.504781694549497,3.6496136317613526,3.855168062788145
89604.2680441317,43233.41545267851,89610.74759940489,43237.13509267225,89607.43164060857,43235.23154027763,7.471302310924654,3.647809868413459,3.8234924425111947
89604.3231705231,43233.323487952504,89610.74952592759,43237.04914075559,89607.47910456163,43235.15312757822,7.428225400048749,3.647944738551267,3.7802806614974824
89604.36354050992,43233.255717577355,89610.75754829413,43236.932910082935,89607.52631503245,43235.074628527036,7.375979953041162,3.6485037649996723,3.727476188041489
89604.39178724909,43233.20365226287,89610.76821414653,43236.79588004563,89607.57239603951,43234.995481989274,7.318669306763115,3.6506062573442315,3.6680630494188833
89604.41483855208,43233.157944930215,89610.8154079028,43236.670878950565,89607.61680615805,43234.915335612,7.301232323704811,3.652535907847824,3.648696415856988
89604.43978909556,43233.109754442485,89610.87717243591,43236.55751307396,89607.6598735336,43234.83437970222,7.302529962386095,3.6528449289052753,3.64968503348082
89604.47016118295,43233.052049258455,89610.93359785096,43236.453537898145,89607.7020657739,43234.75289159905,7.303844092485568,3.6521325212238525,3.651711571261715
89604.50722139962,43232.98182418661,89610.9833619918,43236.36197754439,89607.74385048666,43234.67114864162,7.305192241953845,3.6509704136532486,3.6542218283005963
89604.55045321664,43232.89974201271,89611.02691590316,43236.28223677831,89607.78569527963,43234.589428169056,7.306561418970666,3.6499082883110994,3.6566531306595658
89604.59832501783,43232.808730077595,89611.06574464093,43236.21144986637,89607.82799314873,43234.507963512355,7.307942155099178,3.6494041296647595,3.658538025434418
89604.64904496973,43232.71232856566,89611.10163569126,43236.14608340294,89607.87081151147,43234.42679596716,7.309350128574297,3.6495449196150505,3.6598052089592468
89604.70110551993,43232.61347880247,89611.13611301352,43236.08318156535,89607.9141290024,43234.34591446248,7.310824762319077,3.6503223439836234,3.6605024183354535
89604.75352228466,43232.51404025475,89611.17018320499,43236.020869589855,89607.95792425411,43234.265307926114,7.312413373981153,3.651729787176365,3.660683586804788
89604.80910326178,43232.4167600655,89611.20437398947,43235.95822384368,89608.00217589921,43234.184965285895,7.310366158587586,3.6499674751043685,3.660398683483217
89604.868540691,43232.322549144425,89611.23890580247,43235.89489639896,89608.04686257026,43234.104875469646,7.303644060366022,3.6439562425777856,3.6596878177882357
89604.9275628523,43232.22917636459,89611.27384765599,43235.830801316275,89608.09196289991,43234.02502740518,7.2970564683368515,3.638476139990822,3.6585803283460296
89604.98614326736,43232.13660290686,89611.30920579938,43235.76594825942,89608.13745552477,43233.94541002176,7.290628743249097,3.6335316322595426,3.6570971109895543
89605.04428725308,43232.04476852725,89611.34496349328,43235.70037487068,89608.1833207355,43233.86601283073,7.284365368501438,3.629113117091553,3.6552522514098844
89605.10201214577,43231.953616345716,89611.38109924408,43235.6341198223,89608.22954301043,43233.78682681728,7.278258076586046,3.6252048138622914,3.6530532627237546
89605.15933565746,43231.86310369227,89611.41759560417,43235.56721166201,89608.27610748063,43233.70784319628,7.272292170434358,3.6217855313912595,3.650506639043099
89605.2162709573,43231.77320364061,89611.4544420979,43235.499666292766,89608.32299927715,43233.62905318263,7.2664505143309555,3.6188310786745803,3.6476194356563756
89605.27282639508,43231.683901130025,89611.49349825516,43235.432613354984,89608.37020353103,43233.5504479912,7.2628921055138,3.6163161237937573,3.646575981720043
89605.32900713281,43231.59518786451,89611.53500239697,43235.36622770689,89608.41770537334,43233.472018836874,7.261894980758629,3.614215173440014,3.647679807318615
89605.38481666803,43231.50705866007,89611.57687095593,43235.299261574015,89608.46548993514,43233.39375693455,7.261015028557595,3.6125030322019756,3.6485119963556194
89605.4402576646,43231.41950965971,89611.61910539075,43235.23171232221,89608.51354234744,43233.315653499114,7.26023748668115,3.611154967808645,3.649082518872505
89605.49533228557,43231.33253768964,89611.66170703097,43235.16357762936,89608.56184774135,43233.237699745456,7.259548506654294,3.6101467420945417,3.649401764559752
89605.55004231303,43231.24614007467,89611.70467698897,43235.09485561389,89608.6103912479,43233.15988688845,7.258935135139014,3.609454594591666,3.6494805405473483
89605.60438920236,43231.16031458522,89611.7480161404,43235.025544832,89608.6591579981,43233.08220614298,7.258385275968265,3.609055216429316,3.649330059538949
89605.65837411705,43231.075059415394,89611.79172512559,43234.95564424464,89608.70813312307,43233.00464872394,7.2578876548844145,3.6089257258194953,3.6489619290649187
89605.71199795556,43230.99037316084,89611.83580435917,43234.88515318512,89608.75730175384,43232.92720584621,7.257431798263712,3.609043651013768,3.648388147249944
89605.76526137331,43230.90625479378,89611.8802540438,43234.814071329165,89608.80664902143,43232.8498687247,7.257008022212836,3.6093869200438835,3.6476211021689524
89605.81816480214,43230.822703636346,89611.92507418606,43234.7423986663,89608.85616005694,43232.772628574254,7.256607427111767,3.609933854191076,3.646673572920691
89605.87070846863,43230.739719333695,89611.97026461334,43234.67013547207,89608.90581999141,43232.695476609784,7.256221894569278,3.610663163284946,3.645558731284332
89605.92289241168,43230.65730182636,89612.01582499099,43234.59728228034,89608.95561395587,43232.618404046174,7.255844085547126,3.6115539427207177,3.644290142826408
89605.97471649983,43230.575451322584,89612.0617548403,43234.52383985602,89609.0055270814,43232.54140209831,7.255467439751349,3.612585671507073,3.6428817682442753
89606.02618044798,43230.494168270445,89612.10805355647,43234.44980916819,89609.05554449905,43232.46446198108,7.255086175893966,3.613738211332644,3.641347964561322
89606.07728383345,43230.41345332939,89612.15472042793,43234.37519136374,89609.10565133982,43232.38757490935,7.2546952942728336,3.614991807195601,3.6397034870772336
89606.12802611064,43230.3333073411,89612.20175465719,43234.299987742284,89609.15583273486,43232.310732098034,7.254290582976456,3.6163270901564695,3.637963492819986
89606.17840662359,43230.253731298806,89612.24915538462,43234.22419973298,89609.20607381515,43232.233924762,7.253868630347813,3.6177250827740637,3.636143547573749
89606.22842461572,43230.17472631493,89612.29692171606,43234.14782887384,89609.25635971176,43232.157144116136,7.253426845321288,3.6191672086724695,3.6342596366488187
89606.27807923738,43230.096293585506,89612.34505275422,43234.07087679521,89609.30667555575,43232.08038137534,7.252963487073395,3.620635305772406,3.6323281813009896
89606.32736957593,43230.01843431648,89612.39354760869,43233.993345242394,89609.35700647818,43232.00362775447,7.252477700354814,3.6221116418113515,3.630366058543461
89606.37629480269,43229.94114947561,89612.44240529071,43233.91523627373,89609.40733761007,43231.926874468445,7.251969548468729,3.6235789279888593,3.6283906204798697
89606.42485475872,43229.86443889138,89612.49162417038,43233.83655311076,89609.45765408251,43231.85011273213,7.251440027058089,3.6250203227286217,3.6264197043294666
89606.47305177276,43229.78829849697,89612.54120020445,43233.757302837315,89609.50794102655,43231.77333376042,7.2508910378441005,3.626419415885051,3.6244716219590494
89606.52089481287,43229.71271402524,89612.5911228409,43233.67750262634,89609.5581835732,43231.69652876821,7.250325300538219,3.6277601833703854,3.6225651171678344
89606.5684060351,43229.63765100027,89612.64136854713,43233.597189628745,89609.60836685357,43231.61968897036,7.249746190241736,3.6290269071330052,3.62071928310873
89606.61562665399,43229.5630456454,89612.6918950348,43233.516429904754,89609.65847599869,43231.54280558176,7.2491575053770285,3.6302040631527492,3.6189534422242797
89606.66261634711,43229.48880556451,89612.7426419481,43233.43531757171,89609.70849636654,43231.46586994846,7.248563190849531,3.631276452025341,3.6172867388241903
89606.70944319533,43229.41482495206,89612.79354131414,43233.353958935404,89609.75841977245,43231.388877147605,7.247967056908879,3.632236258638378,3.6157307982705014
89606.75616842984,43229.34100803445,89612.84453270506,43233.27244914757,89609.80824526172,43231.31182643408,7.24737254276723,3.6330838349871764,3.614288707780054
89606.80283537108,43229.26728637314,89612.89557370306,43233.19085580772,89609.85797226198,43231.23471728359,7.246782561241899,3.6338197271559265,3.6129628340859714
89606.84946819376,43229.19362113592,89612.9466410076,43233.10921686613,89609.90760020069,43231.15754917181,7.2461994344781475,3.6344442081255317,3.611755226352616
89606.89607754811,43229.11999467695,89612.99772477633,43233.02754909123,89609.95712850543,43231.08032157446,7.245624914266562,3.6349572911374874,3.6106676231290753
89606.94266717872,43229.04640038464,89613.04882201196,43232.94585821414,89610.00655660374,43231.003033967216,7.245060262790519,3.6353587698013494,3.6097014929891693
89606.98923821785,43228.97283599507,89613.09993228725,43232.86414559712,89610.05588392311,43230.92568582578,7.244506361986039,3.635648269963085,3.6088580920229547
89607.03579107924,43228.89930057392,89613.15105586752,43232.78241124246,89610.10510989111,43230.84827662584,7.243963824796243,3.635825301068517,3.6081385237277264
89607.08232605438,43228.8257935127,89613.20219312541,43232.700654796005,89610.15423393529,43230.7708058431,7.243433090182095,3.635889298946682,3.6075437912354134
89607.12884344469,43228.75231426562,89613.25334441739,43232.61887581356,89610.20325548314,43230.69327295326,7.242914494083323,3.635839656703927,3.607074837379397
89607.17534357426,43228.678862291956,89613.30451007705,43232.53707382185,89610.25217396223,43230.61567743199,7.2424083168789535,3.635675745033579,3.6067325718453747
89607.22182678177,43228.605437048056,89613.35569042829,43232.45524832974,89610.30098880007,43230.538018755,7.241914811615253,3.635396923167371,3.6065178884478812
89607.26829341793,43228.532037985504,89613.40688579243,43232.373398832715,89610.34969942423,43230.46029639799,7.241434215589657,3.6350025420878476,3.6064316735018096
89607.3147438498,43228.45866455374,89613.45809648882,43232.29152481337,89610.39830526222,43230.38250983665,7.24096674603432,3.6344919392882256,3.606474806746095
89607.36117847582,43228.38531620924,89613.50932282714,43232.209625736556,89610.44680574158,43230.30465854668,7.240512573385395,3.6338644211708773,3.606648152214517
89607.4075977616,43228.3119924373,89613.56056508492,43232.12770103549,89610.49520028984,43230.22674200376,7.2400717529648535,3.633119221084024,3.6069525318808298
89607.4540023127,43228.23869279651,89613.61182345684,43232.04575008075,89610.54348833454,43230.148759683594,7.239644080248435,3.632255413963493,3.6073886662849417
89607.50039300996,43228.16541700077,89613.66309795559,43231.963772119954,89610.59166930322,43230.07071106188,7.239228816547582,3.6312717580166116,3.6079570585309706
89607.5467712512,43228.092165026,89613.71438822227,43231.8817662018,89610.63974262342,43229.99259561432,7.238824225897673,3.630166432873756,3.6086577930239168
89607.59313965394,43228.01893671079,89613.76569289522,43231.7997316136,89610.68770772265,43229.91441281658,7.238426874231979,3.6289366485969166,3.6094902256350623
89607.63950438553,43227.94572888947,89613.81700736788,43231.71767078235,89610.73556402848,43229.83616214438,7.23803072252365,3.6275781458105407,3.6104525767131097
89607.68588308216,43227.87252327957,89613.86831596607,43231.63560139408,89610.78331096841,43229.7578430734,7.237626217208461,3.62608469779206,3.6115415194163996
89607.73232760951,43227.79924918956,89613.919569263,43231.553593654215,89610.83094797,43229.67945507935,7.237199847868467,3.624447865043629,3.6127519828248387
89607.7789732017,43227.72570070302,89613.97063488813,43231.47185313591,89610.87847446078,43229.600997637914,7.236734932943718,3.6226574015630653,3.6140775313806537
89607.82611110414,43227.65141166066,89614.02122445861,43231.39084623954,89610.9258898683,43229.52247022479,7.236214510678356,3.620702768409593,3.615511742268763
89607.87424546729,43227.57555414329,89614.0708355997,43231.31140301216,89610.97319362006,43229.44387231567,7.23562685882668,3.6185760247341325,3.6170508340925474
89607.92316706722,43227.49642826089,89614.11957472717,43231.23516829926,89611.02039047734,43229.365206722,7.236963794494698,3.617336836529124,3.619626957965574
89607.97425147232,43227.413151102875,89614.16735665257,43231.16382481389,89611.06757272006,43229.286530990015,7.240311116256304,3.6163778208666346,3.623933295389669
89608.0283671717,43227.32484686388,89614.21197530911,43231.09747484781,89611.11490417522,43229.207947412,7.243599347158125,3.6156297305457077,3.627969616612418
89608.08583872968,43227.23104171369,89614.25310155233,43231.03661681657,89611.16255076854,43229.12955959278,7.2468981355697295,3.615318396394305,3.631579739175425
89608.14655399737,43227.13204341289,89614.29086385624,43230.980959788685,89611.21067842569,43229.051471137165,7.250289712116847,3.6156688594150737,3.634620852701773
89608.20985370826,43227.02908276897,89614.32596418397,43230.92927300471,89611.25945307236,43228.97378564999,7.25384665029511,3.616894465829731,3.6369521844653794
89608.27450845506,43226.92426806822,89614.35970103287,43230.87942818036,89611.30904057577,43228.89660669997,7.25760705891925,3.6191856639209146,3.638421394998336
89608.33889066806,43226.82022504457,89614.39378628864,43230.82877093898,89611.3595281947,43228.81998935343,7.26155638714155,3.622610710298525,3.638945676843024
89608.40133421305,43226.71950482822,89614.42995891474,43230.77474542507,89611.4107692895,43228.743844358294,7.265623998816473,3.626933968576108,3.638690030240364
89608.46050127629,43226.62406602451,89614.46960506827,43230.71542151219,89611.46257391376,43228.6680557416,7.269698625757907,3.6318499534217215,3.6378486723361854
89608.51554364931,43226.53510769918,89614.51359418793,43230.64965601495,89611.51475212103,43228.59250753043,7.273659196489218,3.6370517624169065,3.6366074340723116
89608.56224420153,43226.450622307384,89614.56235341463,43230.57692238949,89611.56711396492,43228.51708375184,7.282009539728447,3.646848666499818,3.6351608732286294
89608.60061527304,43226.37101564891,89614.6160406672,43230.49703711504,89611.61946949897,43228.4416684329,7.294477075956465,3.660749074879583,3.6337280010768818
89608.63474552825,43226.29930488717,89614.67468097026,43230.4099615891,89611.67162877675,43228.36614560067,7.3060467193106,3.6734847760616396,3.63256194324896
89608.66462337926,43226.23553011299,89614.73821390807,43230.31573207464,89611.72340185185,43228.2903992822,7.316867496381761,3.6849169660931422,3.631950530288619
89608.6903435849,43226.1795344705,89614.80644763802,43230.214518451736,89611.77459877782,43228.21431350457,7.327197589632698,3.6949906376818724,3.632206951950826
89608.71224667675,43226.13076660191,89614.87892975843,43230.10681257871,89611.82502960824,43228.13777229484,7.337364774872915,3.70371292489485,3.6336518499780652
89608.7310881323,43226.08800665465,89614.95479052822,43229.99369534745,89611.87450439668,43228.06065968006,7.347712275124547,3.711121901763658,3.6365903733608884
89608.74810286409,43226.04919893429,89615.03268809192,43229.877006190596,89611.9228331967,43227.982859687305,7.358540607839675,3.717251214614037,3.6412893932256387
89608.76483684781,43226.01162508045,89615.11097775385,43229.759190973586,89611.9698720438,43227.90428406244,7.37005797281901,3.7221510756079472,3.6479068972110626
89608.78278423999,43225.97245059585,89615.18806017414,43229.64280818375,89612.01570686701,43227.82498313577,7.3823495322121815,3.726079108629954,3.656270423582228
89608.80305561621,43225.92933978705,89615.26269804052,43229.529971831624,89612.06049529523,43227.74505045973,7.395372294233189,3.72930536552101,3.66606692871218
89608.8262751849,43225.88076260807,89615.3341246852,43229.42206471049,89612.10439498097,43227.664579600954,7.40897602231987,3.732033287835664,3.6769427344842063
89608.85269126469,43225.82591736583,89615.39914505016,43229.31831611237,89612.14756357671,43227.583664126076,7.419764562984959,3.734415245480342,3.6853493175046164
89608.88235394261,43225.764465169035,89615.45947613615,43229.22010862191,89612.19015873497,43227.502397601755,7.429670788276337,3.736573521968461,3.6930972663078765
89608.91524584079,43225.696290095555,89615.51611271,43229.12813496577,89612.23233810824,43227.42087359461,7.439691031101632,3.738621317540127,3.7010697135615054
89608.95187219733,43225.62163675812,89615.56902424945,43229.04245492183,89612.27425934901,43227.339185671284,7.449073646433054,3.740084311184312,3.708989335248742
89608.99698904697,43225.54297450596,89615.61819130009,43228.96310945849,89612.31608010978,43227.25742739844,7.452358175123045,3.735734760903833,3.716623414219212
89609.0456837168,43225.457841908465,89615.66361388752,43228.89011022252,89612.35795804305,43227.175692342695,7.455029545491392,3.731242598213168,3.7237869472782243
89609.09787429542,43225.36640310646,89615.70534256382,43228.82337491096,89612.40005080133,43227.094074070694,7.4571637352919256,3.7268239342407243,3.730339801051201
89609.15337525235,43225.26904199634,89615.74354446713,43228.762592125575,89612.44251603709,43227.01266614909,7.458902250655792,3.722723772702742,3.7361784779530502
89609.21180523194,43225.166533837735,89615.77859964143,43228.70704035005,89612.48551140283,43226.9315621445,7.460427278663506,3.7192038149315323,3.741223463731973
89609.2725163196,43225.06014880939,89615.81117539838,43228.65547525424,89612.52919455108,43226.85085562358,7.461932376644061,3.7165284874211326,3.745403889222929
89609.33462584419,43224.951542933006,89615.84219569441,43228.60623386682,89612.57370448418,43226.770629260456,7.463593717317265,3.7149300804683767,3.748663636848888
89609.39717857788,43224.84242325703,89615.87267484152,43228.557573647544,89612.61904149709,43226.69088471777,7.465547152385016,3.714459643338188,3.7510875090468274
89609.45935276263,43224.73418155868,89615.9034959179,43228.508061968125,89612.66514337297,43226.61158714847,7.467874821555461,3.7150700109101256,3.752804810645336
89609.52058724334,43224.62771136029,89615.93527340984,43228.45677255819,89612.7119475927,43226.53270152895,7.470602938974536,3.7166878295268186,3.753915109447718
89609.58057724817,43224.523461585704,89615.9683535989,43228.40323495665,89612.7593916372,43226.454192835605,7.473709127125011,3.719218208070798,3.7544909190542124
89609.6391901405,43224.421606949436,89616.00289839854,43228.3472629207,89612.80741298734,43226.37602604483,7.477135654659149,3.722551545338274,3.754584109320875
89609.69637858988,43224.322199274546,89616.03897341019,43228.28880075606,89612.85594912403,43226.29816613303,7.480804526770819,3.726570942040367,3.754233584730452
89609.75244073107,43224.225448491474,89616.0766027269,43228.22783882241,89612.90493752815,43226.22057807658,7.484260371648518,3.730787868124078,3.75347250352444
89609.81238023797,43224.134563164924,89616.11579259088,43228.16438355065,89612.9543156806,43226.143226851906,7.481474429012884,3.7291404013619753,3.7523340276509094
89609.87072401507,43224.04608641606,89616.1565353664,43228.09845754062,89613.0040210623,43226.06607743538,7.478845905332501,3.7279906255648427,3.750855279767659
89609.92750550986,43223.95996154724,89616.19879901777,43228.03011943827,89613.0539911541,43225.98909480341,7.476316440625722,3.727236812297566,3.749079628328156
89609.98280403003,43223.8760654229,89616.24250426138,43227.95950005035,89613.10416343693,43225.91224393238,7.473840066720068,3.726782455348533,3.747057611371535
89610.0367692829,43223.79417070538,89616.28750026677,43227.88683885929,89613.15447539165,43225.835489798694,7.471383436198313,3.7265365986740484,3.7448468375242645
89610.08962519982,43223.713940051355,89616.33356132598,43227.81248821973,89613.20486473235,43225.75879749739,7.468924650584178,3.726413734363083,3.7425109162210948
89610.1416377478,43223.6349742763,89616.38042215176,43227.73685952934,89613.25528817784,43225.68214179405,7.466451196400213,3.72635396147769,3.7400972349225228
89610.1930574256,43223.556898187795,89616.42783774152,43227.66033297931,89613.30573521975,43225.605514130635,7.463957574637343,3.7263373883044224,3.7376201863329204
89610.24406977273,43223.479434381574,89616.47562900363,43227.58318923371,89613.35619859556,43225.52890760071,7.461443180421684,3.7263502634421752,3.7350929169795086
89610.29478437337,43223.40241938593,89616.52369306347,43227.50559402454,89613.40667104267,43225.45231529787,7.458910482403712,3.7263805350991266,3.732529947304586
89610.34525616046,43223.32577148283,89616.57198169822,43227.42763065885,89613.45714529855,43225.37573031568,7.456363699713739,3.7264172101572015,3.729946489556537
89610.39551906801,43223.2494400701,89616.62046758369,43227.34935096028,89613.50761410061,43225.29914574772,7.453807975137484,3.7264498999425975,3.7273580751948874
89610.44561981272,43223.173354745486,89616.67061561513,43227.27181721288,89613.55807018628,43225.22255468755,7.453050874425308,3.7264685334028065,3.726582341022502
89610.49564794556,43223.097379752224,89616.72179509584,43227.194803987724,89613.60850629302,43225.14595022875,7.453441735378561,3.7264632144511793,3.726978520927382
89610.54575355368,43223.02128684072,89616.7728982902,43227.117904542836,89613.65891515822,43225.06932546489,7.453831777473844,3.7264242085430306,3.727407568930813
89610.59613803457,43222.9447689781,89616.82372473991,43227.041422886046,89613.70929209414,43224.99267538994,7.454220912610908,3.7263452430306763,3.7278756695802313
89610.64701480011,43222.867500217624,89616.87406010581,43226.96568491074,89613.75965661819,43224.916012863316,7.4546100513794915,3.7262505480997867,3.728359503279705
89610.69856313615,43222.78920666444,89616.92372322001,43226.89096618108,89613.8100415151,43224.83936053675,7.4550016232122385,3.7261815042804214,3.7288201189318166
89610.75218620893,43222.71055418068,89616.97259298222,43226.817450075294,89613.86047970568,43224.76274116238,7.453861704799479,3.72464224721707,3.7292194575824094
89610.80675523235,43222.63066906281,89617.02060602266,43226.74523048502,89613.91100411069,43224.68617749241,7.452620837091061,3.7231003213509237,3.7295205157401377
89610.86220712915,43222.549473259285,89617.06774163216,43226.67433389802,89613.96164765093,43224.609692278966,7.451384687227633,3.721697725111261,3.7296869621163724
89610.91852049922,43222.46700350938,89617.11401834668,43226.60472373242,89614.0124432472,43224.53330827422,7.450162563455829,3.7204802581928487,3.729682305262981
89610.9756085262,43222.38339676038,89617.15952002846,43226.536260826295,89614.06342382023,43224.45704823034,7.448962439008182,3.719493743629528,3.729468695378654
89611.0332633051,43222.29897161717,89617.20445199622,43226.46862154192,89614.11462229087,43224.380934899484,7.447788286221659,3.7187826379190714,3.7290056483025875
89611.09110037163,43222.21430511531,89617.24919691565,43226.40122097802,89614.1660715799,43224.304991033794,7.44663799891631,3.7183888367654823,3.7282491621508265
89611.14855943409,43222.13022306066,89617.29431405218,43226.333223661975,89614.21780279114,43224.22923814943,7.445502929986237,3.7183489787407704,3.727153951245466
89611.20499529103,43222.047660569064,89617.34044734015,43226.263685871214,89614.26979336479,43224.15366125516,7.444369764819589,3.7186322919486776,3.7257374728709114
89611.25982053476,43221.967456134866,89617.3881811223,43226.19176545598,89614.3219595112,43224.07820370528,7.443224619163394,3.7191330195416827,3.724091599621711
89611.31261368644,43221.89020467751,89617.43793241469,43226.11686990455,89614.37421410238,43224.00280658302,7.442058079861191,3.7197424531854963,3.722315626675694
89611.36314287191,43221.81623505971,89617.48992903334,43226.038677775425,89614.42647001034,43223.92741097163,7.440868978512744,3.7203544035597513,3.720514574952993
89611.41133857542,43221.74565834524,89617.5442390151,43225.95708838078,89614.47864010712,43223.85195795432,7.439664693207854,3.7208650512482904,3.7187996419595635
89611.45730350354,43221.67835787073,89617.60076261895,43225.87222911868,89614.5306372647,43223.776388614344,7.438457228959818,3.7211709727750555,3.7172862561847615
89611.50144734283,43221.61378792299,89617.65909881213,43225.78465355936,89614.58237435514,43223.700644034914,7.4372570060534855,3.7211664417349097,3.7160905643185758
89611.54477217956,43221.55052679431,89617.71813722643,43225.695702260906,89614.63376425048,43223.62466529927,7.435920632360233,3.7207422044464735,3.71517842791376
89611.58916483882,43221.48578383485,89617.77601136873,43225.60816236082,89614.68471982269,43223.54839349064,7.434451875961586,3.7197875275765737,3.714664348385012
89611.63733333029,43221.41544280673,89617.83015394551,43225.52622426268,89614.73515398573,43223.471769720665,7.433004194194575,3.7181948833103533,3.714809310884221
89611.69203404906,43221.33528674819,89617.87780499923,43225.454106807774,89614.78513193631,43223.39483821346,7.4315840122505845,3.716047198061264,3.7155368141893206
89611.75467431822,43221.243299735695,89617.91752467232,43225.39384988973,89614.83521377057,43223.31797829575,7.430194551168167,3.7140294082082215,3.7161651429599454
89611.82541710632,43221.1427199331,89617.95056147713,43225.34320076756,89614.88605994736,43223.24163725106,7.427074309847314,3.7111977188027656,3.715876591044549
89611.89885374172,43221.039560568446,89617.98126183078,43225.29538185363,89614.93830875996,43223.166247428744,7.423456268700755,3.709593483073672,3.7138627856270823
89611.96821055545,43220.94253420407,89618.01572670642,43225.241098430146,89614.9919816569,43223.091825575946,7.41957586401743,3.709803913305442,3.709771950711988
89612.02735871225,43220.859837438715,89618.05722909536,43225.17012439649,89615.0464171744,43223.01792832415,7.412011231471383,3.711074004605438,3.7009372268659453
89612.0725711584,43220.79638358016,89618.11218420063,43225.0796790969,89615.1009184266,43222.944088439115,7.4042924161370385,3.712616777697927,3.6916756384391105
89612.10378502411,43220.75263163428,89618.18054866153,43224.969528407215,89615.15478852768,43222.869838686594,7.396571820695542,3.7136488904007514,3.682922930294791
89612.12463644298,43220.724440304635,89618.25875174241,43224.84398108253,89615.20733059182,43222.79471183231,7.3890450484086365,3.713357970028095,3.6756870783805415
89612.14132414709,43220.70385962199,89618.34088560198,43224.71097926158,89615.25787617019,43222.71825965826,7.381840559032466,3.710889922753143,3.6709506362793225
89612.16065920252,43220.68107869344,89618.42057308462,43224.58018453881,89615.30637461769,43222.64044708,7.374926996566858,3.7060288649043973,3.6688981316624614
89612.1881942889,43220.64704422735,89618.49264274677,43224.46056111829,89615.35337360205,43222.561639112886,7.368105688402122,3.699193649985088,3.6689120384170337
89612.22737836275,43220.59538180015,89618.55386303969,43224.35855428458,89615.3994453285,43222.482217180914,7.361105590548977,3.690820584817318,3.670285005731659
89612.27975888387,43220.522892673944,89618.60271724983,43224.27757254329,89615.44516200235,43222.402562708034,7.353735337831166,3.6814312895254875,3.672304048305678
89612.34551325416,43220.429189694376,89618.63889940984,43224.21826174788,89615.4910958289,43222.32305711822,7.3460041063960455,3.671705809785001,3.6742982966110445
89612.4244947018,43220.31702212162,89618.66319697762,43224.1786024194,89615.5378190134,43222.244081835444,7.337111726184755,3.661467931018502,3.6756437951662533
89612.51381014321,43220.19122293815,89618.67789348554,43224.153603193336,89615.58590376118,43222.166018283686,7.327781433550191,3.6520646016104035,3.6757168319397877
89612.6085393677,43220.05915785015,89618.68721009814,43224.135367981624,89615.63592213935,43222.089247794625,7.318861037415951,3.6450393178563676,3.6738217195595837
89612.70267772101,43219.929841601865,89618.6970229604,43224.11439931061,89615.68818793513,43222.01397911515,7.3104512902310645,3.6410026658711794,3.669448624359885
89612.78993166657,43219.811556388624,89618.71352667078,43224.08193366939,89615.74222062653,43221.93989022845,7.302403706583744,3.6394800503458438,3.6629236562379006
89612.86536173793,43219.71001976317,89618.74149884141,43224.03198416007,89615.79738749431,43221.86655741822,7.2944063162762065,3.639701868797919,3.654704447478288
89612.92654324972,43219.627616909194,89618.78314395837,43223.96214334058,89615.85305581919,43221.79355696814,7.286143784259121,3.6408477252144005,3.64529605904472
89612.97383588871,43219.5635715755,89618.8377149975,43223.873217406646,89615.90859288191,43221.7204651619,7.27723336113405,3.6421131987090183,3.6351201624250313
89613.00988995835,43219.51458441375,89618.90255427538,43223.7688170928,89615.9633659903,43221.64685830141,7.267873722118477,3.6427479467135746,3.625125775404902
89613.03861409168,43219.4758169712,89618.97381684596,43223.653977896414,89616.01688582511,43221.57240896586,7.258351083501312,3.6422246649858714,3.6161264185154405
89613.06392358118,43219.44219190731,89619.04776848399,43223.53384767328,89616.06914114709,43221.497110773234,7.2490031540909685,3.640607664111241,3.608395489979728
89613.0870052996,43219.40841971181,89619.12168861002,43223.41256409012,89616.12022024434,43221.42102417578,7.242276911253636,3.640188131038291,3.6020887802153445
89613.1080915493,43219.37101077947,89619.1940788881,43223.292759032825,89616.17021140493,43221.34420962574,7.240120941729665,3.6428137060788464,3.5973072356508187
89613.13126817807,43219.33086762031,89619.26434961625,43223.1757632419,89616.21920291694,43221.266727575356,7.238640084180358,3.644570580612848,3.5940695035675105
89613.1566943035,43219.28735505755,89619.33237648915,43223.062113802494,89616.26728306848,43221.188638476866,7.237945429520587,3.6456331556185675,3.5923122739020195
89613.18435973795,43219.24023070433,89619.39819304661,43222.95198226451,89616.31454014756,43221.110002782516,7.23801243659671,3.646104362343218,3.5919080742534923
89613.2142247989,43219.18940825385,89619.46185360536,43222.84540806456,89616.36106244233,43221.03088094455,7.2387291922882735,3.646040156763411,3.592689035524863
89613.24625896457,43219.13485939827,89619.52339617022,43222.74239298145,89616.40693824085,43220.95133341521,7.239941301712701,3.6454727185496654,3.5944685831630356
89613.28044208969,43219.076579763154,89619.5828420351,43222.64293201729,89616.45225583119,43220.871420646734,7.2414855846411665,3.6444281044005593,3.5970574802406072
89613.31675727398,43219.01457907251,89619.6402035546,43222.547020429716,89616.49710350145,43220.79120309137,7.243211636153874,3.6429376924379895,3.6002739437158846
89613.35518103553,43218.9488860079,89619.69549468937,43222.45464637723,89616.5415695397,43220.710741201365,7.2449936505298504,3.641044550981183,3.603949099548668
89613.3956675464,43218.87957138567,89619.74874763402,43222.36576545048,89616.58574223402,43220.630095428955,7.246735517266647,3.638806251879974,3.607929265386674
89613.43812312612,43218.806794246,89619.80003937134,43222.28025224504,89616.6297098725,43220.549326226384,7.248371457253711,3.636295321114992,3.6120761361387195
89613.48237741232,43218.7308564988,89619.84952185978,43222.19784291498,89616.6735607432,43220.4684940459,7.2498636693961735,3.6335981198258858,3.616265549570288
89613.52817280419,43218.652223299876,89619.89743428722,43222.11811133322,89616.71738312874,43220.38765933576,7.251197949233491,3.630812681599301,3.6203852676341897
89613.57519504383,43218.57146521029,89619.94407647317,43222.040519518705,89616.7612508225,43220.30687207074,7.252378124156493,3.6280281691425875,3.6243499550139058
89613.62313925501,43218.48913387116,89619.98974872532,43221.96453138962,89616.80519168875,43220.22614902552,7.253420162841229,3.625283345826771,3.6281368170144574
89613.6717675081,43218.40565433416,89620.03468806775,43221.8897305509,89616.8492245122,43220.145500411745,7.254346637190718,3.622609195954093,3.631737441236625
89613.7209310749,43218.32128548285,89620.07904362527,43221.81586363554,89616.89336807768,43220.064936441035,7.255182400766004,3.620038010930316,3.635144389835688
89613.77055494569,43218.236151203244,89620.12289128448,43221.74281039903,89616.93764116995,43219.98446732503,7.255951741609334,3.6176020253218306,3.638349716287503
89613.8206078372,43218.15029750808,89620.16626325989,43221.670527277136,89616.98206257384,43219.90410327535,7.256676950948069,3.615332726195213,3.6413442247528565
89613.87107837063,43218.063736976015,89620.20917183463,43221.59900313723,89617.02665107408,43219.823854503644,7.257378010619495,3.6132606877693294,3.6441173228501653
89613.92196265749,43217.97647128308,89620.2516218659,43221.52823673024,89617.07142545548,43219.743731221526,7.258072987111666,3.6114157342965774,3.6466572528150887
89613.97325951736,43217.88849932588,89620.2936157103,43221.45822851447,89617.11640450284,43219.66374364062,7.258778746145777,3.6098272502717794,3.6489514958739977
89614.02496896092,43217.79981931674,89620.33515488758,43221.38897851311,89617.16160700092,43219.58390197259,7.2595117029963765,3.6085245068986307,3.650987196097746
89614.07709170427,43217.71042911607,89620.37754809423,43221.321235205905,89617.20705173453,43219.504216429035,7.26179532485991,3.607536931920023,3.654258392939887
89614.12962900703,43217.62032615519,89620.42089783643,43221.25507365736,89617.25275748844,43219.424697221606,7.2657726972650885,3.606894295196708,3.65887840206838
89614.18258261937,43217.52950735158,89620.46375425441,43221.18966807002,89617.29874304743,43219.34535456192,7.269793229086071,3.6066268041936236,3.6631664248924474
89614.23595481622,43217.43796907412,89620.50611887072,43221.125017184095,89617.34502719632,43219.26619866161,7.273876616742916,3.606765100375412,3.6671115163675028
89614.28974854345,43217.34570717606,89620.54799383934,43221.06111905596,89617.39162871985,43219.18723973232,7.278043667141605,3.6073401259807594,3.670703541160846
89614.3439677258,43217.25271713745,89620.58938203687,43220.99797105339,89617.43856640284,43219.10848798566,7.282316033494903,3.608382797455366,3.673933236039537
89614.39861766077,43217.15899462678,89620.63028716984,43220.935569503454,89617.48585903006,43219.02995363327,7.286715492553386,3.6099233892412523,3.6767921033121334
89614.45370494602,43217.06453756869,89620.67071445462,43220.87390788814,89617.5335253863,43218.951646886795,7.291262542304035,3.6119905208716663,3.679272021432369
89614.5092347284,43216.96935331338,89620.71067406613,43220.81296990403,89617.58158425636,43218.873577957835,7.295974119708816,3.6146096772039353,3.681364442504881
89614.56519925944,43216.8734800062,89620.75019335936,43220.75270808777,89617.63005442498,43218.795757058055,7.30086039620822,3.6178013004947656,3.683059095713454
89614.62154835356,43216.777035301355,89620.78934722781,43220.69299465743,89617.678954677,43218.718194399065,7.305920929737571,3.6215786708593902,3.684342258878181
89614.67813830507,43216.68029445183,89620.82830975926,43220.63354272325,89617.72830379718,43218.640900192506,7.311140869350626,3.6259460006512048,3.685194868699421
89614.73467933245,43216.58376323539,89620.86740635242,43220.573833407005,89617.7781205703,43218.56388465,7.316488274841463,3.630897325025027,3.685590949816436
89614.79072721665,43216.48817662651,89620.90711961054,43220.51311941097,89617.82842271448,43218.48715736352,7.321913707098014,3.6364155324230736,3.6854981746749402
89614.84575097692,43216.394383532286,89620.94801396239,43220.45054986037,89617.87918218695,43218.410701341265,7.327352784253893,3.6424226021697095,3.6849301820841838
89614.89925192634,43216.30316463554,89620.99060947176,43220.38536040735,89617.93030888963,43218.334463541796,7.3327320328468755,3.648764388289533,3.6839676445573426
89614.95086215598,43216.21509197689,89621.03528444309,43220.31700854391,89617.98170830376,43218.258388355585,7.337977520453632,3.6552822685427215,3.6826952519109097
89615.00036679958,43216.13050544657,89621.08225424764,43220.24519296799,89618.03328591064,43218.1824201731,7.343024467465432,3.661823641194625,3.6812008262708074
89615.04766474785,43216.04957589074,89621.13161292874,43220.16978549187,89618.08494719151,43218.1065033848,7.347826387784085,3.6682469053207463,3.6795794824633385
89615.09271476915,43215.972384295244,89621.18338954306,43220.09074749916,89618.13659762767,43218.03058238116,7.352362523766088,3.6744254268162377,3.6779370969498495
89615.13549816434,43215.898974397736,89621.23758754588,43220.00807406088,89618.1881427003,43217.95460155265,7.356642907061723,3.680250217434959,3.676392689626765
89615.17600168126,43215.82937608785,89621.29420348402,43219.92176793163,89618.2394878907,43217.87850528974,7.360710855774672,3.6856313219687022,3.675079533805969
89615.21421276132,43215.76361244865,89621.35323299307,43219.831830098534,89618.29053868013,43217.80223798289,7.3646428462429006,3.690497964718141,3.6741448815247595
89615.25012127709,43215.70169948007,89621.4146699705,43219.73825760065,89618.34120054987,43217.72574402257,7.368545450376727,3.6947973395901426,3.673748110786584
89615.28317426889,43215.64328038212,89621.47849844307,43219.641049155936,89618.39137898116,43217.64896779927,7.373208039391132,3.6991510578413975,3.6740569815497346
89615.31208255149,43215.58748805963,89621.54466865258,43219.540232464926,89618.44097945525,43217.57185370343,7.380333179545056,3.7050914756098976,3.6752417039351593
89615.33893319033,43215.53544569557,89621.61304310357,43219.43593982231,89618.48990745342,43217.49434612553,7.387713424068292,3.710246582257331,3.6774668418109617
89615.36400480951,43215.48670503588,89621.68330800613,43219.32855015287,89618.53806845691,43217.41638945604,7.395496385895877,3.714614650154973,3.6808817357409036
89615.38784076544,43215.440377765146,89621.75488499447,43219.21885598603,89618.58536794697,43217.337928085435,7.403792938766813,3.718181987835449,3.6856109509313635
89615.41125851758,43215.39507499441,89621.82692205474,43219.10812891509,89618.63171155745,43217.25890649318,7.412658635059757,3.7209119363185796,3.6917466987411776
89615.43521961007,43215.34907947599,89621.89842065603,43218.99796105576,89618.67706044187,43217.17930156124,7.4220822242582125,3.7228006742355473,3.6992815500226652
89615.46060845256,43215.300714683144,89621.96844867409,43218.88992177799,89618.72151360018,43217.099170621375,7.431984386330094,3.723969138367966,3.7080152479621287
89615.4880593138,43215.248686620675,89622.03554502282,43218.78481942377,89618.76519106147,43217.01858327841,7.4413576927238605,3.7245303959927285,3.7168272967311324
89615.5179230061,43215.192204359104,89622.09959224332,43218.68359188503,89618.80821285486,43216.93760913722,7.450379641622326,3.7245731471219976,3.7258064945003277
89615.55034360792,43215.1308857217,89622.16087332522,43218.5868832305,89618.85069900949,43216.8563178026,7.459425039786444,3.7241726118025404,3.735252427983904
89615.58535866911,43215.06458715499,89622.2192942402,43218.49485394296,89618.89276955446,43216.77477887944,7.468321859566215,3.723402006078241,3.7449198534879735
89615.62296692537,43214.993271431435,89622.27480613523,43218.407575656645,89618.93454451892,43216.693061972524,7.4769270570337385,3.722342547608586,3.7545845094251526
89615.66315810912,43214.91694001466,89622.32737770873,43218.32509377485,89618.97614393198,43216.611236686746,7.4851409422244854,3.721090737344302,3.764050204880183
89615.70592041138,43214.8356107557,89622.37698948102,43218.24744529198,89619.0176878228,43216.52937262691,7.492915149325013,3.7197624472135025,3.7731527021115103
89615.75123550503,43214.74932538019,89622.42364051404,43218.17464694857,89619.05929622041,43216.447539397865,7.500254425760669,3.71849385457219,3.78176057118848
89615.79905845676,43214.658191368195,89622.46737050146,43218.106648481924,89619.10108915402,43216.365806604466,7.507212664544059,3.7174395113844203,3.7897731531596386
89615.84927444484,43214.56246956858,89622.50830543676,43218.04323881431,89619.1431866527,43216.28424385153,7.51388370240596,3.71676799309314,3.79711570931282
89615.90163778445,43214.46268849439,89622.54672104247,43217.98392427863,89619.1857087456,43216.20292074392,7.520387819402678,3.7166558032955965,3.8037320161070816
89615.9557296852,43214.35970775252,89622.58308615924,43217.92785883741,89619.22877546186,43216.12190688646,7.526855651505054,3.7172805172284953,3.8095751342765585
89616.0109866293,43214.254636380654,89622.61803236295,43217.87392409123,89619.27249080483,43216.04126272719,7.533412032966228,3.7187959326990523,3.8146161002671763
89616.06681087958,43214.14860479201,89622.6522369577,43217.820962866914,89619.31686377917,43215.96099443363,7.540162495641529,3.721236362175599,3.8189261334659306
89616.12270121608,43214.04252448323,89622.68627888552,43217.76803630395,89619.36186851698,43215.88108824777,7.547184253022864,3.72458340213798,3.822600850884883
89616.17832634758,43213.93697483701,89622.72055687824,43217.71454534965,89619.40747909698,43215.80153038114,7.554523101707052,3.728806089900242,3.8257170118068102
89616.233514662,43213.83224479264,89622.75529683047,43217.66018926781,89619.45366959804,43215.72230704528,7.562195551416225,3.733863030550965,3.8283325208652603
89616.28819791907,43213.72844632881,89622.79060853583,43217.60484920212,89619.50041409889,43215.64340445174,7.570194387538214,3.739705522959513,3.830488864578701
89616.34235721752,43213.62561236289,89622.82654154047,43217.54848748954,89619.54768667834,43215.56480881202,7.578495602248007,3.7462807984338866,3.83221480381412
89616.39599119603,43213.523749864384,89622.86311897212,43217.49109321718,89619.59546141516,43215.48650633771,7.5870649760809,3.7535346883532448,3.833530287727655
89616.44910260671,43213.42286009472,89622.90035283369,43217.43266180603,89619.64371238815,43215.408483240295,7.595863298871312,3.7614134220930873,3.8344498767782245
89616.50489993607,43213.3249615361,89622.93824996732,43217.37318977936,89619.6924136761,43215.33072573134,7.601062066194395,3.766076718515192,3.834985347679202
89616.56909898581,43213.2337642156,89622.9768144788,43217.31267405889,89619.7415393578,43215.25322002239,7.595809591396164,3.760662131776249,3.835147459619915
89616.63258086596,43213.143584474295,89623.01604882149,43217.25111220276,89619.79106351202,43215.17595232496,7.590813341095394,3.7558663056430617,3.8349470354523327
89616.69535158844,43213.05441237387,89623.05595434729,43217.188502613186,89619.84096021755,43215.098908850596,7.586037803934535,3.7516422391924364,3.834395564742099
89616.75741661071,43212.966239628586,89623.09653160715,43217.1248446047,89619.8912035532,43215.02207581083,7.581449352566761,3.747943837513808,3.833505515052953
89616.81878066501,43212.87905938667,89623.13778052172,43217.06013839798,89619.94176759773,43214.94543941723,7.577016621857965,3.7447261331944346,3.8322904886635296
89616.87944771344,43212.792866086995,89623.17970049893,43216.99438508352,89619.99262642996,43214.868985881294,7.572710679759101,3.7419453658869695,3.830765313872132
89616.93942096486,43212.70765535456,89623.22229054444,43216.92758658338,89620.04375412864,43214.792701414575,7.568505118574051,3.7395589932639526,3.8289461253100985
89616.99870291927,43212.62342391245,89623.26554939123,43216.859745628906,89620.09512477258,43214.71657222862,7.564376140067302,3.737525674440829,3.8268504656264732
89617.0572954651,43212.54016943121,89623.30947561501,43216.79086583199,89620.14671244056,43214.640584534936,7.560302673736287,3.735805248702191,3.8244974250340964
89617.11520022125,43212.45789002275,89623.35406753547,43216.720952147,89620.19849121135,43214.5647245451,7.556266541073045,3.7343587179365376,3.821907823136508
89617.17241981253,43212.376582376055,89623.39932218137,43216.65001273427,89620.25043516379,43214.48897847062,7.5522526531913305,3.7331482374690377,3.819104415722293
89617.22896193867,43212.29623587046,89623.44523139077,43216.57806492234,89620.30251837663,43214.41333252304,7.548249196373795,3.7321371107832184,3.816112085590576
89617.284849133,43212.21681855264,89623.49177206494,43216.505149424054,89620.35471492865,43214.33777291391,7.544247738896827,3.7312897777999328,3.812957961096894
89617.34013519314,43212.13825363811,89623.53888956406,43216.43135409877,89620.40699889863,43214.26228585475,7.540243186819066,3.730571785311201,3.8096714015078663
89617.39492177253,43212.06039590014,89623.58648090366,43216.35683762453,89620.4593443654,43214.186857557106,7.536233539729087,3.7299497324020887,3.8062838073269987
89617.44936046805,43211.98302887585,89623.63439273581,43216.28183168293,89620.51172559099,43214.11147432559,7.532219442329193,3.7293913952146927,3.8028280471145
89617.50363086027,43211.90589644161,89623.68244590705,43216.20660480792,89620.56412970246,43214.03612899851,7.52820349315324,3.7288797123901443,3.7993237807630953
89617.55790179022,43211.82875825434,89623.73047617238,43216.13140316641,89620.61656492349,43213.96082512844,7.524189507356495,3.7284218267840243,3.795767680572471
89617.612298003,43211.75143735286,89623.77836447152,43216.05640673118,89620.66904143475,43213.885567261816,7.52018198200311,3.7280277461192664,3.7921542358838436
89617.66689273792,43211.67383053517,89623.82604364325,43215.981719203024,89620.72156941688,43213.81035994508,7.516185511894169,3.7277080803632185,3.7884774315309504
89617.72172056475,43211.595889776145,89623.87348494523,43215.90738696622,89620.77415905052,43213.735207724676,7.512204271250113,3.7274739428093766,3.7847303284407365
89617.77679502567,43211.517596926606,89623.92067983432,43215.83342483925,89620.82682051629,43213.660115147024,7.508241546032655,3.7273368265114453,3.7809047195212098
89617.8321206124,43211.43894672232,89623.96762764247,43215.759833323755,89620.87956399488,43213.58508675858,7.504299270322938,3.727308442387847,3.7769908279350908
89617.88785857485,43211.36005567884,89624.01433147426,43215.6866040586,89620.93239966688,43213.510127105765,7.500179402501404,3.72720238275172,3.772977019749684
89617.94384562524,43211.28083184509,89624.06080229646,43215.61371368459,89620.98533771295,43213.43524073502,7.4960672323961095,3.7272177001899816,3.7688495322061284
89618.0000408069,43211.20131780295,89624.10707257266,43215.541104524214,89621.03838831373,43213.3604321928,7.49196808415653,3.7273758222996825,3.764592261856847
89618.05636691644,43211.121625353575,89624.15321840711,43215.46865400557,89621.09156164988,43213.28570602552,7.487873943955049,3.727687248763899,3.7601866951911496
89618.11268266552,43211.04195596064,89624.1993791216,43215.39614876385,89621.14486790202,43213.21106677963,7.483773694861,3.7281616184821518,3.7556120763788483
89618.16878526942,43210.962595647536,89624.24575443329,43215.32329093163,89621.19831631731,43213.13651843657,7.479653573484817,3.7288066003569202,3.750846973127896
89618.22444439867,43210.88386655197,89624.29256814302,43215.24975108804,89621.25189524563,43213.06205232954,7.475498214770115,3.7296047930493508,3.7458934217207647
89618.27945337999,43210.80605581807,89624.34001675203,43215.1752406753,89621.3055724528,43212.98764733315,7.4712920370671485,3.730514466057533,3.740777571009615
89618.33366609372,43210.7293655364,89624.38823501219,43215.09955938073,89621.35931483391,43212.91328179494,7.467020759680589,3.7314930689164454,3.7355276907641444
89618.3870006248,43210.6539089085,89624.43729321398,43215.022598324125,89621.41308928402,43212.83893406247,7.462672954436171,3.7324988274509967,3.7301741269851747
89618.43942025126,43210.579737090105,89624.48721697206,43214.94431248199,89621.46686269819,43212.764582483265,7.458241315989602,3.733491283162594,3.724750032827007
89618.4909113788,43210.50686961708,89624.53766046888,43214.864437918004,89621.5206019715,43212.6902054049,7.453292967245048,3.7344317171215584,3.71886125012349
89618.54146932327,43210.43531377813,89624.5888282993,43214.78312726883,89621.57427399898,43212.615781174885,7.44808920024281,3.7352834255649703,3.71280577467784
89618.59109207088,43210.365073055444,89624.64084650531,43214.70048138158,89621.62784567573,43212.54128814079,7.442801493468849,3.736011851455905,3.706789642012945
89618.63977836113,43210.29614977476,89624.69370959305,43214.61650684687,89621.68128389676,43212.46670465015,7.437443686596229,3.736584588943497,3.7008590976527316
89618.68752738344,43210.22854572609,89624.74741326389,43214.53121052115,89621.73455555717,43212.39200905053,7.432034796922321,3.7369712666339274,3.695063530288394
89618.73433906518,43210.16226221453,89624.80195443543,43214.444599258255,89621.78762755201,43212.31717968943,7.426598604837634,3.737143281631564,3.689455323206069
89618.78021504544,43210.09729949776,89624.85733072892,43214.35668033385,89621.84046677634,43212.24219491445,7.421162990884638,3.7370733207995452,3.684089670085092
89618.82516152761,43210.03365400102,89624.91353822166,43214.26746411076,89621.89304012523,43212.1670330731,7.415758815794772,3.7367345844908524,3.6790242313039196
89618.86919758345,43209.97130807789,89624.97056388766,43214.176974017784,89621.94531449373,43212.09167251294,7.410418124245525,3.7360996484478477,3.6743184757976772
89618.91237500178,43209.91020279153,89625.02836665702,43214.085273087636,89621.99725677691,43212.01609158151,7.405171564820823,3.7351389749703063,3.6700325898505173
89618.9548131125,43209.850186940406,89625.08684362164,43213.99251359885,89622.04883386983,43211.940268626364,7.4000451559599005,3.7338192110438992,3.6662259449160017
89618.99673727404,43209.790956526034,89625.14579232568,43213.898995912416,89622.10001266755,43211.86418199503,7.395056837390658,3.7321015545232847,3.6629552828673737
89619.03848992019,43209.73203009728,89625.20489939871,43213.80519222768,89622.15076007314,43211.787810040325,7.390213501472298,3.7299405731449835,3.660272928327315
89619.08048604801,43209.67280608354,89625.26378286556,43213.71169051939,89622.2010596214,43211.711142008266,7.385509259355554,3.7273036861687103,3.658205573186844
89619.1231248827,43209.61269180785,89625.32207598393,43213.619070053304,89622.25094649177,43211.63420097055,7.380925511150569,3.724213650294974,3.6567118608555953
89619.16671072757,43209.551227428856,89625.37950191404,43213.52778220821,89622.30046585844,43211.55701654505,7.376432894012279,3.7207003640278127,3.6557325299844665
89619.21142753377,43209.4881327016,89625.43589738302,43213.43810488105,89622.34966289559,43211.47961834969,7.371994650211058,3.7167911257905084,3.65520352442055
89619.25736351221,43209.42327516091,89625.49118812857,43213.35017328614,89622.3985827774,43211.40203600237,7.367570714518975,3.71251302216113,3.6550576923578446
89619.3045519627,43209.35660886537,89625.54534896335,43213.26403951943,89622.44727067804,43211.32429912098,7.363121723806723,3.7078950721013495,3.6552266517053726
89619.35300195152,43209.28812590953,89625.59837410567,43213.1797197179,89622.4957717717,43211.2464373234,7.358612349702187,3.7029698535620437,3.655642496140144
89619.40271349558,43209.21783131643,89625.65026287171,43213.09721839836,89622.54413123259,43211.16848022758,7.354013689042027,3.69777454327642,3.656239145765607
89619.45368298356,43209.14573354201,89625.70101498805,43213.01653749509,89622.59239423482,43211.090457451384,7.349304757427096,3.6923514733119545,3.6569532841151413
89619.50590466346,43209.071841604266,89625.75062969422,43212.93767882652,89622.64060595262,43211.01239861272,7.344473305743376,3.686748387855385,3.6577249178879923
89619.55937098281,43208.996164257056,89625.79910581971,43212.86064443559,89622.68881156016,43210.9343333295,7.339516188760459,3.681018565633477,3.6584976231269826
89619.61407235509,43208.91871019076,89625.8464422469,43212.78543577899,89622.73705623164,43210.8562912196,7.334439395274711,3.675220882677538,3.6592185125971732
89619.66999569413,43208.839490402024,89625.89263945252,43212.71205063166,89622.78538514118,43210.778301900944,7.329257675641165,3.6694197681815672,3.659837907459598
89619.72711876672,43208.758527660575,89625.93770517575,43212.64047280605,89622.83384346301,43210.70039499142,7.3239935592865315,3.663684903094117,3.6603086561924143
89619.78521727503,43208.67577158408,89625.98167050973,43212.57064493347,89622.8824763713,43210.62260010893,7.318884552830596,3.6582994976693546,3.660585055161241
89619.84182965323,43208.58987910415,89626.02462260649,43212.50241563524,89622.93132904024,43210.544946871385,7.316752750365872,3.6561313484037368,3.660621401962134
89619.89927397527,43208.50272820714,89626.06674837899,43212.43547218016,89622.980446644,43210.467464896676,7.314657591288874,3.654287245648098,3.6603703456407763
89619.95723239369,43208.41482066296,89626.10836111357,43212.36930448736,89623.02987435673,43210.390183802694,7.312614227891236,3.652832896100185,3.6597813317910513
89620.01528892263,43208.3268022471,89626.14987388586,43212.30325487411,89623.07964687995,43210.31312639495,7.310629806383452,3.651817809108019,3.658811997275433
89620.07301229546,43208.239329775664,89626.19171595883,43212.23665318875,89623.12974146842,43210.23627811028,7.308702278042498,3.6512184114332054,3.657483866609293
89620.13004825062,43208.15293120749,89626.23423883844,43212.16896025537,89623.18011578139,43210.1596116388,7.306820926082355,3.6509831957518237,3.6558377303305307
89620.1861661568,43208.06794143229,89626.27766924386,43212.09983349668,89623.23072746143,43210.08309965978,7.30496841051712,3.651056863360641,3.6539115471564796
89620.2412466614,43207.984527865934,89626.32144890401,43212.02865392047,89623.28153415115,43210.006714852476,7.302315718726673,3.6513816876374094,3.650934031089264
89620.29524024118,43207.90275646922,89626.3662708708,43211.955782825906,89623.33249349303,43209.930429896136,7.299618863598627,3.6518990733724883,3.6477197902261387
89620.3481299625,43207.82264802589,89626.41215768436,43211.881209934414,89623.3835631297,43209.85421747005,7.296873095843792,3.6525510152458884,3.6443220805979037
89620.39991054595,43207.74420841685,89626.4591077698,43211.804933597006,89623.4347007037,43209.778050253444,7.294063338512195,3.6532812535913837,3.6407820849208115
89620.4505799573,43207.66744001975,89626.50711691624,43211.72695737378,89623.48586385761,43209.70190092559,7.291181048549618,3.654036060701312,3.637144987848305
89620.50013688975,43207.592344717916,89626.55618090641,43211.64728644636,89623.53701023398,43209.62574216576,7.288224856079328,3.654764683229904,3.633460172849424
89620.54858026622,43207.51892438129,89626.60629622603,43211.56592661826,89623.58809747538,43209.54954665319,7.285200735454881,3.655419493838001,3.6297812416168798
89620.59590951962,43207.44718066183,89626.65746013052,43211.482884078825,89623.6390832244,43209.47328706716,7.282121797832525,3.65595587545001,3.6261659223825147
89620.64212579165,43207.37711394556,89626.70966993493,43211.39816607848,89623.68992512357,43209.39693608692,7.279007637470739,3.6563318025608744,3.622675834909865
89620.6872357459,43207.308718994514,89626.76291982047,43211.311784925434,89623.74058081547,43209.320466391735,7.275883026901184,3.6565070359653937,3.61937599093579
89620.73126288138,43207.24196975813,89626.8171902699,43211.22377267651,89623.79100794267,43209.24385066087,7.272775719015041,3.656441848136291,3.616333870878749
89620.77427438402,43207.176780220136,89626.87242211952,43211.13421940563,89623.84116414773,43209.16706157357,7.269713248180929,3.656095278923799,3.6136179692571297
89620.81642731787,43207.11293315782,89626.9284713744,43211.04334300375,89623.89100707322,43209.09007180911,7.266718936765408,3.655423083371532,3.611295853393876
89620.85801779563,43207.049998931565,89626.98506075681,43210.95156877629,89623.9404943617,43209.01285404674,7.263807727450343,3.65437573102666,3.609431996423683
89620.89949172792,43206.98730805366,89627.04176855089,43210.85955631729,89623.98958371472,43208.93538100368,7.26098279746945,3.6528970291346248,3.6080857683348255
89620.94138251926,43206.924037623285,89627.09808821596,43210.7681155904,89624.03825981368,43208.85764276226,7.258233976186933,3.650955739276686,3.607278236910247
89620.98419520112,43206.8593905959,89627.1535390153,43210.678034072494,89624.08657697274,43208.77967422264,7.2555386498123795,3.648597246068029,3.606941403744351
89621.02830811738,43206.7927587342,89627.20776117276,43210.58991717646,89624.13460058853,43208.701517418056,7.252865109680756,3.6458761127455976,3.606988996935158
89621.07394513754,43206.72377780298,89627.26054267035,43210.5041333414,89624.18239605773,43208.62321438176,7.250177724015943,3.64284592592648,3.6073317980894637
89621.1212101964,43206.6522790258,89627.31178519371,43210.42086087288,89624.230028777,43208.54480714699,7.247442854926652,3.639562563902585,3.6078802910240664
89621.17013993369,43206.578205232545,89627.36145259325,43210.340169467825,89624.27756414308,43208.466337746984,7.244634383871049,3.636087128931423,3.608547254939626
89621.22074207358,43206.5015466995,89627.40953357333,43210.262082398505,89624.32506755258,43208.387848215,7.241737979991105,3.632488139958188,3.609249840032917
89621.27301390776,43206.42230910136,89627.4560240807,43210.1866070617,89624.37260440216,43208.30938058428,7.238753617366723,3.628842792766036,3.609910824600688
89621.32694785978,43206.34050388961,89627.50092246353,43210.11374334398,89624.42024008856,43208.230976888066,7.2356961232325006,3.6252372295477318,3.610458893684769
89621.38252848749,43206.25615440798,89627.54423311657,43210.04347630322,89624.46804000843,43208.152679159604,7.2325936616223325,3.621765795766854,3.610827865855479
89621.43971685835,43206.1693239076,89627.58598276015,43209.975746932905,89624.51606955839,43208.07452943214,7.229484129813031,3.6185292628046666,3.6109548670083647
89621.49841293496,43206.080178738004,89627.62625883674,43209.910387723015,89624.5643941352,43207.9965697389,7.226409638596044,3.615632059341792,3.610777579254252
89621.55839585666,43205.98908288392,89627.66527023565,43209.847026938645,89624.6130791355,43207.918842113155,7.223409652664992,3.6131787413348744,3.610230911330117
89621.61927100716,43205.89667350192,89627.70436051756,43209.78562538369,89624.66218995592,43207.84138858814,7.221652240879873,3.611270205246321,3.610382035633552
89621.68047719607,43205.80383458472,89627.74469874507,43209.7256973829,89624.71178820766,43207.76424875989,7.221896620901463,3.60999587079342,3.6119007501080427
89621.73973455963,43205.710458703536,89627.78532910162,43209.665247310324,89624.76186901248,43207.68741941754,7.224234650853956,3.611325285244518,3.612909365609437
89621.79809808142,43205.6184251733,89627.8268309033,43209.603420391286,89624.8123707535,43207.61086082086,7.226742442140464,3.613258854734992,3.613483587405472
89621.85522406462,43205.52835282428,89627.86961558813,43209.539630614774,89624.8632299937,43207.53453205784,7.229332950596053,3.6156403010450266,3.6136926495510253
89621.9108913532,43205.44056221771,89627.91391552148,43209.47356196611,89624.91438329607,43207.458392216446,7.231969727231538,3.6183700411523856,3.613599686079153
89621.96500099458,43205.3551941896,89627.959835437,43209.40508164911,89624.96576722368,43207.38240038468,7.234613218872649,3.621348218426607,3.613265000446042
89622.01751636877,43205.27230091995,89628.00741298124,43209.334147682755,89625.01731833948,43207.30651565053,7.2372274078318055,3.624478091204726,3.612749316627079
89622.06842441013,43205.19190163302,89628.05665829245,43209.26075201171,89625.0689732065,43207.23069710198,7.239785109624803,3.627668678863407,3.6121164307613958
89622.11771901647,43205.1140049369,89628.10757139864,43209.18489710562,89625.12066838777,43207.154903827,7.242271370876256,3.6308364334101997,3.611434937466056
89622.16539882087,43205.03861113268,89628.16014524002,43209.10659261111,89625.17234044627,43207.07909491358,7.244684806033157,3.633905887423133,3.6107789186100234
89622.21147714881,43204.965698061984,89628.21435654491,43209.0258683798,89625.22392594501,43207.003229449714,7.247036915440644,3.6368093029089925,3.6102276125316513
89622.25600924855,43204.895182356304,89628.2701396086,43208.9428118742,89625.27536144703,43206.927266523395,7.2493495364664104,3.63948537029439,3.6098641661720205
89622.29913908493,43204.82685081742,89628.3273408102,43208.85763515398,89625.32658351529,43206.851165222586,7.2516507367833976,3.6418770695636313,3.609773667219766
89622.34114783324,43204.76028558779,89628.385671566,43208.770748121126,89625.37752871282,43206.77488463528,7.253969732985083,3.6439289466195177,3.610040786365565
89622.38246232839,43204.69484425816,89628.44470082644,43208.68277786422,89625.42813378514,43206.69838396702,7.256331721577451,3.645584450738187,3.610747270839265
89622.42359139492,43204.62974730852,89628.5039186915,43208.594482446155,89625.47836573745,43206.62164191923,7.258753663337492,3.6468192200767375,3.6119344432607545
89622.46501236992,43204.56424729729,89628.56284779382,43208.50658628071,89625.52825535789,43206.54467828757,7.261241871542388,3.647679332202052,3.6135625393403354
89622.50707739775,43204.497777693585,89628.6211342569,43208.41963695153,89625.57784151481,43206.467518073645,7.2637918001574056,3.6482145533751558,3.61557724678225
89622.54999050197,43204.42999813585,89628.6785703144,43208.333961658165,89625.62716307647,43206.39018627901,7.26638986711417,3.6484693516371096,3.617920515477061
89622.59384388222,43204.36074600026,89628.73505873326,43208.24971530741,89625.67625891122,43206.312707905265,7.269016585384638,3.6484843003071057,3.6205322850775326
89622.63866937895,43204.28995914118,89628.79056222796,43208.166956664194,89625.72516788733,43206.23510795398,7.27165011666522,3.6482978148931036,3.6233523017721163
89622.6844747504,43204.21761851498,89628.84506777862,43208.085704660196,89625.77392887312,43206.15741142674,7.274269508769381,3.647947822678763,3.6263216860906176
89622.73126064613,43204.14371972804,89628.89856995629,43208.00596604143,89625.82258073692,43206.07964332514,7.276857200225102,3.6474731085333674,3.629384091691735
89622.77902621274,43204.06826262077,89628.9510654899,43207.92774518037,89625.87116234697,43206.00182865074,7.279400694203095,3.646914238761812,3.632486455441283
89622.8277702986,43203.99124843206,89629.00255225025,43207.85104643224,89625.91971257165,43205.92399240514,7.281893486775359,3.646314068394874,3.6355794183804844
89622.87749097109,43203.91268032782,89629.05303000123,43207.775873217644,89625.9682702792,43205.84615958993,7.284335358615911,3.645717870113453,3.638617488502458
89622.92818237208,43203.832568821206,89629.10250389195,43207.70222227632,89626.01687433798,43205.76835520667,7.286732058566673,3.645173108415878,3.6415589501507957
89622.9798241464,43203.75094954013,89629.15099541862,43207.63006557805,89626.06556361627,43205.69060425694,7.28909432691585,3.6447288645848244,3.6443654623310264
89623.03235588889,43203.66792479757,89629.19731305118,43207.558516111254,89626.11437698237,43205.61293174234,7.289951823085598,3.64443494054112,3.6455168825444773
89623.0856345531,43203.58373084119,89629.24269073896,43207.48802092103,89626.16335330458,43205.53536266445,7.290598185562804,3.6443407478941436,3.646257437668661
89623.13939262618,43203.49880086674,89629.28758501902,43207.418263828375,89626.21253145127,43205.45792202484,7.291259123563165,3.64449419678,3.646764926783166
89623.1932352043,43203.41376376999,89629.33239528145,43207.34861465882,89626.26194933864,43205.38063421926,7.291936503447914,3.6449397529437237,3.646996750504191
89623.24670169523,43203.32934211649,89629.37758698897,43207.278349187094,89626.31160621779,43205.30349903681,7.292627189745369,3.645673501348805,3.646953688396564
89623.2993673418,43203.24619317864,89629.42358857616,43207.206810169504,89626.36145013227,43205.22648367816,7.293323842787308,3.6466287826219275,3.6466950601653814
89623.35054114414,43203.164542967046,89629.4707115276,43207.1335265739,89626.41142560309,43205.1495531022,7.294471632269742,3.648188441908358,3.6462831903613844
89623.39930058249,43203.084177703226,89629.51913450878,43207.05823217902,89626.46147715117,43205.07267226779,7.296949791658201,3.6511691238652637,3.6457806677929376
89623.44671970389,43203.00597252027,89629.5689379867,43206.98080875715,89626.51154929747,43204.99580613379,7.299375302885495,3.654123458123039,3.645251844762456
89623.4927690449,43202.929977349886,89629.62014940746,43206.90121577507,89626.56158656298,43204.91891965909,7.301748060376816,3.6569840673204346,3.6447639930563818
89623.53744077423,43202.85620725384,89629.67277253092,43206.81944529514,89626.61153346862,43204.841977802535,7.304077733470853,3.6596899548626136,3.6443877786082393
89623.58074160342,43202.78465375255,89629.72679494493,43206.73550968251,89626.66133453537,43204.764945523006,7.306383117247814,3.662186274413823,3.6441968428339915
89623.62270841686,43202.71526219388,89629.78217299526,43206.64946325164,89626.71093428417,43204.68778777937,7.308689475914466,3.6644230368381545,3.6442664390763118
89623.66344993212,43202.647868230786,89629.83879094246,43206.56146466473,89626.76027723601,43204.61046953049,7.31102411716571,3.666352848773338,3.644671268392372
89623.70320767858,43202.58210025772,89629.89640102792,43206.47187336921,89626.80930791183,43204.53295573524,7.31341088146307,3.667927991810408,3.6454828896526617
89623.74240069615,43202.5173005224,89629.95457963424,43206.38132807287,89626.85797083259,43204.45521135249,7.315864683663455,3.6690973904252404,3.6467672932382147
89623.78160112891,43202.45255102592,89630.01275161414,43206.290722354606,89626.90621553257,43204.37720449814,7.318387494379335,3.669810098582422,3.6485773957969134
89623.82142460768,43202.38684040707,89630.070297485,43206.201043468005,89626.95406209724,43204.29894771603,7.320966959830825,3.670091552260342,3.6508754075704832
89623.86239327377,43202.3192886941,89630.1266877095,43206.11315401768,89627.00158272669,43204.22048636796,7.323578283259014,3.670022209252997,3.653556074006017
89623.90485602616,43202.249290735446,89630.18156256154,43206.027650401054,89627.04885084069,43204.14186658381,7.326189097615697,3.6696793777616894,3.6565097198540077
89623.94899561688,43202.17651815828,89630.23472642455,43205.944860241245,89627.09593985892,43204.063134493415,7.328766188155104,3.6691387624987075,3.659627425656396
89623.99488606982,43202.100831256845,89630.2860922497,43205.86492856941,89627.14292320111,43203.98433622663,7.331282546478554,3.6684777157862825,3.662804830692272
89624.04254968504,43202.02218488505,89630.33562623907,43205.78790988086,89627.18987428703,43203.90551791332,7.333723287598511,3.667777998415995,3.665945289182516
89624.09199049837,43201.940571267376,89630.38331572714,43205.713823605125,89627.2368665364,43203.82672568333,7.33608930824001,3.667127455569137,3.6689618526708734
89624.143205747,43201.85600073763,89630.42915884053,43205.64267191719,89627.28397336895,43203.748005666515,7.338397980230994,3.666620229317471,3.6717777509135234
89624.19617912955,43201.768515261065,89630.47329898538,43205.57450166731,89627.33126820442,43203.66940399274,7.3408287140496835,3.6663553397879163,3.6744733742617672
89624.25084922141,43201.678244380346,89630.51567717786,43205.509117681046,89627.37882446255,43203.59096679185,7.343273082888548,3.66643370765644,3.6768393752321082
89624.30704242726,43201.58551646297,89630.55647739442,43205.44619636374,89627.42671556305,43203.51274019369,7.345766583888872,3.666954019679893,3.678812564208979
89624.36438253902,43201.49099805086,89630.59609771236,43205.38507285242,89627.47501492569,43203.43477032814,7.34833944247452,3.668008248479543,3.6803311939949777
89624.42223498144,43201.39576297492,89630.63520165355,43205.32466918447,89627.52379597016,43203.35710332503,7.351003936351157,3.6696779880171917,3.681325948333965
89624.47976031792,43201.3011807337,89630.67466172439,43205.26360832138,89627.57310736609,43203.27976971804,7.353749779773713,3.6720035851518036,3.6817461946219088
89624.53608387963,43201.20863470007,89630.7153829756,43205.20050372054,89627.62287644738,43203.202723581744,7.3565450854290395,3.674871266355921,3.6816738190731186
89624.59048648857,43201.11923276112,89630.75810620845,43205.13425479931,89627.67299342505,43203.125895597834,7.359343379422566,3.6781170119631925,3.6812263674593737
89624.64250073499,43201.03368008912,89630.80331020804,43205.06417312262,89627.72334850061,43203.04921644209,7.362095316981069,3.6815770730895845,3.680518243891485
89624.69190948177,43200.95235275066,89630.85123860074,43204.98992071536,89627.77383187562,43202.972616790255,7.364732871276536,3.6850661366335706,3.6796667346429652
89624.73858908526,43200.87538588872,89630.90198616116,43204.91136968648,89627.82433375162,43202.89602731813,7.3672673856038235,3.6884701343774746,3.678797251226349
89624.78250710036,43200.802826439925,89630.95557136092,43204.828489987085,89627.87474433015,43202.819378701446,7.36971433366747,3.691668201337487,3.6780461323299827
89624.82368112495,43200.73465726569,89631.01196091465,43204.74130959609,89627.92495381276,43202.74260161599,7.372114327129196,3.694554478966999,3.677559848162196
89624.86221311876,43200.67074441868,89631.07103518955,43204.64996213289,89627.974852401,43202.66562673752,7.37452677287604,3.6970364844573647,3.677490288418676
89624.89839189356,43200.61068147198,89631.13248817153,43204.55483871516,89628.02433029642,43202.58838474181,7.377013810607959,3.6990270507255234,3.6779867598824363
89624.93283775428,43200.55355114094,89631.19568584791,43204.456823287575,89628.07327770056,43202.51080630461,7.379620565756055,3.7004338707606776,3.679186694995378
89624.96659526107,43200.497737630656,89631.25957511195,43204.357480231374,89628.12158481497,43202.4328221017,7.382357912445159,3.7011499558014265,3.681207956643733
89625.00105036226,43200.44100089842,89631.3227646236,43204.25898733644,89628.16915693208,43202.35437240142,7.38519408295988,3.7010660283561347,3.684128054603746
89625.0376507999,43200.380896460025,89631.38379295997,43204.16373998388,89628.21607528663,43202.27550931023,7.388059653369082,3.7002621623359615,3.6877974910331197
89625.07758844578,43200.31532318544,89631.44143851374,43204.073822427905,89628.26253486692,43202.19635724239,7.390866271486432,3.698942122953616,3.6919241485328165
89625.12163877251,43200.24285911818,89631.4948841531,43203.99067045981,89628.30873256816,43202.1170418243,7.393534103093384,3.6973135758439692,3.696220527249416
89625.17018369165,43200.16278641757,89631.54370131786,43203.91503676955,89628.35486528555,43202.03768868229,7.396019850944976,3.695599458387379,3.7004203925575974
89625.22332365367,43200.07492971563,89631.58774526624,43203.847138340316,89628.40112991432,43201.958423442746,7.39833902782853,3.694049437986858,3.7042895898416712
89625.2808716798,43199.97965624323,89631.62716759376,43203.78664119271,89628.44772334961,43201.87937173202,7.400581479388991,3.692948474720862,3.707633004668129
89625.3422559099,43199.877987042215,89631.66320629066,43203.73295338914,89628.49484248667,43201.80065917649,7.403727389088359,3.6926237636672825,3.7111036254210767
89625.40665641405,43199.7712818812,89631.7085322622,43203.692094056685,89628.5426842207,43201.72241140251,7.422021781220556,3.69345052937708,3.7285712518434755
89625.47380078452,43199.65990662432,89631.7490176405,43203.65502129779,89628.59144544684,43201.644754036446,7.439038099361627,3.6958527419207243,3.7431853574409035
89625.54493941375,43199.54184318739,89631.78350792045,43203.623750040206,89628.64132306035,43201.56781270466,7.455313579442648,3.7002897416044034,3.755023837838245
89625.62195658709,43199.41441500319,89631.81038050956,43203.60101674315,89628.6925139564,43201.49171303352,7.471561066690322,3.707221286226386,3.7643397804639367
