left_x,left_y,right_x,right_y,center_x,center_y,width,w_tr_left_m,w_tr_right_m
89625.65590483273,43199.358612700205,89631.76250298323,43203.64826145636,89628.6925139564,43201.49171303352,7.462682320907014,3.7109448934098848,3.751737427497129
89625.83605484452,43199.10662009462,89631.80589377644,43203.6097398667,89628.79958594749,43201.34204590903,7.47777136283011,3.7120944451857043,3.765676917644405
89626.03164490782,43198.86953556546,89631.84991357377,43203.56963610063,89628.9123251174,43201.196599647046,7.479518387551657,3.7031804856974704,3.776337901854187
89626.23410142798,43198.624584343466,89631.88666108994,43203.53843752059,89629.03047174093,43201.05551039479,7.489818674598514,3.705278450286893,3.7845402243116206
89626.4381939825,43198.37962204545,89631.92229605325,43203.50768688171,89629.15378536299,43200.918913926296,7.508157196497914,3.7178541932008766,3.790303003297037
89626.63694075018,43198.14308182394,89631.9650617971,43203.4687093123,89629.28203783225,43200.78694347998,7.533338040703988,3.739858691164121,3.7934793495398673
89626.82040639647,43197.92550983676,89632.02616318541,43203.41138674322,89629.41456016293,43200.65925658067,7.5627210168335335,3.768687440463704,3.7940335763698294
89626.9924272335,43197.7492895754,89632.11500092276,43203.32812854767,89629.54989703035,43200.53455216999,7.573916125781195,3.7813145178109058,3.792601607970289
89627.1437432102,43197.61142744769,89632.23464711454,43203.21697654593,89629.68658962297,43200.41133300668,7.572283886389592,3.782266386471398,3.7900174999181933
89627.2681871443,43197.49768924184,89632.38114532303,43203.08156016714,89629.8232305738,43200.2880567586,7.571126458315155,3.783437300290663,3.787689158024492
89627.38155341268,43197.394237264925,89632.53870718996,43202.93582353217,89629.95845800496,43200.163233658524,7.570033912729187,3.7825623994155992,3.787471513313588
89627.50845797686,43197.27837033021,89632.68277018995,43202.80255634538,89630.09219637889,43200.036814301326,7.5690249047447455,3.7795128352582217,3.7895120694865234
89627.66619051227,43197.133386122725,89632.79601413052,43202.69861191336,89630.22604433268,43199.91051137039,7.568806276756378,3.776940060826951,3.7918662159294274
89627.85996188787,43196.954461108704,89632.87320670557,43202.62890324284,89630.36170795136,43199.78616508419,7.5717842768984,3.77852891625878,3.7932553606396198
89628.09033265784,43196.74705420124,89632.91641335016,43202.59055682377,89630.5008101721,43199.66568653236,7.5787583250005355,3.78534232679647,3.793415998204066
89628.37628709832,43196.55427538807,89632.93379917475,43202.5750322736,89630.64469192259,43199.55096783322,7.551187310719075,3.7584339900464023,3.7927533206726727
89628.67927098904,43196.35162092864,89632.93480344245,43202.57335669814,89630.79378680798,43199.44311518391,7.537874531159867,3.7454657759590573,3.79240875520081
89628.99475189703,43196.142345863525,89632.92395812062,43202.58025312219,89630.94811580396,43199.34290030517,7.542235173937559,3.7495572121018435,3.7926779618357154
89629.31948727257,43195.93113137559,89632.90552814583,43202.58929513825,89631.10764122239,43199.25118971593,7.562462154296512,3.7709789089175065,3.791483245379005
89629.65994637161,43195.77149568212,89632.8944064314,43202.58719378128,89631.27215870433,43199.16876960213,7.544234385090598,3.7604120377117116,3.7838223473788863
89629.97415925153,43195.64574744641,89632.91773227794,43202.568745355806,89631.44058910199,43199.0946470841,7.5228001578719885,3.7477093293299055,3.775090828542083
89630.23924178048,43195.540349113966,89632.99307119095,43202.53613518875,89631.61150085462,43199.02641919523,7.518284327299223,3.7464355830628846,3.771848744236338
89630.4522721989,43195.4550523364,89633.12090727608,43202.483160413634,89631.78371670649,43198.96154077005,7.517706852518987,3.750760671125573,3.7669461813934144
89630.61691784613,43195.388147662976,89633.29739208633,43202.41161395834,89631.95622093919,43198.89743056271,7.517580791354058,3.756168159902461,3.761412631451598
89630.7490967346,43195.33404859434,89633.50629320272,43202.327229412986,89632.1280443188,43198.83152411365,7.5170945401871,3.7594988293873413,3.7575957107997584
89630.8787682886,43195.28147254048,89633.7176204378,43202.24134068523,89632.29862864639,43198.76247210128,7.5165714336575515,3.7594363111907927,3.7571351224667584
89631.0316545981,43195.21969348083,89633.90575902368,43202.16466764071,89632.46846466775,43198.69159524432,7.5161920099542705,3.7574625788655216,3.758729431088749
89631.21881498158,43195.14726235722,89634.06087613819,43202.1017645134,89632.63825680928,43198.62061332667,7.512816506364414,3.752196964340515,3.7606195420238997
89631.44865071961,43195.084521944766,89634.18243921823,43202.05284246599,89632.80871324376,43198.55124637764,7.485391802838672,3.7239694363795106,3.761422366459161
89631.70700301195,43195.01357581238,89634.27544916625,43202.01546038345,89632.9804877116,43198.48522003061,7.458103190117008,3.6978475980252097,3.7602555920917986
89631.98381457271,43194.93808432715,89634.34958488739,43201.98543787398,89633.15399338759,43198.42389312716,7.433845653218938,3.676979935901809,3.7568657173171287
89632.27097341241,43194.86045867164,89634.41302987198,43201.95960406464,89633.32925797503,43198.36779377458,7.415272832945384,3.663518218845118,3.7517546141002662
89632.56581523815,43194.78116357455,89634.46877491164,43201.93669484499,89633.50622868168,43198.31733845375,7.404247651264093,3.659085981641973,3.7451616696221204
89632.86845160511,43194.70027611608,89634.51721847041,43201.91568225523,89633.68482037626,43198.27296640707,7.401386216771829,3.664774738763859,3.736611478007971
89633.17744593656,43194.61908632573,89634.56054222365,43201.89390289914,89633.86490975687,43198.23513619053,7.405127380287407,3.680818268942317,3.7243091113450904
89633.48199491222,43194.544122011466,89634.61099999267,43201.866626951785,89634.04632792262,43198.20431040884,7.409030373321592,3.703437707169183,3.7055926661524086
89633.75919819452,43194.509121451134,89634.69698473946,43201.84064507625,89634.2287625506,43198.18017185821,7.391257150824681,3.7009595749983486,3.6902975758263326
89633.97684703101,43194.48286544455,89634.84249620188,43201.80307494233,89634.41165694862,43198.15974583456,7.371215339301248,3.702500380399406,3.668714958901842
89634.1249201341,43194.46415013624,89635.05624010645,43201.75251716178,89634.59455347629,43198.13934253336,7.347628923016956,3.705076872606222,3.642552050410734
89634.21239152685,43194.45295303958,89635.3280682868,43201.68997682941,89634.77699419903,43198.11526128669,7.322516505128187,3.7055738927055337,3.6169426124226534
89634.2688388849,43194.44722300693,89635.62857948596,43201.619336740005,89634.95839224257,43198.08432958144,7.299870540112269,3.701895199410226,3.597975340702043
89634.32921654123,43194.442135265,89635.92451216097,43201.54732831039,89635.13846925973,43198.04643447688,7.2820832408513825,3.6940306943948342,3.5880525464565483
89634.4119147287,43194.43393849863,89636.19914000868,43201.479209185,89635.3172753053,43198.00291790092,7.268425774949707,3.6820227793469167,3.5864029956027896
89634.5210459211,43194.421638551015,89636.44920203666,43201.41695962905,89635.4949846327,43197.95510717039,7.256190666675039,3.6652362949861956,3.5909543716888437
89634.65646147725,43194.40540456954,89636.67548086721,43201.36253232309,89635.67186067966,43197.904292257525,7.2441746166516685,3.6432472594388674,3.600927357212801
89634.81692689403,43194.38561462309,89636.88052098702,43201.32116975096,89635.8482264286,43197.85172916456,7.236044880485888,3.6162865960286386,3.61975828445725
89634.99772507187,43194.35275052823,89637.06308179158,43201.28460408573,89636.0244186602,43197.79858611843,7.233000215837759,3.595536488341683,3.6374637274960757
89635.19423143937,43194.29579416503,89637.22380315329,43201.25271802961,89636.2007559139,43197.745927529286,7.246927003877454,3.593954889669725,3.6529721142077296
89635.41104815944,43194.23290352991,89637.36323246964,43201.22547629005,89636.37754658713,43197.694815708695,7.259965384684484,3.5942948048730408,3.665670579811443
89635.64522822718,43194.16521128913,89637.48443444612,43201.20211911672,89636.55507239408,43197.64632568958,7.273290265745478,3.5980514000029404,3.6752388657425383
89635.88801020196,43194.09548542266,89637.5966627264,43201.18029802646,89636.73354264717,43197.6014423266,7.287939563437785,3.606474584440057,3.6814649789977283
89636.1275037627,43194.02696608536,89637.71246473244,43201.157208889934,89636.91289496866,43197.56021886189,7.304277084549229,3.619490921279592,3.6847861632696373
89636.35630565972,43193.96143233663,89637.83965300943,43201.13149472512,89637.09291330757,43197.522002493,7.321892789084943,3.6359662629481884,3.685926526136755
89636.5722685646,43193.89938929962,89637.98045524121,43201.10298242365,89637.27340980385,43197.486107251854,7.339941662761335,3.654605957724356,3.6853357050369793
89636.7763685203,43193.84815037645,89638.1351290003,43201.0717379401,89637.45422389865,43197.45184400841,7.350268521067127,3.6668918319162036,3.683376689150924
89636.96789192174,43193.80508061419,89638.30361579094,43201.03780454031,89637.63521438492,43197.41852291749,7.355029139726749,3.674545488784176,3.680483650942573
89637.14599712826,43193.76490267906,89638.48562277212,43201.0012455737,89637.81625127884,43197.385454365474,7.359297205202609,3.6820694100415685,3.677227795161041
89637.31192635746,43193.72736014444,89638.67979540887,43200.96230396718,89637.99720765157,43197.35194911864,7.363116042817317,3.688801388518321,3.6743146542989957
89637.46900555673,43193.69180101137,89638.88274176518,43200.92159501139,89638.17796268771,43197.3173759014,7.366720528817462,3.6942405845822788,3.672479944235183
89637.62126663067,43193.65739993504,89639.09043021325,43200.879890569886,89638.3584537436,43197.28145050536,7.370401115467692,3.698268158981666,3.672132956486025
89637.77096392766,43193.62364226561,89639.3006417957,43200.83765209453,89638.53865044063,43197.24407709205,7.374405209355139,3.7009310875415617,3.673474121813577
89637.91868286268,43193.590358032,89639.51195325154,43200.79103744032,89638.71852086282,43197.205164154286,7.374841996505957,3.7022377190249607,3.6726042774809966
89638.06451394121,43193.55751285255,89639.72347964444,43200.73682411621,89638.89803075437,43197.164621019314,7.368492208382829,3.7021587762462755,3.6663334321365535
89638.20854317579,43193.52511823872,89639.9367082428,43200.68217954201,89639.07714342339,43197.12235805812,7.362749554202146,3.700621665126621,3.662127889075525
89638.35139840432,43193.49313537337,89640.15110216649,43200.6272044225,89639.25581966068,43197.078286919386,7.3575726180090975,3.697470678296092,3.6601019397130057
89638.49648837022,43193.46091523436,89640.36339295539,43200.57265047377,89639.43401767653,43197.032320789054,7.352694121583257,3.6924109787873554,3.660283142795901
89638.65290226974,43193.42627551677,89640.56465551873,43200.52083262688,89639.61172660853,43196.984497132486,7.347621456876748,3.685143847829834,3.6624776090469147
89638.83202034548,43193.38619461385,89640.74354596621,43200.474916703686,89639.78918876711,43196.93576253199,7.341928293415366,3.67635740820547,3.6655708852098954
89639.0403774734,43193.3388960381,89640.89335101916,43200.43677060671,89639.96682328843,43196.88766285199,7.3357572446962305,3.6677033341779124,3.6680539105183185
89639.27829357232,43193.284567076655,89641.0135179618,43200.40611002202,89640.14503861254,43196.84177175712,7.329896152369476,3.6612773868510398,3.668618765518436
89639.53553455613,43193.2256692189,89641.11409149345,43200.37931772284,89640.32418569531,43196.799682977005,7.3257442572475675,3.659992481206433,3.6657517760411342
89639.77781367286,43193.16282343221,89641.22841417315,43200.34922973535,89640.50446579406,43196.76275694631,7.331348945822438,3.672539259306795,3.658809686515643
89639.96144530486,43193.11169601428,89641.40295968218,43200.314658117015,89640.68539171875,43196.729088845605,7.345789729737276,3.6891231080428244,3.6566666216944514
89640.07330873159,43193.07732728445,89641.64928659814,43200.26730453977,89640.86592445134,43196.69341389515,7.360671108522156,3.7019349069428493,3.6587362015793063
89640.14918832936,43193.05335736144,89641.93153534572,43200.21147462517,89641.04511325693,43196.651538801634,7.3766797170826415,3.7080441141399296,3.668635602942712
89640.23582739334,43193.02854365279,89642.20338191777,43200.155570538576,89641.22286010059,43196.60388381958,7.393631248423996,3.7090822144373226,3.6845490339866735
89640.3556729235,43192.99525292608,89642.43906138361,43200.09471197014,89641.39954104453,43196.55239915672,7.3988395167122105,3.707148494499569,3.6916910222126416
89640.51284459476,43192.951129334855,89642.63663390778,43200.04075372405,89641.57565536327,43196.49899963738,7.4008955556743405,3.7036401570840543,3.697255398590286
89640.70436678836,43192.89683334997,89642.79986257218,43199.99671939785,89641.75176229428,43196.44557586769,7.402667389050924,3.700082540013147,3.7025848490377764
89640.91764223002,43192.83635572401,89642.94119547041,43199.95870196066,89641.92841506795,43196.39399398101,7.404227416245048,3.6984390893389687,3.705788326906079
89641.13145912865,43192.77580928496,89643.08358249068,43199.926822549394,89642.10582573348,43196.34507880788,7.4126767317141695,3.6998750259734736,3.7128017057406963
89641.33892778368,43192.71638704868,89643.24127278931,43199.92797064259,89642.2836297498,43196.29760713623,7.458274227518985,3.7037277330100515,3.7545464945089337
89641.56713825124,43192.65707343538,89643.37729978243,43199.9300678595,89642.46156461323,43196.25062966668,7.49487375920589,3.703193878878061,3.791679880327829
89641.85738497741,43192.60429512091,89643.45004174275,43199.93317598808,89642.64023443202,43196.20656691328,7.499936689136588,3.6863552914347353,3.813581397701852
89642.22853311863,43192.53459602311,89643.43443557706,43199.93942392758,89642.8205003331,43196.16968366222,7.502378092012569,3.682972620994969,3.8194054710176
89642.6866258418,43192.45399269931,89643.32854229823,43199.94533475111,89643.00275101593,43196.14465224873,7.518793954521872,3.7041737318133046,3.8146202227085673
89643.19795191803,43192.37887247988,89643.17527522186,43199.94256980497,89643.18647716517,43196.136532341945,7.563731330017638,3.7576773822309475,3.8060539477866904
89643.66592987235,43192.29459174369,89643.07995073419,43199.9323525805,89643.37008965961,43196.14749002844,7.660206418969377,3.8642394625719123,3.795966956397465
89643.99582371768,43192.20312505066,89643.13250757629,43199.93290259125,89643.55273875805,43196.1698984251,7.777838748391478,3.9914427573968143,3.7863959909946634
89644.18047284527,43192.12034210968,89643.32438043562,43199.95151689022,89643.7352404598,43196.19354129373,7.877829184796022,4.097460612381913,3.7803685724141096
89644.29962954979,43192.05240529381,89643.57315315929,43199.97710529871,89643.9183554027,43196.211782388535,7.957929260573877,4.176815508415158,3.7811137521587193
89644.43450807779,43192.06553600932,89643.80006795308,43200.00005327174,89644.10184306018,43196.22590212624,7.9598416102008445,4.173644958637618,3.786196651563227
89644.62902883701,43192.11105715971,89643.97079170823,43200.01819458566,89644.28540662366,43196.23902522171,7.934487909840529,4.142245350819963,3.792242559020566
89644.89287658161,43192.16756039042,89644.07679781174,43200.03133569473,89644.46880120957,43196.25427339496,7.906006994631554,4.108657092362584,3.797349902268969
89645.22844204013,43192.23676251625,89644.1139814736,43200.03870257553,89644.65166086258,43196.27486772157,7.88113513706414,4.079089380732003,3.802045756332137
89645.63637030536,43192.33364989802,89644.07793015573,43200.03732612753,89644.83330423165,43196.30419440402,7.859730482515589,4.050942951079001,3.8087875314365873
89646.07950588268,43192.582133167394,89643.9704734957,43200.01862491312,89645.01251298827,43196.34575717093,7.729775395500614,3.9119482967841734,3.8178270987164398
89646.5300407158,43192.86464860069,89643.83166102908,43199.97438184851,89645.18733012078,43196.40292064538,7.604574932464784,3.784473649558826,3.820101282905958
89646.90579123776,43193.06245750019,89643.78581075807,43199.93523954201,89645.35528743586,43196.47785754492,7.547808370247132,3.7508691666417517,3.79693920360538
89647.07066922789,43193.148010118,89643.96809645729,43199.97358778162,89645.51852971759,43196.56281592171,7.497630842635956,3.7510046302932194,3.7466262123427363
89647.04244507117,43193.14854952624,89644.33904722935,43200.10453201146,89645.68591402542,43196.638929649445,7.462844781104074,3.744720267597692,3.7181245135063823
89647.07539575855,43193.18616552333,89644.64479641864,43200.2091464043,89645.861551756,43196.693472963314,7.431693858459541,3.711417888235988,3.7202759702235535
89647.38637104296,43193.35035008425,89644.66030415242,43200.21382080225,89646.03783168306,43196.74600342601,7.385030201712011,3.6536310736836595,3.731399128028352
89647.86233545373,43193.60469909466,89644.49751702187,43200.13704712818,89646.20511214552,43196.82201436986,7.348031975395671,3.6190477578109372,3.728984217584733
89648.24589808196,43193.83399383669,89644.42812688109,43200.084113998826,89646.36201760308,43196.91803430286,7.323890973446167,3.613905263791327,3.70998570965484
89648.45522430481,43193.96250558461,89644.54525791369,43200.1245572681,89646.51465878276,43197.020833739145,7.297857091663068,3.6220388797152068,3.675818211947861
89648.56036612322,43194.022182689325,89644.77598904709,43200.2225965344,89646.67010686873,43197.11927750939,7.264065095182783,3.628371035829892,3.6356940593528915
89648.67310381522,43194.08706930152,89644.98585372286,43200.33551976436,89646.82948326833,43197.21128522818,7.255270252048657,3.6276248258775845,3.6276454261710724
89648.83324876749,43194.18117863448,89645.1424261383,43200.42889270461,89646.9884871437,43197.30393651736,7.25645249293419,3.6269494404731497,3.62950305246104
89649.0099040141,43194.29236993102,89645.27871191541,43200.51147989548,89647.14636150734,43197.39850638783,7.252525300023356,3.6222747497705705,3.6302505502527853
89649.23260257403,43194.4316308379,89645.36702138245,43200.56845795669,89647.30452349663,43197.4925930182,7.252817730753658,3.6175929010832806,3.6352248296703773
89649.57816141639,43194.6510164402,89645.3308813973,43200.54575204599,89647.46108319123,43197.58923378794,7.265486592465897,3.621483314059395,3.644003278406502
89650.00113430123,43194.94501932056,89645.21971614241,43200.44993203923,89647.60543261423,43197.702953042375,7.291503533266214,3.653160958264753,3.638342575001461
89650.32268207622,43195.18145197905,89645.21671373797,43200.414724279886,89647.73507105274,43197.83347546464,7.311501327807884,3.705261040329098,3.606240287478786
89650.44566543236,43195.25217500464,89645.41177963672,43200.54053892342,89647.86133923793,43197.96734213934,7.301150540404497,3.748449605972485,3.552700934432012
89650.4055715771,43195.19593232088,89645.73317447156,43200.81316047141,89647.99640135256,43198.09216627545,7.306472940201515,3.7672632361414755,3.5392097040600397
89650.31524731031,43195.12377710693,89646.07583111248,43201.13434956256,89648.14326474273,43198.20291243272,7.355245137727048,3.7681006659058776,3.5871444718211705
89650.26970538328,43195.09705468806,89646.38236778892,43201.41722537693,89648.29826197332,43198.30204053176,7.419969756082178,3.762781335256455,3.657188420825723
89650.30071221413,43195.12221963211,89646.62134038069,43201.65420240956,89648.45814056775,43198.393146967,7.496971130218672,3.754202432231399,3.7427686979872727
89650.41061217056,43195.19483298298,89646.78695073127,43201.84448260794,89648.62035400722,43198.48005946342,7.5728965634954974,3.7413550111125895,3.8315415523829084
89650.59771971077,43195.31286767792,89646.8868947843,43201.96523282261,89648.782748968,43198.56663466608,7.617360675445384,3.7257372975444003,3.8916233779009834
89650.86235555711,43195.47687661726,89646.91765361528,43202.01276625956,89648.94320102916,43198.65673436582,7.634037387206659,3.7141148882631527,3.9199224989435058
89651.20537972209,43195.68972318626,89646.87781593417,43201.986671764455,89649.09924656249,43198.75421528409,7.640639354621007,3.718455150143334,3.9221842044776736
89651.61745003004,43195.95193817121,89646.77941861418,43201.895377475936,89649.24774991476,43198.862766398684,7.663616567987685,3.7534516922703705,3.9101648757173146
89652.06465557854,43196.24742232001,89646.66068120422,43201.76948383847,89649.38504854136,43198.98512687286,7.7263253141879,3.830838040479143,3.895487273708757
89652.49280672066,43196.553657788536,89646.56478947283,43201.65503746849,89649.5098797604,43199.12022639661,7.820835217550247,3.9351146959427687,3.8857205216074777
89652.88828944262,43196.83962467523,89646.5075630365,43201.58034203668,89649.6235635788,43199.26487191065,7.949092458069968,4.06697173813508,3.8821207199348886
89653.25648537149,43197.0993796627,89646.48369592991,43201.54732462999,89649.72788800288,43199.41643419192,8.10277060745763,4.221343516125088,3.8814270913325433
89653.56642251597,43197.364018571,89646.48350036157,43201.54558045411,89649.8244853728,43199.573048045306,8.225159333508403,4.345331379977031,3.879827953531372
89653.80702677603,43197.64454206903,89646.50084051774,43201.56576602939,89649.91423834609,43199.73368855575,8.291945189508088,4.417955953077028,3.873989236431059
89654.03381723593,43197.90941324231,89646.53373682368,43201.604305071945,89649.99788958312,43199.8975947331,8.360827223387808,4.499064087016716,3.861763136371091
89654.2467595174,43198.15854287511,89646.58190822101,43201.66088347678,89650.07626191092,43200.06409421814,8.427119028264622,4.585212776586002,3.8419062516786195
89654.41088587356,43198.40558541178,89646.64523776801,43201.735641685074,89650.15022782622,43200.23260119484,8.449530477284165,4.635859539273043,3.813670938011122
89654.52895115722,43198.64614101245,89646.7234963461,43201.82845827433,89650.22068681369,43200.402607272605,8.429250735814632,4.652560088471418,3.776690647343214
89654.63613898658,43198.86421739488,89646.81634191064,43201.93896497988,89650.28855121408,43200.57366768199,8.402576927475822,4.671588565324202,3.7309883621516198
89654.73244039086,43199.05980183389,89646.92333198502,43202.06662799936,89650.35473913244,43200.7453850177,8.367985282247435,4.690997652682748,3.676987629564687
89654.81775416131,43199.23268876416,89647.04394586495,43202.21080945536,89650.4201725442,43200.91739183329,8.324740132881388,4.7092407573108,3.615499375570588
89654.88639959507,43199.38463803433,89647.17761240261,43202.37081247882,89650.48577871654,43201.08933267676,8.266960613926345,4.719263495554522,3.547697118371824
89654.92058025418,43199.52224872106,89647.32138792158,43202.54685742359,89650.55249310347,43201.26084569965,8.178996387902634,4.70137265170032,3.4776237362023146
89654.94863275325,43199.63427642982,89647.47102014662,43202.73985668647,89650.62126186647,43201.43154377055,8.096870940674329,4.685755935364948,3.411115005309381
89654.97047832784,43199.720080413616,89647.63156279351,43202.94713250508,89650.69304205936,43201.600995082095,8.017078422318042,4.6727188039800405,3.3443596183380015
89654.98580187681,43199.77890732865,89647.78272784872,43203.17766941102,89650.76879730477,43201.76870358386,7.9646631533874235,4.662876440339995,3.3017867130474285
89654.99380121965,43199.81014331288,89647.91873717705,43203.43608784588,89650.84948657217,43201.93409024664,7.950094651213332,4.656876042447835,3.2932186087654975
89654.9921713486,43199.81425243969,89648.0644580892,43203.71223362968,89650.93604363709,43202.09647720243,7.94905455779443,4.654108064893345,3.294946492901085
89654.97585549216,43199.79646599338,89648.21987831754,43204.00543932856,89651.02934528064,43202.25507814619,7.959816840364603,4.64970069656028,3.310116143804323
89654.94242521086,43199.78065290686,89648.34388734549,43204.33036548173,89651.13016768743,43202.4089997666,8.015022557988416,4.630498314442174,3.384524243546242
89654.91343486079,43199.83177803808,89648.45275069847,43204.62434796568,89651.23897162909,43202.55738510678,8.04420079312358,4.5749987906066005,3.4692020025169787
89654.93721615341,43200.03545576683,89648.52292663518,43204.80698272175,89651.35265681123,43202.70210147394,7.994409268196856,4.467668855774021,3.5267404124228343
89655.01262832501,43200.4508561466,89648.52576787875,43204.83258394157,89651.46365163152,43202.84886387599,7.8280839606210755,4.283185338174854,3.544898622446221
89655.04647451246,43201.114872720005,89648.4569174757,43204.685107515645,89651.56405670966,43203.00296154547,7.494587630099618,3.961327197562417,3.5332604325372006
89655.09683062202,43201.93323342523,89648.33192383319,43204.3505291069,89651.64394313948,43203.1684135807,7.183821328389517,3.6671653880758592,3.516655940313658
89655.11963066965,43202.80336949168,89648.20210275376,43203.89572531139,89651.68952156209,43203.34610097041,7.003244836770486,3.4727807226745084,3.5304641140959774
89655.09175807438,43203.52560656679,89648.10699967905,43203.53327650569,89651.69731961754,43203.5296301135,6.984762631631979,3.3944408414703515,3.5903217901616267
89655.05657261744,43203.99020591663,89648.10178934476,43203.41892965698,89651.68184098603,43203.71292597198,6.978206571667311,3.3861036238942823,3.592102947773029
89655.0453498643,43204.2043510806,89648.17221017618,43203.577218933104,89651.6580945267,43203.89541691089,6.901691384887654,3.401314311160636,3.5003770737270177
89655.05531428002,43204.18419858997,89648.27678249624,43203.97367141119,89651.63933293101,43204.07844065748,6.781800298320437,3.4176180765376944,3.3641822217827433
89655.05540643937,43203.97742131443,89648.37376558394,43204.5339289454,89651.63944185823,43204.26223189513,6.704776328663783,3.4278172481070928,3.27695908055669
89655.02250560156,43203.763865615634,89648.50173146052,43205.08554932042,89651.66962151986,43204.44346282491,6.653370815923283,3.4210647512404835,3.2323060646827995
89654.99542998683,43203.75822762324,89648.59535004492,43205.44297360865,89651.72041003974,43204.6202955831,6.618110931744987,3.386578925886275,3.2315320058587114
89655.00544890999,43204.01402410601,89648.59567203128,43205.56545234502,89651.77379747003,43204.796395737896,6.594859311440591,3.325007729278546,3.2698515821620453
89655.02547340967,43204.4414867711,89648.5684806222,43205.515523280286,89651.81347779439,43204.975959582334,6.545709314888076,3.256159857637531,3.289549457250545
89655.01560697031,43204.89466738689,89648.55490350652,43205.43063984152,89651.8344144703,43205.158698965,6.482897174857607,3.1921306985057716,3.2907664763518354
89654.98894176041,43205.27974806015,89648.55636466449,43205.40802567405,89651.84106252565,43205.34256421236,6.433856017052622,3.1485059227556813,3.2853500942969407
89654.9622671928,43205.58050622275,89648.5619843558,43205.46996865457,89651.83855518661,43205.526564111744,6.4012372981906225,3.1241777236458326,3.27705957454479
89654.94071588614,43205.814469624085,89648.5667979652,43205.60125094692,89651.83185069839,43205.71047292237,6.377483192226593,3.110604132572307,3.266879059654286
89654.92282481633,43206.0184964372,89648.57061619345,43205.763985605976,89651.82498042344,43205.89437676393,6.35730525865808,3.1003299140346066,3.2569753446234735
89654.90568335251,43206.23324776308,89648.57410455997,43205.91547003335,89651.81779429747,43206.07826794459,6.339548303438814,3.0917757939990542,3.2477725094397596
89654.88205636069,43206.48094946334,89648.5774850457,43206.03195078368,89651.80799324896,43206.2620340498,6.320539477040219,3.081848142452004,3.2386913345882156
89654.83045639683,43206.764176574696,89648.581982534,43206.10844278105,89651.79318039572,43206.44545594579,6.282786994972037,3.053952905039972,3.228834089932065
89654.77101256387,43207.07463802375,89648.59066238065,43206.15477155342,89651.77095042735,43206.628115072286,6.24843041974985,3.033109884120575,3.2153205356292753
89654.70976392592,43207.3818682835,89648.60482113023,43206.20533280813,89651.73919281043,43206.80935101891,6.217279330036412,3.0252386303216654,3.1920406997147466
89654.65630217445,43207.64126274835,89648.6196145441,43206.30971607504,89651.69931857739,43206.98899957393,6.1817969953599725,3.0280685662644453,3.1537284290955276
89654.61984922977,43207.82285439696,89648.62889399064,43206.49885019549,89651.6565422015,43207.16799104056,6.135513980590732,3.0348038749426656,3.1007101056480666
89654.60223891879,43207.91817830054,89648.6306350087,43206.77682027729,89651.6163141028,43207.34756231434,6.079699945318574,3.039958817231828,3.0397411280867463
89654.5949520616,43207.941974751375,89648.61349627035,43207.1209138102,89651.5841838498,43207.528725601376,6.0375453998987805,3.038996558921305,2.998548840977475
89654.5806773978,43207.96220564254,89648.59013303764,43207.46460274704,89651.56557947131,43207.711733142896,6.011175457012975,3.0254837595642323,2.985691697448743
89654.54978076041,43208.08973162832,89648.57668631873,43207.70209682465,89651.55846758901,43207.89561429959,5.985659358049279,2.9976050484839045,2.988054309565374
89654.49933777007,43208.377656580014,89648.57327073903,43207.77832157265,89651.54984421252,43208.07941724864,5.956296913452343,2.9645335121740493,2.9917634012782943
89654.4285967246,43208.75088551937,89648.58458882675,43207.766120668384,89651.52597554294,43208.26175341537,5.9263977357908875,2.943545470914255,2.982852264876633
89654.36246951835,43209.057228872734,89648.59466361866,43207.82231886059,89651.4855405759,43208.441242662186,5.898524191434868,2.9421351348141553,2.9563890566207127
89654.33002066158,43209.206230063726,89648.57927164051,43208.03881764032,89651.44109184868,43208.61982210938,5.868046189251463,2.9478439536245493,2.9202022356269137
89654.32354564531,43209.22246199614,89648.5465784112,43208.38665614816,89651.40605266865,43208.80039938695,5.8371158841465505,2.9478639919331004,2.88925189221345
89654.31358298141,43209.214124525664,89648.52038867961,43208.75740847299,89651.3877222099,43208.98343539815,5.811169398110101,2.9349410092627743,2.876228388847327
89654.28810445008,43209.28074134129,89648.505265049,43209.05518159629,89651.38090860231,43209.16731993169,5.787236710215289,2.909407519317619,2.8778291908976703
89654.25001897143,43209.45645060489,89648.49480314658,43209.24574739164,89651.3781689113,43209.35133118137,5.759071542931253,2.87377327935262,2.8852982635786333
89654.20077387437,43209.73507723848,89648.4882087724,43209.33139059087,89651.37216823964,43209.53524958024,5.726810889841115,2.8356552910766735,2.891155598764442
89654.13859402669,43210.07796544787,89648.48962644613,43209.34819264728,89651.35555772243,43209.71846389643,5.69591108343281,2.806159731075786,2.889751352357023
89654.07100507311,43210.413368129295,89648.49671005023,43209.37106009038,89651.32475441114,43209.89984295103,5.670905664131291,2.7938505341415443,2.8770551299897464
89654.01360528958,43210.68094200988,89648.49815263636,43209.46528616508,89651.28459122671,43210.07942471391,5.647834727061149,2.7945197821308057,2.8533149449303434
89653.97614673841,43210.85984028659,89648.48682571734,43209.65239584856,89651.24146414828,43210.2583319213,5.620548669364579,2.8000537820353184,2.8204948873292612
89653.95728964354,43210.95580642637,89648.46459131163,43209.92357577845,89651.20163142616,43210.4379872666,5.58884917348618,2.803888174172763,2.7849609993134172
89653.9465526728,43211.00071581066,89648.43986038705,43210.24415648441,89651.17115585858,43210.619432307925,5.558420814104988,2.8014647215061332,2.756956092598855
89653.93283088104,43211.04514342626,89648.41983540336,43210.56396874392,89651.15178686084,43210.8024086937,5.533954120872984,2.7916170927772157,2.7423370280957684
89653.91491005417,43211.12436877612,89648.40471959607,43210.84974357424,89651.14088084566,43210.98610117954,5.5170298065631,2.77747294818823,2.7395568583748693
89653.90544198887,43211.24850612344,89648.39219225703,43211.09235758122,89651.13541275662,43211.17004682655,5.5154605404260995,2.7711401640510793,2.7443203763750197
89653.89610408,43211.415164373786,89648.38106661876,43211.29321742664,89651.13239068406,43211.35405385988,5.51638552467311,2.7643889433049056,2.751996581368204
89653.88563674777,43211.614965536,89648.37109357718,43211.46110254462,89651.12886749618,43211.53805124031,5.516689242693721,2.7578420033388533,2.7588472393548673
89653.8742285646,43211.83088681294,89648.36208658564,43211.61270325448,89651.12280909202,43211.721981300194,5.5164583984169475,2.7535739548455127,2.7628844435714353
89653.86242672097,43212.04777035666,89648.35348963915,43211.76320451753,89651.1142180001,43211.90581120307,5.516281853587383,2.751872739556407,2.764409114030976
89653.85073705552,43212.25920789124,89648.34478360742,43211.9191440877,89651.10353939544,43212.08953228282,5.516445120101764,2.75243252335764,2.764012596744124
89653.83938142944,43212.46347658989,89648.33573486684,43212.08232030311,89651.09122550518,43212.27315149628,5.516829306858364,2.7547385765795513,2.7620907302788127
89653.82854982154,43212.65816439333,89648.32614447571,43212.25515639914,89651.0777318194,43212.45668813597,5.517144191811129,2.758186426472089,2.7589577653390402
89653.81864323093,43212.83820669257,89648.31561143327,43212.44265372776,89651.0636989305,43212.640184620126,5.517229478104586,2.7620519255829543,2.7551775525216313
89653.81005553376,43212.998418666495,89648.30374911633,43212.64987217397,89651.05043044144,43212.823737274186,5.517326800191623,2.7651481405161666,2.7521786596754563
89653.80535085931,43213.13702991546,89648.29065755027,43212.87864241423,89651.03945254089,43213.0074389852,5.520743282715703,2.768932523023847,2.7518107596918564
89653.80635583737,43213.2586311092,89648.27726465037,43213.12448430671,89651.03230420471,43213.1913258879,5.5307182823519385,2.77486800649595,2.7558502758559884
89653.80671211888,43213.38091609645,89648.26497565568,43213.3697954481,89651.03041653681,43213.3753384192,5.541747621153532,2.776301184936377,2.765446436217155
89653.80668608159,43213.53216321106,89648.25415661963,43213.58659237082,89651.03293902852,43213.55935059346,5.552796228871808,2.7738802908880196,2.7789159379837876
89653.8072156997,43213.73197020183,89648.24421136141,43213.75480927467,89651.03634342203,43213.74335105727,5.563051221327875,2.770895649960219,2.7921555713676556
89653.80758181258,43213.98101488903,89648.23552528804,43213.87313731829,89651.03684759454,43213.927375997,5.573100706341808,2.7712533694587846,2.801847336883024
89653.80568142864,43214.25352331127,89648.22914430845,43213.96769993261,89651.03069154457,43214.11128391362,5.583857202406454,2.778632919789336,2.805224282617118
89653.80270649176,43214.494807628806,89648.22239641928,43214.09415047213,89651.01662151077,43214.29476494541,5.594674848666813,2.7932573451842275,2.801417503482585
89653.80344579527,43214.65344181035,89648.20939656263,43214.303442962,89651.00025298283,43214.47806704615,5.604987601376122,2.8086733971100903,2.7963142042660314
89653.80771826365,43214.71152079538,89648.19028777617,43214.61229277582,89650.98893260409,43214.6617285149,5.618306816244436,2.819225401727397,2.7990814145170395
89653.81240844316,43214.69958315028,89648.17462729095,43214.99150958288,89650.99022858028,43214.84567774865,5.645334123709547,2.825958741758157,2.8193753819513896
89653.81492732595,43214.70276572628,89648.16834081418,43215.3587311574,89651.0085277811,43215.02872347032,5.684560659984568,2.825265802754586,2.859294857229982
89653.82650575643,43214.8036896407,89648.16289599259,43215.62972425742,89651.03737028532,43215.21046834764,5.7235311430974205,2.818642508830503,2.9048886342669173
89653.85806928236,43215.03198862145,89648.15020310965,43215.768333794185,89651.06753414567,43215.39200876808,5.7551664147729085,2.813663244793573,2.941503169979336
89653.90363292505,43215.37383329823,89648.13457527664,43215.78553604456,89651.08990050781,43215.574633004326,5.78372935933981,2.8208882710604795,2.96284108827933
89653.94664786693,43215.76723950058,89648.12730042498,43215.74945464504,89651.09601839619,43215.75846476562,5.819374619923748,2.850642975798395,2.968731644125352
89653.97943882213,43216.12345281628,89648.12772378368,43215.75695834116,89651.08660848119,43215.942210256806,5.863180630667916,2.8985024145025746,2.9646782161653413
89654.00580514732,43216.38784515933,89648.1243961842,43215.862266502525,89651.06867433681,43216.12535768811,5.904845833479781,2.9488365621977084,2.956009271282073
89654.04142431014,43216.54400148323,89648.11089380857,43216.07689723036,89651.04921877486,43216.308357548376,5.948897243752956,3.001469978092757,2.947427265660199
89654.06558271195,43216.58564087919,89648.08843821216,43216.40057344477,89651.03519285141,43216.49183212098,5.9800088903114075,3.0318414849636186,2.948167405347789
89654.07230688495,43216.53117333034,89648.06534889592,43216.81718103849,89651.0338885559,43216.675784442414,6.013762940430515,3.041857708047547,2.9719052323829676
89654.06275530554,43216.44453264115,89648.05043555715,43217.27203207743,89651.05138996516,43216.85887528335,6.068998610466501,3.039737001518799,3.029261608947702
89654.05158690896,43216.40020133823,89648.0409441152,43217.69629286216,89651.08575311882,43217.03961058125,6.148795011152082,3.0339766397854606,3.1148183713666207
89654.05437067368,43216.42983831596,89648.0291691427,43218.054405071794,89651.13174714995,43217.2177766765,6.240374240363858,3.026974582229832,3.213399658134026
89654.07633575208,43216.532060604906,89648.01192706283,43218.33986311921,89651.1844622997,43217.39409047009,6.328127897443158,3.0176195176031158,3.3105083798400425
89654.11443844621,43216.69127535976,89648.00227556881,43218.55882485544,89651.2394033628,43217.56973014398,6.391109149332903,3.00624508960879,3.3848640597241126
89654.16082880703,43216.881947799855,89648.02537702493,43218.7300320208,89651.29328885025,43217.7456959104,6.407744053744176,2.9948031992373383,3.4129408545068385
89654.20862181074,43217.08100146445,89648.05027845163,43218.89026649768,89651.34569580338,43217.92210787632,6.418616119483747,2.983924482914237,3.4346916365695104
89654.25528818724,43217.27807319654,89648.07690318889,43219.05221796154,89651.39687623271,43218.09887979039,6.428065870463847,2.973927094986137,3.4541387754777095
89654.30064545736,43217.47089609516,89648.10503201504,43219.21877058485,89651.44709562154,43218.275927299335,6.437444458666903,2.964932023711772,3.4725124349551306
89654.34484430928,43217.6591845857,89648.1342832734,43219.39047020248,89651.49662618263,43218.45316887483,6.447357463902895,2.9568154403581524,3.490542023544742
89654.38795250587,43217.842891654494,89648.16450742634,43219.56753356198,89651.5457454093,43218.63052496186,6.4579918215396095,2.9493232116359214,3.5086686099036886
89654.43865243784,43218.01960109618,89648.19567567972,43219.75011456178,89651.59473466856,43218.80791701876,6.478382178988808,2.9511540576886075,3.5272281213001997
89654.51117864452,43218.18529918249,89648.22779690173,43219.93834054743,89651.64387781284,43218.98526648229,6.523345779030434,2.976803947209042,3.5465418318213917
89654.58283893611,43218.34613494625,89648.29830779087,43220.121745116114,89651.69345978214,43219.16249369144,6.530553053980248,3.002491215017999,3.528061838962249
89654.65244322532,43218.50232744208,89648.37470314276,43220.309206967,89651.74376516601,43219.33951680457,6.532597811115918,3.026762970790559,3.5058348403253596
89654.75815525405,43218.64253662438,89648.45313462292,43220.501655682645,89651.79507669513,43219.51625074633,6.573401618054994,3.0892087843432017,3.4841928337117922
89654.87417144,43218.77357896589,89648.53360265816,43220.69893358739,89651.84767363392,43219.69260622252,6.626447230314355,3.1629574876353086,3.4634897426790467
89654.98431495875,43218.89994363267,89648.61621133129,43220.9008364526,89651.90183005083,43219.8684888437,6.675051751670471,3.231066856840101,3.4439848948303697
89655.08583355825,43219.022363212585,89648.70122073512,43221.10719532632,89651.95781294948,43220.04379840109,6.716383390196409,3.290568761354642,3.4258146288417675
89655.17319498867,43219.14059789661,89648.79847593869,43221.31674533302,89652.01588025471,43220.21842833955,6.73592314622582,3.336218636877301,3.3997045093485188
89655.23521011896,43219.23944044007,89648.91303321127,43221.54663127623,89652.0762786589,43220.392265473936,6.730011174404165,3.3627152017451216,3.3672959726590435
89655.24700921877,43219.25870110831,89649.05866586641,43221.86021361278,89652.13934662682,43220.565151013136,6.712932351761276,3.37110933362321,3.3418230181380655
89655.17165407326,43219.12946789004,89649.31577349051,43222.30423745764,89652.21182653483,43220.73422186008,6.661118466693145,3.366870113569579,3.2942483531235656
89655.01856659069,43218.91766348908,89649.66084862452,43222.81815210996,89652.30962811997,43220.88977394244,6.6271376392285255,3.350756224855352,3.276381414373173
89654.90767025614,43218.80032404087,89649.98064510147,43223.23199702755,89652.43081700911,43221.02812173769,6.62686217895156,3.3313487636823185,3.295513415269242
89654.92619251172,43218.83276692385,89650.2209121934,43223.45888782122,89652.56179724522,43221.157382285804,6.598534491163877,3.3157505269979004,3.282783964165976
89655.03777037637,43218.95603957158,89650.3676748594,43223.59750483251,89652.69256868854,43221.28686394575,6.584298892517667,3.3064653664938035,3.2778335260238634
89655.16665654816,43219.09523137254,89650.49553857556,43223.72211667742,89652.82138643361,43221.41829319304,6.574755564915584,3.3010465207303072,3.2737090441852765
89655.26987459914,43219.20700394923,89650.64868162475,43223.87411994325,89652.95030622973,43221.54962239098,6.567906531622625,3.296704200253299,3.271202331369326
89655.33780661845,43219.28051729242,89650.83795542961,43224.0632747573,89653.08150911452,43221.67866455807,6.5668432058060215,3.2927175302489884,3.2741256755570327
89655.3739653508,43219.31987565801,89651.06867519708,43224.276547564914,89653.21705441075,43221.80312556814,6.565372776955567,3.2891936579432666,3.276179119012301
89655.38770675407,43219.33537337644,89651.35672945756,43224.47126798151,89653.35842415155,43221.92091869547,6.528873667045778,3.2867966894337592,3.242076977612019
89655.38886534891,43219.331276190256,89651.66219889521,43224.67433582599,89653.5059643654,43222.03087795551,6.514317241933382,3.2913774934980156,3.222939748435366
89655.37152971384,43219.32027344797,89651.983039444,43224.88596455867,89653.65975591134,43222.13189954302,6.516040503910869,3.2917185252193217,3.224321978691547
89655.34001120286,43219.30164405821,89652.32006890922,43225.104448901446,89653.81979715022,43222.2226827766,6.541604964181307,3.292949735447511,3.2486552287337958
89655.30818819729,43219.29010722187,89652.66208316151,43225.31718395811,89653.98593841151,43222.30173443723,6.582364761191421,3.2891097549784565,3.293255006212964
89655.31807128034,43219.29573270135,89652.97620186883,43225.49571991564,89654.15722428888,43222.36895684419,6.627533010095698,3.285159413138904,3.3423735969567936
89655.40375498295,43219.32910577403,89653.22063736782,43225.63867828025,89654.33129496011,43222.42866410584,6.676579044177546,3.279852489505498,3.3967265546720484
89655.56303233816,43219.38675440871,89653.3936424495,43225.74848669967,89654.50607678859,43222.48627606025,6.721450009544505,3.2747808326850834,3.4466691768594213
89655.76131393468,43219.457373671474,89653.52779489722,43225.83796116052,89654.68014821359,43222.54599553038,6.760214789198843,3.272385109331614,3.487829679867229
89655.96397415479,43219.529773933406,89653.65787622721,43225.92177902881,89654.85343485573,43222.60795762877,6.795279007610723,3.272386345946645,3.5228926616640774
89656.15626057815,43219.598631270375,89653.7988595366,43226.0085921272,89655.02619128785,43222.67138462264,6.829709939424912,3.2739685039330393,3.5557414354918735
89656.33540701479,43219.662743211054,89653.95339738723,43226.10177631158,89655.19868822329,43222.73551481758,6.865501958012151,3.27628676351872,3.5892151944934305
89656.51049171435,43219.69666413141,89654.12120734244,43226.20403660994,89655.37120263418,43222.79959797556,6.932140822589975,3.3054769775878508,3.626663845002125
89656.6853338164,43219.687903379614,89654.30306745613,43226.31496729585,89655.54401044645,43222.8628847048,7.042241771000522,3.3738887726286575,3.6683529983718643
89656.84310123266,43219.67926308527,89654.4997194071,43226.43499740438,89655.71737927027,43222.92461590628,7.15062127166309,3.4350494711801387,3.7155718004829517
89656.98262049658,43219.67148867101,89654.71215106342,43226.56477894993,89655.89156043169,43222.98401290637,7.257581023752724,3.487582095811802,3.769998927940922
89657.10312198462,43219.6646195011,89654.94166898097,43226.70512919674,89656.06677961643,43223.04026901892,7.364825582572626,3.5311492706030543,3.833676311969572
89657.20403942266,43219.65867169397,89655.20441332296,43226.80499121127,89656.24322554412,43223.092543506056,7.420807717775034,3.5657592362679384,3.855048481507096
89657.2850688229,43219.65363901244,89655.49583981704,43226.87292310318,89656.4210363047,43223.13995922119,7.43770147420993,3.591793533937695,3.8459079402722347
89657.34623804559,43219.6494782195,89655.8054354244,43226.94517044634,89656.60028337355,43223.18160556231,7.4566210703313285,3.610037664426068,3.846583405905261
89657.38798393539,43219.64609464464,89656.13460188344,43227.01828136942,89656.780953944,43223.21654863047,7.47797457024096,3.6216884288133375,3.856286141427622
89657.41132537666,43219.64337536479,89656.4931184264,43227.01573137597,89656.96293310846,43223.24385049233,7.42931606304132,3.6282884078047264,3.801027655236593
89657.41859964756,43219.64132284068,89656.86403189498,43227.00736497565,89657.14598852616,43223.26259893719,7.386888528242764,3.6315227371777463,3.7553657910650178
89657.41461873146,43219.64009355528,89657.24307343687,43226.97910595719,89657.3297609254,43223.271958826976,7.341017015940491,3.632856479272435,3.7081605366680557
89657.40484786069,43219.63987623035,89657.62314857688,43226.9201117902,89657.51377072095,43223.27148629516,7.283507740958134,3.6332431589868235,3.65026458197131
89657.39358162753,43219.64140705703,89657.99969093307,43226.86089266638,89657.69748640584,43223.26108332903,7.24488377787239,3.632411654583406,3.6124721232889843
89657.39464246968,43219.64534623729,89658.36079472257,43226.79697674902,89657.88035119274,43223.24059554294,7.216596784656689,3.6279099400982915,3.5886868445583975
89657.44729607858,43219.64677436861,89658.67012681821,43226.73734764722,89658.06183970293,43223.21021474661,7.195244571046677,3.6160435829486697,3.5792009880980076
89657.5926564654,43219.635401187006,89658.88860550195,43226.69464085331,89658.24235595671,43223.17441989517,7.1772103613938665,3.5981610366628947,3.579049324730972
89657.80026543951,43219.61383396886,89659.04573000151,43226.6645657815,89658.42321370913,43223.14041789886,7.159888341935304,3.581181196468531,3.578707145466773
89657.9456534734,43219.59298204122,89659.26005223556,43226.60816117642,89658.60519162993,43223.113027607214,7.137253141437132,3.581300234075798,3.555952907361333
89657.98069116288,43219.5924125622,89659.58196417234,43226.52518757984,89658.78596187358,43223.07885673183,7.115296529034927,3.5782333441910184,3.537063184843908
89658.05584143252,43219.58865974811,89659.86483029502,43226.448484019806,89658.96305021297,43223.02887711078,7.09433786503376,3.5578256384718774,3.5365122265618822
89658.30098270824,43219.54516587523,89659.98000584706,43226.416123293646,89659.13959408774,43222.97694161021,7.073130462989345,3.532754412786049,3.5403760502032955
89658.65481506113,43219.48194830601,89659.98663924735,43226.40793752496,89659.31926100024,43222.93731798198,7.052877591728944,3.5186741826436165,3.5342034090853276
89658.97240559287,43219.43187415746,89660.03058313354,43226.39144530834,89659.50118035535,43222.90960652249,7.039557536647966,3.517701686072028,3.5218558505759385
89659.17528124707,43219.40071611506,89660.1894902885,43226.35351687961,89659.68376310343,43222.88655676566,7.026383027649333,3.5227317297297653,3.503651297919567
89659.2689895555,43219.38573563175,89660.45621608119,43226.29662062469,89659.86598277502,43222.86084334897,7.012120806786646,3.5260139747931487,3.486106831993497
89659.32422579564,43219.37998754259,89660.76013901019,43226.22923910672,89660.04663091124,43222.82583327789,6.998149308810188,3.520755882270412,3.477393426539776
89659.43337203613,43219.36610272695,89661.01103633693,43226.17056274724,89660.22559548412,43222.78296063214,6.984962477620738,3.5074971041777774,3.4774653734429606
89659.63034796774,43219.33399597342,89661.17691844433,43226.13814878709,89660.40429476832,43222.73898223799,6.9777056222492835,3.491836925176854,3.485868697072429
89659.88006150405,43219.29206146627,89661.29030189717,43226.11802448461,89660.58403524182,43222.69949366189,6.970118298429593,3.479392646880819,3.490725651548775
89660.1338728662,43219.25117688807,89661.39918701752,43226.09753156161,89660.76475080606,43222.6647275544,6.9622979121414925,3.4713592621063656,3.490938650035127
89660.36971475136,43219.214343849584,89661.52594998293,43226.07305963319,89660.94609619881,43222.63340311924,6.9554915075092065,3.467301812990969,3.4881896945182373
89660.58641313603,43219.18073732307,89661.67193291556,43226.04507230163,89661.12780533762,43222.60425684448,6.949636529321801,3.4660628138331115,3.48357371548869
89660.78857303095,43219.14930727751,89661.83253286044,43226.014486952416,89661.3097177653,43222.57640570199,6.944101388538337,3.466496133735999,3.4776052548023384
89660.97936317415,43219.119564011824,89662.0045353257,43225.98179795535,89661.49174234625,43222.54929618292,6.938388331303899,3.467793993516117,3.470594337787782
89661.15969559446,43219.09139674275,89662.18705932173,43225.94777909538,89661.6737956302,43222.52237982956,6.932925442671675,3.469285775020414,3.4636396676512615
89661.32979995481,43219.06479347571,89662.38231382497,43225.92881945576,89661.85579616838,43222.49510972959,6.94425216288402,3.47040943094121,3.47384273194281
89661.49050909952,43219.039709482335,89662.5871081653,43225.90855671099,89662.03766076778,43222.46694877156,6.955831493189603,3.4706403002437534,3.4851911929458494
89661.64847503658,43219.01509032662,89662.79457600972,43225.88633234726,89662.2193010866,43222.437377754766,6.966169273488083,3.4695667770263334,3.496602496461749
89661.83381696952,43218.984714706894,89662.97400241643,43225.86681307986,89662.4006226743,43222.40591314035,6.975908605233419,3.4678332468608493,3.5080753583725697
89662.11227311892,43218.93435346518,89663.05817205939,43225.86295771245,89662.58182478738,43222.37377326343,6.992873631127809,3.4713235686087542,3.5215500625190552
89662.5571516727,43218.856134788126,89662.97363282922,43225.88173444362,89662.76423702459,43222.34969540278,7.03793343772422,3.4996928595554526,3.538240578168767
89663.1828527804,43218.77586014628,89662.71472898856,43225.89670345871,89662.94808355879,43222.34584304698,7.136213939438345,3.5776940197143725,3.558519919723972
89663.8489090878,43218.73231438226,89662.43862451913,43225.87458162881,89663.12986141897,43222.373149548046,7.280170606781104,3.7111602302360396,3.5690103765450636
89664.33925295925,43218.702907178886,89662.35738429164,43225.84530435638,89663.30676672564,43222.42369789107,7.412262870653192,3.8613872308381443,3.550875639815048
89664.56813771628,43218.65308953524,89662.52733618622,43225.84295459066,89663.48168361343,43222.48089312855,7.473889911422516,3.979002747746928,3.4948871636755885
89664.58854455978,43218.60513269996,89662.87243887651,43225.85059948654,89663.65891256566,43222.53032326466,7.44592557609101,4.033774487217734,3.4121510888732764
89664.52717394503,43218.57953440868,89663.27386569894,43225.84357775127,89663.83923865351,43222.56689731052,7.371370784719646,4.0462720961745635,3.325098688545083
89664.47512789219,43218.572110467954,89663.64784970842,43225.904254116,89664.02153925618,43222.59188525203,7.378666524233848,4.045285152549511,3.3333813716843372
89664.46026915802,43218.57203274192,89663.99067604345,43225.99409194976,89664.20493305182,43222.60696502661,7.436899931190948,4.043003223985043,3.393896707205905
89664.48660402793,43218.57231373016,89664.30509085461,43226.07779937687,89664.3888197899,43222.613957114736,7.507680189764219,4.042826116132564,3.4648540736316553
89664.5536615671,43218.57067013727,89664.58973015915,43226.16030962616,89664.57284347,43222.614715414384,7.589725193978503,4.044090769103835,3.5456344248746685
89664.66031495645,43218.56664201049,89664.8436521007,43226.24725869985,89664.75683654356,43222.61106655461,7.682804516503042,4.04557614065533,3.6372283758477124
89664.8054820204,43218.56021669948,89665.06514728717,43226.32345421085,89664.94076098071,43222.6047879252,7.767578947699672,4.04683293416343,3.720746013536242
89664.98838526392,43218.55143965685,89665.25230253795,43226.38820025587,89665.12465328915,43222.59761153018,7.841203288655862,4.048465857984785,3.7927374306710773
89665.20870227093,43218.54032886859,89665.40346766495,43226.440917172615,89665.30857454501,43222.591241755246,7.902988618788382,4.052143838314583,3.850844780473799
89665.46666210804,43218.52683706164,89665.51738884083,43226.481079884434,89665.49256338869,43222.58737699647,7.954404571401507,4.060622543240243,3.8937820281612634
89665.76305753709,43218.51217621404,89665.59337632373,43226.50907153364,89665.6765891489,43222.58772617405,7.998695297802111,4.076467129600619,3.9222281682014914
89666.09629072061,43218.54854228763,89665.63145049573,43226.52335360488,89665.86050338268,43222.594011073415,7.988347262209292,4.052334310677747,3.936012951531545
89666.46556139074,43218.60996750784,89665.6312639057,43226.52196276557,89666.04399120262,43222.60794482635,7.955860811502975,4.020142293855018,3.935718517647957
89666.88266947115,43218.67648620415,89665.58371308466,43226.505665828576,89666.22652888973,43222.631177505325,7.936204463456363,4.008753391036791,3.927451072419572
89667.37818640946,43218.77442965607,89665.45757961892,43226.4713140144,89666.40729259864,43222.66552784388,7.932890978717378,4.01039647654076,3.9224945021766175
89667.94498068663,43219.05722796092,89665.2157592783,43226.39515689434,89666.58417909428,43222.71602355631,7.829038927616741,3.903660613146205,3.9253783144705365
89668.53996484567,43219.41512442014,89664.91439850048,43226.26047345931,89666.75247530422,43222.79007283782,7.746194858911098,3.8190830945098386,3.9271117644012588
89668.95522799766,43219.71475794245,89664.79093772123,43226.16977826327,89666.90552094985,43222.89198199175,7.681705595021181,3.7810119864029574,3.9006936086182233
89669.04176348982,43219.77415929556,89665.03488929837,43226.276978097165,89667.05222718876,43223.00305708552,7.638173417457756,3.7926291186031853,3.8455442988545707
89668.86974867724,43219.6801464356,89665.55176987276,43226.51281487272,89667.21202661801,43223.09387653891,7.595679121620721,3.7949434309173813,3.8007356907033394
89668.72571970815,43219.630942084965,89666.03585113074,43226.7043880701,89667.38342149429,43223.16069230384,7.567630479166966,3.776360827911988,3.791269651254978
89668.79421514177,43219.686831228406,89666.3036609442,43226.802357469685,89667.55881326638,43223.21640623274,7.538804540615498,3.7395343968120227,3.7992701438034753
89669.07008245753,43219.83423193252,89666.35379616894,43226.82515366613,89667.73347423605,43223.2743211503,7.500079858808419,3.6906280446570245,3.8094518141513953
89669.45245060333,43220.04408765912,89666.2833679345,43226.79696200402,89667.90302297627,43223.34573472868,7.4595172015776665,3.647135772558292,3.812381429019374
89669.83027074349,43220.26841771042,89666.2098618627,43226.75850897593,89668.0660350589,43223.43106325463,7.43159774872156,3.621443688521618,3.810154060199942
89670.15524465436,43220.47056877181,89666.19106246861,43226.74132099588,89668.22319778,43223.52677104982,7.418697585001445,3.615684926662457,3.8030126583389885
89670.4224943428,43220.63825723263,89666.2376088343,43226.75472587961,89668.3758428711,43223.62955262153,7.4111035230178315,3.624448971947795,3.7866545510700367
89670.63563867054,43220.77088753837,89666.34694239868,43226.79858225444,89668.52567052592,43223.736411387945,7.39770365062632,3.6395463005326913,3.7581573500936285
89670.7959207988,43220.88436673556,89666.50816108032,43226.86763161619,89668.67456359672,43223.844572047965,7.36100142882743,3.6418363321810383,3.719165096646392
89670.93222175074,43220.98029621392,89666.6979243589,43226.94883112557,89668.82423514606,43223.95165153735,7.317969895683529,3.6431524787675795,3.674817416915949
89671.0677007449,43221.07571726657,89666.8820948329,43227.03894895327,89668.97483592434,43224.05742110789,7.2855630530421465,3.642889094455028,3.642673958587119
89671.21501322494,43221.17949889977,89667.03335722831,43227.15045568729,89669.12582771842,43224.162632154126,7.289620829131863,3.641947294217608,3.6476735349142553
89671.376762772,43221.29338969974,89667.1702310414,43227.25171313132,89669.27666988329,43224.26805740325,7.293594951450869,3.641296209798202,3.6522987416526673
89671.54992494304,43221.41540615241,89667.29570119464,43227.34469343196,89669.42681591767,43224.37447084503,7.2975932570182405,3.6419302284282264,3.6556630285900136
89671.7254296104,43221.53929981936,89667.41882010081,43227.435774071935,89669.57579010949,43224.48251816664,7.301732265659675,3.64465145433868,3.6570808113209945
89671.89227700123,43221.6571448313,89667.55056990962,43227.53305603241,89669.72379305557,43224.59189329237,7.305939563986065,3.6489822077294445,3.6569573562566213
89672.04455166643,43221.76452421513,89667.69678458058,43227.641059484406,89669.87142535896,43224.7017686321,7.310044145142289,3.653749131135546,3.6562950140067434
89672.18600677993,43221.85414288374,89667.85839160118,43227.7605713689,89670.01929393908,43224.811325449264,7.322168434661956,3.6660023541328863,3.6561660805290694
89672.31753303183,43221.92536718652,89668.03488931419,43227.89123047438,89670.16795872978,43224.91979837963,7.343879218890988,3.6860938471916707,3.6577853716993176
89672.43261446252,43221.98735968935,89668.22603119866,43228.032802288144,89670.31793801623,43225.02644474638,7.36496564629435,3.7024173800816675,3.6625482662126827
89672.53130844841,43222.04003233566,89668.43200907069,43228.18519140856,89670.4697251724,43225.13049941782,7.386963883719673,3.7149848438243724,3.6719790398953007
89672.6144931991,43222.08385959696,89668.65263423229,43228.34754767604,89670.62377740578,43225.231166893,7.411485331902687,3.724042505860227,3.6874428260424605
89672.68783672292,43222.12252676353,89668.8898310235,43228.50470489042,89670.78050104658,43225.32761832154,7.426778907189103,3.729683803953701,3.6970951032354016
89672.76762259797,43222.16575182346,89669.12698637703,43228.64707618274,89670.94012761765,43225.41918522896,7.43382791995017,3.7315635901208464,3.7022643298293234
89672.87509477389,43222.22479496978,89669.3373874086,43228.77297410768,89671.10193160457,43225.506857669134,7.442716132197351,3.7304213150161534,3.712294817181197
89673.02271187723,43222.30539024279,89669.50868604059,43228.876333043925,89671.26469255333,43225.5927454359,7.451554661703936,3.7279131037118085,3.723641557992127
89673.21202226898,43222.4081327977,89669.63896502696,43228.95632924656,89671.42725123349,43225.67901388351,7.459598835577582,3.7261334821375067,3.733465353440075
89673.4320105431,43222.52777801746,89669.73893610522,43229.01826968165,89671.58842621295,43225.76783256176,7.467615472600428,3.7278353816111003,3.7397800909893273
89673.65207513259,43222.64795174837,89669.83908584595,43229.07926209032,89671.74712523152,43225.86099896686,7.476673057891059,3.7353054164112622,3.7413676414797967
89673.83941395787,43222.77444308081,89669.96023329352,43229.15371292451,89671.90420984304,43225.95687504497,7.4661319547410425,3.7246326225001543,3.741499332240888
89674.04398290119,43222.92431427388,89670.05544554714,43229.21758089718,89672.0617864602,43226.05193892514,7.450747279190895,3.7028554778551213,3.747891801335774
89674.36123932396,43223.14426179305,89670.0321187898,43229.21392459896,89672.21773371837,43226.14960962584,7.455339776196767,3.6914403526620907,3.763899423534676
89674.79621026984,43223.51432376928,89669.85539338682,43229.09304586832,89672.36519944602,43226.259497945815,7.452101172505603,3.666850813027263,3.785250359478341
89675.20816628063,43224.00894807879,89669.64455677274,43228.890737425805,89672.49454821875,43226.39000546056,7.401730742543576,3.610146429313965,3.7915843132296105
89675.48694241444,43224.37728658297,89669.60098332357,43228.78840239777,89672.60261529988,43226.53885897016,7.355437250987345,3.6044053724389196,3.751031878548426
89675.56072006364,43224.46772275389,89669.81639399774,43228.94082490563,89672.7042012861,43226.69230349156,7.280516803294305,3.6205605898577744,3.659956213436531
89675.4027434551,43224.28004317332,89670.29061388942,43229.33582995299,89672.81752513604,43226.83705133447,7.189912991072098,3.636157930204416,3.553755060867682
89675.13369046312,43224.0583555232,89670.86048733276,43229.74790623536,89672.95805591818,43226.955009973804,7.11556408948603,3.6227051604203893,3.4928589290656404
89675.10486425478,43224.09411050248,89671.1682093647,43229.94255607206,89673.11769412743,43227.04647406434,7.049933852957185,3.5588334769131373,3.491100376044048
89675.43591762132,43224.43859741096,89671.07880770371,43229.88834043171,89673.27397748039,43227.14323246459,6.977399679635148,3.4625187286495103,3.5148809509856385
89675.90201739004,43224.98687221353,89670.78985393852,43229.663367950096,89673.40836255456,43227.2684006384,6.928479476480021,3.3798944350353683,3.5485850414446523
89676.28316043981,43225.520818725854,89670.55775958471,43229.44453572413,89673.51887046178,43227.41531459196,6.940876749475041,3.3511809365291856,3.5896958129458554
89676.55166309932,43225.93515185215,89670.45700072477,43229.332899453846,89673.61141762481,43227.57429781974,6.9777932204271895,3.366280284447084,3.6115129359801057
89676.7093023541,43226.23307416729,89670.48798867637,43229.33966905299,89673.69294446068,43227.73926789141,6.953824534840029,3.3715032961193736,3.5823212387206556
89676.79250848659,43226.39623751836,89670.64641660283,43229.4669826794,89673.77044412952,43227.906185578,6.870510992256021,3.3782859738410678,3.4922250184149535
89676.80727511841,43226.42447928534,89670.90912643269,43229.71082548301,89673.85205565608,43228.07110647012,6.751905601575304,3.3830020922462496,3.3689035093290545
89676.78530898955,43226.4058951883,89671.1353184027,43230.03428658227,89673.94650543237,43228.22894490901,6.714731397450233,3.373768800683916,3.3409625967663175
89676.83132681155,43226.513338019984,89671.27944045285,43230.24115528151,89674.0555816942,43228.37714405443,6.687306160009465,3.34343145442876,3.3438747055807045
89676.98711405163,43226.83196085379,89671.28299288225,43230.25489883843,89674.16068799453,43228.52811783039,6.652330627415757,3.2963059241409853,3.3560247032747714
89677.20439945109,43227.28815456213,89671.20052190848,43230.13474971089,89674.24947375395,43228.689203453534,6.644520260573955,3.2702482890004543,3.3742719715735014
89677.42777730757,43227.802330754406,89671.09670981485,43229.95518389163,89674.31939670753,43228.85931508413,6.687091462514395,3.2831761798578945,3.4039152826565013
89677.56349823067,43228.34216797267,89671.01418294274,43229.76551254889,89674.36806665229,43229.03666526297,6.70219669439166,3.270032027113153,3.4321646672785073
89677.61983711802,43228.809999949495,89670.99735286948,43229.649229839655,89674.39459963226,43229.21868903421,6.675447882618226,3.2510280847050947,3.424419797913131
89677.65356243306,43229.11107642957,89671.07096747108,43229.70153725571,89674.40747323037,43229.40225970485,6.6090241655545405,3.259123012652473,3.3499011529020675
89677.67170264947,43229.2029389615,89671.2275720115,43229.96162651447,89674.41908065524,43229.5859197254,6.4886382614887275,3.2750914648171556,3.2135467966715723
89677.66016821997,43229.07443192888,89671.40956203833,43230.42230577672,89674.44231756183,43229.76840683113,6.394281943487881,3.291832927571905,3.1024490159159757
89677.59103593603,43228.812931848894,89671.65237583345,43230.98271805765,89674.49091011933,43229.945655549935,6.322630466185139,3.300582230794243,3.022048235390896
89677.50907542875,43228.66022341048,89671.88365848186,43231.43834605556,89674.57064187735,43230.111338660994,6.274016358087664,3.2772133293842827,2.996803028703381
89677.51504760429,43228.79066012864,89671.98702334624,43231.65866869475,89674.66433055616,43230.269731965374,6.2277223248223095,3.2115792356309627,3.016143089191347
89677.62825113806,43229.217785035005,89671.93319266151,43231.62054690979,89674.75230486336,43230.43128248936,6.181177536133067,3.1214809060218207,3.0596966301112465
89677.75890315775,43229.80459411625,89671.85427115351,43231.40807560137,89674.81324912817,43230.60454604495,6.118482816856233,3.0523434849662565,3.0661393318899757
89677.8351182572,43230.26498771375,89671.83737588866,43231.30949005536,89674.84255229325,43230.78613107265,6.088012702131028,3.037604557717135,3.0504081444138933
89677.86585849918,43230.47933035314,89671.86649263195,43231.45774616706,89674.86386763176,43230.96891592821,6.078625528345082,3.041651394121563,3.0369741342235193
89677.87591775873,43230.55083587344,89671.9158073461,43231.749382169575,89674.89541469468,43231.15019277133,6.079426729135696,3.0401689436451753,3.0392577854905203
89677.88172072191,43230.61249089639,89671.9693037756,43232.05200690904,89674.93691320057,43231.32947246598,6.085136029521777,3.030833863624748,3.054302165897029
89677.89578194235,43230.72103400017,89671.9718897414,43232.32086713504,89674.98474193407,43231.50717684349,6.136119691663389,3.015323282824333,3.120796408839056
89677.92140587556,43230.88400907112,89671.90078351721,43232.5531171855,89675.03536097003,43231.68411021808,6.247704816922395,2.9948985028102544,3.2528063141121413
89677.95856930326,43231.10197417987,89671.84549161949,43232.71725457186,89675.0855025917,43231.86117875633,6.322883006963323,2.971683684040426,3.351199322922897
89678.00749448346,43231.37766795099,89671.81406305796,43232.80248952085,89675.13176697887,43232.039291077526,6.355211195428174,2.9508564591053887,3.4043547363227855
89678.06928366418,43231.71755330998,89671.80896486323,43232.80090206881,89675.1703551463,43232.21920310411,6.3533641500559845,2.942012757917516,3.411351392138469
89678.1447816163,43232.13274793294,89671.82870416137,43232.70831067343,89675.19684665199,43232.40125764274,6.342247783540021,2.960138175498935,3.3821096080410853
89678.22977917489,43232.63670890092,89671.86982310253,43232.52827169676,89675.20616789893,43232.584951130375,6.360880445215001,3.024054234784964,3.336826210430037
89678.30750688787,43233.22282455054,89671.93013680099,43232.29248197842,89675.19303344848,43232.76837348592,6.444872890170041,3.1474546183857823,3.2974182717842586
89678.35711523292,43233.81357598593,89671.99507061765,43232.09470759911,89675.153387263,43232.94793569503,6.590153278724745,3.3186150753782555,3.2715382033464904
89678.38774013032,43234.2874351205,89672.02449150935,43232.036155984446,89675.09331514398,43233.12184192323,6.749754867255747,3.494544819016907,3.2552100482388395
89678.42960085499,43234.58745843782,89671.99259610561,43232.13949533366,89675.02452632596,43233.292531466686,6.886766549183417,3.6429889388811967,3.2437776103022204
89678.48214258964,43234.72241797451,89671.90706779137,43232.37467935127,89674.95679418881,43233.463638376925,6.981653475067807,3.7433417453550213,3.2383117297127852
89678.52725382189,43234.75516893424,89671.79594687987,43232.683120443085,89674.89798097836,43233.6379982559,7.043002065696307,3.797326914722229,3.2456751509740775
89678.55351754118,43234.76633630261,89671.68383197552,43233.00286306485,89674.84877038361,43233.81531338282,7.092419730340183,3.824865500308329,3.267554230031854
89678.56747962254,43234.80037648963,89671.57913137045,43233.30284878093,89674.80760635022,43233.99467200306,7.14699940749714,3.8452316891875067,3.3017677183096334
89678.57915227392,43234.86909612296,89671.44306727833,43233.568565147885,89674.77284783055,43234.17538534601,7.25362598176267,3.8690035096442035,3.3846224721184663
89678.59395184605,43234.974282312985,89671.27944151392,43233.80180210261,89674.74280487146,43234.356945426975,7.407885747206816,3.9003125324382446,3.5075732147685716
89678.61386888733,43235.11630076455,89671.13348096352,43234.00844648668,89674.71577619525,43234.53898089069,7.56198020309621,3.940612245931273,3.621367957164937
89678.63959148129,43235.29596786718,89671.00799817144,43234.18537056518,89674.69005903456,43234.721207355,7.711980472887307,3.991134700071903,3.7208457728154034
89678.67154331367,43235.51510277805,89670.90520397732,43234.32963393735,89674.6639410086,43234.90337652629,7.856294486562215,4.054020873485365,3.802273613076849
89678.71024906269,43235.77685379324,89670.82684271582,43234.438713977725,89674.63568375267,43235.08522430535,7.996168694813685,4.132848147961655,3.8633205468520306
89678.75643685767,43236.08601409028,89670.77412043457,43234.510725954846,89674.60350794894,43235.26641622051,8.13627114785529,4.233031914494421,3.903239233360869
89678.81099019322,43236.44936845149,89670.74750201486,43234.54466223647,89674.56559036866,43235.44648882964,8.285393616537371,4.362245660930332,3.9231479556070386
89678.87463454467,43236.87598622483,89670.74645714581,43234.54066148152,89674.52008544793,43235.62478859117,8.457009489724625,4.530738720603211,3.926270769121413
89678.63590538631,43237.26715750148,89670.76928277763,43234.50053968565,89674.46518532983,43235.80041576876,8.338940305567888,4.421112654081032,3.917827651486856
89678.29809105305,43237.64881911126,89670.81266610972,43234.42982122365,89674.39922991002,43235.97219020929,8.148222750015229,4.2440785439827815,3.9041442060324467
89677.95677936902,43238.03254615356,89670.87003036132,43234.341164837904,89674.3208522333,43236.13865757424,7.990513595271948,4.099607308895028,3.8909062863769206
89677.58325335592,43238.3825117504,89670.93255395502,43234.24948228456,89674.2297843805,43236.29853730195,7.830308747885556,3.948253243003781,3.882055504881775
89677.22439122085,43238.71677567496,89670.99597460924,43234.16093102695,89674.12685340297,43236.45105204577,7.716792983146503,3.8377394514357626,3.8790535317107406
89676.87903791266,43239.037883857935,89671.06016259409,43234.0793723656,89674.01271942648,43236.59537500543,7.645007926264662,3.765850655398829,3.879157270865833
89676.55839764356,43239.33195530019,89671.11254704813,43234.02701907439,89673.88789685786,43236.73055735784,7.602607254588788,3.728115569676612,3.8744916849121758
89676.30766764587,43239.56578964963,89671.10965035323,43234.05158093952,89673.75389255586,43236.85666957504,7.577986637174623,3.723049662425024,3.854936974749599
89676.16749509769,43239.71067445895,89671.00997135058,43234.18807005164,89673.61644619572,43236.979047530906,7.55640196400487,3.7375976474496646,3.818804316555205
89676.1152701976,43239.77050922642,89670.82986406964,43234.419774631766,89673.48198358758,43237.10467825627,7.521029094469212,3.747112639339399,3.773916455129813
89676.10236606144,43239.78772015537,89670.61838620777,43234.6978794161,89673.35361528165,43237.23652869083,7.482012682872899,3.7502278248324834,3.731784858040415
89676.1045420424,43239.78642332583,89670.39394563304,43234.991744818326,89673.23144248388,43237.374140758446,7.456530918663374,3.7515074647504627,3.7050234539129114
89676.123932814,43239.76009686684,89670.15473782527,43235.30959322529,89673.11619034251,43237.51758909351,7.445688113061694,3.751713726857342,3.6939743862043524
89676.1438652055,43239.71574256939,89669.9290643955,43235.654609008205,89673.010564896,43237.66824780789,7.4240524587084025,3.7429674895502827,3.6810849691581202
89676.11003711408,43239.72036301582,89669.7529548137,43235.95021366374,89672.9166702177,43237.82649317389,7.390975680574893,3.7127261026150005,3.6782495779598925
89675.97275206106,43239.86151139256,89669.66114359246,43236.10078613459,89672.82824796859,43237.98789115292,7.347071248268955,3.6603768644731156,3.6866943837958397
89675.71776991592,43240.16369983066,89669.67393406032,43236.07637699626,89672.734844309,43238.14642616125,7.296174326515885,3.6010051699085186,3.695169156607366
89675.38605629958,43240.5425372211,89669.7634178539,43235.96326812182,89672.62626878971,43238.294871654485,7.25146664989256,3.559273465049944,3.6921931848426155
89675.10224624252,43240.84141951569,89669.81180929033,43235.93629018615,89672.5004708607,43238.42912585706,7.214500459813534,3.5480129414760304,3.666487518337503
89674.99020236067,43240.990123645766,89669.71439040266,43236.09465174447,89672.36925365812,43238.55815810433,7.197210359257893,3.575448013343626,3.6217623459142674
89675.0170348241,43240.99695293482,89669.4959118281,43236.40966261894,89672.24469366198,43238.6935483956,7.178163524250479,3.6043790020525353,3.5737845221979443
89675.06809403846,43240.94386216772,89669.24646163815,43236.77045157057,89672.13319424303,43238.83989509146,7.163013319603411,3.6111375309198843,3.5518757886835264
89675.08119062589,43240.92600424066,89669.0330893017,43237.09304742268,89672.03240494644,43238.99384501984,7.160383201779831,3.6094782689225586,3.550904932857272
89675.04912551948,43240.977363326856,89668.86576681049,43237.34909547168,89671.93874572507,43239.15225294351,7.169257461759509,3.606312573372573,3.5629448883869355
89674.98095796003,43241.09387435143,89668.73652032927,43237.543048159074,89671.84841870738,43239.31259233604,7.183409216568308,3.603577082250185,3.5798321343181234
89674.88707058817,43241.258224114805,89668.63521660554,43237.69111514945,89671.75841022356,43239.47311120865,7.197912516195874,3.602102686602035,3.5958098295938394
89674.77862827855,43241.448619300616,89668.55292591339,43237.815623152586,89671.66697428569,43239.63281963008,7.2081919335697595,3.602709954299541,3.605481979270219
89674.67221768913,43241.6351277284,89668.47430368201,43237.94727732856,89671.57282408314,43239.79094260173,7.21209945932777,3.6065578473553166,3.6055416119724533
89674.58534869837,43241.78852102174,89668.37614013739,43238.11204323815,89671.47741455775,43239.948311182045,7.216007195600237,3.6118730426914643,3.6041341529087725
89674.51715293046,43241.90997352328,89668.25945435856,43238.30870968853,89671.38375389848,43240.1067226848,7.219964863095628,3.615232092149717,3.6047327709459114
89674.43948570329,43242.048036642766,89668.15260332027,43238.48902957313,89671.29424986386,43240.26751821824,7.224363045947682,3.6142432604494896,3.610119785498193
89674.31860032631,43242.26383970386,89668.08958162516,43238.591959619625,89671.20557309128,43240.42877320979,7.230724537162246,3.6136418754068207,3.6170826617554255
89674.14136890633,43242.55647109153,89668.07639830765,43238.61402665626,89671.11084000632,43240.58651407158,7.233722173836151,3.6145312385181474,3.619190935318004
89673.94345793105,43242.8568838516,89668.07681922185,43238.62459414197,89671.00561725518,43240.73745813807,7.2339288033147255,3.6225506472535693,3.611378156061156
89673.7816522693,43243.09887979515,89668.0344925247,43238.69025605717,89670.89325762658,43240.88319895229,7.24332854377596,3.6403386119343684,3.602989931841592
89673.67836218984,43243.25918009455,89667.92727782247,43238.83239421006,89670.77864732726,43241.02718597829,7.257506780414284,3.659254571534551,3.598252208879732
89673.62204402933,43243.35323241989,89667.77131554179,43239.03745972903,89670.66641500292,43241.17302307984,7.270276318963148,3.672744982725233,3.597531336237915
89673.5817656831,43243.42020890168,89667.59799237813,43239.267567207855,89670.55947646548,43241.32278384341,7.283541446492863,3.6787802312777806,3.604761215215082
89673.53304330794,43243.49592601453,89667.43219952837,43239.4890244562,89670.45718054591,43241.47575860719,7.299010543974491,3.679946750227407,3.619063793747084
89673.46809352802,43243.59524681663,89667.28238719804,43239.68809862466,89670.35828893395,43241.63095963872,7.3163358175307955,3.6782208648497114,3.6381149526810836
89673.3867528194,43243.72057992349,89667.15233643094,43239.86433717543,89670.26150232836,43241.78748435288,7.33065862229222,3.6747855878731253,3.655873034419095
89673.29279546406,43243.86715326675,89667.05714067545,43240.033472751886,89670.16549334292,43241.94448803872,7.31987000791943,3.67105708699369,3.648812920925741
89673.20096098656,43244.01302443227,89666.96074134807,43240.20382779299,89670.06895647761,43242.10116718442,7.310972587376588,3.66942098705945,3.641551600317138
89673.14041305399,43244.11426436744,89666.8353125559,43240.41949923714,89669.97214644708,43242.25767633612,7.307912264060205,3.6721699866012263,3.635742277458979
89673.1353761662,43244.129120425685,89666.6627074287,43240.72462910468,89669.87968662486,43242.41677213738,7.313412456524741,3.67853925493122,3.634873201593521
89673.17994740096,43244.0439191181,89666.49866095124,43241.154858156464,89669.79745383156,43242.58133961825,7.279166289545432,3.6851596356750864,3.5940066538703457
89673.22703235588,43243.90042384951,89666.34447513016,43241.6411994831,89669.73129181036,43242.75294811562,7.243872493616336,3.679252984161,3.5646195094553357
89673.20583667948,43243.84643356376,89666.253618891,43242.03875347333,89669.68537755824,43242.931037692266,7.1833863525474175,3.637524161550614,3.5458621909968033
89673.07343081417,43244.0639900667,89666.2242838132,43242.15824864659,89669.65008223015,43243.11163956295,7.109336475421127,3.5533487036494726,3.555987771771654
89672.82054346506,43244.54426568327,89666.26879690099,43241.98936344166,89669.59789369056,43243.28785042917,7.03227621600445,3.45890891175288,3.5733673042515703
89672.50477962368,43245.071804062456,89666.35993399943,43241.74180541112,89669.51847210588,43243.45364296554,6.989135773048788,3.3965391100995226,3.592596662949265
89672.2191127028,43245.49613229811,89666.43014474859,43241.59329788427,89669.41967929789,43243.60879570314,6.98170942082109,3.3762207882870388,3.605488632534052
89672.00485121665,43245.80310196678,89666.4498108707,43241.58455045736,89669.30930255479,43243.75601420013,6.975288531131996,3.3847527107420374,3.590535820389958
89671.86530437096,43246.007981694434,89666.41919084036,43241.70916892856,89669.19356743431,43243.89909478433,6.9382954523846365,3.403760017729887,3.534535434654749
89671.79623065569,43246.11891991385,89666.33606891795,43241.94744923741,89669.07770663121,43244.04207296446,6.871283272832557,3.421062133729063,3.4502211391034936
89671.7814704204,43246.15061986683,89666.16359704679,43242.2351211773,89668.96683561422,43244.18892358764,6.8477464345075365,3.430804772059283,3.4169416624482536
89671.76516292132,43246.1739383501,89665.98769325131,43242.52485590093,89668.86660660185,43244.3431879502,6.833370947694336,3.428305086171779,3.405065861522557
89671.66634248095,43246.32301630956,89665.89146566168,43242.68732681888,89668.77614553255,43244.50344697615,6.824034023272199,3.4152702615763526,3.4087637616958473
89671.46367459197,43246.635646638,89665.89409396541,43242.683622423945,89668.67825837074,43244.65916513979,6.829254992011691,3.415409585726654,3.413845406285037
89671.22953580643,43246.98419402371,89665.92211824897,43242.641938850575,89668.56459843092,43244.80381702427,6.85739463114588,3.4432448468040793,3.4141497843418
89671.0435035803,43247.26203611044,89665.8998421947,43242.67307528584,89668.44198407797,43244.9410357845,6.893171541585876,3.4863944461279313,3.406777095457945
89670.91363898655,43247.47062986607,89665.81850195433,43242.772122242764,89668.31693293591,43245.07605465938,6.930829334463192,3.532261702350826,3.3985676321123663
89670.80593908594,43247.65028744879,89665.71273935931,43242.89776271221,89668.1917234896,43245.21092669213,6.966144904268228,3.5755564721189765,3.390588432149252
89670.69716038101,43247.82864465748,89665.60667018215,43243.024182972695,89668.0660123926,43245.345331004566,6.9997101758059435,3.617980988841068,3.3817291869648756
89670.58161995492,43248.0149011917,89665.50677545341,43243.14405562896,89667.93938933063,43245.478876087145,7.034144099365905,3.6623497925341173,3.371794306831788
89670.45860186,43248.21095771824,89665.41362564445,43243.2562395565,89667.81145078337,43245.61116095639,7.071139729762284,3.710303495057252,3.360836234705032
89670.32817199414,43248.418112169005,89665.32716088911,43243.36046091847,89667.68179766074,43245.741765273946,7.1126611225856085,3.7637919463203,3.348869176265309
89670.18002367426,43248.6272813276,89665.21452747591,43243.4219000952,89667.55001944915,43245.870224150814,7.1938964595312465,3.810286931474333,3.3836095280569136
89669.99416196038,43248.81712876388,89665.09763988975,43243.459800754,89667.41574910926,43245.99607428493,7.257884801638664,3.8218531112568916,3.4360316903817725
89669.79810268365,43249.01677349498,89664.99558527817,43243.49278074397,89667.27861599503,43246.1187966669,7.3197451692860875,3.8400628732070805,3.479682296079007
89669.59135211463,43249.22740021415,89664.90875024356,43243.52070812674,89667.13826642088,43246.237824665885,7.381943840441204,3.8671942516065965,3.514749588834608
89669.37288833459,43249.45006119423,89664.83736114163,43243.54349711008,89666.99437214276,43246.35253915495,7.447046810538117,3.905378606312305,3.5416682042258123
89669.07237934505,43249.58879948166,89664.78144337551,43243.56112096468,89666.84664198132,43246.46226623275,7.398989106912355,3.8378531718654,3.561135935046955
89668.750885235,43249.71501616576,89664.7407693251,43243.57361581853,89666.69483667512,43246.566278848826,7.334700255583719,3.760569421200479,3.5741308343832396
89668.42090013034,43249.84469656227,89664.7148035029,43243.58108116686,89666.53878660328,43246.66380390831,7.27791385185477,3.696001813411391,3.581912038443379
89668.08250018046,43249.97783287698,89664.7026204067,43243.58373555226,89666.37841133015,43246.75403651504,7.232431671539693,3.6464752560543383,3.585956415485355
89667.73167566436,43250.10427467593,89664.70241355711,43243.5822706066,89666.2137390256,43246.83616273674,7.191172782981692,3.6034271584613853,3.5877456245203065
89667.3753939598,43250.228623644936,89664.7098384326,43243.57864775811,89666.04491788104,43246.90937909523,7.164311939322621,3.575968536898562,3.5883434024240595
89667.0205653582,43250.35142526559,89664.71759758856,43243.575900604046,89665.87230490141,43246.97314483257,7.1562137326329225,3.5680920336693998,3.5881216989635223
89666.66754458375,43250.45481871578,89664.71878501822,43243.5765987778,89665.69652952743,43247.02759448982,7.148956102778163,3.562125227250351,3.5868308755278124
89666.32047490324,43250.5145912468,89664.7047674358,43243.58352939512,89665.51818166021,43247.07291789575,7.1168904032732225,3.533948203235821,3.582942200037402
89666.0030658288,43250.5681990138,89664.66278693352,43243.59972192282,89665.3379541303,43247.11009635716,7.096197607490954,3.521483715044916,3.5747138924460375
89665.72304565471,43250.615273426185,89664.58341677304,43243.62615291209,89665.15655590141,43247.141091138816,7.0814235538144,3.5200643753294263,3.561359178484974
89665.47965980133,43250.65706434367,89664.46668490989,43243.660560978205,89664.97450077592,43247.167982727166,7.069453831356827,3.5254611283631583,3.543992702993669
89665.25731870014,43250.69670198627,89664.32430105977,43243.66868987943,89664.79215822063,43247.192862754186,7.089673905842533,3.534581111814881,3.555092794027652
89665.01824499876,43250.72257530227,89664.19551473277,43243.662708606695,89664.60970679662,43247.21692820767,7.107643973212962,3.529371759178877,3.578272214034085
89664.72682724292,43250.74663474735,89664.12055444626,43243.654779789744,89664.4268349272,43247.23750941196,7.11772248993703,3.521925043064083,3.595797446872947
89664.36916044785,43250.77536891435,89664.11458867308,43243.64672055863,89664.24329462754,43247.2507141024,7.1331924247184855,3.526901437253732,3.6062909874647535
89663.96673022732,43250.801313319695,89664.15342793956,43243.643475074015,89664.05930809006,43247.25250003178,7.160272647593509,3.5500206215139793,3.6102520260795288
89663.59079171,43250.819809233326,89664.16195060585,43243.64417732705,89663.875724482,43247.24015335616,7.198327287552443,3.590977984270013,3.60734930328243
89663.31588908973,43250.78797844384,89664.07126731062,43243.63744890826,89663.69289656958,43247.21916459904,7.190317718697596,3.588672024400726,3.6016456942968693
89663.11675482344,43250.75814703271,89663.9053588667,43243.6203266996,89663.51007681066,43247.19810254882,7.181251662825414,3.5817061455306587,3.5995455172947555
89662.88963251981,43250.72831144737,89663.76781570782,43243.60269969759,89663.32694465814,43247.179925837016,7.17952286160153,3.5752317891411782,3.604291072460352
89662.55032484011,43250.68468002496,89663.7443423368,43243.59487200283,89663.14427663785,43247.15769009345,7.1896491972334555,3.5766516066020446,3.612997590631411
89662.11503484516,43250.53784594906,89663.83766127567,43243.606097847085,89662.96356682804,43247.12321362395,7.142588716750215,3.518482690260182,3.6241060264900327
89661.65122416778,43250.36615978614,89663.97197108659,43243.63413583254,89662.78734129643,43247.07046137372,7.120815457101484,3.4860278478019153,3.6347876092995683
89661.24157404689,43250.17247424216,89664.06563944241,43243.66082621292,89662.61663288531,43247.00183835931,7.097669012960893,3.4559685633298898,3.6417004496310024
89660.90963571043,43249.98226510344,89664.08665734057,43243.67387066677,89662.45094286872,43246.9218011677,7.0632362842417695,3.426669995514475,3.6365662887272947
89660.63993650126,43249.82671241304,89664.03138639995,43243.67269802596,89662.28914591228,43246.83413117357,7.026651086547151,3.416933443340625,3.6097176432065265
89660.42781070374,43249.705361758446,89663.90060768822,43243.65894027423,89662.12978881312,43246.74208547414,6.972770730508056,3.41727022957435,3.555500500933707
89660.2722025972,43249.61775793954,89663.6973147152,43243.63234519943,89661.97116997026,43246.6487693001,6.896126354054122,3.4207285299767407,3.4753978240773815
89660.17112029495,43249.561731947375,89663.44516668718,43243.56513046786,89661.81148499863,43246.55729733275,6.832174550076331,3.4230722625481795,3.409102287528152
89660.11115717649,43249.52712654191,89663.17385061794,43243.44054001586,89661.64899868132,43246.47092122949,6.813708729861066,3.421307850168506,3.3924008796925595
89660.0607242842,43249.49393442696,89662.89361629868,43243.31446093928,89661.48292173375,43246.39166777865,6.797879798207256,3.4127267606355964,3.3851530375716594
89659.98296908666,43249.44204907535,89662.64166090926,43243.20314341258,89661.31409597752,43246.31843659869,6.781783399420419,3.3954165729555927,3.386366826464827
89659.83927348652,43249.35495753488,89662.45780271362,43243.119944657774,89661.14350290343,43246.24940846843,6.762549880885205,3.3683006659261716,3.3942492149590335
89659.5813066805,43249.2159670249,89662.3941494287,43243.08034477122,89660.97276622258,43246.18074161104,6.749662566957215,3.3389748382108944,3.410687728746321
89659.15266090109,43248.99889006388,89662.51428106205,43243.11099474452,89660.8059095544,43246.10321341622,6.779955855183914,3.3343926519603584,3.4455632032235552
89658.51431616806,43248.632437782246,89662.87262354791,43243.271981586055,89660.65027642221,43246.00533185696,6.908641968474116,3.3858546557643394,3.522787312709777
89657.75789874325,43248.07477154906,89663.37723590346,43243.60094387908,89660.5206140899,43245.87551429721,7.182763000808929,3.531193643289287,3.6515693575196417
89657.1199848647,43247.53555428749,89663.76785932308,43243.88029125611,89660.42681094067,43245.7175397307,7.5865132160093935,3.7736289729450205,3.8128842430643735
89656.71112584835,43247.23081068628,89663.89032888711,43243.91536670749,89660.35356567624,43245.5487479364,7.907788885667662,4.0120696646891085,3.8957192209785534
89656.50021744559,43247.15714278967,89663.67183169564,43243.78583685424,89660.28252581834,43245.378992292855,7.92450343633802,4.179434868010997,3.745068568327023
89656.42342552533,43247.19412972051,89663.3334374522,43243.57240611439,89660.20194839152,43245.2135662078,7.8016118058194674,4.2661301994023955,3.535481606417072
89656.40111481624,43247.23308422526,89662.98577589844,43243.36545775453,89660.11198969351,43245.05304550428,7.636510756476067,4.303854223803782,3.3326565326722846
89656.38172231978,43247.2425964084,89662.65000364286,43243.19601396731,89660.01469201401,43244.89686232345,7.4609771947086045,4.324458023440062,3.136519171268542
89656.34592388158,43247.22571730346,89662.39276083921,43243.01777914458,89659.91156262954,43244.74445923425,7.366884059416657,4.344009816623779,3.0228742427928776
89656.28854391024,43247.18906137141,89662.26960175828,43242.77585055401,89659.80383514131,43244.59526107342,7.432999576256013,4.368646520965834,3.064353055290179
89656.20802743988,43247.135886984455,89662.15495324062,43242.54970272697,89659.69235333854,43244.44884231792,7.509927597787577,4.40008363648502,3.1098439613025577
89656.1065704147,43247.06908721896,89662.04778468209,43242.33784607405,89659.57823340091,43244.304469746414,7.5949107791212995,4.437967289121551,3.1569434899997484
89655.98565476199,43246.989941170425,89661.94995165885,43242.13772176408,89659.46230664988,43244.161541818205,7.688749614965447,4.481846856509588,3.20690275845586
89655.84514789275,43246.89844854795,89661.90754691871,43241.91197760776,89659.34524458834,43244.01954084562,7.849686260452225,4.53197379042437,3.3177124700278555
89655.68347123422,43246.79363490791,89661.89532254578,43241.6834069637,89659.22778111699,43243.87787144336,8.043725900284745,4.5895325607627395,3.454193339522005
89655.50060314043,43246.675499525314,89661.88428168482,43241.47747496836,89659.11066405977,43243.7359159528,8.232302901044314,4.655501199778059,3.576801701266254
89655.29392400608,43246.542418072,89661.88423809365,43241.2902007888,89658.9946028722,43243.59309698588,8.427219361377203,4.732179089932792,3.69504027144441
89655.05818011882,43246.39113249016,89661.91330577213,43241.114086129695,89658.88050219695,43243.44870800531,8.651009537267303,4.823692353160164,3.82731718410714
89654.80113764663,43246.20649744613,89661.9343688797,43240.98547923047,89658.76942661448,43243.30198328717,8.839797454287995,4.917674229955511,3.922123224332483
89654.51225048031,43245.98615559339,89661.94665318793,43240.9094893045,89658.66249109464,43243.15222282782,9.002382143573753,5.025502171582154,3.9768799719915986
89654.15826854303,43245.734249242974,89661.94914920809,43240.89298015978,89658.56122129156,43242.99858616053,9.172551892126933,5.183613161337469,3.9889387307894646
89653.7350855018,43245.42453123842,89661.94098468972,43240.94257101751,89658.46760987252,43242.84018336947,9.350120303347872,5.392183308008749,3.957936995339122
89653.45380290912,43244.922959172414,89661.92159575698,43241.06385442389,89658.38427124228,43242.67616777172,9.305708212346287,5.418264443758008,3.887443768588279
89653.31014940598,43244.24999885592,89661.89102628572,43241.26006301925,89658.31458396405,43242.50593731485,9.086867704537317,5.299633563279731,3.7872341412575854
89653.34888908682,43243.424813666206,89661.89907255997,43241.51942498555,89658.2627226419,43242.329493177785,8.759916881077286,5.034430174250057,3.7254867068272293
89653.68606376793,43242.50711532264,89661.92416515358,43241.85744640155,89658.23399495953,43242.14789091261,8.263678687057642,4.56209604242148,3.7015826446361615
89654.09078537191,43241.62896680741,89662.02154583577,43242.27569296795,89658.23341563316,43241.96409675525,7.95708772188851,4.156163803723821,3.800923918164689
89654.69631425173,43240.88875799465,89662.15089581025,43242.76181037362,89658.26260788763,43241.78267869857,7.686294874701389,3.676621346066376,4.009673528635013
89655.04871217087,43240.292807123966,89662.11701748034,43243.134764367,89658.32094496083,43241.6083885735,7.618245266809515,3.526792024206092,4.091453242603423
89655.18826540347,43239.99361126735,89661.98367899221,43243.0592867562,89658.40451817837,43241.4445923304,7.454932061731483,3.5284030321649844,3.926529029566499
89655.1087632288,43240.1685831599,89661.8988548795,43242.40676169193,89658.49169272187,43241.282620290905,7.14946094521732,3.561641571576274,3.5878193736410458
89654.98092915896,43240.6886800519,89661.95149050656,43241.50542051739,89658.53252728976,43241.10464009502,7.018246976084571,3.575873605171661,3.4423733709129105
89654.97178072632,43240.815986689166,89661.93370205737,43241.023086890375,89658.5169587357,43240.92146084482,6.965001013196964,3.546746666403344,3.41825434679362
89655.00192512505,43240.4288918796,89661.96372530177,43241.04116927848,89658.51654900263,43240.737958298894,6.9886726436137305,3.5281869355768243,3.4604857080369067
89655.01408908206,43240.15602857616,89662.01087920126,43240.95069606541,89658.55550903249,43240.55824040519,7.04177309992922,3.5641870911496234,3.4775860087795967
89654.95624367814,43240.434222689946,89662.12360982614,43240.32095014457,89658.58493984761,43240.37692791761,7.168261168529223,3.6291484650359767,3.539112703493246
89654.96948473927,43240.93593377692,89662.15250520049,43239.45382975089,89658.55714781274,43240.19581692052,7.334331282873254,3.6632088788218766,3.6711224040513777
89655.02258602911,43241.02130101798,89662.12846659034,43238.97743203996,89658.49558071252,43240.02244055888,7.393979914290503,3.613781162129132,3.7801987521613705
89655.06871712062,43240.68116872456,89662.17908612917,43238.92263555647,89658.43903791676,43239.84740425218,7.3246014581709975,3.4719195647763454,3.852681893394652
89655.09657252589,43240.187972536536,89662.23092793171,43239.06409748355,89658.40289251014,43239.66706254031,7.222334955410385,3.3471030851274857,3.875231870282899
89654.99613506583,43239.74401569667,89662.2464354742,43239.187515769874,89658.38422593426,43239.48403989133,7.2716262420992575,3.3980504928778577,3.8735757492214
89654.90832735092,43239.37880553246,89662.24637878388,43239.21231128847,89658.37808246589,43239.30013669129,7.339939998331262,3.4706468193195286,3.869293179011734
89654.7398934441,43239.10368398642,89662.23777910329,43239.12914174785,89658.37928340325,43239.11611507836,7.497928879227626,3.6394111895750973,3.858517689652529
89654.56481556552,43238.92471075188,89662.20298722436,43238.93959511021,89658.38274160419,43238.93211545696,7.638186161579101,3.817933219216238,3.820252942362863
89654.47910510779,43238.85448891499,89662.15388913972,43238.645480366285,89658.38340005223,43238.74809128632,7.677629486407999,3.9057444192593698,3.771885067148629
89654.47811604905,43238.8922632181,89662.07687650624,43238.25290964493,89658.37604712966,43238.56423439564,7.6256103684585295,3.911709296137611,3.713901072320919
89654.54202253307,43239.00817317661,89661.94667963874,43237.79120149747,89658.35526358704,43238.38144406995,7.5039967298214485,3.864401209607157,3.639595520214292
89654.63867932514,43239.144347784015,89661.7950193933,43237.3100119782,89658.3174478941,43238.20141291167,7.3876918601816985,3.797691977683884,3.589999882497814
89654.73454289143,43239.2561983619,89661.62950524196,43236.85162498233,89658.26360948652,43238.025490929205,7.302224247212403,3.7375060959770727,3.5647181512353305
89654.81039397848,43239.33368197778,89661.4714300446,43236.423103401066,89658.19572043922,43237.854485370844,7.269172520398147,3.6943819304189787,3.5747905899791683
89654.86154807407,43239.38186077319,89661.3225459095,43236.020239089245,89658.11570117413,43237.688798803545,7.283199392110231,3.6682381645261706,3.6149612275840606
89654.88978366207,43239.406614740576,89661.12416652817,43235.67247780511,89658.02529690038,43237.528535299294,7.267138940320949,3.6549453696791323,3.6121935706418165
89654.89757827877,43239.41287962497,89660.89643465403,43235.37346038029,89657.92602772481,43237.3736014462,7.232094139820502,3.65104937485348,3.581044764967022
89654.89047913457,43239.40226685859,89660.68337867672,43235.09330817458,89657.819184179,43237.223786355054,7.219751383957069,3.6500808952028647,3.569670488754205
89654.86855249494,43239.37894956032,89660.48195344317,43234.82827158783,89657.70584685128,43237.07881781742,7.226267377777603,3.6525121901567665,3.5737551876208364
89654.83434770672,43239.34399642043,89660.28996846316,43234.57602518232,89657.5869158442,43236.93839805866,7.245505335500772,3.6556168876905955,3.589888447810176
89654.78743066773,43239.29660599788,89660.1073616945,43234.33713408016,89657.46314201516,43236.80222417401,7.273103040290868,3.658055753813958,3.6150472864769103
89654.72214986761,43239.230785687214,89659.93937281733,43234.11776403631,89657.33521871422,43236.66993589462,7.304957611888927,3.6586992849009303,3.6462583269879967
89654.62843573929,43239.13691687759,89659.77479796325,43233.94969859915,89657.20444799581,43236.540452597306,7.307001957608893,3.6575218255775908,3.649480132031303
89654.50318448231,43239.01251094477,89659.63408319515,43233.81963801843,89657.07273940298,43236.41191969837,7.300140466494609,3.6559112846478263,3.6442291818467822
89654.36297648546,43238.87377962085,89659.50836098495,43233.70374890776,89656.94200881058,43236.28239494939,7.294120866968989,3.656047353295211,3.6380735136737785
89654.23852914938,43238.75144960589,89659.36666014,43233.57185782487,89656.81246885817,43236.15167685676,7.288751503168374,3.6584127667040596,3.630338736464315
89654.15289217539,43238.66926332349,89659.1858980726,43233.40091227475,89656.68192968017,43236.02196088491,7.286060055621287,3.6611802607775705,3.6248797948437166
89654.11476464581,43238.63495967995,89658.95731007833,43233.18347681159,89656.54796830198,43235.89579857526,7.291701566182759,3.6638072533697397,3.62789431281302
89654.12279018006,43238.64355451032,89658.67529752773,43232.93174506182,89656.4083253449,43235.77598572206,7.3041146162437105,3.666963559292376,3.637151056951334
89654.16098924489,43238.67600022552,89658.31933419986,43232.71565720993,89656.26120045202,43235.66552599482,7.26756641911717,3.6706732636216888,3.5968931554954806
89654.20136520028,43238.70730205704,89657.95759322519,43232.51386169908,89656.10669667523,43235.56563350048,7.243476544321286,3.674284875819984,3.5691916685013023
89654.22377508823,43238.72306027384,89657.61633756862,43232.32683449071,89655.94627945042,43235.47551859704,7.24024754080844,3.6760778310997795,3.5641697097086604
89654.22273354646,43238.72026466832,89657.29954791335,43232.1536772437,89655.78127212262,43235.39409001656,7.2516796025863215,3.673211171088446,3.578468431497876
89654.20090744244,43238.70099213513,89656.99304796083,43232.01494658776,89655.61275374096,43235.3201813305,7.2456368757987715,3.6637674144711725,3.5818694613275985
89654.16521177725,43238.66958526734,89656.69206052097,43231.90487782218,89655.44151569082,43235.25280223991,7.221234755465932,3.6473768569066043,3.5738578985593286
89654.12218271724,43238.62998152193,89656.39905910846,43231.79711297009,89655.26795897576,43235.19164038635,7.202239842777296,3.624223089051862,3.5780167537254335
89654.07451207239,43238.58424926553,89656.10966684906,43231.690440211925,89655.09236532888,43235.13659643604,7.187938386191314,3.5947649832002475,3.5931734029910665
89654.0169475244,43238.554718111554,89655.82233700373,43231.58449809599,89654.91499844991,43235.08756376877,7.200235984857997,3.5815715407457724,3.6186644441122247
89653.94690554637,43238.56069545653,89655.53457024686,43231.48695974048,89654.73610508036,43235.04442901618,7.249718351906431,3.6037432738693043,3.645975078037127
89653.87494375269,43238.566918473465,89655.24150151804,43231.423280697294,89654.55591530708,43235.007075206464,7.27317267801633,3.624390478895305,3.6487821991210247
89653.80112426574,43238.57333238898,89654.9503245957,43231.36394054637,89654.3746432373,43234.97538451997,7.300410408929958,3.6433710871774188,3.6570393217525385
89653.72552104128,43238.579920168544,89654.66118945475,43231.30500288391,89654.1924879522,43234.94924066788,7.334841298778391,3.660586255295193,3.6742550434831984
89653.64822543858,43238.58667342366,89654.37339284547,43231.24632667937,89654.00963466127,43234.92853092036,7.376080130749599,3.6759520128393355,3.700128117910263
89653.56934519994,43238.59358773807,89654.08609056695,43231.1904148842,89653.8262559945,43234.91314782085,7.421185490161447,3.6893957690402734,3.7317897211211735
89653.4890023447,43238.60066598157,89653.79680490376,43231.187964565135,89653.6425133846,43234.90299062786,7.4190892101493615,3.7008605297691974,3.718228680380164
89653.40731444565,43238.60791892208,89653.50968429138,43231.199556306674,89653.45855850459,43234.89796652744,7.409069862568002,3.710306284407163,3.6987635781608392
89653.32419933358,43238.61535296702,89653.2252998351,43231.211038032,89653.27453473795,43234.8979916599,7.404975406325598,3.71769305614901,3.6872823501765883
89653.2385668978,43238.62298181663,89652.94416750246,43231.222471338006,89653.09057866696,43234.90299193639,7.406363908712855,3.722932342330998,3.6834315663818566
89653.14739910257,43238.63095507739,89652.6687560708,43231.23378009529,89652.90681731928,43234.91283614028,7.41264439101964,3.72589425841678,3.6867501326028607
89653.04698364245,43238.639671126846,89652.40230860657,43231.24458188851,89652.72334368744,43234.92709054678,7.423136179884695,3.726660352644793,3.6964758272399028
89652.9364358523,43238.64958857023,89652.14561070058,43231.2561736311,89652.54020506228,43234.94516212969,7.435589343349681,3.725556883519936,3.7100324598297454
89652.82254748003,43238.6606587242,89651.8967401062,43231.30742701332,89652.35740866554,43234.96642977704,7.411284361599826,3.7233965180653112,3.6878878435345146
89652.72301934908,43238.67159260683,89651.63615318535,43231.37129268396,89652.17498165976,43234.99065422447,7.380762631559956,3.7215121501381625,3.6592504814217937
89652.6580557042,43238.68019274837,89651.3433543962,43231.44079792223,89651.99321297387,43235.01935902175,7.357803814982708,3.7207149084545623,3.637088906528145
89652.63954488559,43238.68389031487,89651.00705382407,43231.519129573135,89651.81265956382,43235.05485635892,7.348389180805921,3.7220460487206948,3.6263431320852266
89652.6706965773,43238.67811453143,89650.62339101189,43231.61001006501,89651.63417103098,43235.099526527934,7.358638517360683,3.725678100286474,3.6329604170742096
89652.7389484935,43238.65605960243,89650.20157099486,43231.71755140528,89651.45900321184,43235.15575716971,7.387907728589775,3.726979614179248,3.660928114410528
89652.78797905358,43238.6227871851,89649.79800664034,43231.84769813342,89651.28888100442,43235.225725322045,7.40552271729079,3.7131286353170827,3.6923940819737076
89652.7259166655,43238.61721939566,89649.50430479673,43231.960964488186,89651.12415113236,43235.307709489054,7.394897729452321,3.676752459041126,3.7181452704111946
89652.52743235565,43238.70853018684,89649.36187532429,43232.008056455415,89650.96053050745,43235.39193466323,7.410607231884471,3.6681040428441323,3.7425031890403395
89652.23100934883,43238.85461140705,89649.32566373573,43232.012323428775,89650.79323013395,43235.4684999155,7.433568316115843,3.678717181839855,3.754851134275988
89651.92078655775,43239.00383925143,89649.30412285042,43232.01715702364,89650.62189264038,43235.53559300887,7.460607047341261,3.7034925958642497,3.757114451477011
89651.64976246427,43239.13124208991,89649.23978593064,43232.04152226141,89650.44801354164,43235.59584063731,7.488131552088948,3.7340680101058457,3.754063541983102
89651.43228647791,43239.23031510067,89649.11745200945,43232.08673681313,89650.2728025822,43235.65212634887,7.509272226173755,3.761361142982088,3.7479110831916667
89651.27254966075,43239.30549761118,89648.93587933722,43232.1517814599,89650.09725649112,43235.707365877446,7.5256682742636105,3.7852167715839946,3.7404515026796163
89651.1708396337,43239.35662851773,89648.69615205792,43232.23657813326,89649.92231375293,43235.76447474869,7.537850892391031,3.802944329774874,3.7349065626161564
89651.12033300307,43239.385556205,89648.40596337807,43232.34050979397,89649.74901249429,43235.82635563235,7.549866316351954,3.8142402459948093,3.7356260703571453
89651.08893501441,43239.4035084664,89648.09711011733,43232.45508047911,89649.57862459858,43235.89581571791,7.5651614464175605,3.81902421699508,3.746137229422481
89651.01603320838,43239.437476080864,89647.82940083233,43232.55668761129,89649.41167728977,43235.97321493879,7.582867258738919,3.8177301075424066,3.765137151196513
89650.85222297054,43239.5140877552,89647.65284429742,43232.62065590383,89649.24620630576,43236.0537572648,7.599699111388633,3.8148625965167224,3.7848365148719103
89650.58950615197,43239.63233833823,89647.57491352873,43232.64349811242,89649.07948585882,43236.131652314616,7.611284805310849,3.8124747765294065,3.798810028781442
89650.26758415617,43239.76371923206,89647.55390983999,43232.64710341718,89648.90922186653,43236.20139337477,7.616445952748749,3.8125206390817663,3.8039253136669826
89649.95688002123,43239.88630921506,89647.52142939607,43232.65962772714,89648.73549964542,43236.262058523535,7.62603075505727,3.8245212899660737,3.8015094650911965
89649.702429898,43239.98585553414,89647.43346826227,43232.700168430296,89648.55980980828,43236.31681712201,7.63082062957721,3.842840556035652,3.7879800735415574
89649.51264420952,43240.04223969943,89647.27778068274,43232.77303903534,89648.38338401464,43236.369178420806,7.604991339789054,3.842734409803785,3.7622569299852686
89649.39319140594,43240.07458544806,89647.05462775161,43232.872925251366,89648.20729866657,43236.42266456125,7.571841886590558,3.839644222165264,3.732197664425294
89649.33271218477,43240.08937376428,89646.7773382179,43232.99600778148,89648.03270290299,43236.48079260874,7.5396138547254745,3.8356071343174953,3.704006720407979
89649.29723576603,43240.09449287473,89646.47817919169,43233.13126984554,89647.86083401905,43236.54651779384,7.512227028233247,3.8277117385357586,3.6845152896974884
89649.24597396726,43240.103036811895,89646.19438656086,43233.26275397532,89647.69190607422,43236.61949453163,7.4901038032564315,3.8144716324244183,3.6756321708320128
89649.15669338175,43240.12357320912,89645.94525029017,43233.37960535992,89647.52530995724,43236.69766749226,7.469569537952261,3.7945015296578437,3.6750680082944176
89649.02422899577,43240.158018006434,89645.73476642059,43233.47828107312,89647.36023012058,43236.77900492633,7.4457672225280085,3.76651319553585,3.6792540269921585
89648.84892575636,43240.20616886684,89645.56297781538,43233.558197803206,89647.19574712736,43236.861547055385,7.4157247207420784,3.7308838954116466,3.6848408253304323
89648.63318934766,43240.26904417566,89645.42956926565,43233.6195808281,89647.03090537389,43236.94336813612,7.380958233291375,3.691535595461476,3.689422637829899
89648.39166678654,43240.36457643794,89645.3308412384,43233.66503372982,89646.86477390748,43237.02252856467,7.365631373771883,3.674327945540199,3.691303428231685
89648.13694495795,43240.468682012346,89645.24736541895,43233.70499553893,89646.69651185577,43237.09703620495,7.355074753044,3.6664482776111282,3.6886264754328715
89647.9101660072,43240.56008242937,89645.1361514626,43233.7585038,89646.5259603695,43237.1661544741,7.345517581844089,3.6653474887149846,3.680170093129105
89647.74893253772,43240.62489473066,89644.95957753099,43233.83994666398,89646.354667104,43237.23343291465,7.335940404691202,3.6668773294404144,3.669063075250788
89647.64420002478,43240.6661597045,89644.72695683305,43233.94579614269,89646.18460244586,43237.30373308824,7.326226466785155,3.665561054203365,3.66066541258179
89647.538118596,43240.706654508,89644.49570373121,43234.05240844495,89646.01712403558,43237.3799874414,7.316780636125467,3.6578871257597547,3.6588935103657123
89647.37491036051,43240.77192525962,89644.32111336732,43234.13342494784,89645.8509718707,43237.45911504871,7.307213043642574,3.6465188898751117,3.660694153767462
89647.14810669112,43240.86513446106,89644.2099460928,43234.18521210687,89645.68394234907,43237.53635930135,7.2975441320753776,3.636553489833297,3.6609906422420804
89646.89847915704,43240.966744386686,89644.1215281607,43234.22773534888,89645.51446166201,43237.60804997959,7.288737863835279,3.6326756732171614,3.6560621906181177
89646.67183274955,43241.06073432332,89644.0107820015,43234.28045552952,89645.34320042038,43237.67540195379,7.283774543838758,3.636720929394394,3.647053614444365
89646.47707346246,43241.14554024429,89643.86910068762,43234.34602142199,89645.17136569935,43237.74128578268,7.28251180631768,3.6460692810247166,3.636442525292963
89646.29688187025,43241.22446454048,89643.71174286654,43234.41507477967,89644.99939324243,43237.80680942651,7.283593383981567,3.655659067441273,3.627934316540294
89646.11878945178,43241.30233557686,89643.5514241797,43234.48317324196,89644.82726755476,43237.87192941201,7.286449024726268,3.6654761309163733,3.6209728938098955
89645.93925976368,43241.38061760952,89643.39242403868,43234.550886460085,89644.6549552739,43237.93655395827,7.289142595917527,3.675732914165365,3.613409681752162
89645.7578871435,43241.45957442638,89643.23511975512,43234.61798325794,89644.48242417237,43238.00059192145,7.291894473453713,3.686646953547527,3.6052475199061855
89645.57468802476,43241.53922987623,89643.07946115523,43234.68446006793,89644.30964344586,43238.06395317411,7.294794462849596,3.69836260295185,3.596431859897746
89645.38991488618,43241.619426335645,89642.92516229254,43234.75048072871,89644.13658398692,43238.12654898907,7.297768090238947,3.7109339122696112,3.586834177969335
89645.20503377682,43241.69948341169,89642.7707713861,43234.81670121176,89643.96321864022,43238.18829242572,7.300570128320901,3.7243210083777845,3.576249119943117
89645.023901571,43241.77783561316,89642.6125915033,43234.88459969174,89643.78954250281,43238.24915630492,7.302815738532566,3.738344549345506,3.5644711891870595
89644.84625062227,43241.83862115419,89642.44629930025,43234.95583745928,89643.61569013789,43238.30951553093,7.289202819164853,3.7374945626525338,3.5517082565123195
89644.67416951366,43241.87960547537,89642.26960884628,43235.03132239549,89643.44186517922,43238.36995358195,7.258160451883673,3.719708373740502,3.538452078143171
89644.5141326926,43241.91767213063,89642.08203716637,43235.111304702,89643.26827309442,43238.43105653043,7.227843815565475,3.7025200177563513,3.525323797809123
89644.36615885711,43241.95289731933,89641.88357979408,43235.19583526582,89643.09512637314,43238.49340886365,7.198686435676613,3.6855913976305654,3.513095038046048
89644.23025944331,43241.98531519216,89641.67419829949,43235.28495242973,89642.92265207703,43238.55759563177,7.171353409172255,3.668664390354939,3.5026890188173154
89644.1065023455,43242.01492287931,89641.4537447044,43235.3787240873,89642.75109940027,43238.62420364085,7.146765527816639,3.6515878872073473,3.495177640609292
89644.00136618939,43242.05665356796,89641.22195190392,43235.4772622914,89642.58074722746,43238.69382120976,7.142375889097897,3.650588953081361,3.4917869360165357
89643.9192066337,43242.11735546843,89640.97842769802,43235.58073326477,89642.41191154855,43238.76703596448,7.167678186295294,3.673769079871383,3.4939091064239114
89643.84920589646,43242.16933413824,89640.72265530223,43235.68937604743,89642.24495241106,43238.84443010953,7.194801976218792,3.691695551583541,3.5031064246352512
89643.79142393524,43242.212659929006,89640.45403146447,43235.80355385687,89642.08027985884,43238.92657262672,7.225982919165688,3.7049134684155893,3.521069450750099
89643.7455467549,43242.24765014008,89640.17216275909,43235.92378316634,89641.91835803275,43239.014007951104,7.263633160115074,3.7141702212856225,3.5494629388294516
89643.70941472707,43242.27560721888,89639.87838287167,43236.05012445616,89641.75970632737,43239.107240915626,7.309818103767572,3.7202026659092597,3.5896154378583125
89643.6761148805,43242.30079479292,89639.57877185782,43236.18015127359,89641.6048795618,43239.20669298971,7.36549366593729,3.723369671956569,3.6421239939807206
89643.63530001997,43242.33043640066,89639.28492083539,43236.31069956339,89641.4540694262,43239.31214183117,7.427181877793389,3.723958782190068,3.7032230956033207
89643.58065906202,43242.36987606162,89639.03308666399,43236.47533419759,89641.30693057201,43239.422661942015,7.444866587295873,3.7223530613107867,3.722513525985086
89643.51350089388,43242.41896376214,89638.7957754359,43236.63524740055,89641.16297605798,43239.53730364253,7.463799866635522,3.7187272082157095,3.745072658419813
89643.43985350961,43242.473339693744,89638.56386445093,43236.79095140373,89641.02185653232,43239.65541868843,7.487643553251896,3.7131372415245685,3.774506311727328
89643.36506331763,43242.52868882134,89638.33157023204,43236.94689007843,89640.88363405374,43239.77691042127,7.516151265936034,3.705371176382783,3.810780089553251
89643.29142566235,43242.58309412223,89638.09605768883,43237.10520355991,89640.74846256293,43239.90178681479,7.549777043030533,3.6954120476505405,3.8543649953799917
89643.21965137814,43242.63603399326,89637.86338842762,43237.2740250665,89640.61651776229,43240.03006668133,7.578963816320657,3.6833911349206314,3.8955726814000258
89643.15012011997,43242.68729079685,89637.665566396,43237.48419506617,89640.4879987291,43240.16177733343,7.559929545563392,3.669483417815668,3.8904461277477247
89643.09164721135,43242.744147703954,89637.47053201603,43237.70252200898,89640.36312998662,43240.29695243344,7.550822848535573,3.665183615812924,3.885639232722649
89643.07305185495,43242.82931313704,89637.27232810462,43237.92435740037,89640.24216375062,43240.43562959609,7.596511489620369,3.70724268877337,3.8892688008469993
89643.0606859403,43242.90988915502,89637.07716379478,43238.15593446336,89640.12538228242,43240.577847600034,7.642160852275962,3.7489232291615835,3.8932376231143784
89643.04976337757,43242.981267450894,89636.92247150319,43238.42570688003,89640.0131002422,43240.7236430575,7.635236594347454,3.7839385432844717,3.8512980510629826
89643.04032142388,43243.04323752962,89636.77360918446,43238.70451289031,89639.90566688431,43240.87304638586,7.622087233871607,3.8125829411148646,3.809504292756742
89643.03239604016,43243.09560277199,89636.62003579264,43238.98566773327,89639.80346786992,43241.02607692868,7.6164250122829475,3.8352202472180963,3.7812047650648513
89643.02602036583,43243.13819197204,89636.44408572494,43239.26042798854,89639.70692638919,43241.18273709295,7.6393008272062595,3.852296537115332,3.787004290090927
89643.02122708433,43243.17087592005,89636.26189907294,43239.54208186599,89639.61650318943,43241.34300541419,7.671809529283625,3.864357046996058,3.807452482287567
89643.01806286797,43243.19359171678,89636.0846991449,43239.83810836548,89639.53269500293,43241.50682854499,7.702648962442054,3.872074269995404,3.83057469244665
89643.01662963179,43243.20637656962,89635.94979846399,43240.1652343095,89639.45603077587,43241.67411229635,7.693415951358229,3.8762995260896482,3.8171164252685807
89643.01713934886,43243.20940507314,89635.81160933919,43240.500576766965,89639.38706504222,43241.84471205818,7.697883703531954,3.878121516508345,3.819762187023609
89643.01979237591,43243.20319549341,89635.69335847224,43240.85300589961,89639.32636780066,43242.01842318341,7.694155240972242,3.878797561048595,3.815357679923647
89643.02383719601,43243.19072365641,89635.5929270261,43241.21722174329,89639.2745103888,43242.19497222764,7.688506731125557,3.879300505914032,3.8092062252115246
89643.0256924941,43243.1853061742,89635.49655003751,43241.57518901753,89639.23203763849,43242.37400833935,7.699380714796714,3.8794356987043455,3.819945016092369
89643.01988756053,43243.21578327427,89635.41080837042,43241.89997053314,89639.19867724927,43242.55497344739,7.7220107027061005,3.8779270068140317,3.844083695892069
89643.0038026089,43243.30937396721,89635.35078960856,43242.166322778015,89639.17145359183,43242.736976029024,7.737905013920595,3.8748597895025436,3.8630452244180513
89642.9787867768,43243.46897907746,89635.32658484018,43242.37141088531,89639.14662236777,43242.9193252641,7.730514240028661,3.8713826176692785,3.8591316223593832
89642.94971759783,43243.6620643428,89635.30612979458,43242.54309262232,89639.12055624933,43243.10149976106,7.725058719338723,3.869975359506794,3.8550833598319287
89642.92567832308,43243.82815444788,89635.2810575672,43242.74168696682,89639.0923386468,43243.28335568525,7.721440156382705,3.8718598587078863,3.8495802976748195
89642.9141943574,43243.91833279861,89635.24443159405,43243.01577829945,89639.06601402417,43243.465489079696,7.722685120481527,3.8747334503025446,3.847951670178983
89642.91344157736,43243.92422971592,89635.20382377713,43243.37434040344,89639.04641471339,43243.64844798161,7.72920337979449,3.876848247176484,3.852355132618006
89642.91399792909,43243.88532352449,89635.21082692721,43243.77979978653,89639.03826012755,43243.83224728899,7.703893739177513,3.876101210377166,3.8277925288003467
89642.91112710479,43243.868670462965,89635.22597125905,43244.16175129544,89639.04228463891,43244.01620457838,7.690742275486602,3.871654470762468,3.8190878047241337
89642.90913365221,43243.90598436144,89635.24445568433,43244.49022984773,89639.05449080058,43244.19982122754,7.686912978589946,3.8658261235452667,3.82108685504468
89642.91060888662,43243.96404472685,89635.29305419317,43244.79541982903,89639.07110073086,43244.38309846379,7.6627882698717915,3.8623087541853915,3.8004795156864
89642.910366274,43243.983351590505,89635.34511574187,43245.137654721446,89639.0928965992,43244.56581820247,7.652805454984739,3.8616501747288723,3.7911552802558663
89642.89779481723,43243.9443985293,89635.4086195406,43245.53759615138,89639.12414062388,43244.74713418491,7.656763349833494,3.8580889704244288,3.7986743794090656
89642.87171476574,43243.911172397806,89635.50841836182,43245.92841476297,89639.16898225188,43244.92554528218,7.6346185690029955,3.839164025900834,3.7954545431021613
89642.85753861863,43243.98410267723,89635.60505352021,43246.21369563192,89639.22525357448,43245.10075209726,7.587464981566798,3.8000527061116047,3.787412275455194
89642.90535744093,43244.160360448026,89635.66567952272,43246.38910959925,89639.28160268746,43245.27593882594,7.57497585069461,3.791584580429703,3.7833912702649073
89642.9703391731,43244.36803507433,89635.71468704991,43246.53159538611,89639.33428011512,43245.45226845673,7.571359254154549,3.7942703515519596,3.777088902602589
89643.02704918386,43244.54741089219,89635.77195080361,43246.70232630829,89639.38545791972,43245.6290414624,7.5683626338632095,3.7988302970077927,3.7695323368554168
89643.07006522403,43244.679947552526,89635.84302003721,43246.91936401035,89639.43751208599,43245.80555674148,7.566053674408101,3.802951268022718,3.7631024063853835
89643.12808360872,43244.7527040847,89635.9290225709,43247.18522351623,89639.49282474499,43245.98107247005,7.598922990520636,3.8371859345778763,3.7617370559427603
89643.16842581713,43244.77445588556,89636.03076872135,43247.499961068,89639.55376440276,43246.15470452066,7.640322461554685,3.8692200034621265,3.7711024580925594
89643.16785748006,43244.75985897568,89636.14838375596,43247.85961341309,89639.62262656818,43246.32533477486,7.673427458088274,3.875484059623936,3.797943398464338
89643.13920428781,43244.7242210666,89636.32262871669,43248.22845894653,89639.70137585171,43246.49161945473,7.664553846343209,3.8655350753080784,3.79901877103513
89643.09818406294,43244.68496942343,89636.57264663554,43248.56666611832,89639.79048190638,43246.65259283766,7.592773403301004,3.8486926944980544,3.7440807088029504
89643.0599775599,43244.64650481328,89636.82105610757,43248.89914987067,89639.88941324035,43246.8077234086,7.5504391185557225,3.837100978751001,3.713338139804721
89643.04369634765,43244.595359668645,89637.06742862979,43249.22784256384,89639.99765275724,43246.95651022918,7.561459753974223,3.8540126523143394,3.707447101659883
89643.02796351687,43244.54151184599,89637.31378917773,43249.55686862935,89640.11473567264,43247.09844374404,7.602998884878972,3.876183329466857,3.726815555412115
89643.01185773157,43244.48115437623,89637.5631320962,43249.89111381624,89640.24023917493,43247.23298897412,7.678298782965751,3.9056962346868125,3.7726025482789383
89642.99204936829,43244.40797724296,89637.86028641989,43250.192591374645,89640.37376990526,43247.35957042831,7.732835941490689,3.945540479871047,3.7872954616196415
89642.95886333192,43244.31478027444,89638.2196795912,43250.447591725446,89640.51505675638,43247.47742354007,7.750563778273007,3.9968116047993685,3.753752173473638
89642.8990148115,43244.20570959282,89638.5960254069,43250.71239810086,89640.66426322112,43247.5850530722,7.800814904218522,4.051429009913925,3.749385894304597
89642.8169195108,43244.118226211074,89638.97799180364,43250.97192003482,89640.82152077649,43247.68050598383,7.855602140376823,4.083069101582879,3.772533038793944
89642.75971034545,43244.12527574402,89639.31451487294,43251.191552571865,89640.9859733432,43247.7630008535,7.8614019183539865,4.04712081920686,3.8142810991471263
89642.78837198256,43244.28851418947,89639.55159270135,43251.31805380192,89641.15419551947,43247.83761354436,7.73893838195278,3.9072546555598304,3.8316837263929493
89642.93911589461,43244.58692725566,89639.64930179698,43251.35309796103,89641.32254281148,43247.91194218842,7.523559187184654,3.697165513762315,3.826393673422339
89643.28157721022,43244.82494848611,89639.60274621058,43251.32178183799,89641.48740972395,43247.99360072344,7.46609945996647,3.641345077020788,3.824754382945682
89643.68137604003,43245.10435088624,89639.49701630994,43251.23643596848,89641.64420588878,43248.08968662155,7.423700816789761,3.614179253666353,3.809521563123408
89643.98928864655,43245.33138966933,89639.50459591739,43251.18475455716,89641.78911241803,43248.20298240514,7.373896486171281,3.6175710465627087,3.7563254396085726
89644.07510050287,43245.37921916984,89639.76985597904,43251.28293875802,89641.92927618313,43248.322224464166,7.3067801177571425,3.6422303844808757,3.6645497332762673
89643.85787605868,43245.20016170757,89640.38494531633,43251.498514837614,89642.07803712378,43248.43018444843,7.192392129926326,3.687936216998418,3.504455912927907
89643.39000352444,43244.92093594503,89641.22604390576,43251.69134248427,89642.24551710466,43248.50474148818,7.107821703549625,3.7621152741704065,3.345706429379219
89642.97447111625,43244.732829575725,89641.95960618871,43251.77057618633,89642.42604647417,43248.538602943685,7.110543491533214,3.8450852417488215,3.265458249784393
89642.8125673168,43244.66401226862,89642.44050062346,43251.78974779487,89642.6097508737,43248.54824142344,7.135442552105119,3.889520617858946,3.2459219342461734
89642.88662893129,43244.69235886537,89642.71545272316,43251.80285712116,89642.7937779639,43248.54943531717,7.112558382174187,3.858193885372309,3.254364496801879
89643.11957737195,43244.8099540687,89642.85392920392,43251.81526316959,89642.97778772542,43248.55198612735,7.010344114120907,3.744717376758639,3.2656267373622683
89643.44801057002,43244.99697618958,89642.89902721492,43251.82223534087,89643.16160644834,43248.56043185622,6.847302052463476,3.5749466582078884,3.2723553942555874
89643.82970273518,43245.219349671446,89642.87646867849,43251.818427981016,89643.34464569633,43248.57907121407,6.667570018693006,3.394555814084085,3.2730142046089203
89644.20382128288,43245.424446943,89642.84664858974,43251.803337829006,89643.52561746388,43248.612043597175,6.521669008394125,3.2589465859122098,3.262722422481915
89644.49032106179,43245.501540590754,89642.9209330561,43251.79959838237,89643.70346363388,43248.65924427967,6.490647938301095,3.2542644635680626,3.2363834747330325
89644.60399705172,43245.53203106185,89643.16989584039,43251.83013343939,89643.88067398973,43248.70883913616,6.459314193555544,3.258113839789387,3.2012003537661564
89644.58835312996,43245.53434652463,89643.54614463834,43251.87885095619,89644.06069224361,43248.74656529865,6.4295361436401866,3.255268877240435,3.174267266399752
89644.57691105807,43245.544920194014,89643.91768078675,43251.91665659157,89644.24344880055,43248.7677323558,6.405748143117667,3.2400177942968567,3.1657303488208104
89644.66602759653,43245.57391926618,89644.1915278988,43251.94024461416,89644.42708314922,43248.77971698487,6.383983740559902,3.214690259118672,3.16929348144123
89644.85374934347,43245.61682113097,89644.36835057852,43251.95733413093,89644.61077660033,43248.790817406174,6.359065738324829,3.183282599600148,3.175783138724681
89645.08433091716,43245.65161138745,89644.50301146429,43251.971360560194,89644.79414982558,43248.80630621687,6.346429067803735,3.1680127103088913,3.178416357494844
89645.30724817302,43245.67867270178,89644.64572236742,43251.98550260661,89644.97719877171,43248.82528715914,6.341428848442632,3.163876601663243,3.1775522467793897
89645.5080255244,43245.703717298544,89644.81060420914,43252.00177761831,89645.16008614082,43248.84578259374,6.336557447255605,3.161271284451374,3.175286162804231
89645.69888560133,43245.72757961402,89644.98544459809,43252.01923318744,89645.3429811499,43248.86621034617,6.331974633012344,3.1587451387161387,3.173229494296205
89645.89716361872,43245.7521894054,89645.15283244457,43252.03593661482,89645.5258517416,43248.88685386167,6.3276779223252095,3.156579440393489,3.171098481931721
89646.11100945198,43245.77870527024,89645.30461676692,43252.05069258065,89645.70856813776,43248.908812152906,6.323613997109277,3.1558720044223962,3.16774199268688
89646.33492321195,43245.806892092754,89645.44599706691,43252.06676869025,89645.89097545408,43248.93319166325,6.322677020633342,3.157663474185461,3.165013546447881
89646.54167966874,43245.83311393172,89645.6040510413,43252.08921801603,89646.07289531994,43248.96096817521,6.325977059448024,3.1627884744605606,3.1631885849874637
89646.68849111686,43245.84970064171,89645.8220449815,43252.12072178677,89646.25457520863,43248.99029144677,6.330595162195437,3.170424832767995,3.160170329427442
89646.763599521,43245.851882717616,89646.11204265895,43252.160717195824,89646.43692483728,43249.0149483646,6.3423906232550085,3.1798900352253794,3.1625005880296286
89646.82797203418,43245.85512736535,89646.41314864448,43252.1977130758,89646.62037543752,43249.028972378495,6.356136557718153,3.1806270630826052,3.1755094946355475
89646.98314178178,43245.86513373691,89646.62382964687,43252.23320057305,89646.80430551856,43249.03499308283,6.378195704230034,3.174900105826008,3.2032955984040266
89647.28824912402,43245.88322219413,89646.68243421882,43252.261385140286,89646.98813618715,43249.04314259613,6.406869303297726,3.17413999720597,3.232729306091756
89647.71737731928,43245.91952313741,89646.61502116687,43252.26311090977,89647.17084090851,43249.0642066177,6.4386562985697395,3.1918233408998895,3.2468329576698505
89648.14047150154,43245.97190716967,89646.55623434833,43252.2531977779,89647.349907477,43249.10606587663,6.477994989780987,3.232327687182872,3.245667302598114
89648.40498731396,43246.01169993165,89646.65480462788,43252.27902709142,89647.5255972804,43249.16080760511,6.507113735209916,3.2695880428836026,3.2375256923263134
89648.4704851589,43246.00757944658,89646.94755962002,43252.359576126495,89647.7018145583,43249.213748179725,6.532010718080548,3.2970247857164012,3.2349859323641463
89648.43537152304,43245.99051797754,89647.337898359,43252.4561142659,89647.88188150687,43249.25100279496,6.558077669651225,3.307130545147974,3.250947124503251
89648.48768794328,43245.99552923976,89647.644540868,43252.526109662525,89648.06475099515,43249.271320564,6.584783796681052,3.302981147705791,3.2818026489752605
89648.75507626634,43246.026811846445,89647.73951921129,43252.55867372666,89648.2479421892,43249.28876936475,6.610338550862613,3.3011440173709734,3.30919453349164
89649.23653471698,43246.09298068549,89647.62292890213,43252.54309257561,89648.42929141613,43249.31912853346,6.64888466030548,3.3256084681949774,3.323276192110503
89649.79503236972,43246.18346742386,89647.44424330429,43252.486636949005,89648.60424932012,43249.375341358565,6.727269561597878,3.4067614366467835,3.3205081249510946
89650.23879495087,43246.26216290007,89647.39125800515,43252.45320103329,89648.77144267029,43249.45206195228,6.814500709845726,3.5112075812485886,3.303293128597138
89650.4772616548,43246.28607687254,89647.52468919467,43252.50845718053,89648.93501086913,43249.53639644568,6.8873580449212595,3.5976540708416924,3.289703974079567
89650.51430228606,43246.25598695136,89647.82528543026,43252.64801652407,89649.10049507613,43249.61681712272,6.934612729901888,3.6460979509034868,3.2885147789984006
89650.4277233713,43246.21034651256,89648.22652353231,43252.82554690848,89649.27216452068,43249.68278662978,6.971811604736439,3.659666190367788,3.3121454143686515
89650.33834142356,43246.18451047477,89648.6320314316,43252.99505056196,89649.44935076237,43249.7322303405,7.021036258892767,3.6574062723994185,3.3636299864933483
89650.32229309263,43246.18057399822,89648.97935368473,43253.138801285946,89649.62955863817,43249.76938349164,7.086636245398818,3.6550560330104958,3.431580212388322
89650.39744563718,43246.18822330054,89649.24552388671,43253.28344964488,89649.81120325983,43249.798872104846,7.188126362650567,3.6579317808088505,3.5301945818417164
89650.56371997694,43246.2018310952,89649.42984181875,43253.40468230895,89649.99333793313,43249.8252294022,7.291553009208874,3.6680173073616427,3.623535701847232
89650.81561831124,43246.26170263431,89649.52923428442,43253.47511281806,89650.17526377074,43249.85296040005,7.32721436632221,3.6479016266285145,3.6793127396936947
89651.15346573756,43246.379999724144,89649.53632186908,43253.49176357557,89650.35614522411,43249.88673522459,7.293307849789776,3.596236070008726,3.6970717797810497
89651.58474671039,43246.5304222186,89649.44664825623,43253.45489214344,89650.5345782317,43249.93152654998,7.247051037474664,3.5595455477576774,3.6875054897169868
89652.0969352243,43246.71878768834,89649.27574209079,43253.36932298905,89650.70809899764,43249.99245368584,7.224178191273994,3.556087052879173,3.6680911383948214
89652.6200836054,43246.93294975682,89649.09852078778,43253.26463250166,89650.87291206462,43250.07389767219,7.24510946978132,3.5941844972162786,3.6509249725650412
89653.02772646843,43247.126856576535,89649.03138722545,43253.21432755326,89651.02725486428,43250.17396954192,7.282034760798316,3.645104122351316,3.6369306384470006
89653.25001262984,43247.23822874263,89649.13416562403,43253.27918943278,89651.1763053445,43250.28190606298,7.309815499478994,3.6829653182805226,3.6268501811984715
89653.30908948777,43247.25176828496,89649.38961111629,43253.45251014539,89651.3272576377,43250.387113878016,7.335632919171623,3.709184475033726,3.626448444137897
89653.28404731459,43247.22655393876,89649.7223983527,43253.67133870993,89651.48549128651,43250.48092746185,7.363463457139796,3.718299451893982,3.645164005245814
89653.28146360243,43247.22400758114,89650.03449883363,43253.8702337721,89651.64993824146,43250.563464845865,7.39696578348617,3.716698780689929,3.680267002796241
89653.363100207,43247.265963203216,89650.26811450586,43254.02144793733,89651.81759966203,43250.63932567844,7.430713995561837,3.7105452865848485,3.720168708976989
89653.54211906476,43247.3525586296,89650.40873680203,43254.12010467824,89651.98603660258,43250.71346512633,7.4577318218298725,3.703658341271721,3.754073480558152
89653.80634601865,43247.47911326579,89650.46601730696,43254.169866935175,89652.15296724514,43250.79090364931,7.478233786633883,3.701569520222224,3.7766642664116588
89654.11632871437,43247.63093536472,89650.47856089423,43254.18841269509,89652.31601281182,43250.87617162412,7.498924166335459,3.7111582731402715,3.7877658931951874
89654.41927219067,43247.78273867408,89650.49948117699,43254.20627897995,89652.47442987724,43250.96978466119,7.525066887111041,3.733587249287231,3.79147963782381
89654.67594815328,43247.9260431223,89650.56006476909,43254.24704599928,89652.62924671874,43251.06926295375,7.542915444536916,3.750842261539099,3.792073182997817
89654.88284956271,43248.04543505876,89650.6672385515,43254.31907210372,89652.78184295559,43251.172128824815,7.558432242850221,3.7670203967907887,3.791411846059432
89655.04369704012,43248.13665297917,89650.82192530943,43254.418148166944,89652.93373376886,43251.27603762171,7.568390736491604,3.782549529071983,3.7858412074196206
89655.16509279718,43248.20421222373,89651.01862766035,43254.53667462539,89653.08645209842,43251.37872164638,7.569230687448891,3.7945035550171538,3.774727132431737
89655.25857938385,43248.25588659658,89651.24228672564,43254.67120853151,89653.24109643795,43251.47847623108,7.568815115028557,3.80201543781841,3.7667996772101473
89655.33372284246,43248.297640098026,89651.4835054199,43254.815696952224,89653.39808545478,43251.5744943215,7.570286609866951,3.8058462526098102,3.764440357257141
89655.39443526513,43248.33192723778,89651.74617491524,43254.95436362687,89653.55770534849,43251.66606691617,7.560850964706034,3.8065816925073404,3.754269272198693
89655.44464777251,43248.362108100846,89652.02737942623,43255.080520557305,89653.72018831437,43251.75245102817,7.53755854942945,3.803706821989889,3.733851727439561
89655.50302377816,43248.39959399703,89652.29898904664,43255.201189390085,89653.88569777281,43251.83287677753,7.518479796593013,3.7951513880849235,3.723328408508089
89655.61268691171,43248.46505260641,89652.51702671192,43255.30162888783,89654.05388408538,43251.9075653375,7.504790958067586,3.778989303383779,3.7258016546838073
89655.80488395075,43248.57141417762,89652.64882063228,43255.37232804479,89654.22247273584,43251.98135276536,7.497543937866977,3.7592161982588714,3.7383277396081054
89656.04902156621,43248.70521799836,89652.72786764245,43255.41632323544,89654.38862963383,43252.060423176015,7.487923402993243,3.7435682380980437,3.744355164895199
89656.27833746887,43248.83394850349,89652.82097301475,43255.46529765219,89654.55190752039,43252.14530762537,7.478513254694375,3.734388785472688,3.744124469221687
89656.45590298087,43248.93601424849,89652.96586332694,43255.540676977,89654.71390948327,43252.23261808118,7.470070049429463,3.7285571170926888,3.7415129323367746
89656.59420193854,43249.01708476648,89653.15023950223,43255.6370164082,89654.87646067631,43252.31889548675,7.46219620513261,3.721906645318426,3.7402895598141837
89656.7404607853,43249.102551644326,89653.3264382295,43255.72943369046,89655.04054257822,43252.402226751554,7.454603655784599,3.7118159604153864,3.7427876953692127
89656.94189393027,43249.216624262684,89653.446279824,43255.794086597474,89655.20475464748,43252.48530321115,7.448646101535532,3.701609778995774,3.7470363225397585
89657.22104395113,43249.37234927893,89653.48633738799,43255.817857198585,89655.36694447408,43252.5722318631,7.449335906982736,3.6982338248507483,3.751102082131987
89657.575728041,43249.57590962476,89653.4496417758,43255.79434231863,89655.52455345866,43252.6671531942,7.462807316624142,3.709865762109413,3.7529415545147287
89657.9585365064,43249.81452301276,89653.38614045984,43255.73882562493,89655.67422399085,43252.7740690717,7.4835931935414575,3.738582156866554,3.7450110366749034
89658.26383479967,43250.0216224852,89653.39958979288,43255.72436820175,89655.81389020431,43252.89381431345,7.495477850227832,3.775144291096256,3.7203335591315767
89658.40205661055,43250.10565795548,89653.5594858088,43255.85640400314,89655.9494507474,43253.01827524405,7.518083005578784,3.8077046878182115,3.7103783177605725
89658.35327005373,43250.05225641042,89653.8905841002,43256.13466636736,89656.08980380396,43253.13721144146,7.543956309898899,3.8262549584980925,3.717701351400807
89658.1969190177,43249.94714334224,89654.32606829223,43256.46844233994,89656.24190772454,43253.24043382802,7.583589261576597,3.829860490947591,3.7537287706290057
89658.09463664607,43249.90077118586,89654.71977038532,43256.74193790519,89656.40596432179,43253.32351958041,7.628321208100445,3.816650467515141,3.811670740585304
89658.16464486373,43249.95445860728,89654.95571865106,43256.90199308597,89656.57528156998,43253.39559864251,7.652806202558475,3.7904512160963577,3.8623549864621176
89658.46744348566,43250.11795522591,89654.96649458879,43256.92493306724,89656.74436457675,43253.46820588309,7.654514387693051,3.7673837596168416,3.8871306280762092
89659.09093376501,43250.444522719525,89654.66416316638,43256.74817314893,89656.90673514805,43253.554494589815,7.702746703720733,3.8003484882738334,3.9023982154468997
89660.09105226804,43251.15195891422,89653.9824654735,43256.21165462345,89657.04759890737,43253.67173357479,7.931920078910325,3.951186239417887,3.9807338394924376
89661.16994057313,43252.19577543292,89653.21783276778,43255.42083666824,89657.13803379759,43253.83011250639,8.5812027696719,4.3505551273859755,4.230647642285924
89661.83649505716,43253.01023206129,89652.70411986465,43254.96925331965,89657.17669688242,43254.00963875661,9.340130677776859,4.765766755925298,4.57436392185156
89662.20470740972,43253.387205375104,89652.51506941325,43254.94580624401,89657.19996431403,43254.19218973244,9.814189787119494,5.069068284155188,4.745121502964306
89662.43042009416,43253.48891928688,89652.59323508295,43255.16220629987,89657.22737063846,43254.37415791039,9.97848177548477,5.2778187785273465,4.700662996957423
89662.54497741548,43253.50751074024,89652.86155052991,43255.426877650185,89657.26057817622,43254.55515976445,9.871814715206048,5.387248258417225,4.484566456788823
89662.59356121687,43253.52859582069,89653.21640208908,43255.66520022695,89657.29916211808,43254.73509449034,9.617494049640403,5.430128990831908,4.187365058808495
89662.62809544796,43253.56304370896,89653.58119657333,43255.87516808712,89657.34266697941,43254.91390515546,9.337681639549151,5.455325906282577,3.882355733266574
89662.6631004683,43253.61052143395,89653.83659729634,43256.0898752338,89657.3906162714,43255.09157723096,9.168116137535122,5.476551458760786,3.691564678774336
89662.70428376718,43253.67033701539,89654.0778298484,43256.289855577794,89657.44252891898,43255.2681331557,9.015408183315358,5.499001417392675,3.516406765922684
89662.75348754173,43253.74243734438,89654.30453934781,43256.47726870956,89657.49791903762,43255.44362977964,8.880542110794782,5.524043446900394,3.3564986638943877
89662.8111740449,43253.826865101146,89654.51808579764,43256.65377778854,89657.55625598114,43255.61816935895,8.761663541956047,5.551840667818987,3.2098228741370605
89662.87756678932,43253.92384386004,89654.68215830147,43256.834038023626,89657.61704231892,43255.791871535104,8.69677815936193,5.582351215977356,3.114426943384573
89662.95285191436,43254.03363205249,89654.73058518267,43257.04501617012,89657.67978118105,43255.96487853148,8.756375078257335,5.61560218686372,3.140772891393615
89663.03723960934,43254.15652894827,89654.77335295906,43257.24900687116,89657.74397607415,43256.13735096654,8.823561767920786,5.651751473751645,3.171810294169141
89663.12973390917,43254.29336590676,89654.81426156066,43257.44428864908,89657.80912961344,43256.309463848826,8.892434678245113,5.689769853322152,3.202664824922962
89663.20739564847,43254.453423458144,89654.79757684775,43257.651632379566,89657.87474140852,43256.48140271792,8.99742143983443,5.705252064623766,3.292169375210663
89663.29031703244,43254.629611223725,89654.76250527328,43257.85541493527,89657.94030533593,43256.65335983898,9.117531627879297,5.719981084810829,3.3975505430684674
89663.38074429796,43254.821570307744,89654.7295437234,43258.0467117869,89658.0053064294,43256.82553031629,9.232811540504162,5.736827345714818,3.4959841947893446
89663.4789168626,43255.02980129095,89654.69888456518,43258.224368847055,89658.06921763039,43256.99810796268,9.343138071084125,5.75665501285468,3.5864830582294442
89663.58512169357,43255.25490445095,89654.67069792647,43258.387359207394,89658.13149666658,43257.17128074676,9.44876838015109,5.780529737156127,3.6682386429949645
89663.67404480198,43255.50617126013,89654.64512577381,43258.53481838424,89658.19158337085,43257.3452256419,9.52334406719883,5.782690062850619,3.7406540043482104
89663.74732800068,43255.78259614194,89654.62227596375,43258.666080304414,89658.24889781469,43257.5201027244,9.569799140729065,5.76642555092424,3.8033735898048247
89663.8255179088,43256.07729453963,89654.6022164407,43258.780713174376,89658.302839705,43257.6960484231,9.61133509388867,5.755027252591332,3.8563078412973373
89663.90871364404,43256.39063434398,89654.58496981417,43258.87855400791,89658.35278956991,43257.87316791648,9.649971153292864,5.750321565882234,3.8996495874106296
89663.95208336173,43256.73367860555,89654.57050884556,43258.9597400758,89658.39811232002,43258.05152681941,9.642058393920452,5.708179941704456,3.933878452215996
89663.91723595739,43257.11050430055,89654.55878458516,43259.02455807083,89658.43809606027,43258.23115651001,9.552183725397079,5.592569658637008,3.9596140667600714
89663.88127855153,43257.49900787031,89654.54964389173,43259.07400294895,89658.47214479733,43258.41200248323,9.463615320167609,5.485643730146573,3.9779715900210366
89663.79702665789,43257.90378735053,89654.5429466766,43259.10926214025,89658.4996386766,43258.59395738799,9.332264774296846,5.342158187937535,3.9901065863593104
89663.64783674447,43258.31932037351,89654.53859801481,43259.13184389898,89658.51999020751,43258.776845850654,9.145404571953506,5.148217134968736,3.9971874369847695
89663.49822676055,43258.73276103521,89654.53656475175,43259.14337465944,89658.5326690502,43258.960422926,8.971064016820499,4.970773914732437,4.000290102088063
89663.31383489548,43259.144169142666,89654.53675628373,43259.14410965386,89658.53722474877,43259.14437838195,8.77707862535578,4.7766101512960715,4.000468474059709
89663.07410156312,43259.55416174359,89654.53909030874,43259.129228047896,89658.53327792515,43259.32834525431,8.545582837057593,4.5464351307379935,3.9991477063195995
89662.83328461609,43259.97199692702,89654.54436911612,43259.08723527866,89658.5199613522,43259.51186350045,8.33600165748076,4.337796715972261,3.9982049415084977
89662.58740827955,43260.409166326994,89654.55500432705,43259.00517093461,89658.49554525634,43259.694224233215,8.154183994949666,4.153851850767508,4.000332144182156
89662.33260557911,43260.8709643846,89654.57520223345,43258.87500666493,89658.45797845774,43259.874317858026,8.010065804256513,4.000754882347667,4.009310921908846
89662.05592955541,43261.34534218302,89654.6094139009,43258.70372218261,89658.40500000954,43260.05046773383,7.90118673953876,3.873756108487708,4.027430631051052
89661.77632802674,43261.80149437422,89654.65360096644,43258.52897085073,89658.33493612766,43260.22053631303,7.8385362854254375,3.7871633968267875,4.0513728885986495
89661.52150389053,43262.20347968213,89654.69149787372,43258.40419086616,89658.2499497865,43260.38369937013,7.815598359130213,3.74361678587552,4.071981573254693
89661.30669251201,43262.53635066782,89654.7100992964,43258.36074317495,89658.15409740833,43260.54076003472,7.807095489835699,3.7311175085537247,4.075977981281974
89661.13534203629,43262.80201952804,89654.70640464254,43258.4064962463,89658.05113135543,43260.69327616912,7.787930465630916,3.7361951337818264,4.05173533184909
89661.00636342312,43263.00464185855,89654.68059389776,43258.53928401185,89657.94438473815,43260.84318356995,7.743047254614467,3.748014861304221,3.9950323933102463
89660.91773189777,43263.14759580204,89654.6322634702,43258.75082994619,89657.8368870739,43260.99255548776,7.670636437221042,3.7597611074249113,3.9108753297961307
89660.86252131897,43263.2395757979,89654.56400066947,43259.02266816955,89657.73155687474,43261.14345607444,7.579820072932895,3.7678450400837664,3.811975032849129
89660.8200242119,43263.308019380886,89654.40245021979,43259.26232524725,89657.6312362568,43261.29772139038,7.586362565622045,3.7695711471288766,3.8167914184931684
89660.75925521417,43263.39712116879,89654.2005952904,43259.44572977414,89657.53623214512,43261.455328457385,7.656991181306699,3.762769809286258,3.8942213720204406
89660.66264061251,43263.54294952091,89654.04762056918,43259.57970851954,89657.44346085355,43261.614266531855,7.711405151426963,3.75272386311363,3.9586812883133327
89660.52340562348,43263.7586655929,89653.95891655108,43259.65070032079,89657.34942372255,43261.772454303406,7.743894075968563,3.7442217340716017,3.9996723418969613
89660.33835680597,43264.04807716139,89653.94090654617,43259.65491904235,89657.2505572244,43261.92765244343,7.760619053043207,3.7457585667591986,4.014860486284009
89660.10439300364,43264.409799771456,89653.99267401811,43259.59541810063,89657.14336462454,43262.07718812714,7.780191505822383,3.7694517034979733,4.01073980232441
89659.82668158419,43264.82543889664,89654.09761923765,43259.49417979463,89657.02474132413,43262.21777757216,7.8258851989643885,3.8276320100223806,3.998253188942008
89659.5304699951,43265.25444027721,89654.21516716151,43259.39406155429,89656.89336606099,43262.34652601039,7.911793933664352,3.925593272670358,3.9862006609939944
89659.24274851415,43265.658011631385,89654.30416186336,43259.32636460241,89656.75162297573,43262.46380994359,8.029906128605834,4.050756826876366,3.9791493017294686
89658.98110971402,43266.03130787869,89654.3492855301,43259.29499698604,89656.60232694137,43262.57135296518,8.17506451856748,4.198796908998402,3.976267609569078
89658.74257740242,43266.38294364153,89654.3571022995,43259.29034033752,89656.44763373776,43262.671003956246,8.338909619074837,4.36408783724248,3.9748217818323566
89658.51370595151,43266.72485199968,89654.34307403873,43259.30065841046,89656.28890654923,43262.76410365923,8.515446031996994,4.5428250898227756,3.9726209421742182
89658.26952446156,43267.03942587936,89654.31919560034,43259.31857222626,89656.12664006637,43262.85088962676,8.672755001808582,4.704868698538624,3.967886303269958
89658.01277925659,43267.33724067974,89654.28938710097,43259.34188157018,89655.96120170807,43262.93146710694,8.819830867221533,4.860021729626987,3.959809137594547
89657.75340994206,43267.6364636208,89654.25345692495,43259.37055506974,89655.79295408392,43263.00600382626,8.97635312369699,5.028373999670324,3.947979124026666
89657.486479912,43267.9216239779,89654.21057122349,43259.40493271063,89655.62224602692,43263.07472202121,9.124999063963408,5.193055608795623,3.9319434551677843
89657.18378680946,43268.105287539336,89654.16003590928,43259.44539520592,89655.44940570687,43263.13788949868,9.172611664700408,5.261475183194546,3.911136481505863
89656.88236472364,43268.27040900645,89654.1013292627,43259.4922968194,89655.27473585261,43263.19581044975,9.208116627551703,5.323158939822274,3.8849576877294307
89656.5881545691,43268.43159773337,89654.03407539212,43259.54592046386,89655.09851092826,43263.24881660832,9.245462725385753,5.392611460769164,3.85285126461659
89656.2982893129,43268.57675154531,89653.95802889843,43259.6064587501,89654.92097599104,43263.29725918438,9.270543223054196,5.4561920398469645,3.8143511832072305
89655.9989646325,43268.64346411714,89653.87306489407,43259.67401203602,89654.74234690284,43263.34150184067,9.21794555944695,5.448843189124106,3.7691023703228432
89655.7086948513,43268.69515789812,89653.77916965948,43259.748593577206,89654.56281155955,43263.38191484101,9.15227188293061,5.435402496799048,3.716869386131562
89655.43032965624,43268.74475749294,89653.67643068194,43259.83013703445,89654.38253182975,43263.41887038769,9.08551702090205,5.4279787898475975,3.6575382310544517
89655.16336554197,43268.79235095436,89653.56502616942,43259.9185045522,89654.20164593957,43263.45273908698,9.016642319932108,5.425528498493295,3.591113821438813
89654.90416348592,43268.81844805877,89653.44295097505,43259.999537471325,89654.0202710944,43263.48388743303,8.939145705905668,5.407291635329595,3.5318540705760735
89654.65224683766,43268.81824889572,89653.30225835257,43260.01617482743,89653.83850618127,43263.51267617517,8.904997294470046,5.367613599068887,3.53738369540116
89654.41174777976,43268.81808539673,89653.15351359197,43260.02457758118,89653.65643444328,43263.539459426334,8.88307001965204,5.332390680695032,3.5506793389570075
89654.18210558893,43268.81795518044,89652.99824410983,43260.03332514852,89653.47412605773,43263.56458437417,8.864042689413438,5.30086217937826,3.5631805100351768
89653.96284625892,43268.81785321752,89652.83652102752,43260.04241515372,89653.29164058142,43263.58839146827,8.847424582249406,5.272360690278467,3.575063891970938
89653.75357181912,43268.81775388713,89652.66840414192,43260.05185370009,89653.10902925053,43263.61121497022,8.83281353685543,5.24628274267409,3.586530794181339
89653.55394464415,43268.81754462413,89652.4883201813,43260.015194388994,89652.92633714004,43263.63338376872,8.866618586470832,5.222012538665109,3.6446060478057234
89653.36365554345,43268.81683218836,89652.29572670383,43259.92686779053,89652.74360519963,43263.65522237519,8.953878433459323,5.198718908751664,3.7551595247076595
89653.18214508139,43268.81365034511,89652.09697465788,43259.841681428006,89652.56087219017,43263.677052026105,9.03735697522372,5.174033464925169,3.863323510298551
89653.00016126488,43268.75178003265,89651.89438989268,43259.76929310227,89652.3781765494,43263.69919182783,9.050292911402021,5.090728096629035,3.9595648147729863
89652.79987785673,43268.63333921172,89651.70374304043,43259.72477772525,89652.1955582167,43263.72195988345,8.97574394098629,4.9484188518678405,4.027325089118449
89652.5164267874,43268.48377447808,89651.58537370896,43259.71980764587,89652.01305981823,43263.74566951615,8.813283977674518,4.76476829824005,4.048515679434468
89652.02804427575,43268.29495662034,89651.65520856965,43259.75555714619,89651.83024691533,43263.766695325234,8.547534725032977,4.532579194292858,4.014955530740118
89651.28317998031,43267.85388666497,89651.99553374355,43259.84769934995,89651.64638744699,43263.77034285306,8.03781582718321,4.0996645872124375,3.9381512399707725
89650.44601980846,43267.36424489257,89652.51052327217,43260.023678556914,89651.46564224998,43263.73772615736,7.625358290675141,3.7671299499886226,3.858228340686519
89649.73524525877,43266.940077021405,89652.99263729139,43260.11195679056,89651.29524616933,43263.66888467148,7.565304335601429,3.6241277890231927,3.9411765465782365
89649.22052571517,43266.6026692177,89653.3098538723,43260.14335013771,89651.13664359528,43263.57578773098,7.644959636006472,3.5823901609288527,4.06256947507762
89648.85975353974,43266.36307407357,89653.42185373727,43260.155725906014,89650.98720351653,43263.46845543695,7.70350111902917,3.5923335668037315,4.111167552225439
89648.61807488384,43266.20718509836,89653.33680597629,43260.15626033745,89650.84299870889,43263.35412880286,7.673337838595351,3.618040388470864,4.0552974501244865
89648.48112211624,43266.12571365159,89653.07696798618,43260.14519246664,89650.69998990044,43263.238300433775,7.542442104848093,3.6415009727050447,3.9009411321430485
89648.44754337118,43266.11477865328,89652.67551746448,43260.11677861532,89650.55409274902,43263.12615066466,7.338376484740202,3.6564255134838954,3.6819509712563065
89648.49821839482,43266.151570770766,89652.28656540766,43259.925260562486,89650.40148305878,43263.02339065269,7.288244775455215,3.6616836608618084,3.6265611145934074
89648.56201646483,43266.18277589715,89651.8939905205,43259.73422305875,89650.239931978,43262.93540223238,7.258504309938121,3.655247760130761,3.6032565498073597
89648.53512534528,43266.15622993688,89651.59392304596,43259.59606382103,89650.07263362325,43262.858773850654,7.23823340612216,3.6382892058506537,3.5999442002715063
89648.3725773982,43266.058667292375,89651.43122526254,43259.520512398834,89649.90394685266,43262.78520514628,7.218226663803974,3.6139516914240377,3.6042749723799363
89648.11568250821,43265.90587586779,89651.37697006605,43259.47282846053,89649.73769332265,43262.7063324057,7.212495787237488,3.587199109047319,3.6252966781901694
89647.83339481922,43265.73066968456,89651.35494945037,43259.44152904895,89649.57540633435,43262.61958615025,7.207956503435328,3.56559179889263,3.642364704542699
89647.56294363884,43265.55770509608,89651.32204428934,43259.41081553517,89649.41690873673,43262.52608655168,7.2052126252225985,3.553575323941539,3.65163730128106
89647.31165949794,43265.3951100311,89651.27052947677,43259.36984136103,89649.26183910463,43262.42699881289,7.209473909780504,3.5514623329055635,3.6580115768749404
89647.07877742551,43265.24419364151,89651.20100679815,43259.3158867265,89649.10974072132,43262.32340320296,7.220636944145621,3.557503154584084,3.663133789561537
89646.8631669894,43265.104801409136,89651.11446082006,43259.24865554088,89648.96009038553,43262.21629811073,7.236569882539582,3.5693891682126924,3.6671807143268897
89646.663102707,43264.976097832965,89651.01248081181,43259.16910179555,89648.81231866931,43262.10661310152,7.255225212024426,3.585118111957009,3.6701071000674172
89646.47358263088,43264.854815823455,89650.89999346017,43259.08093939408,89648.66582418664,43261.99522627881,7.275353039643326,3.6032173682255224,3.672135671417804
89646.28568087169,43264.73450892392,89650.78587907685,43258.99112210891,89648.52026104304,43261.88262505672,7.296456399685959,3.6230636392660105,3.6733927604199486
89646.09284943495,43264.61008266229,89650.67655891376,43258.90496648731,89648.3759237666,43261.76845757184,7.318383916977436,3.64516961999312,3.673214296984316
89645.89713232045,43264.482703598514,89650.57543761299,43258.81437399167,89648.23322129363,43261.652254174754,7.349591889493213,3.6699803311596924,3.6796115583335203
89645.70699189017,43264.35861974064,89650.46934841105,43258.71894901592,89648.0922218282,43261.53398918272,7.381458224172857,3.6970068496103092,3.684451374562547
89645.52962973963,43264.2432812449,89650.35139766951,43258.61313983816,89647.95238474305,43261.41435083046,7.412687652227323,3.7245924738609326,3.68809517836639
89645.3679728935,43264.138693039495,89650.21933592965,43258.49469070221,89647.81308305459,43261.29408896237,7.442478464319518,3.7510446618845985,3.69143380243492
89645.22289066992,43264.04522688512,89650.07283274375,43258.36316052468,89647.67368272913,43261.17394151037,7.47046292033343,3.775004823938704,3.6954580963947263
89645.09480489437,43263.96305138485,89649.90882572466,43258.22194458797,89647.53355165043,43261.05464783292,7.492336338403458,3.7955627989915786,3.69677353941188
89644.98398517226,43263.89239071213,89649.72818789375,43258.06985814922,89647.39206862102,43260.93696201343,7.510615481350704,3.8122729033010856,3.698342578049618
89644.890365882,43263.83331007747,89649.53240257932,43257.90516085687,89647.24863378989,43260.82166494517,7.529373007159209,3.825105740792029,3.70426726636718
89644.81205580011,43263.7844095062,89649.32272349476,43257.729485551165,89647.1026817064,43260.70957391493,7.550379272116955,3.8342640696636368,3.7161152024533184
89644.74154127201,43263.7400916324,89649.1024190394,43257.55300402945,89646.95370831761,43260.60153346538,7.56949852424869,3.8398216632260107,3.7296768610226794
89644.66582385832,43263.69144144383,89648.88333810828,43257.38526529348,89646.80173457273,43260.49775319279,7.5865198930641204,3.8421034895964374,3.744416403467683
89644.57478619112,43263.63232063526,89648.67808202707,43257.22815306207,89646.64743009755,43260.397467829534,7.605944978949429,3.841890867474207,3.7640541114752217
89644.46488155283,43263.56100601174,89648.48993318742,43257.08380263682,89646.49145872258,43260.29979281249,7.6259559545747315,3.839599791110317,3.786356163464414
89644.33565862541,43263.47744310366,89648.31947419947,43256.95268998911,89646.33443768833,43260.203812860185,7.644814565040152,3.8355928763821514,3.8092216886580004
89644.18722656519,43263.38174728081,89648.1669096411,43256.83506431862,89646.17694795778,43260.10860326949,7.661392509989222,3.830465107393589,3.830927402595633
89644.01970263815,43263.27399677535,89648.03153794071,43256.7326933332,89646.01955351088,43260.01323639378,7.673556751413827,3.825174738384649,3.8483820130291777
89643.8331428375,43263.15421494468,89647.91411438752,43256.64488238515,89645.86282081553,43259.91678678217,7.6828210419509055,3.8210644854496025,3.8617565565013026
89643.62761862119,43263.02231020918,89647.81551050239,43256.57053036089,89645.70733704332,43259.8183382862,7.691807435145147,3.8197728726443256,3.872034562500822
89643.40426205022,43262.87840369524,89647.7348229113,43256.50906047123,89645.55372693215,43259.71699378603,7.702096498797678,3.8229192893300645,3.879177209467614
89643.17076303503,43262.72622576791,89647.66451314649,43256.455768541695,89645.40266687881,43259.61188950547,7.714429589416626,3.831512119707898,3.882917469708728
89642.95062087387,43262.5809042363,89647.58116712906,43256.39412729551,89645.25480263121,43259.50233636735,7.7277530716562275,3.8453652225226156,3.8823878491336115
89642.77655284907,43262.46676393311,89647.45249914449,43256.298758083314,89645.10916919466,43259.389825858,7.740075575908379,3.861171704777946,3.878903871130433
89642.66879451736,43262.399692407205,89647.25904663948,43256.15385531952,89644.96318081045,43259.27777840168,7.751186713689604,3.8743458183013213,3.876840895388283
89642.62386809035,43262.37493997813,89647.00402114974,43255.96532650725,89644.81421100427,43259.169742337486,7.763303785747951,3.8821249330938032,3.881178852654147
89642.60216319826,43262.36100218428,89646.71509586986,43255.78208516322,89644.66001418169,43259.06933152124,7.75876048935541,3.88199000822232,3.8767704811330903
89642.53790218828,43262.31054582383,89646.46794126365,43255.63632461591,89644.50120424322,43258.97635462123,7.745349305623611,3.8692875228420505,3.8760617827815604
89642.38357798634,43262.200619072464,89646.31377996894,43255.54497131226,89644.34096313563,43258.88585272738,7.729433014914255,3.849549654853504,3.879883360060751
89642.13999000273,43262.033290799256,89646.25218237394,43255.50821773003,89644.18238474513,43258.79248723946,7.71276245301469,3.8306897547281116,3.8820726982865783
89641.85688524831,43261.8352595878,89646.23222547803,43255.50142785917,89644.02868993938,43258.69131812943,7.698118373503036,3.8211390330399833,3.8769793404630524
89641.60635615184,43261.65497481558,89646.1781047956,43255.47773906552,89643.88049567027,43258.58221993236,7.68499363523791,3.822765114630783,3.8622285206071267
89641.43289069919,43261.53022273315,89646.04296288101,43255.401064881415,89643.73490964512,43258.46964815103,7.669376864723201,3.8296746598289855,3.8397022048942158
89641.34928017228,43261.473180509805,89645.81460883254,43255.26143621626,89643.58857978425,43258.35805118675,7.650158639769482,3.8364688779608924,3.8136897618085897
89641.35232281993,43261.4755553548,89645.49129711215,43255.079185422735,89643.4382078489,43258.25199581854,7.6187043846574,3.839564094778469,3.7791402898789315
89641.39971739537,43261.49664752057,89645.12426493071,43254.883682229374,89643.28098023955,43258.15646102093,7.589701198712558,3.8335356710590256,3.7561655276535326
89641.38638008344,43261.46973181486,89644.82040871665,43254.72962755241,89643.11667352899,43258.07362750336,7.564493249551869,3.8114878856282233,3.7530053639236454
89641.2166060202,43261.351647998505,89644.67509616482,43254.65567787038,89642.95011851146,43257.99535368308,7.5363897218117355,3.7775358488201953,3.7588538729915397
89640.8934943256,43261.14229908291,89644.68791074742,43254.66576770153,89642.78663144079,43257.910954446175,7.506201084232103,3.745070933672152,3.7611301505599504
89640.54082761968,43260.900520380856,89644.7324926877,43254.708341543184,89642.63204673865,43257.81127854399,7.477508595882137,3.730497625009631,3.7470109708725063
89640.31504138792,43260.73990635903,89644.63817563021,43254.68499894728,89642.48537583962,43257.70013876723,7.439851708421989,3.7350419869652494,3.7048097214567397
89640.2850333529,43260.72453426291,89644.33450379035,43254.54190695522,89642.33801685083,43257.58993969288,7.390743621402601,3.747055425425928,3.6436881959766727
89640.41438174357,43260.81093196253,89643.87131858083,43254.32127706677,89642.18156451374,43257.49329221942,7.352960830773608,3.758945119078422,3.594015711695186
89640.58617501623,43260.902028943245,89643.36404721168,43254.12315019727,89642.0144286715,43257.41652071226,7.325965533319637,3.766785915347131,3.5591796179725064
89640.69398894778,43260.93864682088,89642.91976095022,43253.98447257724,89641.84052458158,43257.35649488886,7.301684765830143,3.761164237795933,3.54052052803421
89640.67980898269,43260.90025107336,89642.59873662094,43253.88917409547,89641.66285306307,43257.30860759369,7.268939652482599,3.7237452314913866,3.545194420991212
89640.50785567886,43260.77942349358,89642.43641801622,43253.83688031263,89641.48402384795,43257.26515980389,7.205432569941505,3.6473214246938204,3.5581111452476843
89640.16698815447,43260.57680933595,89642.4532374252,43253.83597905993,89641.30656733336,43257.21651593184,7.117986273062922,3.548268939453703,3.569717333609219
89639.69744253159,43260.31444179011,89642.61222148745,43253.89986456937,89641.13407935249,43257.15270100598,7.045760235255177,3.4728273987084264,3.57293283654675
89639.26490279996,43260.05499185523,89642.73352873557,43253.98141815797,89640.97247224592,43257.06509787352,6.994259313274808,3.44314673440363,3.551112578871178
89639.0761215464,43259.936212100445,89642.58964682536,43253.94460546567,89640.82072446875,43256.9609978546,6.945805207017642,3.448991035847315,3.496814171170328
89639.19097356677,43259.99828606559,89642.1251484686,43253.75685549313,89640.66347788069,43256.86578630619,6.896726614495373,3.46133264757088,3.4353939669244933
89639.43203832729,43260.08995087443,89641.53351200283,43253.56615447409,89640.4913728195,43256.80144639801,6.853912100753197,3.4549169683016543,3.3989951324515424
89639.51071794382,43260.08679428517,89641.1077419829,43253.45712920809,89640.31198987331,43256.76060038714,6.819306769582349,3.421345137847961,3.3979616317343884
89639.31566275422,43259.99909933842,89640.95584589521,43253.41732693336,89640.13120783793,43256.72618962482,6.783061900405606,3.3729885527465555,3.4100733476590506
89638.90305201097,43259.83770510372,89641.0307073485,43253.44088019325,89639.95277405609,43256.68158835424,6.741386072284261,3.3261072304367034,3.4152788418475577
89638.48830874548,43259.65490547635,89641.11165386869,43253.48753993686,89639.78278897509,43256.61170503615,6.7021143929128115,3.307075442759882,3.3950389501529292
89638.31929213746,43259.58781994852,89640.93092140707,43253.44030640709,89639.61993859756,43256.52601269926,6.679261202597198,3.326611616320574,3.352649586276624
89638.41751943444,43259.64160633543,89640.47317302071,43253.29966383498,89639.45001991204,43256.456017630895,6.666779309442265,3.348735975068418,3.3180433343738467
89638.5624736697,43259.68222514266,89639.97058509986,43253.18700783273,89639.27132441865,43256.41257154874,6.646098532515143,3.345609661704354,3.300488870810789
89638.55896080594,43259.6752856208,89639.61551915665,43253.12129697507,89639.08941873725,43256.38483549358,6.638605479852421,3.3329337912065036,3.305671688645918
89638.38853292652,43259.63927661419,89639.42519875207,43253.08374434282,89638.9069413196,43256.36098508163,6.6369932495870625,3.3190273627167293,3.317965886870333
89638.12483754302,43259.58715464817,89639.32834550946,43253.0618169583,89638.72539298772,43256.33097400836,6.635394742752386,3.311099394652966,3.3242953480994197
89637.85856891298,43259.53196712024,89639.23447605885,43253.04278100616,89638.54517994696,43256.29371611228,6.633449848849732,3.310242332896492,3.323207515953241
89637.63763615706,43259.48509366049,89639.09484888472,43253.01618056653,89638.36580817452,43256.25256735429,6.63101089962507,3.3135269438020054,3.317483955823065
89637.4651776644,43259.44895850299,89638.90641541756,43252.97966708029,89638.18654637542,43256.21093915068,6.627887881740742,3.3173999070274185,3.3104879747133236
89637.32644708693,43259.42113390628,89638.68415443996,43252.93616853751,89638.0068281216,43256.17133530397,6.625567529706726,3.320257415914857,3.305310113791869
89637.20723815978,43259.40814084951,89638.44054920002,43252.88866079861,89637.8264577501,43256.134824634944,6.635109362783801,3.331370880219434,3.303738482564367
89637.1047129511,43259.39890993055,89638.18059733204,43252.83827591429,89637.64532319871,43256.10232896011,6.648266382781154,3.3406145444350153,3.307651838346138
89637.01490520172,43259.390623904845,89637.90816092881,43252.786026625865,89637.46337307802,43256.074781105934,6.664728877587494,3.346033009873042,3.3186958677144527
89636.92978942224,43259.382203544905,89637.630201994,43252.736123616654,89637.28066220832,43256.05284323067,6.682885318736201,3.347798054546803,3.335087264189398
89636.83935953202,43259.37251316326,89637.35400056577,43252.71830164262,89637.09737359743,43256.03640742744,6.6740831846068165,3.346068250725754,3.328014933881062
89636.73179687223,43259.36069788378,89637.09456712566,43252.70825275192,89636.91369610387,43256.02508541032,6.662329058904682,3.340568500053455,3.3217605588512265
89636.59508121939,43259.3465672692,89636.86410860927,43252.69956902272,89636.72982261186,43256.01748931584,6.65244026092569,3.3318036050114044,3.320636655914286
89636.42583843661,43259.34156166597,89636.66556308669,43252.6918222156,89636.54588727365,43256.011519040905,6.654059111972939,3.332205817175731,3.3218532947972075
89636.24118060844,43259.36781929893,89636.4812629827,43252.68402855748,89636.36196881326,43256.00506919708,6.688101241904823,3.364918726791079,3.3231825151137433
89636.08633103337,43259.39052443947,89636.26794888833,43252.67640048271,89636.17810256757,43255.997259765885,6.716579899997869,3.394505436656308,3.3220744633415613
89636.00825608641,43259.408384909766,89635.98049576354,43252.675522047306,89635.99415437134,43255.992040181576,6.73292009169964,3.416373832032841,3.3165462596667994
89636.02154254515,43259.41766001132,89635.60524436484,43252.677185909815,89635.81019013295,43255.99521591113,6.753317354438142,3.428963904897454,3.3243534495406877
89636.07828081783,43259.415612542565,89635.1863039474,43252.68944287481,89635.62708395961,43256.01274140532,6.785055722308661,3.432653577272819,3.352402145035842
89636.068956614,43259.41719637322,89634.82885491711,43252.70529932355,89635.44612003422,43256.045972609616,6.825497361308516,3.428275815832966,3.3972215454755497
89635.91433919493,43259.44614715124,89634.61652622254,43252.71482436938,89635.26640751553,43256.08560663564,6.855291744739538,3.4224330553193796,3.4328586894201583
89635.63728471825,43259.49979340595,89634.52998263821,43252.71517070497,89635.08582561596,43256.1209199922,6.874388924923618,3.4235789296644312,3.4508099952591875
89635.33269345234,43259.56527786301,89634.47282670483,43252.715425792565,89634.90352701573,43256.14593117094,6.903610955716331,3.44617405696145,3.457436898754882
89635.08892719135,43259.69491349176,89634.36137072912,43252.72449779385,89634.72040459244,43256.16416042127,7.008283199735862,3.5499332600299187,3.458349939705944
89634.9307678975,43259.79344112265,89634.16234435904,43252.74085538559,89634.53711335575,43256.18065361417,7.094324514315392,3.634170810475682,3.460153703839711
89634.8715517043,43259.8376016638,89633.86515150718,43252.76306046413,89634.3541607265,43256.20046598652,7.145766197093369,3.6737514013396098,3.47201479575376
89634.92011415209,43259.819911750375,89633.45832320597,43252.79979489291,89634.17239006117,43256.228999679086,7.170695465771114,3.6679341351606096,3.502761330610505
89635.07760110182,43259.739697110905,89632.9508049651,43252.937370594685,89633.99358267576,43256.27216744247,7.127054644212755,3.633023251993158,3.4940313922195974
89635.30935735223,43259.6068444484,89632.35559045678,43253.11634178922,89633.82115180537,43256.33596982266,7.1310142351542725,3.593518688831694,3.5374955463225786
89635.52458778207,43259.47944135992,89631.76512368214,43253.3206169491,89633.65979886506,43256.42404692542,7.2155865093642095,3.5795073481391793,3.6360791612250307
89635.6356422056,43259.42911970086,89631.28194864992,43253.493564332006,89633.50979033754,43256.53052014159,7.361077725458074,3.594596718672922,3.7664810067851517
89635.59568117699,43259.44101204941,89630.93949126141,43253.60308596982,89633.36655173858,43256.64604544527,7.467361344696528,3.575032359491807,3.8923289852047205
89635.44612950501,43259.503132507336,89630.75024911673,43253.71136155519,89633.22477151822,43256.76337389027,7.45626604831223,3.5271388667409895,3.929127181571241
89635.27875561245,43259.62395954586,89630.6210050569,43253.80490837487,89633.08165593391,43256.87906886438,7.453589522393566,3.515916928871256,3.9376725935223096
89635.10782168078,43259.75011759644,89630.49789714007,43253.8947822961,89632.93735500422,43256.99328302272,7.452271851623751,3.5087123650888152,3.943559486534935
89634.94331882334,43259.870550644,89630.36764765008,43253.99091200765,89632.79223155662,43257.106450918654,7.450296449125446,3.5024882184928825,3.947808230632563
89634.78741542928,43259.98433077252,89630.22779073809,43254.09450399754,89632.64664300815,43257.2190202094,7.448505673201288,3.4971201108294787,3.9513855623718097
89634.6404561622,43260.09152695493,89630.07788886127,43254.20558252238,89632.50094569146,43257.33144875828,7.447238564637353,3.492210862196726,3.9550277024406273
89634.50258496469,43260.19213423994,89629.917715911,43254.32422446118,89632.35549965315,43257.444201978295,7.446703257893699,3.48727788534683,3.959425372546869
89634.385838821,43260.3011001765,89629.74729899997,43254.45088213063,89632.21067373434,43257.55775011287,7.4659964409152995,3.501044519259481,3.9649519216558184
89634.30157837654,43260.4313270173,89629.57171879409,43254.59230563384,89632.06685073205,43257.672565120585,7.514369061106512,3.5503203866451374,3.964048674461375
89634.2248665658,43260.55003284552,89629.38709300812,43254.74384312827,89631.92443240146,43257.7891168127,7.557505675047306,3.593696520952627,3.9638091540946787
89634.15593102743,43260.656875536,89629.19187223373,43254.90400828554,89631.78384399152,43257.90786789319,7.598510466467189,3.630955786862147,3.967554679605042
89634.0949067894,43260.751658629306,89628.98578544064,43255.07302279334,89631.6455379124,43258.02926757979,7.6387188660122565,3.6620787706040128,3.976640095408244
89634.04182173664,43260.83436142039,89628.772697877,43255.25548282558,89631.50999602067,43258.15374355893,7.673822556448253,3.6872555614213987,3.9865669950268545
89633.99658472878,43260.905170591774,89628.59380441176,43255.49273843969,89631.37772989507,43258.28169216396,7.647513122637388,3.7068908402109217,3.9406222824264665
89633.9589562747,43260.96451953406,89628.41183497847,43255.74202363926,89631.24927839254,43258.413466885264,7.618728112478966,3.7215888867529747,3.8971392257259905
89633.92838759406,43261.01323987991,89628.2240049985,43255.99925893488,89631.12520176389,43258.54936562599,7.594734078141158,3.7320942026666746,3.862639875474484
89633.90362335987,43261.0530117649,89628.03689956164,43256.26762743296,89631.00607102254,43258.68961692783,7.570888412055558,3.7391770088480145,3.8317114032075428
89633.88282485152,43261.086341268085,89627.88086322052,43256.56626472626,89630.89240252608,43258.83432850367,7.513629973450506,3.7435527478045265,3.7700772256459794
89633.86479320594,43261.11504260394,89627.7248132628,43256.86588526196,89630.78455104676,43258.98342465851,7.466906442925708,3.7458893235741173,3.7210171193515906
89633.84918458131,43261.139469812624,89627.56959022595,43257.16756114398,89630.68285804677,43259.136786068026,7.430300380693147,3.7465138334483914,3.683786547244756
89633.8348990026,43261.15988080674,89627.42218513781,43257.47556270711,89630.58770525738,43259.29428733985,7.39574870944258,3.7449574367029865,3.650791272739593
89633.81637933227,43261.18216233858,89627.27779538589,43257.77893324507,89630.49951481629,43259.4557883832,7.371231124230269,3.7392455457251703,3.6319855785050987
89633.7800128772,43261.22767363661,89627.14687344595,43258.05733557743,89630.41855121967,43259.6210337731,7.351842090570228,3.7256833099579265,3.626158780612302
89633.70960856134,43261.328443984494,89627.04283303618,43258.27962699987,89630.342843738,43259.78876833992,7.330837667602971,3.7021218869958905,3.62871578060708
89633.59633244577,43261.50525436471,89626.97365827199,43258.42428735662,89630.26824315538,43259.95700134536,7.304257040852567,3.6705947388263764,3.6336623020261904
89633.43952029507,43261.7591078088,89626.94169622916,43258.48851222738,89630.1904067169,43260.12374932298,7.274511190042982,3.637462909918268,3.6370482801247137
89633.2469555551,43262.06495439792,89626.94084058273,43258.49586548017,89630.1050461488,43260.2867439827,7.246066639877893,3.6102114894020745,3.6358551504758183
89633.04798296608,43262.36784882621,89626.94579885055,43258.50418072426,89630.00937565764,43260.4439051612,7.222505256657873,3.5964835049002164,3.6260217517576563
89632.88180360459,43262.61452913193,89626.9216496112,43258.57199485206,89629.90614613562,43260.59624394048,7.2017719367837625,3.5955545450805273,3.6062173917032356
89632.76941803616,43262.78214207036,89626.84677118323,43258.72208716296,89629.79996187187,43260.74655237772,7.180653981079953,3.600179899447248,3.5804740816327043
89632.71214570486,43262.870033115374,89626.72228476405,43258.95437399384,89629.69520412847,43260.89785040741,7.156173589980253,3.6043641754092164,3.5518094145710366
89632.69194122043,43262.89822449652,89626.56576505592,43259.24656789769,89629.59635281524,43261.05304228041,7.131944357292291,3.603798688195887,3.528145669096404
89632.67159967107,43262.91854843607,89626.41046703406,43259.54590403276,89629.50667084787,43261.21370531294,7.111716541720561,3.5948942307679617,3.5168223109525996
89632.61851330622,43262.98845716861,89626.28433837004,43259.795442191535,89629.42393127918,43261.378078862064,7.093455911362116,3.577523251880014,3.515932659482102
89632.5214758609,43263.13343107911,89626.19621823292,43259.96910086366,89629.34381692094,43261.54375769861,7.072614069302036,3.5531081879729176,3.5195058813291182
89632.3834338603,43263.34759828249,89626.14332413014,43260.07098717568,89629.26193354772,43261.7085617965,7.04806000203061,3.525649557722391,3.522410444308219
89632.21534867141,43263.60322875203,89626.10206040685,43260.119596932826,89629.17439947826,43261.87042064313,7.036191019990683,3.4999994196551434,3.53619160033554
89632.03566221507,43263.87034314762,89626.0599797803,43260.146211631785,89629.08013953517,43262.02845866673,7.041160139709472,3.4824779614973695,3.558682178212102
89631.85602607278,43264.13386369419,89626.02191950157,43260.17613846376,89628.97963017903,43262.18260001477,7.049850245555495,3.4757852759034624,3.5740649696520324
89631.67981069002,43264.391189402464,89625.9814749705,43260.21180872635,89628.8733652011,43262.33283355613,7.066700277237434,3.4803685253775294,3.586331751859905
89631.50524966084,43264.64147240854,89625.93674243015,43260.25255292893,89628.76180870869,43262.47918289268,7.090196540072738,3.493131003603234,3.597065536469504
89631.317981987,43264.873566391965,89625.88733185118,43260.29780024128,89628.64539222309,43262.62169863369,7.101379919677912,3.494802490404178,3.606577429273734
89631.1311835872,43265.09790124241,89625.83332116024,43260.34721944383,89628.52451360314,43262.760451606926,7.115920449695073,3.5011996807103096,3.614720768984764
89630.94792568621,43265.31797873737,89625.77487756457,43260.40060543925,89628.3995373083,43262.89552709651,7.13729549775695,3.516042559036318,3.621252938720632
89630.767899138,43265.53412423843,89625.71197622053,43260.45800359013,89628.27079566049,43263.02702016627,7.164450947890645,3.5385161587905634,3.625934789100081
89630.59140365741,43265.74604891524,89625.6440379005,43260.51998818145,89628.13860628585,43263.15504832487,7.196397621579001,3.5678423459052326,3.6285552756737687
89630.41932338095,43265.953023327966,89625.56999802052,43260.58749125208,89628.00333383377,43263.27981642877,7.23221203443987,3.6031986648000345,3.6290133696398352
89630.22710594164,43266.12616865056,89625.48947287387,43260.660683814174,89627.8653716771,43263.4016056938,7.2330278294565655,3.6056943910551706,3.6273334384013944
89630.02736835193,43266.28160257891,89625.40434376027,43260.73767874472,89627.72510771563,43263.52073841711,7.218548874561127,3.594826137297993,3.623722737263134
89629.82808820876,43266.43701241862,89625.31890580065,43260.81464045967,89627.58274804975,43263.63735840102,7.207204203733294,3.5888180572256854,3.618386146507609
89629.62501785049,43266.59567878096,89625.23707749016,43260.88824551951,89627.43816081499,43263.7512034798,7.199223224752174,3.587949753362033,3.611273471390141
89629.41608483443,43266.75907370633,89625.16056848163,43260.95706776918,89627.29116421704,43263.86191848067,7.195324337671092,3.5928812994335195,3.6024430382375727
89629.20037798802,43266.92782633968,89625.07099759764,43260.9933961692,89627.14158607367,43263.9691182754,7.229747150347243,3.604521820736728,3.625225329610515
89628.97712591274,43267.10252603067,89624.97979017647,43261.00926722583,89626.98926610503,43264.07238304152,7.287420383880828,3.6239968473810777,3.66342353649975
89628.74324025543,43267.28026791126,89624.90076572396,43261.02289869017,89626.83405967268,43264.17125402197,7.342974880487343,3.6484158015972805,3.6945590788900633
89628.47573820098,43267.42286474264,89624.83421821122,43261.03426495266,89626.67584316281,43264.26523012322,7.353562069907667,3.6345946869216457,3.7189673829860217
89628.19414166178,43267.56002385699,89624.78035932595,43261.04331632441,89626.51452118467,43264.353765862405,7.356723924605086,3.6195600941225203,3.737163830482566
89627.90330607761,43267.70173096198,89624.7392976237,43261.04997948164,89626.35003567232,43264.43627136699,7.365917950439167,3.6160579805134527,3.7498599699257142
89627.60199407813,43267.848521364445,89624.71099825464,43261.05412298942,89626.18237680469,43264.51211532327,7.383881508430136,3.625867961556622,3.758013546873514
89627.2867347766,43267.99523174434,89624.69521012671,43261.05555748064,89626.01159537141,43264.58063192228,7.4077715203212575,3.644924203251196,3.7628473170700616
89626.94935523381,43268.11707583251,89624.69081950108,43261.05440138152,89625.8378157937,43264.64113289269,7.415008702447967,3.6493423034567414,3.765666398991225
89626.60528676928,43268.239541250296,89624.69214964748,43261.05241083225,89625.66124847789,43264.69292554417,7.437401246189065,3.6701077998516616,3.767293446337403
89626.26875222093,43268.35718460251,89624.68261773663,43261.0538967892,89625.48223005625,43264.73548081642,7.473542365790339,3.7061240440277903,3.7674183217625483
89625.95972466552,43268.45790197823,89624.63978432359,43261.06276597722,89625.30145514,43264.76987720366,7.512008984267683,3.7463109195695727,3.7656980646981104
89625.68327796995,43268.49331710341,89624.55235474382,43261.07938483856,89625.11967886657,43264.79856868465,7.499691925089953,3.737487100616379,3.7622048244735744
89625.44425801394,43268.5212866373,89624.42712129891,43261.10157103814,89624.93741985303,43264.82404637061,7.489108536364018,3.731818659979707,3.7572898763843106
89625.22481849875,43268.54754535056,89624.28229160345,43261.12645069907,89624.75494761771,43264.84795344196,7.480708708050676,3.729310785521782,3.751397922528894
89625.00950001346,43268.57373906192,89624.13328392849,43261.15188093959,89624.57228786634,43264.87038192963,7.4734016763118465,3.729076093468185,3.7443255828436612
89624.79088467492,43268.60056403587,89623.98742421207,43261.17665838696,89624.3894393398,43264.89121452146,7.467256778718074,3.7310095386004987,3.7362472401175757
89624.56251716765,43268.62479722687,89623.84763766124,43261.16783377135,89624.20639984345,43264.91029301271,7.4911518931874035,3.7315360249614686,3.7596158682259353
89624.31746663741,43268.64882042522,89623.72314969495,43261.13340092344,89624.02312507984,43264.92694306423,7.538882073415046,3.7334980973252856,3.80538397608976
89624.05098062614,43268.6751919683,89623.6224851162,43261.10444680833,89623.83956652335,43264.9400674045,7.582861641869275,3.7411029697063825,3.8417586721628925
89623.76058241959,43268.704099920185,89623.5477900172,43261.08204584452,89623.6557368506,43264.94852276015,7.6250238648060655,3.7570403775228978,3.8679834872831678
89623.44419339315,43268.73568515832,89623.49995743138,43261.066764829135,89623.47173518506,43264.95112214864,7.6691230688620795,3.784663224716962,3.8844598441451175
89623.09912230694,43268.76990488776,89623.47951886147,43261.05863438582,89623.2877750452,43264.94663033257,7.720647272286874,3.827926093859079,3.8927211784277955
89622.72714388257,43268.75811417573,89623.48647458109,43261.05729839329,89623.10421598937,43264.93377491368,7.738161721425653,3.842883574216307,3.8952781472093463
89622.33529398873,43268.69667659855,89623.51775404582,43261.06221165994,89622.92159535832,43264.911278652864,7.725494591641851,3.83053350111731,3.8949610905245415
89621.93441817681,43268.63096727174,89623.55834352918,43261.071252464055,89622.74065126207,43264.87792466951,7.7321679707031254,3.838663903221549,3.893504067481577
89621.55492772716,43268.56406915417,89623.5761830513,43261.07707247519,89622.56212532661,43264.8333783404,7.7550365801312005,3.864259431285457,3.890777148845743
89621.2365383281,43268.46583833335,89623.54316722609,43261.06963740283,89622.38593951125,43264.780264058,7.747536710329861,3.86064512989544,3.8868915804344213
89620.9745474973,43268.36810571664,89623.45841411996,43261.04581010829,89622.21137603115,43264.72200564038,7.732115258788179,3.85016760521126,3.881947653576919
89620.74284855905,43268.28255160562,89623.34270801849,43261.01132093601,89622.03772672988,43264.66106980682,7.722050547585537,3.8460161071324004,3.876034440453137
89620.52080296674,43268.20124190501,89623.21689219121,43260.97325347392,89621.86488196967,43264.597887935306,7.714448383794089,3.84586897814731,3.8685794056467784
89620.30058817581,43268.1113823845,89623.09222575868,43260.935377364505,89621.69286274024,43264.53249182912,7.699888859007197,3.840167453395055,3.8597214056121425
89620.07329903914,43268.01423186292,89622.97640945307,43260.90006107432,89621.52175568737,43264.46474717325,7.683714992432989,3.8336494654559217,3.850065526977067
89619.83121045516,43267.91120327226,89622.88322712864,43260.852120530704,89621.35188694994,43264.39395968876,7.690608228748788,3.8319002371514075,3.85870799159738
89619.57110039094,43267.8007517918,89622.81496205869,43260.79752747944,89621.18369490557,43264.31928190726,7.718017186360105,3.8368077389431736,3.881209447416931
89619.29737871191,43267.6703724436,89622.76472745543,43260.75615438815,89621.0176884317,43264.239871429934,7.734915554091377,3.83768194836176,3.897233605729617
89619.01257470183,43267.51516798139,89622.7328019698,43260.72815787458,89620.85446419117,43264.15489740484,7.739741411408126,3.83196754143093,3.9077738699771953
89618.71068337584,43267.34968275136,89622.71787915446,43260.71259123673,89620.6947213813,43264.06355611034,7.7529737380098425,3.8386241165146124,3.91434962149523
89618.39964144105,43267.176722573866,89622.71159993866,43260.70428092095,89620.53926996475,43263.9650989024,7.777241608632853,3.859084972702376,3.918156635930476
89618.10008843093,43267.00590180487,89622.69413407116,43260.68951563744,89620.38875035864,43263.85925149353,7.810377043636617,3.8909358258933393,3.919441217743277
89617.84542504261,43266.837117060655,89622.64466472961,43260.6514086754,89620.24248022551,43263.74758647257,7.829156391406469,3.910380135557186,3.918776255849284
89617.6372994364,43266.69269646888,89622.55383720477,43260.58051325612,89620.09901607218,43263.63232691903,7.844177920869047,3.9275832997556086,3.9165946211134384
89617.47313363955,43266.58041663506,89622.42075350578,43260.47496759809,89619.95676888601,43263.51556403249,7.858463608346487,3.9448403659647293,3.913623242381758
89617.34971900174,43266.497888477934,89622.24900626055,43260.33782468605,89619.81409916289,43263.39931984424,7.8707942143421015,3.9590778164103746,3.9117163979317264
89617.25536375574,43266.435650213,89622.04971396319,43260.17960290527,89619.66944465194,43263.285562143625,7.881872989859133,3.9687329739126067,3.913140015946526
89617.17120333032,43266.3792933548,89621.8392491309,43260.01731826447,89619.52215051475,43263.175243099526,7.890841440960377,3.974027013285318,3.9168144276750585
89617.0829798338,43266.3190409148,89621.63269813887,43259.85885826663,89619.37254884189,43263.06807172085,7.90151229217612,3.976295630711439,3.925216661464681
89616.98557022472,43266.25205454153,89621.43482416186,43259.70704573546,89619.22102952712,43262.96362698628,7.914101393648378,3.976309102527253,3.9377922911211254
89616.87803281308,43266.17807437717,89621.23865168703,43259.57399113118,89619.06795871534,43262.861467801726,7.91384309193325,3.97437474751118,3.93946834442207
89616.76025287707,43266.09712083934,89621.04831077713,43259.454276503086,89618.91368138677,43262.76113849234,7.906631484392158,3.970646366260623,3.9359851181315353
89616.63214386589,43266.0091375577,89620.86844947471,43259.34110821614,89618.75852497802,43262.66217299605,7.899930411799869,3.9653081104712236,3.9346223013286457
89616.49333099829,43265.913888946765,89620.69942874681,43259.23470713997,89618.60280490115,43262.56409608775,7.893207705257978,3.9586604230684337,3.934547282189544
89616.3424626748,43265.81060512308,89620.54259387807,43259.1359179514,89618.44684779248,43262.466396205,7.886225393968385,3.951223862456769,3.9350015315116154
89616.17543919061,43265.69686200563,89620.40199580052,43259.04737021057,89618.29100155078,43262.36851975527,7.879055902160575,3.9437883101502473,3.9352675920103275
89615.99644818014,43265.5754059636,89620.27350576688,43258.96640057814,89618.1356357071,43262.26988348761,7.872240709310432,3.9373343920501616,3.9349063172602703
89615.84522965504,43265.47208238063,89620.11817994142,43258.86611405908,89617.9828132717,43262.16738362231,7.867459667211492,3.9357715382629146,3.9316881289485766
89615.74467420597,43265.39729910232,89619.91393330066,43258.73433397543,89617.82813608448,43262.06770284468,7.8598871290407875,3.9277251225235146,3.932162006517273
89615.64178095592,43265.31496067377,89619.71396412507,43258.60621352217,89617.67057027374,43261.97262664595,7.8479273765289355,3.909882715586368,3.9380446609425674
89615.48631385644,43265.198101886825,89619.56654050433,43258.5130839531,89617.51225816287,43261.87879138886,7.831839775726201,3.888736621918654,3.943103153807547
89615.2780107442,43265.04600229286,89619.47228753041,43258.45712836569,89617.35525815394,43261.7827901786,7.810583677813135,3.868269652435064,3.942314025378071
89615.04501280272,43264.87518452035,89619.40496873863,43258.41865130869,89617.20128924194,43261.682009191296,7.7907661289806605,3.853037342728986,3.9377287862516743
89614.8165958944,43264.70545042401,89619.33363422328,43258.37863044821,89617.05045948927,43261.5765805591,7.773820571040207,3.8444730707873465,3.9293475002528604
89614.60582168301,43264.5475757688,89619.24365535258,43258.32706205711,89616.90220065572,43261.467560270015,7.759142477361529,3.841855262633335,3.9172872147281943
89614.41494565211,43264.40438627022,89619.13193168948,43258.26175554084,89616.75586613626,43261.35596610424,7.7447962887587725,3.8435366814212912,3.9012596073374812
89614.24388027843,43264.276247693415,89618.99837615194,43258.18271762218,89616.61076144336,43261.24277481635,7.728928757617993,3.8476075871568978,3.8813211704610953
89614.09245659107,43264.1631627738,89618.84906415622,43258.08295883636,89616.4661654125,43261.12893340849,7.719727679766379,3.8524072227969595,3.86732045696942
89613.95999055247,43264.06462447299,89618.68655356014,43257.96116082448,89616.32134788827,43261.01537437717,7.719628642243214,3.856674035248826,3.8629546069943883
89613.84087706434,43263.97617541244,89618.5107371315,43257.829309928085,89616.17558579198,43260.903032382856,7.719556226205221,3.8594135465354706,3.86014267966975
89613.7130334305,43263.88119793199,89618.34370107067,43257.70401922209,89616.02821689993,43260.79280928143,7.720143755641423,3.859821103884312,3.860322651757112
89613.53876076486,43263.75240362991,89618.22314080538,43257.61256695274,89615.87989252037,43260.68387093438,7.722759272844899,3.859636096862525,3.863123175982373
89613.3005823252,43263.57374854034,89618.18138241534,43257.55263379368,89615.73379296,43260.5719915141,7.7508730037152676,3.864072882058763,3.8868001216565045
89613.03119993408,43263.34630973194,89618.18952934217,43257.52159339017,89615.59300850249,43260.45351521976,7.78046802876087,3.864081162566427,3.9163868661944434
89612.7556884164,43263.10507760136,89618.19929731627,43257.51178020111,89615.45829818197,43260.32817078126,7.8049890238997754,3.874959487854509,3.930029536045267
89612.4856302479,43262.86730813332,89618.20015784836,43257.500939980186,89615.32958673843,43260.196668886594,7.839243130323242,3.901333426683252,3.9379097036399897
89612.22320307422,43262.636339079145,89618.19297091915,43257.48055000093,89615.20669235112,43260.059710466434,7.887983845700649,3.942108987992955,3.9458748577076945
89611.96830876922,43262.41230553624,89618.17958686184,43257.448105195326,89615.08934957757,43259.91796249429,7.9513055896079505,3.99532763841364,3.9559779511943107
89611.72081812107,43262.19496641981,89618.16087884134,43257.40312808363,89614.97722907593,43259.7720451552,8.027209772555468,4.058911154656603,3.9682986178988644
89611.48065203699,43261.98415199887,89618.13721351168,43257.34580892177,89614.86995564014,43259.622525175146,8.11320141368289,4.130939380923713,3.982262032759178
89611.26053744454,43261.7715166072,89618.10880359056,43257.27652917415,89614.76712347515,43259.46991398684,8.191682441979433,4.1944630421662215,3.9972193998132113
89611.08825655782,43261.54091782671,89618.0758219516,43257.195704646096,89614.66830828068,43259.314669382286,8.22842316105228,4.215797964166323,4.012625196885958
89610.92536078722,43261.31871764792,89618.03841964931,43257.10373427997,89614.57307616065,43259.15719947222,8.268112914552193,4.240045786243898,4.028067128308295
89610.7693409196,43261.10601978053,89617.99671072913,43257.00098249718,89614.48098964109,43258.9978680238,8.31181120223077,4.268564168554742,4.043247033676027
89610.6199054767,43260.90262825664,89617.95073199578,43256.88778056324,89614.3916112019,43258.83700051018,8.358230641362203,4.300300229571776,4.057930411790427
89610.49278391093,43260.69999166687,89617.90038648387,43256.76447258215,89614.3045047527,43258.67489043943,8.388139623599841,4.316277418904038,4.071862204695804
89610.38750326258,43260.498153106,89617.84561334988,43256.63191942275,89614.21923545176,43258.51180571926,8.400664793209636,4.315987431678035,4.084677361531599
89610.28442523092,43260.30175565467,89617.78809058401,43256.49480473731,89614.13536820894,43258.34799496098,8.414146957266908,4.318210586364287,4.095936370902621
89610.17365713316,43260.09351196838,89617.73577149744,43256.37013567134,89614.0525020354,43258.18367526469,8.429063097862766,4.323530271707961,4.105532826154805
89610.09583841634,43259.81387771652,89617.70400434983,43256.28949767695,89613.97143593979,43258.018464918096,8.384834140536732,4.271271857485343,4.1135622830513885
89610.02669629532,43259.44298211715,89617.706102475,43256.28295190541,89613.89554106917,43257.85083325462,8.304159817873614,4.183646481794605,4.12051333607901
89609.93609658565,43258.98731779444,89617.7438339724,43256.3642784148,89613.82897299743,43257.67931493759,8.236570815521226,4.10674545485684,4.129825360664385
89609.85935671994,43258.45988708096,89617.80311003726,43256.519840318746,89613.77629178972,43257.50307988704,8.177224367702197,4.032103712353943,4.145120655348253
89609.8007556811,43257.9246879015,89617.85825210258,43256.69358341338,89613.74128142506,43257.32251730884,8.151004041233865,3.986270507804546,4.1647335334293185
89609.74746316527,43257.4449351078,89617.89278672556,43256.81904166824,89613.72242069874,43257.139517115065,8.169335254543878,3.986673744262256,4.182661510281621
89609.69737548892,43257.03888520497,89617.9047297386,43256.86874572826,89613.71554054366,43256.955644534326,8.209117567314927,4.019027172890054,4.190090394424873
89609.65372019187,43256.69804333596,89617.8946539043,43256.847170231136,89613.71693506606,43256.77163192037,8.242282893618231,4.063881198258968,4.178401695359264
89609.65671541633,43256.41525450163,89617.86191011065,43256.763212078906,89613.7239372888,43256.58773891111,8.21256929634395,4.070877624219364,4.141691672124586
89609.70281028804,43256.18906618332,89617.80731833179,43256.62113797621,89613.73414467895,43256.403991126,8.11601729085449,4.037059536630479,4.07895775422401
89609.73853296757,43256.016105547824,89617.734588875,43256.42363504055,89613.74513083944,43256.22028718128,8.006434310207862,4.0117971840880875,3.9946371261197733
89609.76720339002,43255.893549590255,89617.65731390846,43256.17646004183,89613.75446244639,43256.03649451482,7.895180955441468,3.989820551617133,3.9053604038243357
89609.79512377926,43255.80615885111,89617.64216167713,43255.8979344806,89613.7597097017,43255.85254650876,7.8475745640459085,3.9648572926642256,3.882717271381683
89609.82964916587,43255.70356974063,89617.6418914663,43255.63387224184,89613.75868966182,43255.66853208421,7.812553200001009,3.9291967189433885,3.883356481057621
89609.87369616704,43255.50934555119,89617.64297344844,43255.45982785651,89613.75336942528,43255.48457748623,7.7694350814014514,3.8797523178361453,3.889682763565306
89609.93085661565,43255.1789024165,89617.64596178768,43255.424817110055,89613.75138086652,43255.300576385256,7.719023376986454,3.8224612628725216,3.896562114113932
89610.00467031906,43254.74403306618,89617.64187983706,43255.50223382664,89613.76113380998,43255.116888442826,7.674753262335163,3.774922395297749,3.8998308670374144
89610.08963961585,43254.30754134328,89617.62770270307,43255.58627829208,89613.78757595815,43254.93484593455,7.6457545926640735,3.750765820727808,3.8949887719362657
89610.1639645875,43253.96278897862,89617.61884926104,43255.57525640203,89613.8259690138,43254.754887995055,7.6272771477628085,3.7466915098591893,3.880585637903619
89610.22028477017,43253.73204615818,89617.62815295364,43255.445423360834,89613.86944823792,43254.57606707586,7.6034316240881585,3.7454993423920953,3.8579322816960633
89610.26664210483,43253.56571359999,89617.65111297206,43255.24971967434,89613.9115860939,43254.39693116033,7.574053501748876,3.7385210065045107,3.8355324952443657
89610.31937221979,43253.36152176619,89617.67250209382,43255.09404314194,89613.94991614576,43254.216936223725,7.554478755132628,3.7299575188709113,3.8245212362617167
89610.40012342283,43253.03084300296,89617.67744972401,43255.07108743536,89613.99112319606,43254.037597961855,7.5579147546007,3.729455043105554,3.8284597114951464
89610.55602522338,43252.57578226009,89617.65165771193,43255.19163964168,89614.04418125596,43253.861485245056,7.562453996035405,3.7175616569361427,3.844892339099262
89610.79649898541,43252.11613621499,89617.6047988181,43255.34880762295,89614.11683278857,43253.69258644751,7.536783867749222,3.6755696021210067,3.861214265628215
89610.9949561657,43251.76417259787,89617.59244080758,43255.39567885627,89614.20555965924,43253.53141058408,7.530912381956581,3.6648471854441786,3.8660651965124018
89611.15455645228,43251.55085598492,89617.6451470462,43255.3118011647,89614.29945729925,43253.37313679535,7.501498177317727,3.634708886459757,3.8667892908579704
89611.31048746793,43251.35575439786,89617.72280045944,43255.2229815685,89614.39082810782,43253.21339436856,7.488204318581708,3.5971272869496413,3.8910770316320664
89611.53436187976,43251.03941158695,89617.75739407883,43255.2919032881,89614.48447251601,43253.0550046778,7.537228652957218,3.5729215320194125,3.9643071209378054
89611.91051299707,43250.56445189265,89617.66614779572,43255.5931110621,89614.59124317716,43252.90533189742,7.642954178352845,3.558937129981175,4.0840170483716705
89612.47554099745,43250.10737958427,89617.4042199508,43255.96445140387,89614.72068751833,43252.77516513019,7.654878617333788,3.486798333610844,4.168080283722944
89612.89974934763,43249.80647737802,89617.17878928574,43256.02080103738,89614.87384528737,43252.67374942846,7.545064711077911,3.4811354168573536,4.063929294220558
89612.92431511752,43249.77815875763,89617.27798865517,43255.57291203387,89615.03453996964,43252.584115932616,7.248010057938256,3.510903672040527,3.7371063858977283
89612.5134771585,43250.149476709084,89617.74715857136,43254.71195767717,89615.17987163123,43252.472688809874,6.9431734199009085,3.5365200338013065,3.4066533860996024
89612.21121127266,43250.62885178869,89618.19003375148,43253.9228894543,89615.27060754561,43252.31481000756,6.826199734955887,3.4931877519964853,3.3330119829594023
89612.42631059031,43250.46644052839,89618.25375578836,43253.83201630549,89615.32602786079,43252.13941356439,6.72950420061598,3.3477154938753326,3.3817887067406476
89613.1919265984,43249.73525198912,89617.88719614022,43254.479677890224,89615.42264113744,43251.98574049027,6.6749650661416515,3.1687199069157996,3.506245159225852
89614.103702123,43249.20203881879,89617.35264358354,43255.13574793933,89615.57682210261,43251.88750511287,6.764949927563192,3.062974320978216,3.7019756065849756
89614.69465019928,43249.00165096653,89617.13245707435,43255.52608665467,89615.7496485369,43251.82476708848,6.964995585251488,3.0138026030943177,3.95119298215717
89614.9598697673,43248.91760443396,89617.16085181895,43255.42310107059,89615.92647018339,43251.77377105232,6.867736801425558,3.0152950297114685,3.8524417717140897
89614.93734711308,43248.91614956568,89617.4135168032,43254.8787674759,89616.10190826452,43251.71836885372,6.456332639039141,3.034573382486342,3.421759256552799
89614.66831356852,43249.031122941,89617.86853870329,43254.25359554147,89616.26871145892,43251.64140782917,6.125003115799554,3.061839415290312,3.063163700509243
89614.37007313014,43249.2249460817,89618.37793050539,43253.74395518266,89616.41420445182,43251.529608936784,6.040228807495691,3.080575228089941,2.9596535794057495
89614.2794480955,43249.33712139441,89618.71661125234,43253.37706572789,89616.53782205695,43251.393459276565,6.00079720855283,3.054304902155538,2.9464923063972916
89614.44116832352,43249.285457940816,89618.86754914571,43253.21740165308,89616.65265596703,43251.24965490807,5.9205598293806485,2.95782814300473,2.9627316863759185
89614.84962090394,43249.089287629264,89618.83249415035,43253.276973386615,89616.77253911029,43251.11014044017,5.779272705923608,2.7895269333051504,2.989745772618458
89615.45857604689,43248.81163679728,89618.59063859256,43253.51113080478,89616.91122844868,43250.98985784375,5.647571351016589,2.618176068884941,3.0293952821316483
89616.10209516493,43248.59186906096,89618.26554721477,43253.743261290336,89617.07492628749,43250.90708512163,5.5872504446934315,2.5112996238221097,3.0759508208713218
89616.57631910408,43248.48801916002,89618.10308255698,43253.84250614114,89617.25151659451,43250.85581811037,5.567902431030174,2.4621867354838645,3.10571569554631
89616.85443279266,43248.43348856133,89618.16043248946,43253.82861975793,89617.43138172588,43250.81690024161,5.550952696304839,2.4522482152602936,3.0987044810445457
89617.03896380468,43248.40577237898,89618.32822866397,43253.74963458031,89617.61045793798,43250.77455366648,5.497187199304072,2.436745848955807,3.0604413503482646
89617.24854950166,43248.38348189095,89618.4622475247,43253.65315079919,89617.78856993042,43250.72825460021,5.407631024346493,2.406154841557955,3.0014761827885383
89617.52299457366,43248.3449098841,89618.51328317315,43253.55720734668,89617.96793065012,43250.687210481614,5.305536388844647,2.3841854376789926,2.921350951165654
89617.79648362227,43248.30747860169,89618.56708376562,43253.43637098601,89618.14977077996,43250.65923927847,5.186459455541091,2.3781484597609044,2.808310995780187
89617.97766640458,43248.26991749015,89618.72675681766,43253.27009584851,89618.33261615019,43250.63838931984,5.055978651183634,2.394921320202771,2.6610573309808627
89618.06189483101,43248.24254865084,89618.98299787495,43253.06430505959,89618.51451416925,43250.610808119,4.908947529970817,2.4111236330608614,2.497823896909955
89618.12872644339,43248.22306162776,89619.253744346,43252.89468094798,89618.6939083627,43250.56992602124,4.805173498918741,2.4139600417783966,2.3912134571403443
89618.2491033925,43248.193091754125,89619.48582279551,43252.82010692789,89618.87135700996,43250.521165473394,4.789440917268819,2.409798084237413,2.379642833031406
89618.4281090205,43248.14722356248,89619.65986164978,43252.76152945622,89619.04847640183,43250.47120785716,4.7758803817436535,2.405360407450387,2.3705199742932663
89618.61456667744,43248.0980242138,89619.82644221975,43252.70564443835,89619.22674029047,43250.42552710752,4.764326443871348,2.406662887229422,2.3576635566419264
89618.73866583694,43248.06252741376,89620.0532768109,43252.63478241554,89619.40537464546,43250.38129986464,4.757490705748061,2.412717620098608,2.344773085649453
89618.75944102582,43248.05579852586,89620.37947939859,43252.5342402639,89619.5819499911,43250.32962946942,4.762453646336759,2.418021537929808,2.344432108406951
89618.70080694217,43248.08871352496,89620.81600375785,43252.45559660016,89619.75260089184,43250.26118409502,4.852187768500199,2.4136898910866744,2.4384978774135253
89618.68055411993,43248.12992434838,89621.25199765568,43252.387943302834,89619.91171163817,43250.16912994672,4.974238393565117,2.382038687136649,2.592199706428468
89618.82298696584,43248.10453223622,89621.51594762041,43252.36168446062,89620.06199832627,43250.062932945584,5.0373983604048505,2.317430147755894,2.7199682126489564
89619.11777204719,43247.93779898731,89621.5431560517,43252.40896386399,89620.21569556062,43249.9619257037,5.086629821082047,2.30272121745855,2.783908603623497
89619.50879680026,43247.68908247912,89621.41295093962,43252.47299169613,89620.38158367744,43249.88281678024,5.14894075681114,2.360980117854803,2.7879606389563363
89619.912372064,43247.437668885366,89621.27942725514,43252.50180983084,89620.55685644844,43249.827222819,5.245413675900566,2.474940024231618,2.7704736516689477
89620.2649138123,43247.14838558906,89621.22311468443,43252.50483535105,89620.73700038788,43249.78998115898,5.441479926376801,2.6834479480440105,2.7580319783327907
89620.56959553303,43246.87444297876,89621.25078855432,43252.501613421,89620.91937598388,43249.76558193006,5.668251166178602,2.9122209393399507,2.7560302268386514
89620.8205435835,43246.64326257011,89621.352596449,43252.49989225432,89621.1026496376,43249.748975541486,5.880747530275221,3.118499140022253,2.762248390252968
89621.00705040876,43246.467441732726,89621.52241004595,43252.50142314212,89621.28619476664,43249.73559731114,6.055949736021881,3.2800552521652717,2.775894483856609
89621.11275270524,43246.315756871416,89621.76159235694,43252.50667502952,89621.46964694982,43249.72102419923,6.22482614488829,3.4239186724684147,2.8009074724198753
89621.13209465632,43246.27826935793,89622.07933383412,43252.50695654552,89621.65251598039,43249.70048544027,6.3003020675340515,3.46156052507755,2.838741542456502
89621.06343826494,43246.36233976233,89622.49447666062,43252.50380810028,89621.83376688256,43249.6688526474,6.305989557584633,3.3950601818316524,2.91092937575298
89620.89783782305,43246.50944042262,89623.02125927061,43252.4423461402,89622.01115792709,43249.620192629736,6.301451333007892,3.303976535651993,2.997474797355899
89620.65175082763,43246.69694949634,89623.63849001745,43252.26728479474,89622.18014504538,43249.547762749455,6.320541623810211,3.234675422507376,3.0858662013028355
89620.42571580778,43246.89497910835,89624.18573096843,43251.92382802715,89622.3341223834,43249.44745314921,6.279095114975403,3.1870267314719056,3.092068383503498
89620.31969017482,43247.01046703034,89624.57977192683,43251.59284175307,89622.471462805,43249.32512760477,6.2567127671727345,3.1603447639150244,3.0963680032577097
89620.34797278125,43246.99631678311,89624.82901179009,43251.36814073478,89622.59873811142,43249.19222882525,6.260395775284759,3.144514949613992,3.115880825670767
89620.47204116688,43246.876343821416,89624.96121200004,43251.224212778725,89622.72377067065,43249.05719687008,6.249529521427593,3.1347098395261876,3.1148196819014053
89620.6174651798,43246.72888080048,89625.07269603436,43251.10795677183,89622.85340576607,43248.92659913025,6.247030360919572,3.135186782685415,3.1118435782341574
89620.68495936258,43246.6538738286,89625.25827685025,43250.91729073331,89622.98540619064,43248.79837312729,6.252356080296423,3.144985349851831,3.107370730444591
89620.63498113184,43246.703445371175,89625.49927640216,43250.55499867342,89623.10984423883,43248.66290867087,6.204500895484319,3.1566507284185574,3.0478501670657616
89620.5447720705,43246.82395115837,89625.75343384707,43250.11709497318,89623.21583167194,43248.512684344016,6.162382144103971,3.16012328347887,3.0022588606251004
89620.51387100494,43246.89307785746,89625.95325854803,43249.73568772464,89623.30327787215,43248.350831738775,6.137374658755755,3.1473539758623543,2.9900206828934004
89620.56973753362,43246.84849334145,89626.07683177176,43249.46470718927,89623.38080120068,43248.183933804,6.096938727393915,3.1121504091679792,2.9847883182259354
89620.70003884402,43246.70260962843,89626.15286987022,43249.30118553727,89623.45668112476,43248.01627423521,6.040361161122496,3.0536521352449544,2.9867090258775413
89620.87866495784,43246.49179263899,89626.19571625757,43249.20989258176,89623.53615985709,43247.85030222654,5.97152424624148,2.9845983714748177,2.9869258747666625
89621.02922533567,43246.239986698245,89626.22559143741,43249.14107390028,89623.62311679505,43247.68813844373,5.951346706179052,2.9707602361937955,2.980586469985257
89621.16212080777,43246.01677524737,89626.27687329467,43249.04590547658,89623.71697505245,43247.52984813852,5.9444363019364435,2.969287757269319,2.975148544667125
89621.26608775214,43245.84283020692,89626.3607856977,43248.90340831292,89623.81318455677,43247.372967510375,5.943322765881316,2.9713670758702047,2.9719556900111117
89621.35321747026,43245.69637148699,89626.46154318223,43248.73337454136,89623.90776683937,43247.21510298136,5.942926815289454,2.9719131601114275,2.971013655178026
89621.44922489674,43245.544586013166,89626.55773592813,43248.57123072437,89624.00070444249,43247.05626205292,5.937799522184168,2.965672322006871,2.9721272001772965
89621.56672999958,43245.37076251682,89626.63869302836,43248.4350329454,89624.09409740426,43246.89768951719,5.925754148194622,2.9528108748582156,2.9729432733364063
89621.69766462392,43245.17591768794,89626.7065158278,43248.3205179138,89624.1900322145,43246.740646137936,5.914144144597592,2.9428338941847545,2.9713102504128375
89621.83313121554,43244.97509599988,89626.77000199664,43248.212355038406,89624.28955782144,43246.58585321796,5.903603915567313,2.937442848090208,2.966161067477105
89621.96543179029,43244.779871324696,89626.83669297333,43248.098409605394,89624.39216192727,43246.43308162103,5.8942244471963186,2.9363452524597378,2.957879194736581
89622.09140013618,43244.59436508432,89626.91203041193,43247.97591062338,89624.4971822665,43246.2819593291,5.888406107616527,2.9386667033800484,2.949739404236478
89622.20938803306,43244.42068295847,89627.00307999043,43247.84671027067,89624.60397931933,43246.13208622298,5.8921257391605995,2.9432921299169665,2.9488336092436334
89622.31651157835,43244.26275583905,89627.10532094013,43247.70187012694,89624.71183227764,43245.98297022219,5.895778336117674,2.9490165778432837,2.9467617582743904
89622.40722450588,43244.1232256989,89627.22184438983,43247.537181124506,89624.81953146531,43245.8337434917,5.902173860112201,2.957210845713982,2.9449630143982195
89622.48214625331,43244.00359735958,89627.35281765478,43247.3519578947,89624.92563855447,43245.68338317429,5.910580189309702,2.9651871794410143,2.9453930098686874
89622.54880485988,43243.89725845328,89627.49215005655,43247.15374843108,89625.02868538846,43245.53091397737,5.919576733943998,2.969619135077311,2.9499575988666873
89622.61985837201,43243.78525041215,89627.62689593487,43246.96084672367,89625.12784902441,43245.375889241055,5.929151464557176,2.96987356575595,2.959277898801226
89622.70704057981,43243.64812498628,89627.74547808668,43246.79263154204,89625.22463345175,43245.21936309629,5.939172837176455,2.96766963578978,2.971503201386676
89622.81523675757,43243.47690876579,89627.84634121413,43246.66064339213,89625.32126856908,43245.06274464916,5.9538372688480985,2.9656484770298848,2.9881887918182137
89622.94517698676,43243.27053451278,89627.92331753232,43246.56320949273,89625.41998737305,43244.90743612144,5.968550227226345,2.967175984758231,3.0013742424681134
89623.09584071138,43243.032375284645,89627.97721262889,43246.49670512405,89625.52296114505,43244.754925541245,5.9857641979692895,2.976254859054665,3.0095093389146244
89623.2640228088,43242.77142449503,89628.01299517379,43246.45199312773,89625.6319552373,43244.606667664055,6.008271297728569,2.99586739950255,3.0124038982260184
89623.44257114931,43242.50849846338,89628.0429140181,43246.41021880186,89625.74795487772,43244.46383404307,6.032128655543131,3.022934230910931,3.0091944246322
89623.60599334314,43242.27399406377,89628.09215605211,43246.34020699428,89625.87092842025,43244.32694526771,6.05472901545488,3.0568839607177307,2.9978450547371494
89623.72541491446,43242.09805021452,89628.19090341909,43246.216115344665,89625.99751591835,43244.19336731936,6.074458659120957,3.0907598971385855,2.983698761982372
89623.79028491091,43241.99170622136,89628.35637007424,43246.037840270656,89626.1232319397,43244.05897659197,6.100847028439853,3.117089768413078,2.9837572600267754
89623.81656581389,43241.9392397627,89628.56326837442,43245.81272723873,89626.24358697336,43243.919796724615,6.12658880827912,3.1325768287303815,2.9940119795487385
89623.83560599657,43241.90387427092,89628.78017905398,43245.57289843359,89626.35618333597,43243.77426473776,6.157153646898211,3.1387371062762703,3.01841654062194
89623.86863760672,43241.853883396514,89628.98499517774,43245.345433409086,89626.46199612344,43243.62371522821,6.194193756370142,3.1397154502831963,3.054478306086945
89623.9208470611,43241.77696914364,89629.16233496706,43245.13534783755,89626.56254070626,43243.46958754888,6.22510264333474,3.137435637687049,3.0876670056476914
89623.99188341676,43241.67115051661,89629.29372488927,43244.9346298693,89626.6594380483,43243.31313463625,6.225738549371293,3.132404756954601,3.093333792416692
89624.0808280419,43241.537102738,89629.4076244319,43244.76157094049,89626.75435551871,43243.15546930191,6.226713014856873,3.1251975144726867,3.101515500384186
89624.1856099031,43241.37805896179,89629.50588736353,43244.6132726877,89626.84897661862,43242.99762551014,6.226713427505568,3.1171329881665737,3.1095804393389943
89624.30105996385,43241.20260651741,89629.59346549712,43244.48147123623,89626.94488669008,43242.840563245576,6.225793939165351,3.11009999866069,3.1156939405046615
89624.42002764528,43241.0222923914,89629.67743026467,43244.35471301928,89627.04267342361,43242.68466222534,6.224573041064048,3.105115834140229,3.119457206923819
89624.53767540089,43240.8444428808,89629.7626505039,43244.22559701829,89627.1420846604,43242.52979152679,6.223549479875821,3.1021520996817658,3.1213973801940558
89624.65230216447,43240.67109137512,89629.85075641789,43244.0919273683,89627.24282522715,43242.3757818095,6.223025431181157,3.1010932290609574,3.1219322021202
89624.76144894195,43240.501036861206,89629.9420526596,43243.95339831949,89627.34460212565,43242.22245464851,6.225548531488799,3.1041842034450284,3.12136432804377
89624.86662406429,43240.33530215907,89630.03659278671,43243.80997302366,89627.44712432455,43242.069624589065,6.229118252851665,3.1091567802837052,3.119961472567959
89624.96865686486,43240.174484875766,89630.13439165952,43243.6616366312,89627.5501022961,43241.91710111383,6.232579187960257,3.1145741069385666,3.1180050810216895
89625.0675231715,43240.01862096505,89630.23545329472,43243.50838480587,89627.65324736972,43241.764690540265,6.235860279320722,3.1200526583270745,3.115807620993647
89625.16320155567,43239.86773356387,89630.33977248178,43243.35022680928,89627.75627097288,43241.61219787443,6.238961913438889,3.1252463476159855,3.113715565822903
89625.25573231978,43239.72174785382,89630.44727946229,43243.18726121984,89627.85888382918,43241.45942865354,6.241950386127977,3.1298454183189017,3.112104967809075
89625.3455294612,43239.580032563324,89630.55753348897,43243.02012174611,89627.96079518324,43241.30619081099,6.244933912456414,3.133566194105632,3.1113677183507815
89625.43390525364,43239.440592971296,89630.66920811776,43242.85077038329,89628.06173156563,43241.15230925096,6.248016169981564,3.1361511041482224,3.1118650658333413
89625.52272878848,43239.30053221071,89630.78043306377,43242.682044500776,89628.16164653299,43240.99776238144,6.251246244895439,3.1375909731376,3.113655271757839
89625.61322929747,43239.15788393391,89630.88997614046,43242.5158601574,89628.26071435736,43240.84267093025,6.254603229827884,3.1381020323390856,3.1165011974887986
89625.70577306993,43239.01202623168,89630.9974612037,43242.35281598255,89628.3591262943,43240.68716232477,6.2580220089623495,3.137891690868747,3.120130318093603
89625.80040349085,43238.86287059435,89631.1028330494,43242.192997555816,89628.4570747779,43240.53136129444,6.261429932760567,3.1371585142845335,3.1242714184760336
89625.89711816379,43238.71041607207,89631.20608245577,43242.03641475123,89628.55475299552,43240.375390623536,6.26477206826366,3.1361063687103043,3.1286656995533555
89625.99591296675,43238.554668536926,89631.30720230531,43241.88307687639,89628.65235451012,43240.21937192689,6.268021738319236,3.134951203749229,3.133070534570007
89626.0967846844,43238.39563307848,89631.40605384747,43241.73291305021,89628.75007291084,43240.0634264378,6.271026762476193,3.133922957251651,3.137103805224542
89626.1997290174,43238.23331922173,89631.50267927164,43241.585956381794,89628.84810147215,43239.907675798415,6.273871000103995,3.133264528402088,3.140606471701907
89626.3046887898,43238.06783205632,89631.59723561109,43241.44217486784,89628.94663280151,43239.75224284265,6.276722175250049,3.133226429445067,3.1434957458049815
89626.41124559908,43237.89986758237,89631.69016083784,43241.30087984596,89629.04585845598,43239.59725236181,6.279636176968838,3.1340548806970037,3.1455812962718337
89626.51806665551,43237.73155221858,89631.78282419358,43241.159941492944,89629.14594751442,43239.44281814935,6.2826367833271926,3.1359510350838713,3.1466857482433213
89626.62320397903,43237.56591614588,89631.87721546016,43241.01632383376,89629.24682417602,43239.288897018334,6.285694063220076,3.1387969072362143,3.1468971559838614
89626.72532860233,43237.40498878523,89631.97469005942,43240.868006140845,89629.34818546461,43239.13529441642,6.288742713167251,3.142186451708736,3.146556261458515
89626.82402032969,43237.24940666407,89632.07567343063,43240.71437346121,89629.44971394131,43238.98180220981,6.291729110344052,3.1457052101289023,3.14602390021515
89626.91933876424,43237.09919345471,89632.18014590387,43240.555455137706,89629.55109276019,43238.82821117079,6.2945878802072635,3.148909550568205,3.145678329639059
89627.01173480343,43236.9535813565,89632.28759612206,43240.39199636052,89629.6520043932,43238.67431295176,6.297412992117986,3.1514981722347972,3.145914819883189
89627.1026570073,43236.81031790123,89632.39653879438,43240.22621917159,89629.75215623388,43238.51991939625,6.300282998752394,3.1531862335427854,3.147096765209608
89627.19409156973,43236.66631060931,89632.50497236842,43240.06118185647,89629.85151735178,43238.36501565189,6.303221846219376,3.153967439397195,3.1492544068221813
89627.28728882805,43236.51956297433,89632.61120827525,43239.898586268704,89629.95027233686,43238.2097246439,6.305705091752429,3.154065255740825,3.151639836011604
89627.38260952946,43236.36947296668,89632.71500534775,43239.739114135984,89630.04861997538,43238.05417524741,6.307846444924839,3.153701550942204,3.1541448939826346
89627.48009760267,43236.215957761706,89632.81660531193,43239.58303994979,89630.14675999852,43237.898494731,6.309956972304416,3.1530967296388015,3.156860242665615
89627.57974744646,43236.059024099806,89632.91600694467,43239.4303664566,89630.24489260209,43237.74280953536,6.312021444742717,3.1524803081913095,3.1595411365514074
89627.68148641389,43235.898791806205,89633.0132806436,43239.28098551751,89630.34321798854,43237.587246065166,6.314052898795722,3.1520933933057647,3.161959505489957
89627.78493663933,43235.73587132197,89633.10880939935,43239.1342950098,89630.44193589794,43237.43193147364,6.3160830208881205,3.1521841789919165,3.1638988418962035
89627.88918825766,43235.57170861149,89633.20351728295,43238.98884873439,89630.54120803076,43237.27697059453,6.318143683758352,3.1529553291678547,3.165188354590498
89627.9932213032,43235.4079025894,89633.2984425552,43238.843042230976,89630.64102554807,43237.12236041357,6.320249749001807,3.154398983959162,3.1658507650426446
89628.09650192772,43235.24528020503,89633.39413330356,43238.69604563442,89630.74130674038,43236.968050528325,6.322395134988858,3.156410949781398,3.16598418520746
89628.19889959872,43235.08404416723,89633.49072805712,43238.54765723676,89630.84196883513,43236.81398881376,6.324560374330858,3.1588800972008344,3.165680277130023
89628.30038000054,43234.92425281764,89633.58826477054,43238.39782189352,89630.94292945128,43236.66012253472,6.326721699725487,3.161694367627478,3.1650273320980093
89628.40037143292,43234.76576649182,89633.68684963654,43238.24637705062,89631.04410650257,43236.50639846896,6.329415585926608,3.1653016915204355,3.1641138944061726
89628.49822532578,43234.60867970841,89633.78671587871,43238.09296248534,89631.14540683647,43236.35275560027,6.333116041733232,3.1700742368427783,3.163041804890454
89628.59459070898,43234.45396768052,89633.88810832039,43237.93720725998,89631.24669613337,43236.1991054564,6.336741013346602,3.1747707065059734,3.161970306840629
89628.68934475078,43234.30182482909,89633.99114643261,43237.77893356852,89631.3478256377,43236.0453501192,6.3402985938667324,3.179213906517717,3.1610846873490153
89628.78245592346,43234.15230293228,89634.09585561024,43237.61810129431,89631.44864607933,43235.89139199728,6.3438138779282145,3.1832374594508224,3.1605764184773926
89628.87391925875,43234.005408460805,89634.20223402932,43237.45470870038,89631.54900757616,43235.73713438294,6.347330969546942,3.1866867080634873,3.1606442614834545
89628.96378203461,43233.86106630649,89634.31022680669,43237.28882499269,89631.64875935993,43235.5824818928,6.350905550524775,3.189416068542401,3.161489481982374
89629.05237961539,43233.71875798063,89634.4194919519,43237.12094621447,89631.74774952895,43235.427340925824,6.3545872888269255,3.191281036129307,3.163306252697619
89629.14069847456,43233.57693542766,89634.52904076362,43236.95257756621,89631.84584183374,43235.27163079192,6.358395432156273,3.192145512247849,3.1662499199084237
89629.23007069965,43233.43346527857,89634.63753876887,43236.785804430016,89631.94307955191,43235.11538541509,6.3623021545699565,3.1920639683630454,3.1702381862069107
89629.32133227003,43233.28697542017,89634.7441384528,43236.62197164421,89632.0396523824,43234.95872806777,6.366241175944541,3.191241317746388,3.1749998581981536
89629.41472397122,43233.13705614008,89634.84858067553,43236.46148649567,89632.13576029304,43234.80178496807,6.370136252245153,3.189884125698023,3.180252126547131
89629.51027467397,43232.98365476771,89634.950817659,43236.30441430297,89632.23160426356,43234.6446804868,6.373927506880554,3.188203439976126,3.1857240669044278
89629.60798301556,43232.82677347554,89635.05083332145,43236.15077286452,89632.32738583598,43234.48753794104,6.3775850751084056,3.18642280771144,3.1911622673969657
89629.70784616593,43232.66641738317,89635.14861491426,43236.000579027066,89632.42330669351,43234.33048040373,6.381112633427078,3.184781250461943,3.1963313829651345
89629.80986241871,43232.50258945178,89635.24485137755,43235.85428151675,89632.5195682466,43234.17363151718,6.385369580614447,3.183533768946662,3.201835811667785
89629.91403281868,43232.33528909992,89635.34028773638,43235.71237469403,89632.61637120448,43234.017116299176,6.391318294518742,3.1829507504092063,3.208367544109536
89630.02036417906,43232.1645139548,89635.43343716346,43235.57396953186,89632.71391511126,43233.86106192944,6.397323382982777,3.1833145704841552,3.214008812498622
89630.12885398898,43231.99030595194,89635.52429731775,43235.43901651246,89632.81239782568,43233.70559850335,6.4034688446345145,3.18490754346173,3.2185613011727843
89630.2392592969,43231.813153644696,89635.61317729764,43235.30703417008,89632.91201492472,43233.55085973806,6.40985146507565,3.1879844907028745,3.2218669743727752
89630.35020727052,43231.63536080795,89635.7015677197,43235.17571095777,89633.01295880378,43233.39698347589,6.41647394138262,3.1927355280547487,3.2237384133278715
89630.45853926097,43231.46188821147,89635.79277689934,43235.04007155012,89633.11525584597,43233.2440031769,6.423199139646678,3.199074360347506,3.2241247792991716
89630.56097476055,43231.29770156082,89635.89019367214,43234.8951813865,89633.21837797765,43233.09157722634,6.42980834114122,3.2062098748560626,3.223598466285157
89630.6560013552,43231.14504703733,89635.99534719683,43234.7388767366,89633.32163544449,43232.93924279792,6.436165467417294,3.2132138934905736,3.2229515739267205
89630.74385537636,43231.00359628224,89636.10794437322,43234.57155154747,89633.42433780018,43232.78653393952,6.442340843271062,3.2192938222806777,3.2230470209903834
89630.82644657479,43230.870040663576,89636.22221014334,43234.39404004326,89633.52580075515,43232.632999590896,6.444597436282967,3.2240560122937696,3.220541423989198
89630.90651304298,43230.73843464045,89636.33499088109,43234.21212241274,89633.62567431851,43232.47842666622,6.444755881973542,3.228220917480175,3.216534964493367
89630.98762749888,43230.60516360699,89636.44657855901,43234.03190838997,89633.7240879931,43232.322919895465,6.4453647285956945,3.2309290773801402,3.2144356512155543
89631.07074721457,43230.468721211626,89636.55613078184,43233.85489087788,89633.821230974,43232.16661594485,6.446361600837141,3.232337766386448,3.2140238344506935
89631.1559892062,43230.32881934964,89636.66354750993,43233.68130990768,89633.91729559905,43232.009646726336,6.447665578384899,3.2326449952641654,3.2150205831207335
89631.24336425455,43230.18541023343,89636.76882718505,43233.51118768621,89634.01247665487,43231.85214000879,6.449150041803048,3.232022838666571,3.217127203136477
89631.33293140981,43230.03839319986,89636.87191262658,43233.344615957394,89634.10697079096,43231.69422010054,6.450691578597037,3.230643467361592,3.220048111235445
89631.42487939839,43229.887455237775,89636.9726100075,43233.18191139211,89634.20097812155,43231.53600982981,6.452190036273802,3.228692670982111,3.223497365291691
89631.51948336899,43229.73213420421,89637.0706325817,43233.02355066907,89634.29473557627,43231.37765129144,6.453578846418978,3.226414619728432,3.227164226690546
89631.61692809488,43229.57211854579,89637.16577963743,43232.86986772276,89634.3885163698,43231.21930657492,6.454835635049554,3.2241169285543374,3.230718706495217
89631.71726985615,43229.40731484065,89637.25797932749,43232.720979201695,89634.48259628784,43231.06113946548,6.455992018542487,3.2221368939695054,3.233855124572982
89631.82051757324,43229.23771074603,89637.3472127086,43232.57691399057,89634.57725038273,43230.90331542789,6.457138486009903,3.220840688259147,3.2362977977507565
89631.92668023128,43229.06330227672,89637.43347154993,43232.43767961557,89634.6727521966,43230.74600310256,6.458418773360763,3.22062001918666,3.237798754174103
89632.0357660702,43228.884127179175,89637.51792680797,43232.3039489144,89634.76937287438,43230.58937574324,6.461367274457214,3.2218750480262837,3.2394922264309307
89632.14754592822,43228.70071222422,89637.6027186084,43232.17639111747,89634.86738011504,43230.43361256127,6.468326888731559,3.22497156296542,3.2433553257661383
89632.2604495129,43228.51582478137,89637.68657498216,43232.05040959497,89634.96703691426,43230.27889993567,6.475810946333936,3.230177914739094,3.2456330315948416
89632.37040738825,43228.33601543184,89637.77363923297,43231.9193872574,89635.06844873587,43230.12533174344,6.483476537163122,3.2374496098572543,3.246026927305868
89632.47284022666,43228.16845398418,89637.86870581254,43231.7762840442,89635.17095830341,43229.97249322703,6.490901567794492,3.2456738508080676,3.2452277169864248
89632.56783102232,43228.01822558006,89637.97411917416,43231.61776663221,89635.27363292448,43229.81976536234,6.4949709288741815,3.2506783170439917,3.24429261183019
89632.65326666736,43227.88314141068,89638.08941415878,43231.44440664336,89635.37553778032,43229.66652338032,6.498792934531179,3.2544141196348115,3.244378814896367
89632.7329339095,43227.75730140453,89638.21054825788,43231.26190856613,89635.47573289336,43229.51215933633,6.50280941645098,3.2561438277021653,3.246665588748815
89632.81419207547,43227.62938832844,89638.33010163416,43231.081409302446,89635.57379705024,43229.3564324506,6.507050565701324,3.2554724721077233,3.2515780935936
89632.90312570466,43227.48949784892,89638.44188871072,43230.91269345155,89635.67046812005,43229.19983590772,6.511233659696787,3.253219992469936,3.258013667226851
89633.00200243515,43227.3336991087,89638.54861296798,43230.76288272952,89635.76668613004,43229.0429602197,6.521057330535845,3.250392203770242,3.2706651267656026
89633.11120134157,43227.16131320278,89638.64542878926,43230.63016724597,89635.86339625297,43228.88638773867,6.531509918516244,3.2481470078681847,3.2833629106480595
89633.23076806976,43226.97242892813,89638.7308136371,43230.51378610151,89635.96153922888,43228.730710363714,6.54153742420812,3.247870799499883,3.293666624708237
89633.36019198589,43226.768425283255,89638.80549417666,43230.412511483984,89636.0620413319,43228.57654707184,6.552150806195932,3.251045107479269,3.301105698716663
89633.49588082836,43226.555841490255,89638.87363208995,43230.31980893534,89636.16580113884,43228.42455951135,6.564119100017603,3.2589233661886507,3.305195733828952
89633.62884566908,43226.34872379435,89638.94504050417,43230.22153466152,89636.27326262377,43228.27516559631,6.577278429375753,3.2717150008184035,3.30556342855735
89633.74940386096,43226.16084666583,89639.03006405426,43230.10406995618,89636.38330176295,43228.12765682175,6.590476613616868,3.2872116371721343,3.303264976444734
89633.8528628061,43225.99855501008,89639.13360969475,43229.961584158365,89636.4944317269,43227.98096669123,6.602415295335515,3.3027022931023557,3.2997130022331596
89633.93808873063,43225.86347515715,89639.25668672714,43229.79299055564,89636.6051920209,43227.833997603855,6.6127585707762115,3.3160818255757896,3.2966767452004215
89634.00506028987,43225.75583556554,89639.39903462911,43229.59830113891,89636.71411070802,43227.6856606157,6.622650591335027,3.326135729690758,3.296514861644269
89634.05607656958,43225.673025092176,89639.55806434782,43229.37983308936,89636.8196651066,43227.534914756245,6.634176289474662,3.332274707023102,3.3019015824515603
89634.09985208978,43225.60334855528,89639.72487487209,43229.14833440726,89636.92027622025,43227.380830302194,6.648895095591373,3.3338016792092695,3.3150934163821026
89634.15007244829,43225.52578397786,89639.88553881491,43228.92365607452,89637.01551814062,43227.22336698168,6.6664165207337005,3.330550565676129,3.3358659550575713
89634.21605688818,43225.42375909929,89640.01146449608,43228.711280521806,89637.10685540618,43227.06360298562,6.662923265747242,3.32352283626508,3.3394004294821618
89634.30030905512,43225.2917234102,89640.11632820476,43228.52718834371,89637.19598999401,43226.90259754213,6.655397214666053,3.3135907364651946,3.3418064782008576
89634.4023411747,43225.13005954951,89640.20432272893,43228.37348737214,89637.28465207775,43226.74133095775,6.647015420180815,3.3021071595044478,3.3449082606763674
89634.51915192451,43224.94415595038,89640.27811633775,43228.24495384361,89637.37457398498,43226.580764569575,6.637841354302953,3.2911886782495583,3.3466526760533943
89634.6436896733,43224.74648566373,89640.34446262539,43228.128894597256,89637.46720503015,43226.42174681892,6.62868783733318,3.283098979379205,3.345588857953975
89634.76793754492,43224.55026515591,89640.41122004877,43228.01157278246,89637.5625105387,43226.26431669828,6.620218116035853,3.278354908711197,3.341863207324656
89634.88767819389,43224.36169739853,89640.48248348071,43227.88636202499,89637.65995872035,43226.10820321346,6.612496270427108,3.2765564055844156,3.335939864842693
89635.00185965838,43224.18199168743,89640.55918824233,43227.75185044624,89637.75903014504,43225.95311431115,6.605133802418105,3.277020665292342,3.328113137125763
89635.1103421533,43224.01120400073,89640.6413864049,43227.60793304991,89637.8592149367,43225.798741948354,6.597644304317481,3.2789622586282587,3.3186820456892225
89635.21310842325,43223.84932455084,89640.72903152702,43227.45466793694,89637.96001041979,43225.64476744459,6.589681981578753,3.2816285230460367,3.308053458532716
89635.31015893228,43223.69634399769,89640.82207788713,43227.292174407456,89638.06091805453,43225.490866384825,6.581128087243569,3.2843547839094316,3.2967733033341378
89635.40167184787,43223.552001806864,89640.92226694962,43227.12210993513,89638.16144000013,43225.33671326727,6.574392924449864,3.2865658750651088,3.2878270493847555
89635.48872789906,43223.41469321391,89641.02959424215,43226.94683846051,89638.2610757959,43225.181986225085,6.570939801507469,3.2877404776616106,3.283199323845859
89635.57405119693,43223.280244961,89641.13858160465,43226.76873396405,89638.35939672614,43225.02642053579,6.567614040333769,3.287442601027238,3.2801714393065313
89635.66070965768,43223.14377737259,89641.24622215673,43226.59265866418,89638.45646963324,43224.87007280546,6.564505468083024,3.285782975561938,3.2787224925210863
89635.74992076159,43223.00250130888,89641.3510060622,43226.42117741815,89638.552582818,43224.71313308437,6.561974008244384,3.2834700659091713,3.2785039423352123
89635.84234264489,43222.85600222549,89641.45260943263,43226.254900966975,89638.64802916622,43224.55578679069,6.5595431307760395,3.2804183306497023,3.279124800126337
89635.93804693907,43222.704255853125,89641.55100865963,43226.09389511199,89638.74310382464,43224.3982155563,6.5570567773732815,3.2768649052493406,3.2801918721239405
89636.03702583931,43222.547277867314,89641.64620320144,43225.93816551207,89638.83810311403,43224.24059885807,6.554463341813152,3.2731284540493037,3.281334887763849
89636.13926693432,43222.38508708736,89641.73819082856,43225.7877146358,89638.93332352153,43224.083115695445,6.551780140308246,3.2695647059549384,3.282215434353308
89636.24474761095,43222.21771846254,89641.82697764956,43225.64252061226,89639.02906070685,43223.92594627422,6.54908863649254,3.2665641999752624,3.2825244365172774
89636.35331976168,43222.04542982309,89641.91275575505,43225.50235681766,89639.12560845641,43223.76927365649,6.546577182790075,3.264540115987194,3.282037066802881
89636.46417192857,43221.86958315015,89641.99664019416,43225.36602245142,89639.22325729675,43223.61328519276,6.5447148828043105,3.263900868941441,3.280814013862869
89636.57521478072,43221.69355476466,89642.08034823941,43225.22984301227,89639.32222707134,43223.45813151488,6.543074886334232,3.264936083948956,3.278138802385276
89636.68399152823,43221.521186171965,89642.16634120913,43225.08991763536,89639.42234035081,43223.30371290621,6.541559621487469,3.2674081214907247,3.2741514999967447
89636.78918240157,43221.35447793746,89642.25592128726,43224.94423103008,89639.52324614974,43223.14981078493,6.539997042072668,3.2708293462476434,3.269167695825024
89636.89046435742,43221.19390930788,89642.34937820713,43224.7923288322,89639.62459624221,43222.99620076002,6.53822326718258,3.274710924931622,3.2635123422509578
89636.98779586433,43221.039549085865,89642.44671556818,43224.63418801483,89639.72604465831,43222.84265563013,6.536148205377922,3.2785972103436896,3.257550995034232
89637.08116317602,43220.8914253702,89642.54791044023,43224.46983290232,89639.82724583425,43222.688947512455,6.533783445812354,3.282081019379587,3.251702426432767
89637.17055156587,43220.74956402512,89642.65294708876,43224.299284351786,89639.92785273687,43222.53484995452,6.531246057757429,3.2848067823445373,3.246439275412892
89637.25594898954,43220.61398506901,89642.76177253583,43224.12252214384,89640.02751506491,43222.38014011176,6.528700125477176,3.286469556408975,3.2422305690682007
89637.33735461657,43220.48469846106,89642.8695759868,43223.93653958366,89640.12587763352,43222.22460106948,6.5207883284837544,3.2868102626752758,3.2339780658084787
89637.41480485025,43220.3617034006,89642.97782679976,43223.74242745268,89640.22257905653,43222.06802437886,6.509724136013074,3.285593899778172,3.224130236234902
89637.48850635237,43220.244900443286,89643.0895005794,43223.54226661174,89640.3172508526,43221.91021286151,6.499519980744532,3.2825387884853408,3.2169811922591913
89637.55956877531,43220.13307286962,89643.20377921416,43223.33727771342,89640.4095171142,43221.75098371388,6.490303549074973,3.277169668219979,3.213133880854994
89637.63210517012,43220.02012820892,89643.31705769383,43223.13346835733,89640.4989997419,43221.590174533376,6.481633442005862,3.2686587381744405,3.212974703831421
89637.71407631008,43219.89255669835,89643.42198050697,43222.944236966505,89640.58574750635,43221.42787185771,6.472474239423145,3.2563304651224656,3.2161437743006798
89637.81284143482,43219.73685040414,89643.5115419105,43222.78328553263,89640.67136487714,43221.26496839264,6.461884717608503,3.2413424467500405,3.2205422708584623
89637.93154095564,43219.54716037802,89643.58249453841,43222.65698742223,89640.75792067993,43221.10256337476,6.450139582959945,3.2260968410956803,3.2240427418642645
89638.07032892281,43219.32404983903,89643.6341941453,43222.56513287773,89640.84746879707,43220.94179427162,6.439038396985303,3.2139699641389092,3.2250684328463937
89638.22137968133,43219.07496623891,89643.67026022158,43222.49761173175,89640.94200384637,43220.78391524868,6.434656270004536,3.2128340395022295,3.2218222305023065
89638.36040857434,43218.82219216848,89643.70628822228,43222.424930629626,89641.04314386222,43220.6301890027,6.4465613804213655,3.2351075990397082,3.2114537813816573
89638.47555331296,43218.61249310994,89643.77254227122,43222.31196210907,89641.14938200443,43220.47992251736,6.460972287467897,3.2613881190367846,3.199584168431113
89638.54952635514,43218.469767907234,89643.89156978935,43222.14139507435,89641.2565481776,43220.33031340012,6.48215042309735,3.2847521486916964,3.197398274405654
89638.5847128634,43218.39189812311,89644.05205295303,43221.91081283814,89641.36034119176,43220.17836112539,6.501889604362148,3.3008427220443144,3.2010468823178337
89638.60375496441,43218.34737222057,89644.23056840025,43221.64939238557,89641.4567649983,43220.021645232606,6.524137231334487,3.307998847079324,3.2161383842551636
89638.63379321886,43218.28973984656,89644.39893565486,43221.39965365172,89641.54575790772,43219.86057785712,6.550452746553532,3.3086357316251904,3.2418170149283414
89638.68729391794,43218.19048905561,89644.54283357799,43221.18812121987,89641.6298414504,43219.69688265544,6.578232536405357,3.3057234697330253,3.272509066672332
89638.76493349425,43218.04411718046,89644.65214016865,43221.01680790601,89641.71173625505,43219.53207662924,6.595156751494036,3.301161891249476,3.2939948602445597
89638.8621303753,43217.85922248688,89644.73133186533,43220.878502872896,89641.79411917547,43219.36751541444,6.600271220185494,3.2971966698403308,3.303074550345163
89638.96836971189,43217.6575955052,89644.80106468695,43220.75694005765,89641.87926544865,43219.20437025043,6.605018344174684,3.2963352533904153,3.3086830907842684
89639.06609400915,43217.46215386355,89644.87489773602,43220.62683812896,89641.96721573702,43219.04271593119,6.61493970019977,3.3037378421434123,3.311201858056358
89639.07202804109,43217.24603184468,89644.96134365792,43220.4739206392,89642.05640229584,43218.88173884092,6.715899381656612,3.4032377333912947,3.3126616482653173
89639.04983488015,43217.05100839852,89645.06309042683,43220.29436574249,89642.14528571961,43218.72059441586,6.832174553567792,3.517006307763044,3.315168245804748
89639.03098505312,43216.89964192448,89645.1813173566,43220.08652826198,89642.23226013797,43218.55841336458,6.926964123794186,3.605507573060055,3.321456550734131
89639.01723301865,43216.7957663631,89645.31695090453,43219.84900259542,89642.3157208031,43218.394400774494,7.000621181947347,3.6654677253387846,3.335153456608562
89639.00938943143,43216.74332238847,89645.46585318376,43219.57521922495,89642.39387365588,43218.22780160284,7.050217292937159,3.695728886620903,3.3544884063162566
89639.00757500464,43216.7454510064,89645.59053614644,43219.244715736095,89642.46464485353,43218.05794739538,7.041427524558008,3.6978343271750544,3.3435931973829542
89639.01104409348,43216.80406204156,89645.72780894289,43218.86849103045,89642.52560020117,43217.88434518664,7.026862536672772,3.6768350938905145,3.350027442782258
89639.01788012362,43216.9191800606,89645.88317791598,43218.439549644994,89642.57391387972,43217.70682891909,7.03163121369327,3.642220037123853,3.3894111765694177
89639.02628668888,43217.08685634953,89646.00669573857,43217.94253790404,89642.60644899342,43217.52577484035,7.032659627320784,3.6069670872410606,3.4256925400797242
89639.03875668033,43217.28479392061,89646.08610737564,43217.39797649137,89642.62003364766,43217.342335796806,7.048259509953637,3.58173921221037,3.4665202977432674
89639.05673639971,43217.4355252197,89646.14215484251,43216.88354888469,89642.61192822724,43217.15857772791,7.106886265074265,3.565962540990471,3.540923724083794
89639.06193729432,43217.43003340978,89646.11603657196,43216.52198092799,89642.58691378763,43216.97627569066,7.1123045441301365,3.554061809543388,3.5582427345867482
89639.0370419245,43217.22753749952,89646.1002123762,43216.3589460869,89642.55758943688,43216.79459648417,7.116377440234777,3.547068185093224,3.569309255141552
89638.9941366342,43216.8811830861,89646.09992534871,43216.3408985096,89642.53565558388,43216.61191156128,7.126299227443173,3.551740928764155,3.574558298679018
89638.95690269195,43216.51460770336,89646.0933302806,43216.341644535125,89642.52866213914,43216.42804561105,7.138523305673802,3.572808215457465,3.5657150902163366
89638.9312074657,43216.24253278239,89646.07691833343,43216.24549744942,89642.53107219805,43216.24403480598,7.145711482749714,3.5998650456986154,3.5458464370510994
89638.91333438347,43216.11550271971,89646.05631197093,43216.00614762619,89642.53465026233,43216.06003909052,7.14381462200347,3.6217405910202807,3.5220740309831893
89638.90518860992,43216.16081035794,89646.03074010657,43215.60132547552,89642.53123969551,43215.87607123366,7.14748259656748,3.6372136099261945,3.510268986641286
89638.92385605416,43216.406791794914,89645.98354431757,43215.00252428635,89642.5114966797,43215.693223906346,7.197997334477974,3.6579153065138357,3.5400820279641385
89639.00842404972,43216.81754534166,89645.82417150629,43214.250039366125,89642.46469895804,43215.51552174223,7.283302844940794,3.693386209877388,3.5899166350634055
89639.12977615169,43217.15140089083,89645.5801876138,43213.58148591301,89642.38221806099,43215.351404681154,7.372387739603589,3.71730611171263,3.655081627890959
89639.14895841827,43217.164611322856,89645.45079096312,43213.20743778154,89642.27746200644,43215.20011800971,7.441257680026656,3.6941533101138337,3.747104369912822
89639.06209798172,43216.91091830187,89645.44851266031,43213.0873180428,89642.1771199426,43215.04588471076,7.44353487220561,3.630662764946488,3.8128721072591216
89638.96551373144,43216.562053885005,89645.47548786158,43213.06564656034,89642.08665929138,43214.8856479096,7.389494392604782,3.5428641803931695,3.8466302122116125
89638.89507821428,43216.22758553155,89645.4811182196,43213.03665877848,89642.00419690319,43214.72114267258,7.3183288061989415,3.4548500848933164,3.8634787213056256
89638.74775962588,43215.97882840203,89645.46448123823,43212.96875424712,89641.92771504069,43214.55376548383,7.360359749192721,3.4846693904807657,3.8756903587119553
89638.61163641466,43215.7697785194,89645.43184462463,43212.857206647815,89641.85520183068,43214.38462527572,7.41608487917153,3.526948555975127,3.8891363231964036
89638.43996012126,43215.61984734833,89645.36300081688,43212.7112864455,89641.78466954074,43214.214646156826,7.509208946270027,3.6279018025991676,3.8813071436708597
89638.27626856895,43215.51351403167,89645.25454922914,43212.53211927681,89641.71412882168,43214.04467047298,7.588485729505014,3.7385003032242725,3.8499854262807416
89638.1607636106,43215.43926238365,89645.12230006114,43212.31203881625,89641.64154160419,43213.87556247518,7.631678518902353,3.8158842807835662,3.8157942381187873
89638.09813020815,43215.40022773388,89644.96506808588,43212.04893485634,89641.56477199944,43213.70832022789,7.641073208926024,3.857480566119789,3.783592642806234
89638.0915194401,43215.399076235066,89644.78078189494,43211.73904082657,89641.4815576379,43213.54420418762,7.625096155550819,3.8643122667481955,3.7607838888026244
89638.14164582033,43215.4377542742,89644.56609481781,43211.37687191735,89641.3895346592,43213.3848833197,7.600283578542658,3.842272903570835,3.758010674971824
89638.24577146563,43215.5171272712,89644.26496428186,43210.994765981086,89641.28636453763,43213.23257717003,7.528773725779105,3.803205936349359,3.725567789429746
89638.39696604325,43215.63391332143,89643.88289717634,43210.60144362743,89641.1700144697,43213.09012772336,7.444541061918317,3.7630629471709125,3.6814781147474047
89638.57402747763,43215.76575074186,89643.47106987114,43210.19355230936,89641.03919989696,43212.96087796335,7.4182490944542465,3.734218306505993,3.6840307879482532
89638.70662831467,43215.85245765641,89643.07725309227,43209.84915428544,89640.89394477426,43212.84812129689,7.42576678309193,3.716233342446308,3.709533440645622
89638.69838270512,43215.83894720591,89642.78004026567,43209.65816967142,89640.73892229088,43212.74900639984,7.406884592908758,3.7029091247440205,3.7039754681647374
89638.54690271252,43215.737150234105,89642.62298376339,43209.55945631307,89640.5832459228,43212.65087552282,7.4012390121642895,3.6975377298339,3.70370128233039
89638.34125940714,43215.6026191873,89642.5197350469,43209.49384636519,89640.4307570541,43212.54786085553,7.401132620366022,3.7010199786257654,3.700112641740257
89638.15565080696,43215.48168276631,89642.39619619859,43209.4146121323,89640.28029784345,43212.44189240974,7.402132888333243,3.7086992924113695,3.6934335959218743
89638.01518124368,43215.39165491367,89642.22777207545,43209.30439096827,89640.13020939985,43212.33539703234,7.402749749718908,3.71672656226004,3.6860231874588685
89637.90596093814,43215.3652057856,89642.00975348847,43209.15984108884,89639.9787833623,43212.23081944346,7.439601086119051,3.7577879854929126,3.681813100626139
89637.85586789834,43215.36826635071,89641.73984734483,43208.98042461779,89639.82435022453,43212.13075409793,7.4759493274143765,3.7889851220925537,3.6869642053218223
89637.87093644113,43215.383473120535,89641.41872241306,43208.769193460976,89639.6654030471,43212.03805758247,7.505696551503048,3.7963028754646757,3.7093936760383723
89637.92793241235,43215.40322207741,89641.05155431766,43208.5568933063,89639.50082894065,43211.9558045911,7.525239627469981,3.789286319829139,3.7359533076408415
89637.988844279,43215.417235378205,89640.6453958742,43208.4259125373,89639.33085267441,43211.88537243115,7.479028108361797,3.7782327098984725,3.7007953984633253
89638.02583773856,43215.422642163125,89640.26178219535,43208.311348288335,89639.15675389033,43211.825819247366,7.4545253495765955,3.7704252319419513,3.684100117634644
89638.03027193072,43215.42218633563,89639.90884172014,43208.20705838841,89638.97966716671,43211.775812630745,7.455675405256266,3.7679427423713765,3.6877326628848897
89638.0022395298,43215.41823903864,89639.5853003267,43208.11146298701,89638.80047796202,43211.73393092742,7.476299736876625,3.7697892319211896,3.7065105049554345
89637.94358845749,43215.4117692701,89639.28916853412,43208.0237231733,89638.61984972001,43211.69874506439,7.509581271380697,3.774106258092145,3.735475013288552
89637.85616943675,43215.40308219725,89639.01364037683,43207.9777973786,89638.43826518013,43211.6688632532,7.514957991582586,3.7793156227718865,3.7356423688106997
89637.74146725005,43215.39224139993,89638.7640684048,43207.94178137061,89638.2560699121,43211.64294663447,7.520310350658699,3.7844454201509317,3.7358649305077667
89637.60075558857,43215.3792102844,89638.54012285525,43207.90907549524,89638.07351240054,43211.61970469641,7.528965707846677,3.7891135202605124,3.7398521875861648
89637.43760615944,43215.364145554406,89638.33825593449,43207.87894988228,89637.89077930177,43211.59787764242,7.539185915422206,3.7934337850764135,3.745752130345793
89637.26672620779,43215.34849136996,89638.14403800065,43207.84914391615,89637.70802687512,43211.57621160185,7.550489269895434,3.798004861481991,3.752484408413443
89637.12025208435,43215.3359762629,89637.92581301957,43207.81500002111,89637.52530032372,43211.554329448,7.563994450677589,3.8032771012410045,3.760717349436584
89637.0314807659,43215.33013335965,89637.65043288561,43207.7722065934,89637.34229378914,43211.53497796464,7.5832287800724,3.8078615005863123,3.775367279486087
89637.01105404875,43215.32990495047,89637.30515070379,43207.74937260216,89637.15874133528,43211.5219714915,7.586235135755549,3.8107963423088576,3.7754387934466913
89637.03571736327,43215.32978317606,89636.9151147249,43207.78419611753,89636.97477050997,43211.51916776259,7.546550805562669,3.811102773249335,3.7354480323133337
89637.05811763252,43215.32628630285,89636.53053811048,43207.824440902834,89636.79098216705,43211.5279635529,7.520373964000402,3.8077049609575564,3.7126690030428455
89637.0426472612,43215.32135126615,89636.183760754,43207.86371472297,89636.6078800664,43211.54624614635,7.50693205262384,3.8000580494603544,3.706874003163486
89636.98071173237,43215.31855845027,89635.88130931741,43207.89769092837,89636.4256028837,43211.57152957863,7.501863798312735,3.7879243919060532,3.713939406406682
89636.8861579392,43215.32059198145,89635.61100689089,43207.93516350968,89636.24401923307,43211.60142754938,7.49470238953085,3.7741921242409164,3.7205102652899336
89636.79826391983,43215.32715613092,89635.34007729166,43208.00381025043,89636.06290523296,43211.63405978271,7.467108083329681,3.765595973489206,3.701512109840475
89636.76703905092,43215.334222800375,89635.01655706484,43208.083691128406,89635.88269789232,43211.67132171932,7.458846875391736,3.7681432582113445,3.6907036171803917
89636.82058490594,43215.334520052806,89634.61400620991,43208.1828156494,89635.70462197157,43211.71761392682,7.484374751147914,3.785152994938804,3.69922175620911
89636.94212463239,43215.32121239741,89634.16504743905,43208.34797169952,89635.53067472696,43211.777465368046,7.50588060507774,3.814489984734515,3.691390620343226
89637.06459003518,43215.30294749113,89633.74612961002,43208.574791226485,89635.36321482745,43211.85359268288,7.502017484517658,3.8461313278033935,3.6558861567142644
89637.12236556943,43215.30428125166,89633.39173894319,43208.77295508872,89635.20204443473,43211.942352931,7.521688405707884,3.8717173571466863,3.6499710485611976
89637.11423228505,43215.33522526174,89633.11407735267,43208.96155786283,89635.04516519514,43212.03854478295,7.524950205941606,3.8921897181138894,3.6327604878277158
89637.10489604811,43215.37089137887,89632.85314083006,43209.16393583786,89634.89050980707,43212.13828504541,7.523544346304307,3.918322361887608,3.605221984416699
89637.1664216527,43215.36091430484,89632.53124342136,43209.40677244434,89634.73986754211,43212.24394422308,7.545639968830176,3.9501477620661247,3.595492206764051
89637.278977943,43215.26706979975,89632.17035416179,43209.72946698707,89634.59802512013,43212.361059744166,7.534127809984398,3.953783312431875,3.580344497552522
89637.27776411505,43215.14133966254,89631.87829295837,43210.04897084674,89634.47057171802,43212.4936264466,7.422028631008552,3.858848847493294,3.5631797835152583
89636.99550758695,43215.11690455634,89631.75006320605,43210.19030836331,89634.3526257024,43212.63488414428,7.196251586605883,3.6256378723633658,3.5706137142425174
89636.58634360111,43215.36948577927,89631.8230196748,43210.11908208611,89634.22792879658,43212.77008631708,7.089146198619169,3.5098430099187055,3.579303188700463
89636.12716497912,43215.69607349797,89631.98674776271,43209.99823194401,89634.08377856262,43212.88406270004,7.0433268488668155,3.476036935191278,3.567289913675537
89635.80416485375,43215.903713230415,89632.02159636718,43210.01306395706,89633.92673611056,43212.979907971065,7.000540923466962,3.4746763705921118,3.5258645528748502
89635.72467415831,43215.95941210782,89631.83227452791,43210.21714139876,89633.76799107969,43213.07299137004,6.937178664243579,3.487123936087136,3.4500547281564433
89635.8414033752,43215.88346238271,89631.49075894174,43210.59154961693,89633.61771705677,43213.17897188469,6.850726081680484,3.501292575134395,3.3494335065460885
89636.01379396491,43215.74685256061,89631.12829092419,43211.0311540019,89633.48339935853,43213.30455938687,6.790136442376238,3.516773067814404,3.2733633745618342
89636.13265618621,43215.63898786784,89630.82746313233,43211.43395323958,89633.3644153342,43213.44484990922,6.7695930134763955,3.532336166925335,3.2372568465510603
89636.16884092375,43215.59711142494,89630.59242929031,43211.76148708509,89633.25749924699,43213.59459507757,6.7681888849427825,3.533550916620546,3.234637968322237
89636.12228357221,43215.622835361086,89630.41111734866,43212.01341484512,89633.15863335229,43213.74980079196,6.756133220725211,3.50592086665313,3.250212354072081
89635.99946827859,43215.71143596705,89630.27685020042,43212.194998215615,89633.06370828743,43213.90746022548,6.716672697739467,3.445724191209795,3.2709485065296717
89635.81365376194,43215.8547026486,89630.18463062971,43212.31365040997,89632.96868546872,43214.06506104075,6.650184387328873,3.361050680072069,3.2891337072568043
89635.61853486185,43216.04613555688,89630.12015288133,43212.39375037111,89632.86954629114,43214.22009075752,6.60091826561948,3.30020874659897,3.3007095190205105
89635.47091806239,43216.25558327236,89630.06012924248,43212.48821894461,89632.76453835469,43214.37121129358,6.593153238905286,3.2977793856840347,3.2953738532212515
89635.35461205711,43216.42011825724,89629.97071699811,43212.628967982215,89632.65704285337,43214.52058488495,6.584766238384702,3.2992584987245515,3.285507739660151
89635.2666063008,43216.54480243671,89629.85396990714,43212.80999273936,89632.55102493831,43214.67100788027,6.576126230941041,3.299316319482304,3.2768099114587366
89635.18872493245,43216.65478487906,89629.72793869197,43213.006007570366,89632.44763458967,43214.82324904567,6.567629877867045,3.29668011433656,3.2709497635304854
89635.1175414604,43216.77004774428,89629.60283360523,43213.20166050053,89632.34666120802,43214.977104541,6.56851507185851,3.300367055821122,3.2681480160373875
89635.04747825336,43216.89210624101,89629.4807394165,43213.39304708055,89632.24785563198,43215.13236163521,6.575104279492319,3.306748841345541,3.268355438146778
89634.9745187547,43217.01883833631,89629.36165208775,43213.579783980815,89632.15096631176,43215.28882220639,6.582656536756936,3.3114051711891666,3.271251365567769
89634.89885351768,43217.1502141452,89629.24539944319,43213.76202991655,89632.0557399216,43215.44630079495,6.591004122259987,3.314606405791683,3.276397716468304
89634.82083806064,43217.28571104133,89629.1316218596,43213.94036305844,89631.96192156215,43215.60462257647,6.59988894669661,3.316543678591623,3.283345268104987
89634.74110277306,43217.42424240992,89629.01970465982,43214.11589618307,89631.86928535269,43215.76363912121,6.609050697857903,3.3173692255181675,3.291681472339735
89634.6594290736,43217.56557242561,89628.90968404224,43214.28877184402,89631.7777469873,43215.92329021101,6.617929432766244,3.3168030569937597,3.301126375772485
89634.57403255391,43217.713167899245,89628.80361137138,43214.45567620754,89631.68724569918,43216.083531568445,6.626387609049891,3.315004210445055,3.3113833986048355
89634.48173294505,43217.87285354566,89628.7038807634,43214.61024301232,89631.59727485018,43216.24407169061,6.635375145782645,3.3125562383698117,3.3228189074128336
89634.38032847634,43218.04860417175,89628.61178683693,43214.747753287294,89631.50688826894,43216.40437785551,6.646178541615262,3.310610035105272,3.3355685065099894
89634.26918305884,43218.24136032209,89628.5303372551,43214.868372879966,89631.41511530311,43216.56389341923,6.656680512381611,3.310528351260644,3.346152161120967
89634.14918239485,43218.448961479626,89628.4585142374,43214.97416451384,89631.32099772288,43216.72203527966,6.667677109129272,3.313744504160945,3.3539326049683273
89634.02478694681,43218.66303627951,89628.39133399064,43215.07351585155,89631.22362271788,43216.87819036993,6.679853973863578,3.321474967303302,3.3583790065602757
89633.90419941414,43218.8699371782,89628.3199273226,43215.18016557077,89631.1229339316,43217.032231376885,6.693168853940761,3.333556703664607,3.3596121502761536
89633.79401330605,43219.05968725485,89628.23727568173,43215.30399561772,89631.02003040831,43217.18480398441,6.706903361360578,3.348158956007504,3.3587444053530744
89633.68765414081,43219.2249124544,89628.14187078121,43215.446625126606,89630.91609388037,43217.33667581112,6.710526671061119,3.3536523222153782,3.3568743488457407
89633.58625575392,43219.37408660882,89628.03738773515,43215.60255323791,89630.81226982803,43217.48862452295,6.7092771784733785,3.3540967777139103,3.3551804007594686
89633.48735902649,43219.51960320145,89627.93044090996,43215.76216269361,89630.70908956951,43217.64101115736,6.7080323585853066,3.353787298517305,3.354245060068002
89633.38609783954,43219.668599833865,89627.826014238,43215.91839451233,89630.60628056283,43217.7936486104,6.706606415300499,3.3530323861021323,3.3535740291983664
89633.28086175818,43219.82348282004,89627.725550995,43216.06873073212,89630.50349871043,43217.94630436122,6.70519506928153,3.3522446905366543,3.352950378744876
89633.17144718213,43219.98453820794,89627.62924223048,43216.21287902978,89630.40039975576,43218.098746053845,6.703838354425228,3.35185260529769,3.3519857491275387
89633.05830760977,43220.1510071854,89627.53664045264,43216.35161796202,89630.29664146998,43218.25073958542,6.7025492661228,3.352285312917824,3.350263953204976
89632.94402224079,43220.318973711546,89627.4451822052,43216.48890518816,89630.19188591006,43218.40204727127,6.701243662986258,3.3539322235775257,3.3473114394087315
89632.83479439552,43220.47944958827,89627.34871026382,43216.63374797657,89630.08601588145,43218.55257748824,6.699741785044534,3.3568764364016097,3.342865348642924
89632.73731850216,43220.62301616334,89627.24063706759,43216.7954957899,89629.97993851856,43218.70296188113,6.698016049716456,3.3600227410812726,3.337993308635183
89632.6548618695,43220.74506247535,89627.11781532042,43216.978643625705,89629.8748848582,43218.854062308645,6.696625675481044,3.362165048562312,3.3344606269187316
89632.58793949363,43220.844469863776,89626.9797470087,43217.1842857622,89629.77211069789,43219.00672041527,6.6969224727037915,3.362471537788798,3.334450934914993
89632.53489446527,43220.922442842784,89626.82788649172,43217.41143746197,89629.67292019073,43219.16172807979,6.700529739819161,3.360210294719758,3.340319445099403
89632.48879174348,43220.98747939648,89626.67727631066,43217.65709260173,89629.57868268802,43219.31979219335,6.698148089479789,3.354089343196085,3.3440587462837037
89632.4385611996,43221.06085783724,89626.54917023855,43217.90537043844,89629.49021820216,43219.48115976922,6.681468896587148,3.3448725561140837,3.336596340473064
89632.3770095578,43221.164905873855,89626.43656226851,43218.125475425295,89629.40602421695,43219.6448009146,6.672859315790175,3.337285271393414,3.3355740443967608
89632.29564537638,43221.30511790389,89626.34251298761,43218.30901454125,89629.32396571372,43219.80952554827,6.664564546747709,3.326811763784113,3.3377527829635953
89632.19630912055,43221.4783711436,89626.26529675067,43218.458822816254,89629.24187639901,43219.974234776215,6.655417329731075,3.315282630155462,3.3401346995756134
89632.08464611955,43221.67333619796,89626.19960009823,43218.58608976447,89629.1578144669,43220.13794473426,6.6456645426987375,3.3051127771529227,3.340551765545815
89631.96719836535,43221.87752997074,89626.13916806344,43218.70348292648,89629.07117404355,43220.300304631455,6.636302572908351,3.2976653322249043,3.3386372406834464
89631.84753905243,43222.08487511915,89626.0806145806,43218.81739182181,89628.98186649327,43220.46121267349,6.628262590013499,3.2936847077050393,3.334577882308459
89631.72658841706,43222.294162001344,89626.02296670491,43218.929228121335,89628.889807945,43220.62056258037,6.622241361664461,3.2936694534449296,3.3285719082195313
89631.60444353014,43222.505235017095,89625.9549177061,43219.03251820526,89628.79491878199,43220.77824309366,6.631508432608648,3.2978675555748502,3.333640877033797
89631.48160568641,43222.71684966204,89625.88666151566,43219.13479445597,89628.69712436883,43220.93413817196,6.643381651928147,3.306266242276477,3.33711540965167
89631.3608826935,43222.92390433404,89625.81565859939,43219.2416151717,89628.59636208898,43221.08813147463,6.656482834726734,3.3185292170074017,3.3379536177193323
89631.24798792343,43223.11720661855,89625.73579848494,43219.362074197496,89628.4930149317,43221.240403714255,6.669726524043261,3.3335064611884864,3.3362200628547742
89631.15162433429,43223.29162453187,89625.64185206719,43219.50345778781,89628.38832464052,43221.39175689616,6.68638898929481,3.3534045730912823,3.3329844162035274
89631.07279980528,43223.44325861959,89625.53181517986,43219.668400153365,89628.28361798722,43221.54309872353,6.704630270132198,3.3749285688351938,3.3297017012970045
89631.00854087317,43223.56874892421,89625.4054209093,43219.857371082966,89628.18022439074,43221.69533926971,6.720809386524257,3.392497289362437,3.3283120971618203
89630.95848066117,43223.66861969392,89625.26345701228,43220.06986250156,89628.07950512826,43221.84935940692,6.736790607627152,3.405614204649558,3.331176402977594
89630.91895115656,43223.74847354755,89625.1100751712,43220.30103229954,89627.98287559324,43222.00597354637,6.7548420686159245,3.4142123495264185,3.340629719089506
89630.88065820177,43223.82382872768,89624.95503967983,43220.53683466118,89627.89154474912,43222.16573407662,6.7762293984886455,3.4181979323522036,3.3580314661364414
89630.83371892553,43223.913477485774,89624.80888190017,43220.75988234052,89627.80498382791,43222.32813285258,6.800281135539235,3.418560208263858,3.3817209272753765
89630.77371597874,43224.027621646455,89624.67724188737,43220.96066719396,89627.72179542428,43222.49228784892,6.824456458968815,3.4163531639088505,3.4081032950599646
89630.70001415882,43224.16864240295,89624.5637571312,43221.13762862375,89627.64053861321,43222.65740925716,6.844026215522485,3.412362266101818,3.4316639494206664
89630.6127231241,43224.336642690665,89624.46617246936,43221.288739066185,89627.5597567718,43222.82276392444,6.860743506021063,3.407701933419863,3.4530415726011996
89630.51186592189,43224.53151088659,89624.38472435455,43221.41352483987,89627.47799003709,43222.9876327678,6.874860054854466,3.4041096530540993,3.470750401800366
89630.39743808215,43224.752637630605,89624.3192447794,43221.5120988827,89627.39378569783,43223.151267558096,6.888071225115757,3.403867470236064,3.484203754879694
89630.2709573915,43224.995392981975,89624.26744073795,43221.588871700005,89627.3057141342,43223.31284967168,6.902651624847447,3.409342981574167,3.4933086432732807
89630.13967322819,43225.24433205424,89624.2206137771,43221.65952361829,89627.2124828788,43223.47150676548,6.919979501998568,3.4221853903650197,3.497794111633548
89630.0165888597,43225.47631401673,89624.16410584979,43221.74748374743,89627.11440423565,43223.627220063005,6.939433158304196,3.4411951472949536,3.498238011009242
89629.91166763424,43225.67580717772,89624.08699233375,43221.86791260325,89627.0134769165,43223.7811069168,6.958944133018216,3.4625710844842525,3.4963730485339637
89629.82693615356,43225.84015135123,89623.9872472778,43222.02268789479,89626.91173168324,43223.93445544081,6.976746620530909,3.4828284492318984,3.49391817129901
89629.75723647121,43225.9761530683,89623.8733390255,43222.2062746983,89626.81111184561,43224.08854302712,6.988006301972267,3.4989601279674725,3.4890461740047947
89629.6948937972,43226.09578189262,89623.75283736803,43222.40617588584,89626.71271526348,43224.24405906957,6.994371100597209,3.5103085648438794,3.4840625357533295
89629.63586447135,43226.208113624845,89623.62874007886,43222.61267403342,89626.61679865608,43224.40111637624,7.000909178273707,3.518522055267713,3.4823871230059935
89629.5786253579,43226.31649023242,89623.50280086497,43222.82279287946,89626.5235783914,43224.55978845587,7.008677797059603,3.5241045812076024,3.4845732158520004
89629.52129847856,43226.42454438353,89623.37710343712,43223.03331715204,89626.43327580008,43224.72013847819,7.017945200907825,3.5271636697174524,3.4907815311903727
89629.45899052429,43226.54129927775,89623.25674643982,43223.23567057721,89626.3460067618,43224.88216001259,7.028158563182943,3.5275219356832763,3.5006366274996665
89629.38567663592,43226.678544503535,89623.14802488901,43223.4183377402,89626.2609264298,43225.04534391307,7.0382702033534095,3.5258201910193288,3.5124500123340807
89629.29798539098,43226.84334803627,89623.05462124551,43223.5741776532,89626.17651088658,43225.20887339457,7.0474868461390185,3.5235082568333738,3.523978589305645
89629.19513646637,43227.03719063437,89622.97726424408,43223.701310927136,89626.09120846364,43225.371940795085,7.056204956907907,3.522417646076666,3.5337873108312405
89629.07831580561,43227.25672218908,89622.91345463446,43223.80219135731,89626.00347768622,43225.533711478114,7.066774124540755,3.5246837263230986,3.5420903982176566
89628.95379049853,43227.48861445179,89622.85772799207,43223.89081228495,89625.91184954674,43225.69330258483,7.078570372218254,3.5322159409985914,3.5463544312196618
89628.83496544798,43227.7104183332,89622.79653722935,43223.99008741021,89625.81602613018,43225.85041437686,7.09249445034948,3.545928555704315,3.546565894645165
89628.73654179533,43227.90602862127,89622.71800245001,43224.11797615053,89625.71769217418,43226.00597142601,7.1114103644918645,3.5670254246857858,3.5443849398060787
89628.65788577031,43228.06524279804,89622.617443508,43224.28073510298,89625.61874069634,43226.16113731136,7.1280741591507395,3.58636591621988,3.5417082429308593
89628.59932169934,43228.18726504435,89622.49481653713,43224.47853390675,89625.5210492558,43226.31709711407,7.142805466093661,3.6018452665400797,3.5409601995535804
89628.55721409929,43228.277587410186,89622.35432159006,43224.70607102118,89625.42653233503,43226.474995078446,7.157625639694279,3.612548605005687,3.5450770346885916
89628.52149588177,43228.35320297194,89622.20659508232,43224.94752082348,89625.33693343047,43226.63573033823,7.17472250359261,3.618169461721413,3.5565530418711977
89628.48042104942,43228.43660218817,89622.0639992335,43225.181899119954,89625.25223450578,43226.79910548504,7.194689776668566,3.6197491367892063,3.5749406398793595
89628.42811088353,43228.54133712552,89621.93333323264,43225.3965691768,89625.1712404273,43226.964352553245,7.216072490358663,3.6185750662176366,3.5974974241410265
89628.36351380631,43228.67108462032,89621.81791616238,43225.588618910646,89625.09268543689,43227.130775466045,7.2350841990642945,3.6153658892243232,3.6197183098399712
89628.2867227655,43228.82617842728,89621.7169639055,43225.75673846522,89625.01528406523,43227.297739185335,7.251426973988405,3.610877689137431,3.640549284850974
89628.19782179924,43229.00651775649,89621.63020790007,43225.90030257211,89624.9377436144,43227.46463814366,7.265130769664383,3.6063142558240227,3.6588165138403603
89628.09679183131,43229.211977284365,89621.5577474009,43226.018971009406,89624.85877221492,43227.63086319649,7.276976785375636,3.603427922822025,3.673548862553611
89627.98381186528,43229.44141782491,89621.49911140102,43226.11354834527,89624.77708759895,43227.79576881796,7.288762266999085,3.604336440230611,3.684425826768474
89627.86131324641,43229.68826329294,89621.45106322045,43226.190571429775,89624.69143187844,43227.95864250341,7.302407395172963,3.6110574576685566,3.6913499375044068
89627.73731533613,43229.93553326717,89621.40427692862,43226.26732878949,89624.60087284201,43228.11884043487,7.318681545297072,3.6245888547251126,3.6940926905719595
89627.62282268734,43230.1630056842,89621.34642505144,43226.36419175269,89624.50622736357,43228.27666487992,7.336494705945931,3.642999868512866,3.6934948374330654
89627.52460892392,43230.35939125701,89621.27000128938,43226.491983984,89624.40922248588,43228.43305413549,7.3537035347803705,3.6628414331106383,3.6908621016697327
89627.44466278177,43230.52152763047,89621.17295322091,43226.65313742215,89624.31155313454,43228.58903029961,7.368770835057466,3.681157697700132,3.6876131373573338
89627.38279198388,43230.649028703294,89621.0555600431,43226.84737081819,89624.21489722971,43228.745634620114,7.381494883012205,3.695736220207674,3.6857586628045307
89627.33498634047,43230.74536564312,89620.92118589484,43227.07055870156,89624.12095617817,43228.90387760069,7.391957941851507,3.704196011898944,3.687761929952562
89627.29316051248,43230.82850283765,89620.78055452979,43227.30668969338,89624.0314169322,43229.0646463293,7.403864160629507,3.708120948074716,3.69574321255479
89627.24186056308,43230.92740074192,89620.64813218286,43227.526888002496,89623.94650163583,43229.22791069067,7.418944725729519,3.707783285699711,3.7111614400298074
89627.17041063316,43231.06493683611,89620.53388125362,43227.7078955992,89623.86413736103,43229.39248209604,7.437287682470854,3.7052055013988374,3.732082181072016
89627.07563782705,43231.24896585348,89620.44597515959,43227.8435823308,89623.78193538745,43229.55713479396,7.453124446903714,3.702805435686426,3.7503190112172877
89626.95825900037,43231.47706443773,89620.38381340797,43227.93571196257,89623.69750132838,43229.72064898533,7.467564007144828,3.703719189796762,3.763844817348066
89626.8245625308,43231.73415137917,89620.340059474,43227.999120812325,89623.60850658479,43229.8817164911,7.483263541346103,3.7114055103749326,3.771858030971171
89626.6888654401,43231.99196769139,89620.29850005348,43228.06231430334,89623.51382797706,43230.03951204017,7.501929453515844,3.7273242361854355,3.7746052173304085
89626.56550806221,43232.22621628418,89620.24310287119,43228.14952368167,89623.41482851276,43230.19464116413,7.522780734235248,3.748877044091232,3.773903690144016
89626.45255816508,43232.42234902142,89620.16691319013,43228.26920773257,89623.31328101053,43230.34811920697,7.533784926337477,3.7626440671759243,3.771140859161553
89626.3510773113,43232.583352252,89620.07092582862,43228.41886888821,89623.2108931799,43230.50103946715,7.535464440400123,3.767861848979606,3.7676025914205162
89626.2624074012,43232.72454509491,89619.96201392134,43228.5882491506,89623.10920741114,43230.654426635454,7.536836348232338,3.772010155542339,3.7648261926899993
89626.17784660323,43232.85899381812,89619.8489601449,43228.764268778665,89623.0087472905,43230.80861943543,7.538008818723776,3.774549716601355,3.7634591021224217
89626.09235023032,43232.994613243696,89619.7370263695,43228.93919899913,89622.90936310412,43230.9635081238,7.539000336310728,3.7758171372074223,3.763183199103306
89626.00461231548,43233.133659915686,89619.6274069768,43229.11075534668,89622.8108770779,43231.11896963296,7.540060285103959,3.7760987411602853,3.763961543943673
89625.91449987688,43233.27645167641,89619.5201627615,43229.27859636147,89622.71310886937,43231.27488371286,7.541246201005505,3.7756030903187754,3.7656431106867294
89625.82201182272,43233.42301947818,89619.41529812284,43229.44269877529,89622.61587618692,43231.4311324305,7.542475278716895,3.774509203308741,3.7679660754081543
89625.72714800182,43233.57336757238,89619.3128182785,43229.60305483756,89622.51899535254,43231.58759962243,7.543673442815352,3.772998512082143,3.7706749307332084
89625.62990459766,43233.7275016162,89619.21273437147,43229.75964889988,89622.42228182103,43231.74417031379,7.544794820959424,3.7712659588442374,3.7735288621151866
89625.53025576772,43233.8854629305,89619.11508100873,43229.912426774,89622.32555067005,43231.90073011617,7.545825567112677,3.769522397771624,3.7763031693410527
89625.42812886095,43234.047369107066,89619.01993955018,43230.061258044574,89622.22861521166,43232.05716345841,7.546785517365706,3.767997626848344,3.778787890517361
89625.3234316045,43234.2133687127,89618.92740877975,43230.2059843666,89622.13127701211,43232.2133464278,7.547730604097185,3.76695368723332,3.780776916863865
89625.21610691988,43234.38354935155,89618.83754691077,43230.34651504296,89622.03333120409,43232.3691489319,7.548753128729301,3.766678949378159,3.7820741793511417
89625.1061302294,43234.55792912811,89618.75037027348,43230.48283888343,89621.93457416254,43232.524438307584,7.549969875403061,3.7674729995519503,3.782496875851111
89624.99354137007,43234.73636873143,89618.6658165908,43230.61511477739,89621.83480430406,43232.67907868371,7.5514789965855424,3.769623614188861,3.781855382396682
89624.87897095988,43234.91770983239,89618.58321376021,43230.744535467806,89621.73382271915,43232.83293024388,7.553273660765516,3.773362345287869,3.7799113154776474
89624.76600141381,43235.0982457641,89618.4980945347,43230.87428463068,89621.63144527795,43232.98585625676,7.558340049362998,3.779898358366785,3.778441690996213
89624.66325397269,43235.27295641369,89618.40545399797,43231.011825622896,89621.52783647687,43233.13795147846,7.570818723216496,3.7932952622363563,3.77752346098014
89624.57058065935,43235.43265106556,89618.30265110124,43231.16431034711,89621.42376674055,43233.28973215984,7.5832495299940135,3.8071694572193424,3.7760800727746715
89624.48889663335,43235.57435405742,89618.18810731787,43231.33398344965,89621.32010046556,43233.44178827284,7.594780371373515,3.819568821032751,3.7752115503407637
89624.41790045632,43235.69841976069,89618.06226552982,43231.52039874301,89621.21770805052,43233.59470377528,7.605915785960969,3.829732677537488,3.7761831084234814
89624.35472696209,43235.80915130037,89617.92818695336,43231.71945427501,89621.11747379407,43233.74904037893,7.61748240845122,3.8371688889682427,3.7803135194829776
89624.29348480707,43235.91589240426,89617.79194089427,43231.92228752971,89621.02000365073,43233.90513694025,7.630134542990613,3.8417205021911145,3.788414040799499
89624.22874485943,43236.02790346157,89617.65914682565,43232.12014370716,89620.92506290453,43234.06278607807,7.6439652421811335,3.843956398042385,3.8000088441387483
89624.15826606969,43236.14949963144,89617.53227069836,43232.30899822045,89620.8321689611,43234.22165098933,7.65854201195253,3.8444144368959945,3.8141275750565353
89624.08168409087,43236.28163717076,89617.41379713484,43232.48906140502,89620.74082644262,43234.38141378655,7.671006935030503,3.843459214789918,3.8275477202405854
89623.9990089273,43236.42440637369,89617.30468604603,43232.66061976172,89620.65053233807,43234.54177200426,7.679846905974144,3.841433018760019,3.838413887214125
89623.91026569724,43236.577784249785,89617.2020344111,43232.82190021128,89620.56077916268,43234.70243389089,7.688109774132002,3.8387496680281776,3.8493601061038247
89623.81547405286,43236.74174000895,89617.10588473786,43232.97282504917,89620.47105742809,43234.86311335796,7.695668180864052,3.8359302201412726,3.8597379607227795
89623.71465342196,43236.91623194612,89617.01625382096,43233.11332224662,89620.38085774986,43235.02352477043,7.702641066369733,3.8336058790977323,3.869035187272
89623.60793861821,43237.10096179451,89616.93299216467,43233.24358941008,89620.28967292784,43235.18337773381,7.709360016875385,3.8324947255942767,3.876865291281108
89623.49622973509,43237.29419393536,89616.85510345748,43233.36530559594,89620.19700033467,43235.34237203179,7.716263462248406,3.833343629245797,3.882919833002609
89623.38217426147,43237.49119152488,89616.77974662287,43233.48323289589,89620.10240374021,43235.50022856915,7.723715627513574,3.83677314460992,3.886942482903654
89623.26931300432,43237.68594147384,89616.7031430403,43233.603454435295,89620.00591325211,43235.65693518212,7.73183603139006,3.8427391889816915,3.8890968424083687
89623.15984276896,43237.87487017588,89616.62291249953,43233.72956919233,89619.90786097963,43235.81266991507,7.740476573936764,3.8507214225206265,3.889755151416137
89623.05439916898,43238.05697381309,89616.53832822769,43233.86255267364,89619.80858704435,43235.96762920328,7.749345082452602,3.860136946654003,3.889208135798599
89622.95307150048,43238.23211812353,89616.44928591639,43234.0024926409,89619.70842652342,43236.12201724438,7.758154332517747,3.8704323721506197,3.887721960367127
89622.85451719885,43238.39967132285,89616.35591704851,43234.14915539605,89619.6077106291,43236.276043768106,7.765223084881662,3.879632314099941,3.885590770781721
89622.75303600039,43238.55728688068,89616.25888834581,43234.30150078006,89619.50676778037,43236.42992173741,7.764384656475522,3.8812291621432964,3.8831554943322253
89622.65298601908,43238.71083287637,89616.16001101957,43234.45764890322,89619.40585962527,43236.58382245976,7.761977728240202,3.8817525848154157,3.880225143424786
89622.55386768261,43238.862948768736,89616.06339853168,43234.617313999785,89619.3050540557,43236.73779039391,7.7557465398561565,3.8821499327659534,3.8735966070902035
89622.45506316226,43239.01457874902,89615.9670324034,43234.77781780643,89619.20436418158,43236.89183401229,7.748850651067205,3.8824076396281293,3.8664430114390758
89622.35644389113,43239.16592252663,89615.87051732409,43234.93861545895,89619.10380268667,43237.04596146707,7.741922789425583,3.882513322443324,3.859409466982259
89622.2579990066,43239.31699919858,89615.7738597261,43235.09968349296,89619.00338223764,43237.200180854335,7.734973430446152,3.882454148512648,3.8525192819335037
89622.15975092257,43239.46777863537,89615.67704852509,43235.26105765747,89618.90311547706,43237.35450020531,7.727996620093229,3.882218457002854,3.8457781630903756
89622.06191175447,43239.61794642879,89615.5799022491,43235.42306583985,89618.80301501651,43237.50892747779,7.720975999393766,3.8817996965758432,3.839176302817923
89621.96537274875,43239.76615478924,89615.48158682612,43235.58706529032,89618.70309446321,43237.66347121519,7.713901018968609,3.881203141402124,3.832697877566485
89621.87185896236,43239.90977588503,89615.38046079001,43235.755674861146,89618.6034646619,43237.818202473776,7.7068025502581134,3.8803454276649254,3.826457122593188
89621.78292543479,43240.0464283021,89615.27505356565,43235.93126060788,89618.50446664821,43237.97333845937,7.699805284332187,3.8789165383256297,3.820888746006557
89621.69922341358,43240.17510167176,89615.16476508082,43236.11483480076,89618.40649562456,43238.12912462793,7.693173127286501,3.876606551678401,3.8165665756081
89621.62085868847,43240.29558763041,89615.049485793,43236.30663014991,89618.30995286965,43238.28579935344,7.68730925048394,3.8731571436478047,3.814152106836135
89621.5477336955,43240.40783247316,89614.92922688974,43236.506742775455,89618.21524771163,43238.4435909192,7.682651441225577,3.868295194904508,3.8143562463210685
89621.47935169395,43240.5119319172,89614.80426391462,43236.71513300825,89618.12279913969,43238.602714237335,7.679354062484883,3.8615485493073383,3.817805513177545
89621.4133562484,43240.6102318387,89614.67653790118,43236.92953648177,89618.03303667532,43238.76336711075,7.67673366441286,3.85194363140825,3.8247900330046103
89621.34154850214,43240.71514828106,89614.5576581099,43237.13969097228,89617.94639914745,43238.92572542146,7.668445984740175,3.837847484087476,3.830598500652699
89621.24922370767,43240.853940860754,89614.46450868566,43237.31922440703,89617.8625463133,43239.089542573645,7.65026655339749,3.8187282030821588,3.831538350315331
89621.12470006196,43241.04882435034,89614.40078731981,43237.4407651884,89617.77845029348,43239.25323477799,7.630799006691367,3.7975688835613064,3.8332301231300603
89620.9703115581,43241.29312083169,89614.36451907866,43237.5101770991,89617.69036689526,43239.4148046013,7.612303039541742,3.7796969260363755,3.8326061135053666
89620.80000185697,43241.55995085991,89614.34268417687,43237.55501348701,89617.59630900553,43239.572967743145,7.598452143871553,3.7698474495265586,3.8286046943449943
89620.62631787886,43241.82849442537,89614.32364782358,43237.59778230187,89617.4964133832,43239.72751136644,7.590953490712483,3.769672660314857,3.8212808303976256
89620.4541096516,43242.08533263532,89614.30060309691,43237.65173107901,89617.39101399507,43239.8783562916,7.584356642419617,3.775354232754433,3.8090024096651836
89620.29044539729,43242.31054093424,89614.26270357716,43237.73452964053,89617.28054598167,43240.02553316573,7.567929096589458,3.7789886205507823,3.7889404760386753
89620.15897594437,43242.49118260466,89614.18873426224,43237.86017331403,89617.16692618249,43240.17030130671,7.555794650004261,3.7866676348455988,3.7691270151586624
89620.06256596044,43242.62565178404,89614.0649011926,43238.02049622618,89617.05325232219,43240.31502787154,7.561708826680517,3.794067927483285,3.7676408991972323
89619.98441254531,43242.73513530665,89613.9216743851,43238.2046122462,89616.94198387464,43240.46160865246,7.5685159179679395,3.7980647260682887,3.7704511918996513
89619.90505213573,43242.84520654301,89613.77938276678,43238.388008787086,89616.8331257366,43240.60999021061,7.575647632587174,3.799068814109377,3.7765788184777973
89619.81573381287,43242.96849938294,89613.64712402516,43238.55852350888,89616.72592313921,43240.759573691015,7.582851305601173,3.7981946647720526,3.78465664082912
89619.71441278001,43243.10848975556,89613.49789006948,43238.69197444595,89616.61959352999,43240.909779743495,7.625664698277939,3.7963445454111033,3.8293201528668357
89619.5980774698,43243.27007449189,89613.32588091063,43238.77638174442,89616.51334587992,43241.06004388605,7.715810014896489,3.79470740114583,3.921102613750658
89619.45716558983,43243.46804250168,89613.20403667552,43238.83931984181,89616.40630668984,43241.20974430179,7.779890402980705,3.7957411380761648,3.9841492649045396
89619.27091345054,43243.71846386858,89613.15354457508,43238.86257866127,89616.29625162644,43241.35723159385,7.810366387410046,3.7978982112482926,4.012468176161754
89619.03134882209,43244.03036145344,89613.18211329015,43238.83946462692,89616.17976568491,43241.49966917036,7.820419821161602,3.8126014504358836,4.007818370725719
89618.74668561437,43244.39638074405,89613.27533661664,43238.78372178309,89616.05387180451,43241.63382786057,7.838214116634045,3.8578419678118463,3.9803721488221986
89618.36009794245,43244.721871394286,89613.40897495378,43238.71280212668,89615.91747160503,43241.757272235605,7.7860472843426045,3.841259115954146,3.9447881683884582
89617.93606944177,43245.046919905006,89613.56718958089,43238.63371992071,89615.7707444346,43241.86822286584,7.75991271267535,3.8461340659743306,3.913778646701019
89617.49609407292,43245.36867007391,89613.71539545922,43238.53060971476,89615.61404262143,43241.96454156999,7.813626014446358,3.889756873800524,3.9238691406458335
89617.09013428846,43245.64715160917,89613.81839984054,43238.468181412434,89615.44835304136,43242.04442972616,7.889351014488191,3.9591729729434473,3.9301780415447434
89616.80421630642,43245.8453196106,89613.80600317543,43238.51549876989,89615.27739153839,43242.11249098309,7.919315346004166,4.033014187258748,3.886301158745418
89616.68428808033,43245.95040262891,89613.6137013663,43238.61371234723,89615.10536388958,43242.1778655133,7.953334335963905,4.089625641638151,3.8637086943257533
89616.69356904922,43245.97807054468,89613.28600014906,43238.749632179024,89614.93606088813,43242.24991245593,7.991360773730613,4.121649872447266,3.869710901283347
89616.72903732976,43245.977174490974,89612.93041386429,43238.90432215232,89614.7723210539,43242.33382672727,8.028373461547417,4.135543677862165,3.892829783685252
89616.7051228812,43246.0049549933,89612.63194857253,43239.03693457088,89614.61316046595,43242.42618658185,8.071186874116629,4.145345593516225,3.9258412806004035
89616.58994256883,43246.08463189715,89612.42276506998,43239.1273583903,89614.45629250241,43242.52241403961,8.109810291002345,4.1523317148954115,3.9574785761069333
89616.35020950559,43246.17428937641,89612.31093914316,43239.1709000111,89614.29915928924,43242.61820648384,8.084749078930415,4.105183616941196,3.9795654619892193
89616.00379759203,43246.30362719933,89612.30159609747,43239.16644957742,89614.13920229199,43242.709173905736,8.040248773035492,4.049297483857611,3.9909512891778802
89615.55702010082,43246.47063179904,89612.39486087426,43239.118303395175,89613.97415392818,43242.79046745022,8.0034982318477,4.006129672742533,3.9973685591051673
89615.01742838643,43246.59528921596,89612.56468661377,43239.04625074886,89613.80253018741,43242.85663733228,7.93750112437923,3.931093428209867,4.006407696169363
89614.46515113911,43246.66785119544,89612.74870131887,43238.97909775473,89613.62488622472,43242.90436671328,7.878015580995462,3.856145818536455,4.021869762459007
89613.96502422549,43246.72424383154,89612.89249548753,43238.9310086862,89613.44356643377,43242.93550572945,7.866691294982642,3.8244548153605584,4.042236479622083
89613.5260027359,43246.770994325576,89612.97861937253,43238.90225910479,89613.26039795898,43242.952923501645,7.887751423654649,3.827298095795071,4.0604533278595785
89613.14007388303,43246.79851202654,89613.00913525023,43238.89031817293,89613.07650360637,43242.95940239153,7.909277776878698,3.839635916294485,4.069641860584213
89612.79689345033,43246.80432116652,89612.99349918746,43238.892075589145,89612.8924954801,43242.9574905617,7.914687858245802,3.848018379673307,4.0666694785724955
89612.4806174062,43246.81097361575,89612.94745688855,43238.904308918,89612.7086571074,43242.949250314254,7.92043469440212,3.86845046015084,4.05198423425128
89612.17602618675,43246.81799489401,89612.88572519242,43238.924653557486,89612.52515770464,43242.93537173996,7.925182025673573,3.89828877498409,4.026893250689483
89611.87581642774,43246.82480352224,89612.8150711381,43238.951245484,89612.3421483325,43242.91607404282,7.92938305308911,3.9364491091209275,3.9929339439681826
89611.5782781569,43246.83130751225,89612.73658480193,43238.98262891471,89612.15976004628,43242.89158795455,7.933689559398442,3.9824002035180204,3.9512893558804207
89611.2918732528,43246.78877697253,89612.64988188507,43239.01799871383,89611.97810285265,43242.86216069365,7.8885475337817095,3.986129258471773,3.902418275309936
89611.01516102656,43246.722731773705,89612.55446742557,43239.05710205846,89611.79726557553,43242.82805159966,7.818653536533831,3.972432653126224,3.846220883407607
89610.74426742033,43246.6580913221,89612.44989982506,43239.09996602922,89611.61731628884,43242.7895281698,7.74818945609755,3.965853652130307,3.782335803967243
89610.47894431592,43246.59479030977,89612.3474662629,43239.10032967794,89611.43830319095,43242.746862585365,7.7238794934052954,3.965717743780325,3.758161749624971
89610.21897599865,43246.53277639205,89612.24990561843,43239.05793605732,89611.26025579842,43242.70032877383,7.745831985675938,3.9713874613020557,3.774444524373882
89609.96417992488,43246.4720071401,89612.14796052626,43239.01362214378,89611.08318634686,43242.65020001792,7.771512366865951,3.982258787626665,3.7892535792392863
89609.71440415269,43246.41245796312,89612.04153546724,43238.96736090681,89610.90709130121,43242.596747096926,7.800321168578716,3.9977683835622075,3.8025527850165086
89609.4794089402,43246.32439448059,89611.93055006758,43238.9191646897,89610.73195289585,43242.54023692668,7.800353907564945,3.986065071422573,3.814288836142372
89609.25771894773,43246.215865797465,89611.81493725006,43238.86911151131,89610.55774064237,43242.48093165389,7.77908503537532,3.9547173683316927,3.824367667043627
89609.04160603917,43246.10945900135,89611.69495472727,43238.81744967134,89610.38441275991,43242.419088154464,7.759746086699321,3.9270812159718553,3.8326648707274664
89608.8276579202,43246.00345928836,89611.5738130374,43238.76545440728,89610.21191749786,43242.3549578852,7.741452227235156,3.902273320406588,3.839178906828568
89608.60204098816,43245.8922789068,89611.4652424498,43238.71819526116,89610.04019802189,43242.28877758514,7.7243380794236,3.8798862649401857,3.844451814483414
89608.33923590906,43245.76543989919,89611.40120498354,43238.67143856942,89609.86959655864,43242.21977723429,7.72661047853681,3.8618295471182327,3.8647809314185775
89608.02211530154,43245.61408188244,89611.39580673374,43238.64500521864,89609.70148843926,43242.14494039013,7.742727131106141,3.854249191394321,3.88847793971182
89607.67195823757,43245.421365613816,89611.42551090417,43238.66125456255,89609.53775301532,43242.0610093631,7.732286793197506,3.84359002554171,3.8886967676557957
89607.33236038401,43245.18196550416,89611.4619249686,43238.69692507619,89609.37972072775,43241.96677800828,7.688241217045316,3.8117076239909675,3.876533593054348
89607.00383009453,43244.945386414816,89611.48893621218,43238.729044014544,89609.22767324012,43241.86315689493,7.665447783664543,3.8007390267509864,3.864708756913557
89606.68857050352,43244.71706884522,89611.5098261288,43238.74177566995,89609.08166350871,43241.75118077358,7.677801399859428,3.8109560722942772,3.86684532756515
89606.38445375377,43244.49671832604,89611.51712948327,43238.74625291124,89608.94163811335,43241.6317998269,7.707931800243067,3.840175758424721,3.867756041818346
89606.11057872359,43244.26137594131,89611.51045848835,43238.744180080685,89608.8074706413,43241.5058665352,7.719983914470416,3.855652746682829,3.864331167787587
89605.87637877931,43244.00398920478,89611.49112145645,43238.735337728656,89608.67898951727,43241.37413310553,7.699611919265956,3.843275953047205,3.856335966218751
89605.6506689113,43243.755961733244,89611.47329490115,43238.70817752849,89608.55599977422,43241.237255549946,7.706043005035849,3.845104453826615,3.8609385512092342
89605.44206097143,43243.5091928748,89611.4510340557,43238.66917384904,89608.438295072,43241.0958048174,7.71579818935367,3.8473186378369095,3.86847955151676
89605.26670293199,43243.25412499497,89611.42207812634,43238.61827502368,89608.3255695283,43240.950351534186,7.705825636559215,3.8293650926327345,3.87646054392648
89605.1021837039,43243.011808282485,89611.38536992145,43238.5537379698,89608.21734670113,43240.8015142008,7.704078138079808,3.819638782246121,3.8844393558336874
89604.94731042202,43242.78374696845,89611.34038066631,43238.47453979524,89608.11306388136,43240.64988722534,7.7097739013607,3.81776798255002,3.89200591881068
89604.8019723057,43242.5700158038,89611.28687783644,43238.380271254544,89608.01210092734,43240.49602723324,7.720619089858435,3.821826050248263,3.898793039610171
89604.6655560998,43242.37018558986,89611.22504592652,43238.27134476766,89607.9137966502,43240.34045315545,7.734817572028228,3.8302585328617664,3.9045590391664615
89604.53498891635,43242.18039910982,89611.15737939572,43238.15195239289,89607.81746200408,43240.18365039316,7.75141526512966,3.842087324510525,3.9093279406191352
89604.40137911626,43241.98770534948,89611.09207733715,43238.03568726984,89607.72247525545,43240.02602685106,7.770707148315227,3.8571831816608295,3.9135239666543975
89604.25223954437,43241.772763845904,89611.0408275755,43237.9424124142,89607.62948662526,43239.86721925903,7.794646851995172,3.8777439340349487,3.9169029179602237
89604.09053437768,43241.517671004905,89611.0100065992,43237.88435161988,89607.54040282514,43239.70619539055,7.815376227537631,3.896541569922477,3.9188346576151543
89603.98230594196,43241.19418369472,89610.99700893252,43237.85919226652,89607.45728008813,43239.542024499,7.767124685651154,3.8477363896921952,3.9193882959589597
89603.87641830336,43240.84904689768,89610.99430046702,43237.85439689439,89607.3817526141,43239.3742290845,7.72218719957047,3.802953616882415,3.9192335826880558
89603.77002755385,43240.49704410103,89610.99636544971,43237.858764206176,89607.31435251031,43239.20300832011,7.692885036964894,3.773164189279131,3.919720847685763
89603.6633107835,43240.141127339295,89611.00161786856,43237.86856171836,89607.25542216498,43239.02869246157,7.682141978424108,3.760422254768785,3.9217197236553223
89603.5553310833,43239.779607313605,89611.00972242058,43237.88438720167,89607.20535465924,43238.85162922722,7.691541424346278,3.766140655055576,3.9254007692907025
89603.44594229662,43239.41006148738,89611.01923786286,43237.907271681695,89607.16459249421,43238.672197328975,7.720957384883609,3.7911479538974384,3.9298094309861704
89603.36881034997,43239.02960944824,89611.02578052894,43237.93390220056,89607.13362233304,43238.4908211486,7.734970375033843,3.803170006677777,3.931800368356066
89603.35477731982,43238.65325025048,89611.02149063954,43237.94893692946,89607.11285607087,43238.307995816336,7.698996712664371,3.773904678632717,3.925092034031654
89603.34472547231,43238.3137388636,89610.99809320914,43237.927847386025,89607.10118005837,43238.124353418345,7.6630901044594975,3.7612255853567143,3.9018645191027836
89603.33680064471,43238.02498618976,89610.95027172187,43237.85361972724,89607.09601751163,43237.940401880434,7.615399418983301,3.760168341701254,3.855231077282047
89603.329947877,43237.79072837692,89610.87901585466,43237.72181635009,89607.09466453432,43237.7563765998,7.5493825045207865,3.7648733782767922,3.7845091262439943
89603.32379332988,43237.61123541064,89610.85597301257,43237.53355375528,89607.09443089028,43237.57234450683,7.532580249287082,3.7708381182862682,3.7617421310008137
89603.31874812981,43237.48544868126,89610.83738238853,43237.29196405074,89607.09263623641,43237.388323211024,7.521123414690233,3.7751377190947126,3.74598569559552
89603.31629791981,43237.40160372597,89610.81579190846,43237.00935286479,89607.08658997249,43237.20439888288,7.509745057192626,3.775445922355774,3.734299134836853
89603.3159825693,43237.31055043631,89610.79345824331,43236.73404087595,89607.07364297287,43237.02084083691,7.499667041185187,3.7688119295812936,3.730855111603894
89603.31000485142,43237.125518255234,89610.78931289402,43236.55083943607,89607.05505306834,43236.83775237592,7.501353513993552,3.7560877716544216,3.74526574233913
89603.29342085082,43236.7938318902,89610.82218518028,43236.51363325101,89607.03978947643,43236.65437253309,7.533976613291614,3.748963428900166,3.7850131843914485
89603.33108420316,43236.35018243822,89610.81915261103,43236.59333644147,89607.03733105266,43236.470425272855,7.492015242647049,3.708196872969481,3.783818369677568
89603.43180722986,43235.87725890766,89610.7952695716,43236.71105789551,89607.05064704274,43236.28694306138,7.41051944502089,3.641955888947322,3.7685635560735684
89603.53889155413,43235.41553763086,89610.79811640925,43236.82986428543,89607.07891178064,43236.105157064965,7.3957193979521545,3.6065659799912937,3.789153417960861
89603.6464003623,43234.96698626236,89610.8031228967,43236.94247852199,89607.12127063495,43235.92612640431,7.424368465261066,3.6048125088053213,3.819555956455745
89603.75487956408,43234.52459520618,89610.803751158,43237.05026751545,89607.17701058446,43235.75079849572,7.487697333860772,3.635182970355891,3.8525143635048806
89603.87990596847,43234.09336663714,89610.79232077605,43237.146724790895,89607.24557317446,43235.58007642318,7.55675025980667,3.6794050781846384,3.8773451816220317
89604.07910252863,43233.7308878265,89610.76801549761,43237.19951091944,89607.32653226762,43235.41487262932,7.534779550054858,3.6580875776513566,3.8766919724035014
89604.24666664639,43233.4509914212,89610.74918545716,43237.15027546283,89607.41769128683,43235.2550333444,7.4811398403780505,3.648282408330667,3.8328574320473834
89604.35183918392,43233.275360963824,89610.75522299424,43236.96659978905,89607.5126309777,43235.09738164293,7.391114143926106,3.648337171743476,3.7427769721826296
89604.40836532999,43233.17078037452,89610.8021550439,43236.70598151509,89607.60433499489,43234.93784216188,7.306038188531367,3.651948720792848,3.65408946773852
89604.46183348191,43233.06787140183,89610.91812660654,43236.48204677766,89607.69049711354,43234.7752347641,7.303445379279762,3.652308653033149,3.6511367262466132
89604.53880250873,43232.92186265206,89611.01517839282,43236.303726422695,89607.77441836614,43234.61145133212,7.306192384210778,3.6501944995476303,3.6559978846631473
89604.63563095902,43232.73782407314,89611.09214351086,43236.16337100688,89607.85948725042,43234.44826251592,7.308962041721659,3.6494998361602224,3.6594622055614368
89604.73996628226,43232.53975701158,89611.1613719859,43236.03698468766,89607.9465979439,43234.28615435582,7.311980075813847,3.6513545839024686,3.6606254919113783
89604.85355151167,43232.34630764827,89611.23019742554,43235.910866578655,89608.03559329879,43234.12507285426,7.305319532990319,3.6454623291159685,3.6598572038743513
89604.97177005182,43232.159316611775,89611.30053037064,43235.78186052232,89608.12629351266,43233.964944840896,7.292189764189375,3.634736794701698,3.657452969487677
89605.08825700272,43231.97533680701,89611.37248853216,43235.649907598185,89608.21852880192,43233.80569588559,7.279700297057221,3.626129602407233,3.6535706946499875
89605.20311136682,43231.79398245212,89611.44592568067,43235.51527821367,89608.31216106535,43233.64726410479,7.267790083799057,3.619508656159343,3.648281427639714
89605.31642072876,43231.6150626659,89611.52570405167,43235.3811003594,89608.40706333828,43233.48958964612,7.262109837578809,3.614681609674997,3.6474282279038115
89605.42822148671,43231.438516449045,89611.60993634255,43235.24637718867,89608.50311022287,43233.33260966696,7.2603995737972316,3.611444289739888,3.648955284057343
89605.53853138821,43231.26431803028,89611.69563616083,43235.109314644345,89608.60017775177,43233.17625862117,7.259059039792237,3.6095976615903984,3.6494613782018384
89605.64736246715,43231.09244946014,89611.78280952305,43234.96990231655,89608.69814335217,43233.020468609,7.257985342328483,3.6089502416612533,3.6490351006672292
89605.75472332118,43230.92289743097,89611.87145976973,43234.8281347208,89608.79688577114,43232.86516970711,7.257089159630639,3.609317659417692,3.647771500212947
89605.86061974923,43230.75565284956,89611.96158776281,43234.68401046668,89608.89628496698,43232.71029027948,7.256294114120358,3.6105222332302107,3.645771880890147
89605.96505513755,43230.5907103922,89612.05319231794,43234.53753144024,89608.99622197243,43232.5557572706,7.25553655579222,3.612392782513079,3.6431437732791405
89606.06803078848,43230.42806799676,89612.14627068127,43234.388702051816,89609.09657873442,43232.40149648277,7.2547654898315805,3.614764535936183,3.640000953895397
89606.16954622132,43230.26772630808,89612.24081903613,43234.23752854228,89609.19723793484,43232.24743283992,7.253942608713558,3.6174791035101563,3.636463505203402
89606.26959939965,43230.109688045006,89612.3368331086,43234.08401839448,89609.29808279684,43232.093490640174,7.253042575759116,3.6203845684804823,3.632658007278634
89606.36818705585,43229.95395689554,89612.4343087372,43233.92818026572,89609.39899688071,43231.93959380064,7.252053753869264,3.6233357715520045,3.62871798231726
89606.46531030691,43229.80052826421,89612.53323723865,43233.77003211729,89609.49986387348,43231.78566609675,7.250979112399232,3.6261946393651363,3.624784473034096
89606.56102184833,43229.649317283925,89612.63355936728,43233.60967186234,89609.60056737595,43231.63163139978,7.249835881301731,3.628829875920052,3.6210060053816795
89606.65556560691,43229.49994518872,89612.73502744208,43233.4474883681,89609.70099087767,43231.47741403667,7.24865183039725,3.6311152728032132,3.617536557594037
89606.74941798727,43229.351672440265,89612.8371659265,43233.28422495024,89609.80104692216,43231.32295802972,7.247457776022762,3.6329610555909055,3.6144967204318568
89606.84300015055,43229.20383861602,89612.93955789504,43233.12054031111,89609.90071673035,43231.16825250592,7.24627963165811,3.6343572489833087,3.611922382674802
89606.93648174223,43229.05617107429,89613.04203812675,43232.95670384063,89609.99999432027,43231.01329499698,7.245134548493936,3.635305126747146,3.60982942174679
89607.02989358352,43228.9086163242,89613.14457933554,43232.79276566521,89610.09887375595,43230.85808312133,7.244031884884515,3.6358025375317418,3.608229347352773
89607.12323876939,43228.76116745619,89613.2471814237,43232.62872900267,89610.19734909294,43230.70261454938,7.2429763184165274,3.635845307077323,3.607131011339205
89607.2165186218,43228.6138218597,89613.34984587699,43232.464592409546,89610.29541437908,43230.54688700446,7.241970522363655,3.6354284394119047,3.6065420829517505
89607.30973468021,43228.46657707357,89613.45257397692,43232.30035402832,89610.39306365572,43230.39089826409,7.241016528356854,3.63454668638754,3.6064698419693144
89607.40288880863,43228.31943068603,89613.5553668709,43232.13601179594,89610.49029095855,43230.23464616105,7.240115860623297,3.6331945104926358,3.6069213501306616
89607.49598416791,43228.17238092736,89613.6582249707,43231.97156307596,89610.58709031878,43230.0781285845,7.239267691542677,3.631364945667172,3.6079027458755055
89607.58902923767,43228.02542817567,89613.76114489378,43231.807003727496,89610.68345576416,43229.921343481095,7.238461530364047,3.6290453804203313,3.6094161499437156
89607.6820660425,43227.87854821638,89613.86409318776,43231.64235583379,89610.77938132017,43229.764288856095,7.237658972735238,3.626207342330041,3.6114516304051962
89607.77542672706,43227.73129261063,89613.96675235742,43231.4780678855,89610.87486101124,43229.60696277446,7.2367698610250795,3.6227933208199885,3.6139765402050905
89607.87088268045,43227.58085373893,89614.06736964147,43231.31695311445,89610.9698888618,43229.44936336192,7.235667847676952,3.6187245713439835,3.6169432763329685
89607.97099212326,43227.41846445295,89614.16430801232,43231.16837675733,89611.06456234147,43229.29155075433,7.24009696013733,3.616438716119825,3.623658244017505
89608.08252432673,43227.23645148641,89614.25072978885,43231.04012651851,89611.1598029744,43229.13408024314,7.24670286217965,3.6153338398808232,3.631369022298827
89608.20660060528,43227.034374129296,89614.32416030556,43230.93192929538,89611.25694644245,43228.97777806777,7.253652387539114,3.6168257622390465,3.6368266253000674
89608.33596180055,43226.824958156685,89614.39223568648,43230.831075431815,89611.35723141831,43228.82347482011,7.261365505433106,3.6224493036047916,3.638916201828314
89608.45810063524,43226.62793835309,89614.4679964675,43230.717828517256,89611.46047199589,43228.67113078461,7.269528834083752,3.6316482620801227,3.637880572003629
89608.56055260869,43226.45368254708,89614.56058725224,43230.57955695535,89611.5652173081,43228.51981576074,7.28170689857196,3.6464937148582424,3.635213183713718
89608.63367283692,43226.30155870894,89614.67283794435,43230.41269831524,89611.66998944517,43228.368519233285,7.305681628520295,3.6730837663683364,3.6325978621519583
89608.68969605574,43226.18094421083,89614.80472979292,43230.21706659512,89611.77330984946,43228.216229032,7.3269312476531985,3.694733864862534,3.6321973827906646
89608.73076786502,43226.08873348872,89614.953501046,43229.99561811544,89611.87366342366,43228.06197044116,7.347527184572545,3.7109913180870033,3.6365358664855414
89608.76471017528,43226.01190950617,89615.11038511852,43229.76008280859,89611.9695159702,43227.90487886245,7.369965643762507,3.7221113856168953,3.647854258145612
89608.80308588893,43225.92927645414,89615.26279116362,43229.52983114678,89612.06055252982,43227.74494554516,7.395389532042306,3.729308671134114,3.666080860908192
89608.85294171862,43225.8253985002,89615.3996544498,43229.317486907006,89612.14792322478,43227.58297796012,7.419846967790036,3.7344328463437346,3.6854141214463016
89608.91575040882,43225.695261664376,89615.5168416242,43229.12695462967,89612.23291561908,43227.41974825432,7.4398200140664645,3.738641334903976,3.7011786791624885
89608.99786230584,43225.54144779273,89615.61900587955,43228.961800337165,89612.31683112169,43227.25596161455,7.452405903587678,3.7356541121684166,3.7167517914192616
89609.09908756269,43225.3642747639,89615.70617766868,43228.82204618136,89612.4009791039,43227.09229446953,7.457199396826228,3.7267331341192698,3.7304662627069582
89609.21340997679,43225.16372181718,89615.7794606996,43228.70567735648,89612.48666605695,43226.92942887068,7.460460517752487,3.7191298397777017,3.7413306779747857
89609.33663166431,43224.94804389421,89615.84317304076,43228.60467352499,89612.57515826385,43226.76807216664,7.463646624820283,3.714910153471539,3.748736471348744
89609.46170090475,43224.73009877469,89615.90471448081,43228.50609518695,89612.66693816177,43226.608562142894,7.467969794176428,3.7151272521203857,3.7528425420560416
89609.5831924647,43224.51891698948,89615.96989493439,43228.40073757104,89612.76153427552,43226.45070515439,7.473854391388148,3.7193631417801822,3.754491249607965
89609.69921168304,43224.31730998607,89616.04087500292,43228.28572005252,89612.85842474678,43226.294245230485,7.480974008654947,3.726781472360554,3.754192536294393
89609.81564900301,43224.12960617178,89616.11807524323,43228.16068998387,89612.95710047141,43226.138904483225,7.481324295437579,3.7290745544555373,3.752249740982042
89609.93089186889,43223.95482393418,89616.2014754302,43228.02579486318,89613.0570635937,43225.98438862608,7.476163622083764,3.7272084046389677,3.7489552174447955
89610.04028277316,43223.788837534805,89616.29056208259,43227.88189655079,89613.15782492123,43225.83039183296,7.471219683173595,3.726528276739075,3.74469140643452
89610.14534489381,43223.62934531337,89616.3838406196,43227.73134228172,89613.25892520083,43225.67661725658,7.466271361866056,3.726352739303278,3.7399186225627785
89610.24803399552,43223.47341432822,89616.47938604084,43227.57712382664,89613.36014388988,43225.52292058811,7.461245201714259,3.7263526274203214,3.7348925742939385
89610.34950512409,43223.31931882397,89616.57608044168,43227.42101330208,89613.46141166742,43225.3692562564,7.456147649919869,3.726419972483299,3.7297276774365695
89610.45017449229,43223.16643780234,89616.67527511615,43227.26480574665,89613.56266200877,43225.21558043637,7.453086446848165,3.726468042914055,3.72661840393411
89610.550667748,43223.01382375607,89616.77785559146,43227.11044498949,89613.66382861664,43225.06184948506,7.4538697310735555,3.726416506597068,3.7274532244764877
89610.6523698711,43222.85936673423,89616.87921933155,43226.95792279596,89613.76489082593,43224.90804987787,7.454650628586576,3.7262433250291904,3.7284073035573857
89610.75819546184,43222.70175706747,89616.97788027681,43226.80949710573,89613.8660435569,43224.75430981384,7.453724399220768,3.7244721181181366,3.729252281102631
89610.86875752822,43222.53988033715,89617.07312456249,43226.6662368091,89613.96755621982,43224.60080725372,7.451240704037454,3.721555197295762,3.729685506741692
89610.98267290318,43222.37305223996,89617.1650254933,43226.52797305879,89614.06969711282,43224.44772214719,7.448815379606311,3.719405018937674,3.7294103606686364
89611.09849840321,43222.20347929134,89617.2550058862,43226.39246611377,89614.17273213297,43224.29523761619,7.446488768980758,3.7183821636240664,3.7281066053566914
89611.21239368751,43222.03683737588,89617.34688877883,43226.25398056558,89614.27683292919,43224.14347863064,7.444214310983626,3.718699401962258,3.725514909021368
89611.31974267992,43221.87976855198,89617.44526844339,43226.10583803905,89614.38158671334,43223.99216926884,7.441890162355863,3.7198287156224614,3.722061446733402
89611.418107211,43221.73574791124,89617.55256248458,43225.94459230074,89614.48629702785,43223.84082987593,7.439483355622864,3.720908334039254,3.7185750215836095
89611.5080988044,43221.60407573482,89617.66816270651,43225.77099727838,89614.59026400783,43223.68897937143,7.437043930770924,3.721097353622953,3.715946577147971
89611.59686349121,43221.47454140006,89617.78466484458,43225.59506639464,89614.69278059184,43223.53614690056,7.434218978466186,3.719532219734145,3.7146867587320402
89611.7024275207,43221.32002397206,89617.88439541304,43225.4441087893,89614.7934416727,43223.38208537276,7.431339219939946,3.7157052773482615,3.7156339425916842
89611.83806103129,43221.12495850845,89617.95584729893,43225.33496756412,89614.89505586693,43223.22865703688,7.426404585354154,3.7108981289793816,3.7155064563747726
89611.97874220979,43220.92780959059,89618.02311643482,43225.22846111347,89615.00167419991,43223.07866776421,7.418225077032499,3.710028126572151,3.7081969504603487
89612.07829337273,43220.788362849424,89618.12471696737,43225.05948596025,89615.11079404622,43222.93047676403,7.402819119355863,3.7127769065586915,3.6900422127971715
89612.12781165076,43220.720524370896,89618.27437954047,43224.81867452066,89615.21694801508,43222.780165101605,7.387498323035478,3.712799943027016,3.6746983800084627
89612.16610009811,43220.67435352926,89618.43481395177,43224.55654711372,89615.31566155303,43222.62487473295,7.373479531839386,3.704628230249473,3.668851301589914
89612.23797965763,43220.58071072421,89618.56375064442,43224.34216438808,89615.40869792718,43222.4660959103,7.359613593306147,3.688920119061079,3.670693474245068
89612.36183080506,43220.40601589682,89618.64391928236,43224.210068138746,89615.50074882925,43222.30674084098,7.344075782316712,3.6695451592635804,3.6745306230531316
89612.53401604,43220.16305324129,89618.67988073408,43224.14971359319,89615.59657276214,43222.14964301421,7.325647657358736,3.65045101353327,3.675196643825466
89612.722006742,43219.90363834704,89618.700678962,43224.10720732569,89615.70015758325,43221.99756649751,7.308523357883633,3.6405930193625093,3.6679303385211237
89612.87927728574,43219.69127748596,89618.75097089594,43224.0160990792,89615.81004908461,43221.84995368903,7.292521351730005,3.639959654551061,3.652561697178944
89612.98221031086,43219.552193132615,89618.85277547444,43223.84896793054,89615.92131524964,43221.70336820368,7.275012646328189,3.642237228340856,3.6327754179873324
89613.04466252092,43219.4677812967,89618.99148971325,43223.62526933028,89616.02937373471,43221.554414300685,7.255994790872448,3.6417768085197895,3.614217982352658
89613.09221416268,43219.3991787131,89619.13957092914,43223.38296906266,89616.13256938722,43221.40204894411,7.241623396063197,3.640775886215877,3.6008475098473194
89613.13774268428,43219.31978758537,89619.28167197284,43223.14682355921,89616.23144604226,43221.24684297458,7.238374917614019,3.644796693954542,3.593578223659477
89613.19214823705,43219.22697673473,89619.4147950621,43222.92418881511,89616.32667268101,43221.08936862528,7.238142764309317,3.6460591113912173,3.5920836529180997
89613.25532134458,43219.11940872785,89619.53915602295,43222.7160246184,89616.4189525088,43220.93014752676,7.240319338899727,3.6451799874769253,3.5951393514228016
89613.32704608676,43218.99698830014,89619.65500897999,43222.52228523218,89616.50901026757,43220.76965763904,7.243675368007553,3.64242400511386,3.6012513628936924
89613.40710163834,43218.8599711232,89619.76256147059,43222.34273512422,89616.59758355202,43220.60834275255,7.247172880935402,3.6381283918874177,3.609044489047984
89613.49476774942,43218.7095816106,89619.86248497906,43222.17627084986,89616.68541726648,43220.44662351991,7.250224617092142,3.6328444689208843,3.617380148171258
89613.58825298485,43218.54904169464,89619.95651563027,43222.01982362064,89616.77321842454,43220.28488658516,7.252661325262787,3.627280294655142,3.6253810306076457
89613.6852913277,43218.38244631246,89620.0468893094,43221.86941138159,89616.86136743947,43220.123339029305,7.254574713519237,3.6219010090499455,3.632673704469292
89613.78450552758,43218.21222233583,89620.1349797828,43221.722663878405,89616.95002216162,43219.96206851405,7.256150707504416,3.616967957802608,3.6391827497018077
89613.88549077982,43218.03901993756,89620.2211953346,43221.57895933829,89617.0393329204,43219.80116047374,7.257570059338356,3.6127357385902505,3.644834320748105
89613.98818218765,43217.86290743306,89620.30560337452,43221.438243868215,89617.12944935361,43219.640702377656,7.2589834740776915,3.609447918032644,3.6495355560450475
89614.09257313037,43217.68387803221,89620.39032217655,43221.3017390561,89617.22052007445,43219.48078411201,7.262958173971243,3.6073430034596705,3.6556151705115725
89614.19866808054,43217.50191929085,89620.47652222034,43221.17018340615,89617.312692293,43219.32149833646,7.271011911709993,3.6066625429835137,3.6643493687264796
89614.30647792274,43217.31701501289,89620.5607642063,43221.041634680856,89617.40611138573,43219.162940807415,7.27934671434423,3.6076543132291516,3.671692401115078
89614.41602386553,43217.129148558175,89620.643061181,43220.91608597477,89617.5009204068,43219.00521065933,7.288133418478283,3.6105672238228976,3.6775661946553857
89614.52733368987,43216.93834783079,89620.72345462826,43220.793481198045,89617.59725953672,43218.84841063416,7.297531634908076,3.615630597556854,3.6819010373512215
89614.64025236896,43216.7450606788,89620.80222505804,43220.67334470434,89617.69526546504,43218.69264724817,7.30762087182158,3.6230095862980782,3.6846112855235016
89614.75356520335,43216.55155441287,89620.88078811475,43220.55337524508,89617.79507035912,43218.53803065663,7.318294239716861,3.6327457218412484,3.685548517875613
89614.86406901386,43216.36315135533,89620.96259811692,43220.42822983015,89617.89668731234,43218.38459849933,7.329182780327175,3.644588083764728,3.684594696562447
89614.9680367562,43216.185746450166,89621.05157963393,43220.29209363258,89617.99960207522,43218.23203278431,7.339726229757716,3.657550552595254,3.682175677162462
89615.06348114739,43216.02247505749,89621.1497909361,43220.14203641573,89618.10308089957,43218.07984863765,7.349418523159304,3.670415875867067,3.6790026472922372
89615.14989568012,43215.8742347494,89621.25771243688,43219.97739539511,89618.20639403365,43217.92755212016,7.358080783649072,3.6821589333188554,3.6759218503302167
89615.22716281281,43215.74128414815,89621.37538963207,43219.79808410153,89618.30880938299,43217.77465119176,7.366024632248825,3.692035633296334,3.6739889989524905
89615.29378431618,43215.62280323417,89621.50278452958,43219.6040469627,89618.4095835692,43217.620665038616,7.3757701479986135,3.7013047395203693,3.6744654084782438
89615.34832795353,43215.51718173932,89621.63937256063,43219.3956990821,89618.5079542026,43217.465134432256,7.390543892490995,3.7118402077378736,3.6787036847531214
89615.3968183504,43215.42301019413,89621.78250160026,43219.17640692084,89618.60313454123,43217.30763384309,7.407086981779317,3.7191759589736333,3.687911022805684
89615.44517381367,43215.33011709143,89621.9258765414,43218.95560209561,89618.69448919185,43217.147884623264,7.425877009554904,3.723214904715852,3.702662104839052
89615.49999969825,43215.2261033476,89622.06115298947,43218.74434566995,89618.78239244259,43216.98620742993,7.444915147254649,3.724522588026058,3.720392559228592
89615.56456916488,43215.103950625606,89622.18460797044,43218.54949452323,89618.86779099546,43216.82319101209,7.463021274100035,3.723850422411799,3.7391708516882356
89615.6395089065,43214.9618547689,89622.29644366605,43218.373627571375,89618.95166610237,43216.65938413057,7.480305745664063,3.721826329079974,3.75847941658409
89615.72478504141,43214.79969023661,89622.39641026134,43218.21713941143,89619.03500935882,43216.49530553213,7.495968378911435,3.7192332895329363,3.776735089378499
89615.82020281753,43214.6178859527,89622.4846069051,43218.07994868093,89619.11881507625,43216.33146311469,7.5100040064343645,3.717148036259428,3.7928559701749367
89615.92470449944,43214.418773834535,89622.56222842477,43217.96001597562,89619.20407392885,43216.16837354675,7.52310572577187,3.7169023403271777,3.8062033854446926
89616.03513662913,43214.20876630028,89622.6328295336,43217.85101265845,89619.29168689465,43216.00653804632,7.5362795990663045,3.7198256521925255,3.8164539468737786
89616.14713650278,43213.99615810534,89622.70133669405,43217.7445385293,89619.38190456128,43215.84613966917,7.550357339223281,3.7264133129261063,3.8239440262971747
89616.25790577821,43213.78594615335,89622.77104739024,43217.63550518632,89619.47451968295,43215.68711304932,7.565719952964271,3.736447588075385,3.829272364888886
89616.36663022451,43213.5795126849,89622.84309530506,43217.52251269496,89619.56930798173,43215.529371640296,7.582337965228614,3.749545940847094,3.8327920243815203
89616.47469396277,43213.37795907707,89622.91773429354,43217.40538505593,89619.66604915612,43215.37281988293,7.598218785954542,3.763537910647785,3.8346808753067565
89616.59856558488,43213.19190517999,89622.99502601638,43217.28409868386,89619.764527152,43215.21735441387,7.593467832604937,3.7584248354228205,3.835042997182117
89616.72446733166,43213.01304905977,89623.07498982066,43217.15863957341,89619.86453020925,43215.06286518261,7.583868181213733,3.7498988003221503,3.833969380891583
89616.84750825605,43212.83824438204,89623.15763083573,43217.0290023138,89619.9658507165,43214.909236470645,7.574965281325861,3.7434032552932988,3.8315620260325622
89616.96772959013,43212.66743272098,89623.24294773255,43216.89519082016,89620.06828490405,43214.75634781223,7.566525046554149,3.738583891408226,3.8279411551459233
89617.0851637266,43212.50057019577,89623.33093670703,43216.75721794215,89620.1716324026,43214.60407482182,7.5583549903273735,3.735106504474619,3.823248485852754
89617.19984292967,43212.3376140566,89623.42158829892,43216.61511780886,89620.27569569332,43214.45228993726,7.550308191753805,3.7326564674351976,3.817651724318607
89617.31188156414,43212.17840379426,89623.51481043207,43216.469066783255,89620.38027947086,43214.30086309029,7.542288474046796,3.730938109549883,3.8113503644969122
89617.42178261504,43212.02222188743,89623.61012129705,43216.31982860428,89620.48519002239,43214.14966237654,7.534252393966632,3.729673977451548,3.8045784165150835
89617.53069055648,43211.8674350422,89623.70639398367,43216.16910897774,89620.59027410707,43213.99858219677,7.526201662741081,3.7286511901100217,3.7975504726310594
89617.63983873393,43211.71228800105,89623.8024165938,43216.01873003727,89620.69553957645,43213.84762835658,7.518165260904189,3.7278661554527224,3.7902991054514663
89617.74985201827,43211.55589861469,89623.89759159661,43215.86960789216,89620.80105797159,43213.69685122834,7.510179069343879,3.727403367422315,3.7827757019215635
89617.8609597697,43211.39812802151,89623.9917924862,43215.72194406114,89620.90690148964,43213.54630218296,7.502166016698762,3.7272527670025277,3.774913249696235
89617.97329794333,43211.23915793653,89624.08505289683,43215.57565867658,89621.01314193252,43213.39603301442,7.493916684888873,3.7272995023498696,3.766617182539003
89618.086252922,43211.0793458854,89624.17771527331,43215.430176455455,89621.11985055616,43213.24609598828,7.48569570759608,3.7279378501126237,3.7577578574834565
89618.19867089357,43210.92032283099,89624.27089059609,43215.28380443309,89621.22708499795,43213.09653458995,7.47742093288238,3.7292344532696484,3.7481864796127313
89618.30888169493,43210.76442599351,89624.36619109468,43215.134158559726,89621.33474545684,43212.947279450265,7.468973146594907,3.731045526298679,3.737927620296228
89618.41575248969,43210.613226090914,89624.46467610936,43214.97965898808,89621.44258369372,43212.79815264712,7.460242167790897,3.7330431545439526,3.7271990132469446
89618.5189251321,43210.46722109814,89624.5660121551,43214.81938433662,89621.55034121331,43212.64896753338,7.450408466532745,3.7349030730563264,3.715505393476419
89618.61834561228,43210.32649128069,89624.67043812839,43214.65347423754,89621.6577592461,43212.499537901866,7.439798742735247,3.7363306672740904,3.7034680754611564
89618.71400805385,43210.19105013186,89624.77826639144,43214.48221582108,89621.76457759336,43212.34967919664,7.4289522920357935,3.7370648849984414,3.6918874070373526
89618.8059199883,43210.060900567776,89624.8894758562,43214.30565747718,89621.87053353272,43212.19920977425,7.418059936249262,3.7368733506983283,3.6811865855509334
89618.89417383028,43209.93596134402,89625.00400025999,43214.12392904301,89621.97536083129,43212.04795225192,7.4073647438826855,3.735534624422022,3.6718301194606635
89618.97935140438,43209.81551926565,89625.1213464108,43213.937777518215,89622.07878891796,43211.8957349756,7.397101848676044,3.7328019369517076,3.6642999117243362
89619.06336392953,43209.69695213302,89625.23977565946,43213.749811827496,89622.18055213965,43211.742400107454,7.387403709069131,3.728366901665054,3.6590368074040773
89619.14924150205,43209.57586237862,89625.35648557634,43213.56437041612,89622.2806184748,43211.58795209626,7.378216272451291,3.7220997806838203,3.6561164917674707
89619.23925758479,43209.4488391298,89625.46939496644,43213.38483202487,89622.3793007275,43211.43261552624,7.369304706974455,3.7141943580139074,3.655110348960547
89619.33421163657,43209.3146855918,89625.57780941311,43213.21242138958,89622.47696163681,43211.2766343933,7.360357161478408,3.704877955312689,3.6554792061657184
89619.43422369301,43209.17325925585,89625.68163868632,43213.04734010271,89622.57396823486,43211.12024523092,7.351101720606081,3.6944214939891475,3.6566802266169343
89619.53927189072,43209.02461293257,89625.78088264441,43212.88960325182,89622.67069007814,43210.9636796794,7.341379636580637,3.6831725065719065,3.658207130008731
89619.64929743085,43208.8688111127,89625.87554101131,43212.73921183351,89622.76749771688,43210.80716719186,7.331173907559931,3.671566057340677,3.6596078502192535
89619.76405422011,43208.70591644396,89625.96565562734,43212.596080545256,89622.86476127087,43210.6509377964,7.320740177682727,3.660258498534253,3.660481679148474
89619.8786930449,43208.53395229475,89626.05165571952,43212.45945642333,89622.96284897816,43210.49522484006,7.3153982014511545,3.654942929468116,3.660455271983038
89619.99484349805,43208.35779917228,89626.13525457826,43212.32651517594,89623.06211878468,43210.34026324669,7.311316909538331,3.652169422459934,3.659147487078396
89620.110312643,43208.18282688008,89626.21952505194,43212.19238339554,89623.16268523828,43210.18613980678,7.307463288192228,3.6510602765070144,3.6564030116852138
89620.22252286441,43208.0128830652,89626.30656666073,43212.05285035703,89623.26426317384,43210.03268072981,7.303213308851287,3.651269192484306,3.6519441163669817
89620.33046907559,43207.849397763326,89626.39683520194,43211.906111245495,89623.36651000378,43209.879666253,7.297788860701375,3.6523327693109437,3.645456091390431
89620.4339641717,43207.69261432499,89626.491373499,43211.75252775585,89623.46908616129,43209.72687222231,7.292126221110707,3.6537885385646884,3.6383376825460187
89620.53298739357,43207.542556795925,89626.59016519113,43211.59211458307,89623.57165359992,43209.57407233679,7.286173285248086,3.6552082986370005,3.6309649866110862
89620.62753517707,43207.39923421634,89626.69318714435,43211.42491180324,89623.67387418475,43209.42104031854,7.279987213024263,3.6562113265776564,3.6237758864466074
89620.71764288789,43207.26261893631,89626.8004014609,43211.25099966379,89623.77540808279,43209.267552083744,7.273728939473812,3.6564579736165954,3.6172709658572164
89620.80366139626,43207.132269097645,89626.9114969831,43211.07086471853,89623.87591225487,43209.11338798684,7.267612470454512,3.655619973592873,3.6119924968616393
89620.8872035561,43207.00588252288,89627.02496678944,43210.88681837909,89623.97503919553,43208.958335230855,7.2618042268077385,3.6533273208113535,3.6084769059963846
89620.97178533982,43206.87812945103,89627.13746581692,43210.70414547441,89624.07257156087,43208.802274506495,7.256308590246629,3.64927518599707,3.6070334042495595
89621.06099826533,43206.74334716352,89627.24556896475,43210.528469556746,89624.16883685009,43208.64542835194,7.250935544315384,3.6437032695170233,3.6072322747983607
89621.15655115253,43206.598777028405,89627.3476589483,43210.362579108805,89624.2643626071,43208.48813029205,7.2454138487297985,3.637052074410958,3.6083617743188405
89621.25880640918,43206.44384590183,89627.44338794831,43210.20712127853,89624.35968387367,43208.330708107394,7.2395642393048645,3.6298333339921327,3.6097309053127318
89621.36775750412,43206.27857093765,89627.53272297424,43210.06215031489,89624.45533680859,43208.17348738888,7.233413589144321,3.622686064031529,3.610727525112792
89621.48318356565,43206.1033084732,89627.6158087474,43209.92734591856,89624.5518557703,43208.01679727416,7.227195445217685,3.6163778136447893,3.610817631572896
89621.60387609756,43205.92004320318,89627.69447485237,43209.80115341737,89624.64977016502,43207.86097605536,7.222077934134757,3.611743485748423,3.6103344483863338
89621.72514459174,43205.73344911396,89627.77532535589,43209.68013093937,89624.749538438,43207.70633584532,7.2236406825066215,3.6109888108539505,3.612651871652671
89621.84153184631,43205.54994177905,89627.85936075814,43209.55492004171,89624.85103981716,43207.55282688672,7.2287008304729525,3.6150638972462663,3.613636933226686
89621.95237042001,43205.375121271296,89627.94911655397,43209.421066707,89624.95377290044,43207.40013882228,7.2339918899456155,3.620650898845341,3.6133409911002747
89622.05684807974,43205.21018418101,89628.04546006172,43209.27744195921,89625.05722705026,43207.24793800429,7.239202946812039,3.6269428739739102,3.612260072838129
89622.15483942976,43205.05530819502,89628.14850199272,43209.12393428845,89625.160896912,43207.09588390793,7.244149998917441,3.6332259531535573,3.6109240457638836
89622.2464140621,43204.91037614568,89628.2581202136,43208.96070778888,89625.26427880698,43206.94363400766,7.248847996195861,3.6389071369946158,3.6099408592012456
89622.33235629805,43204.77421627085,89628.3734641827,43208.78893172424,89625.36686696939,43206.79084853552,7.253476728138479,3.643495671104218,3.609981057034261
89622.41524705614,43204.64295429442,89628.49190446483,43208.61239597893,89625.46817458888,43206.63721148352,7.258252720134465,3.6465638972130145,3.61168882292145
89622.4988154042,43204.51083299072,89628.6096862107,43208.43671467224,89625.56810229603,43206.4826731139,7.263283623199123,3.64810574076246,3.615177882436663
89622.58551161656,43204.37390410091,89628.7243257747,43208.265722351134,89625.66693056445,43206.32742901432,7.268513504215947,3.648479453101841,3.620034051114106
89622.67605947089,43204.230908803205,89628.83505411803,43208.10063213054,89625.76497059353,43206.17168569136,7.273786750624685,3.6480113559568683,3.6257753946678175
89622.77054532927,43204.08166019937,89628.9417447902,43207.94163346966,89625.86253657317,43206.01564482067,7.278948855006356,3.6470133489964582,3.631935506009898
89622.86896566693,43203.92615192731,89629.04437488537,43207.78876271586,89625.95994438163,43205.85950511385,7.28391660571716,3.645820066676788,3.638096539040371
89622.97128259788,43203.76444936773,89629.142974921,43207.64200029463,89626.05751041054,43205.7034642626,7.288702718722857,3.6448018977948338,3.6439008209280233
89623.07714623824,43203.597144556086,89629.23546120143,43207.49925215928,89626.15555043545,43205.54772090892,7.290492914252527,3.644354608106482,3.6461383061460455
89623.18498556963,43203.42679295628,89629.32552955722,43207.35928614267,89626.25437764481,43205.39247607717,7.29182988861326,3.6448700721615284,3.646959816451732
89623.29161845539,43203.25842718155,89629.41682019683,43207.217335963,89626.35411641748,43205.23781522546,7.293219804254521,3.6464874600345945,3.646732344219927
89623.39242224433,43203.09551457418,89629.51230363356,43207.0688537187,89626.45441653923,43205.08351760142,7.296600042181376,3.6507485668423723,3.6458514753390046
89623.48655435198,43202.940233449895,89629.6132380544,43206.91195742589,89626.5548336707,43204.929296047085,7.301427568011542,3.6565978714090313,3.6448296966025104
89623.57516741236,43202.793864959225,89629.71984054561,43206.74631485992,89626.65492355742,43204.774862022336,7.306084322812119,3.6618639075048325,3.6442204153072866
89623.65846505857,43202.65611412892,89629.83186352934,43206.572231614016,89626.7542399452,43204.61992970132,7.310733536106758,3.6661142577843124,3.644619278322445
89623.73785928173,43202.52480906528,89629.94783830177,43206.3918198324,89626.85233211161,43204.464219831134,7.315573231293607,3.6689583163040727,3.646614914989534
89623.81706543181,43202.39403325293,89630.06399837251,43206.210859939376,89626.94882469466,43204.307513895765,7.320678733560225,3.670057799399139,3.6506209341610862
89623.900470989,43202.25651927415,89630.17589575355,43206.03648017573,89627.04396956417,43204.1499854799,7.325917034268583,3.6697135534513987,3.6562034808171844
89623.99042296593,43202.108192232445,89630.28109663515,43205.87270237274,89627.1383538076,43203.99199979997,7.331037567019944,3.668541881377901,3.6624956856420425
89624.08747747485,43201.948021067474,89630.37896256693,43205.720586299394,89627.23257702107,43203.83391794339,7.335873028682061,3.6671866849445602,3.668686343737501
89624.1916670029,43201.77596703271,89630.46953924956,43205.58030822121,89627.32723976075,43203.67609906656,7.340619307927761,3.666376721754737,3.674242586173024
89624.30261220755,43201.592827045104,89630.55326074357,43205.451157021445,89627.42293987355,43203.51890750541,7.345564466206424,3.66691023652524,3.6786542296811846
89624.41805148369,43201.40264973213,89630.63237392074,43205.3290371696,89627.52026845462,43203.36271967791,7.350804150618007,3.6695536958998147,3.6812504547181923
89624.53237479662,43201.21472914637,89630.71270135361,43205.20465935623,89627.61959899744,43203.20779731123,7.356356396384566,3.674680118855154,3.6816762775294123
89624.63939794815,43201.0387835314,89630.80061367036,43205.06835367928,89627.72034468768,43203.05379055575,7.361930096943076,3.681370141671445,3.680559955271631
89624.73608569785,43200.87951355603,89630.89926461269,43204.91558231131,89627.82162537899,43202.90013474634,7.367131418243111,3.6882875591015174,3.6788438591415935
89624.82172203403,43200.737900806045,89631.00927785746,43204.745457704375,89627.92256480797,43202.74625472721,7.371998328908862,3.694416243653003,3.677582085255859
89624.89689476839,43200.613166955525,89631.1299451665,43204.558775046986,89628.02228283619,43202.59158111693,7.37690588775104,3.698942168835496,3.677963718915543
89624.96540781352,43200.499700915934,89631.25732775552,43204.36097470357,89628.11988557322,43202.43556525899,7.382255198761362,3.701121545039157,3.681133653722205
89625.03657162156,43200.38266866311,89631.38199351539,43204.16654838965,89628.21469188044,43202.27783461959,7.387971629318341,3.7002840948354807,3.68768753448286
89625.12056283695,43200.24462906345,89631.49357873568,43203.99270145859,89628.30760418266,43202.11897911479,7.393468626072908,3.697353195763595,3.696115430309313
89625.22229459598,43200.076631064505,89631.58689235325,43203.84845319638,89628.40023399776,43201.95995841758,7.398293506368752,3.6940791491558067,3.7042143572129453
89625.34142330448,43199.87936606625,89631.6627174678,43203.73368160152,89628.49420337059,43201.80172682043,7.40368206669767,3.6926268447392694,3.711055221958401
89625.4733443007,43199.66066381367,89631.74874239895,43203.655273338496,89628.5911139416,43201.6452819933,7.438919716421246,3.695835068371942,3.743084648049304
89625.62195658709,43199.41441500319,89631.81038050956,43203.60101674315,89628.6925139564,43201.49171303352,7.471561066690322,3.707221286226386,3.7643397804639367
