left_x,left_y,right_x,right_y,center_x,center_y,width,w_tr_left_m,w_tr_right_m
89630.98879083274,43123.631199700205,89637.09538898323,43127.92084845636,89634.0253999564,43125.76430003352,7.462682320907014,3.7109448934098848,3.751737427497129
89631.16894084452,43123.37920709462,89637.13877977645,43127.8823268667,89634.1324719475,43125.614632909026,7.477776217584258,3.7120968514654504,3.7656793661188073
89631.36453090783,43123.14212256546,89637.18279957377,43127.842223100626,89634.2452111174,43125.469186647046,7.479528131522486,3.703185307026379,3.7763428244961066
89631.56698742798,43122.897171343466,89637.21954708995,43127.81102452059,89634.36335774093,43125.32809739479,7.4898322115597376,3.7052851488021785,3.7845470627575595
89631.7710799825,43122.65220904545,89637.25518205325,43127.78027388171,89634.48667136299,43125.191500926296,7.5081726384484675,3.717861847697227,3.7903107907512394
89631.96982675018,43122.41566882394,89637.29794779711,43127.7412963123,89634.61492383225,43125.05953047998,7.5333522962555755,3.7398657802906703,3.793486515964906
89632.15329239647,43122.19809683676,89637.35904918541,43127.68397374322,89634.74744616293,43124.93184358067,7.562729580277313,3.7686917153389365,3.7940378649383772
89632.32531323351,43122.021876575396,89637.44788692276,43127.60071554767,89634.88278303035,43124.807139169985,7.573918122538647,3.781315514887644,3.7926026076510033
89632.4766292102,43121.88401444769,89637.56753311455,43127.48956354593,89635.01947562298,43124.683920006675,7.572284019912216,3.7822664531735746,3.790017566738641
89632.60107314431,43121.770276241834,89637.71403132303,43127.35414716714,89635.15611657381,43124.5606437586,7.571129034133988,3.7834385875529084,3.7876904465810806
89632.71443941268,43121.666824264925,89637.87159318996,43127.20841053217,89635.29134400496,43124.435820658524,7.570035333775434,3.7825631092893786,3.7874722244860557
89632.84134397686,43121.55095733021,89638.01565618995,43127.07514334538,89635.42508237889,43124.309401301325,7.5690258569387865,3.779513310561393,3.7895125463773933
89632.99907651228,43121.405973122724,89638.12890013053,43126.97119891336,89635.55893033269,43124.18309837039,7.568822565733384,3.7769481883364224,3.791874377396961
89633.19284788787,43121.2270481087,89638.20609270557,43126.90149024284,89635.69459395137,43124.05875208419,7.57183789836151,3.7785556851596134,3.7932822132018957
89633.42321865784,43121.01964120124,89638.24929935017,43126.86314382377,89635.8336961721,43123.93827353236,7.578861643742541,3.7853938442402253,3.793467799502316
89633.70917309832,43120.826862388065,89638.26668517475,43126.8476192736,89635.97757792259,43123.82355483322,7.551330142707738,3.7585050130659283,3.7928251296418094
89634.01215698905,43120.62420792864,89638.26768944245,43126.84594369814,89636.12667280798,43123.71570218391,7.538044529893935,3.745550239414098,3.7924942904798367
89634.32763789703,43120.414932863525,89638.25684412062,43126.85284012219,89636.28100180396,43123.615487305164,7.542428110857314,3.7496532236812157,3.7927748871760967
89634.65237327258,43120.20371837559,89638.23841414583,43126.86188213825,89636.4405272224,43123.52377671593,7.5626581336642955,3.771076695713335,3.79158143795096
89634.99283237162,43120.04408268212,89638.2272924314,43126.85978078128,89636.60504470434,43123.44135660213,7.544387728457529,3.760488464531129,3.783899263926401
89635.30704525154,43119.91833444641,89638.25061827795,43126.841332355805,89636.77347510199,43123.3672340841,7.522882368044857,3.7477502824269617,3.775132085617896
89635.57212778048,43119.812936113965,89638.32595719096,43126.80872218875,89636.94438685462,43123.29900619523,7.518308405741414,3.746447586554755,3.771860819186658
89635.78515819891,43119.7276393364,89638.45379327609,43126.755747413634,89637.11660270649,43123.23412777005,7.517707252904258,3.750760870999265,3.7669463819049938
89635.94980384613,43119.660734662975,89638.63027808633,43126.68420095834,89637.28910693919,43123.17001756271,7.517588651946754,3.7561720893153145,3.7614165626314398
89636.0819827346,43119.60663559434,89638.83917920273,43126.599816412985,89637.4609303188,43123.104111113644,7.51711004797514,3.759506586112003,3.757603461863138
89636.2116542886,43119.55405954048,89639.05050643781,43126.51392768523,89637.63151464639,43123.035059101276,7.516577411661373,3.759439300660275,3.7571381110010997
89636.36454059811,43119.49228048083,89639.23864502368,43126.43725464071,89637.80135066775,43122.96418224432,7.516192188051041,3.7574626678831287,3.7587295201679125
89636.55170098158,43119.41984935722,89639.39376213819,43126.3743515134,89637.97114280929,43122.89320032667,7.5128297718397095,3.75220358001534,3.760626191824369
89636.78153671962,43119.357108944765,89639.51532521824,43126.32542946599,89638.14159924377,43122.82383337764,7.4854363910630255,3.7239915898786893,3.7614448011843358
89637.03988901195,43119.28616281238,89639.60833516625,43126.28804738345,89638.3133737116,43122.75780703061,7.458182833454543,3.6978870476363763,3.7602957858181663
89637.31670057272,43119.21067132715,89639.68247088739,43126.258024873976,89638.4868793876,43122.69648012716,7.433950017756466,3.677031528239307,3.7569184895171595
89637.60385941241,43119.13304567164,89639.74591587199,43126.23219106464,89638.66214397503,43122.64038077458,7.415395084446726,3.6635786124994696,3.7518164719472566
89637.89870123815,43119.05375057455,89639.80166091165,43126.20928184499,89638.83911468169,43122.58992545375,7.404387759584528,3.6591552545221995,3.745232505062328
89638.20133760512,43118.97286311608,89639.85010447042,43126.18826925523,89639.01770637627,43122.54555340707,7.401544285128756,3.664853092860131,3.736691192268624
89638.51033193656,43118.89167332573,89639.89342822366,43126.16648989914,89639.19779575687,43122.50772319052,7.405287568450618,3.6808980385882473,3.724389529862371
89638.81488091222,43118.816709011466,89639.94388599267,43126.139213951785,89639.37921392263,43122.47689740884,7.409142127871152,3.7034935958710173,3.7056485320001338
89639.09208419452,43118.78170845113,89640.02987073947,43126.11323207625,89639.5616485506,43122.452758858206,7.391288078969022,3.700975075394884,3.690313003574138
89639.30973303101,43118.75545244455,89640.17538220188,43126.07566194233,89639.74454294863,43122.432332834556,7.371216568490607,3.702500998592596,3.668715569898011
89639.4578061341,43118.736737136234,89640.38912610646,43126.02510416178,89639.92743947629,43122.41192953336,7.3476882006146775,3.705106801122624,3.642581399492054
89639.54527752685,43118.72554003958,89640.66095428681,43125.96256382941,89640.10988019903,43122.38784828669,7.322665503245333,3.705649358419157,3.6170161448261764
89639.60172488491,43118.71981000693,89640.96146548596,43125.891923740004,89640.29127824257,43122.35691658144,7.30004252190347,3.7019824391889777,3.5980600827144933
89639.66210254123,43118.714722265,89641.25739816097,43125.81991531039,89640.47135525974,43122.319021476884,7.282213349392713,3.694096679435445,3.5881166699572673
89639.7448007287,43118.70652549863,89641.53202600869,43125.751796185,89640.6501613053,43122.27550490092,7.2685040985048355,3.6820624283939063,3.5864416701109305
89639.8539319211,43118.694225551015,89641.78208803666,43125.68954662905,89640.82787063271,43122.22769417039,7.256228595052799,3.6652554324192566,3.5909731626335426
89639.98934747725,43118.67799156954,89642.00836686722,43125.63511932309,89641.00474667967,43122.176879257524,7.2441869522535045,3.6432534523320577,3.600933499921447
89640.14981289403,43118.65820162309,89642.21340698702,43125.59375675095,89641.1811124286,43122.124316164554,7.236045886677214,3.6162870979144253,3.6197587887627884
89640.33061107187,43118.625337528225,89642.39596779158,43125.55719108573,89641.35730466021,43122.07117311843,7.233002143086219,3.59553744569678,3.637464697389439
89640.52711743937,43118.56838116503,89642.5566891533,43125.52530502961,89641.5336419139,43122.018514529285,7.2469410872595885,3.5939618701517793,3.6529792171078093
89640.74393415944,43118.50549052991,89642.69611846964,43125.49806329005,89641.71043258713,43121.967402708695,7.260001364485865,3.5943126122905724,3.665688752195293
89640.97811422718,43118.43779828913,89642.81732044612,43125.474706116715,89641.88795839409,43121.91891268958,7.273347226882189,3.5980795775582046,3.675267649323984
89641.22089620196,43118.36807242266,89642.9295487264,43125.45288502646,89642.06642864717,43121.874029326595,7.2879988181372335,3.6065039145329805,3.681494903604253
89641.46038976271,43118.29955308536,89643.04535073244,43125.42979588993,89642.24578096866,43121.832805861886,7.304321586316784,3.619512983464392,3.6848086028523923
89641.68919165972,43118.23401933663,89643.17253900944,43125.40408172512,89642.42579930757,43121.794589492994,7.321919829134864,3.6359796986875637,3.6859401304472996
89641.9051545646,43118.17197629962,89643.31334124121,43125.375569423646,89642.60629580385,43121.758694251854,7.339954859971173,3.654612533076715,3.685342326894458
89642.1092545203,43118.12073737645,89643.4680150003,43125.3443249401,89642.78710989865,43121.724431008406,7.3502726576418675,3.6668938962102278,3.68337876143164
89642.30077792174,43118.07766761419,89643.63650179094,43125.31039154031,89642.96810038493,43121.69110991748,7.355029320355718,3.674545579043052,3.680483741312666
89642.47888312826,43118.03748967906,89643.81850877212,43125.2738325737,89643.14913727884,43121.658041365474,7.35929846210935,3.6820700391043646,3.6772284230049848
89642.64481235747,43117.99994714444,89644.01268140887,43125.23489096718,89643.33009365157,43121.62453611864,7.363121690296366,3.688804218505133,3.6743174717912335
89642.80189155674,43117.96438801137,89644.21562776518,43125.194182011386,89643.51084868771,43121.5899629014,7.366730310461811,3.6942454906247093,3.6724848198371025
89642.95415263067,43117.929986935036,89644.42331621326,43125.152477569885,89643.6913397436,43121.55403750535,7.370413419959977,3.6982743334787953,3.6721390864811823
89643.10384992766,43117.89622926561,89644.6335277957,43125.11023909452,89643.87153644064,43121.51666409205,7.374419443094736,3.700938230800248,3.673481212294486
89643.25156886269,43117.862945032,89644.84483925154,43125.06362444032,89644.05140686283,43121.477751154285,7.374858181969184,3.702245845880998,3.6726123360881866
89643.39739994121,43117.830099852545,89645.05636564444,43125.00941111621,89644.23091675437,43121.43720801931,7.368510463366998,3.7021679490943136,3.6663425142726846
89643.54142917579,43117.797705238714,89645.26959424281,43124.95476654201,89644.4100294234,43121.39494505812,7.362769845804552,3.7006318640985403,3.662137981706011
89643.68428440433,43117.76572237337,89645.4839881665,43124.899791422504,89644.58870566069,43121.350873919386,7.3575933042856585,3.697481073115682,3.6601122311699763
89643.82937437022,43117.73350223436,89645.6962789554,43124.84523747377,89644.76690367653,43121.304907789054,7.352708393173162,3.6924181444902557,3.660290248682907
89643.98578826974,43117.69886251677,89645.89754151873,43124.793419626876,89644.94461260854,43121.257084132485,7.347623697129657,3.685144971126104,3.6624787260035534
89644.16490634548,43117.65878161385,89646.07643196621,43124.747503703686,89645.12207476712,43121.20834953199,7.341932302351635,3.6763594150972274,3.6655728872544073
89644.3732634734,43117.6114830381,89646.22623701916,43124.70935760671,89645.29970928843,43121.160249851986,7.335792066401765,3.667720740769842,3.6680713256319217
89644.61117957233,43117.557154076654,89646.3464039618,43124.67869702202,89645.47792461254,43121.11435875712,7.329983760576837,3.6613211442475935,3.668662616329244
89644.86842055613,43117.4982562189,89646.44697749346,43124.651904722836,89645.65707169531,43121.072269977005,7.325846025870862,3.660043336316112,3.6658026895547495
89645.11069967286,43117.43541043221,89646.56130017315,43124.62181673535,89645.83735179406,43121.03534394631,7.331372773114811,3.6725511998943534,3.6588215732204574
89645.29433130486,43117.38428301428,89646.73584568218,43124.587245117014,89646.01827771876,43121.001675845604,7.345812984074386,3.6891347897380093,3.6566781943363766
89645.4061947316,43117.34991428445,89646.98217259815,43124.53989153977,89646.19881045134,43120.96600089515,7.360822636499657,3.7020111191824143,3.658811517317242
89645.48207432937,43117.32594436144,89647.26442134572,43124.48406162517,89646.37799925693,43120.92412580163,7.376855386000813,3.708132401945168,3.668722984055645
89645.56871339334,43117.301130652784,89647.53626791778,43124.428157538576,89646.5557461006,43120.87647081958,7.393724945145124,3.709129207918693,3.6845957372264304
89645.6885589235,43117.26783992608,89647.77194738362,43124.36729897014,89646.73242704454,43120.82498615672,7.398862883895715,3.707160201163202,3.691702682732513
89645.84573059477,43117.223716334855,89647.96951990778,43124.31334072405,89646.90854136327,43120.771586637384,7.400895556284807,3.703640157392304,3.6972553988925023
89646.03725278836,43117.16942034997,89648.13274857218,43124.26930639785,89647.08464829429,43120.71816286769,7.402683142358912,3.700090413259994,3.7025927290989173
89646.25052823003,43117.10894272401,89648.27408147042,43124.23128896066,89647.26130106795,43120.66658098101,7.4042558501076705,3.698453291918674,3.705802558188996
89646.46434512865,43117.048396284954,89648.41646849069,43124.199409549394,89647.43871173348,43120.61766580788,7.412694261618765,3.6998837732203693,3.7128104883983966
89646.67181378369,43116.988974048676,89648.57415878931,43124.20055764259,89647.6165157498,43120.57019413623,7.458294554064108,3.703737823340577,3.754556730723531
89646.90002425124,43116.92966043538,89648.71018578243,43124.2026548595,89647.79445061323,43120.52321666668,7.494975061310959,3.7032439037728033,3.791731157538156
89647.19027097741,43116.87688212091,89648.78292774275,43124.20576298808,89647.97312043203,43120.47915391328,7.500333207634456,3.686550124465381,3.8137830831690747
89647.56141911863,43116.80718302311,89648.76732157706,43124.21201092758,89648.1533863331,43120.44227066222,7.503355326146954,3.683452420582687,3.819902905564267
89648.0195118418,43116.72657969931,89648.66142829823,43124.21792175111,89648.33563701593,43120.41723924873,7.5204602322024785,3.7049951274315815,3.815465104770897
89648.53083791804,43116.65145947988,89648.50816122186,43124.21515680497,89648.51936316518,43120.409119341944,7.565417800991355,3.7585158803653678,3.806901920625987
89648.99881587236,43116.56717874369,89648.41283673419,43124.2049395805,89648.70297565962,43120.42007702844,7.660924267540651,3.8646019236173346,3.796322343923316
89649.32870971768,43116.47571205066,89648.46539357629,43124.20548959125,89648.88562475806,43120.4424854251,7.777875377004044,3.991461568357055,3.7864138086469885
89649.51335884527,43116.39292910968,89648.65726643562,43124.22410389022,89649.06812645981,43120.46612829373,7.877886404022682,4.097490393727831,3.780396010294851
89649.63251554979,43116.32499229381,89648.9060391593,43124.24969229871,89649.2512414027,43120.484369388534,7.958001257733303,4.176853316165334,3.7811479415679674
89649.76739407779,43116.33812300932,89649.13295395309,43124.27264027174,89649.43472906019,43120.49848912624,7.95984537760761,4.173646933041253,3.786198444566357
89649.96191483701,43116.38364415971,89649.30367770823,43124.29078158566,89649.61829262367,43120.51161222171,7.934526865311333,4.14226567358165,3.7922611917296827
89650.22576258161,43116.44014739042,89649.40968381174,43124.30392269473,89649.80168720958,43120.52686039496,7.906216593843964,4.108765934272896,3.797450659571067
89650.56132804013,43116.50934951625,89649.4468674736,43124.31128957553,89649.98454686259,43120.54745472156,7.881660971386477,4.079361368637274,3.8022996027492044
89650.96925630537,43116.60623689802,89649.41081615574,43124.30991312753,89650.16619023166,43120.57678140402,7.86074679083045,4.0514657710497355,3.8092810197807143
89651.41239188268,43116.854720167394,89649.30335949571,43124.29121191312,89650.34539898827,43120.61834417093,7.731344798743234,3.912740159282057,3.818604639461177
89651.86292671581,43117.13723560069,89649.16454702908,43124.24696884851,89650.52021612079,43120.67550764538,7.606043685851056,3.7852037959309377,3.8208398899201175
89652.23867723776,43117.33504450019,89649.11869675807,43124.207826542006,89650.68817343586,43120.75044454492,7.548070245054654,3.7509993659383616,3.7970708791162937
89652.4035552279,43117.420597118,89649.3009824573,43124.24617478162,89650.8514157176,43120.83540292171,7.497976746307784,3.75117778515494,3.7467989611528445
89652.37533107118,43117.42113652624,89649.67193322936,43124.377119011464,89651.01880002543,43120.911516649445,7.463759447140342,3.7451791865545747,3.718580260585768
89652.40828175856,43117.45875252333,89649.97768241864,43124.4817334043,89651.194437756,43120.96605996331,7.431696736993283,3.7114193246729688,3.7202774123203146
89652.71925704296,43117.62293708425,89649.99319015243,43124.48640780225,89651.37071768306,43121.01859042601,7.386738743518609,3.6544758529703594,3.7322628905482493
89653.19522145373,43117.87728609466,89649.83040302187,43124.409634128184,89651.53799814552,43121.09460136986,7.350109622912894,3.620070996500682,3.730038626412212
89653.57878408197,43118.10658083669,89649.76101288109,43124.356700998826,89651.69490360309,43121.190621302856,7.324313579741396,3.6141138424049672,3.71019973733643
89653.78811030481,43118.23509258461,89649.8781439137,43124.3971442681,89651.84754478277,43121.293420739144,7.2978731931589005,3.6220468745809313,3.6758263185779687
89653.89325212322,43118.294769689324,89650.1088750471,43124.495183534396,89652.00299286873,43121.39186450939,7.264171050518338,3.628423978586386,3.6357470719319513
89654.00598981522,43118.35965630152,89650.31873972286,43124.60810676436,89652.16236926834,43121.48387222818,7.255277067634593,3.6276282335186694,3.6276488341159236
89654.1661347675,43118.45376563448,89650.47531213831,43124.70147970461,89652.3213731437,43121.57652351736,7.256458273618545,3.6269523297635153,3.62950594385503
89654.34279001411,43118.56495693102,89650.61159791541,43124.784066895474,89652.47924750735,43121.67109338783,7.252546948722444,3.62228556177201,3.6302613869504348
89654.56548857404,43118.7042178379,89650.69990738246,43124.84104495669,89652.63740949663,43121.7651800182,7.253163320533744,3.6177652640970988,3.635398056436645
89654.91104741639,43118.9236034402,89650.6637673973,43124.81833904599,89652.79396919123,43121.86182078794,7.267140256499078,3.622307623866329,3.64483263263275
89655.33402030123,43119.217606320555,89650.55260214242,43124.72251903923,89652.93831861424,43121.975540042375,7.293172251632175,3.6539971874897006,3.6391750641424743
89655.65556807622,43119.45403897905,89650.54959973798,43124.687311279886,89653.06795705274,43122.10606246464,7.311628345397688,3.705325425325535,3.606302920072153
89655.77855143236,43119.524762004636,89650.74466563672,43124.81312592342,89653.19422523794,43122.23992913934,7.301655743890724,3.7487090469977407,3.5529466968929833
89655.7384575771,43119.46851932088,89651.06606047157,43125.085747471414,89653.32928735256,43122.36475327545,7.307952155706381,3.7680259049483835,3.5399262507579983
89655.64813331031,43119.39636410693,89651.40871711248,43125.40693656256,89653.47615074273,43122.475499432716,7.35649765085977,3.768742367739345,3.5877552831204245
89655.60259138329,43119.36964168806,89651.71525378892,43125.68981237693,89653.63114797333,43122.57462753176,7.420574858435971,3.763088231650553,3.6574866267854187
89655.63359821413,43119.39480663211,89651.9542263807,43125.92678940956,89653.79102656775,43122.665733967,7.497133346024312,3.7542836676793163,3.742849678344996
89655.74349817056,43119.46741998298,89652.11983673128,43126.11706960794,89653.95324000722,43122.75264646342,7.572897426465869,3.7413554373798146,3.8315419890860545
89655.93060571078,43119.58545467792,89652.2197807843,43126.23781982261,89654.11563496801,43122.83922166608,7.617480262305181,3.725795773792288,3.8916844885128925
89656.19524155711,43119.749463617256,89652.25053961528,43126.285353259555,89654.27608702917,43122.92932136582,7.634566137183068,3.7143721084943193,3.9201940286887496
89656.53826572209,43119.96231018626,89652.21070193418,43126.259258764454,89654.43213256249,43123.02680228409,7.641846981945802,3.719042939188384,3.9228040427574182
89656.95033603004,43120.22452517121,89652.11230461419,43126.167964475935,89654.58063591477,43123.135353398684,7.665490023347574,3.7543694379794395,3.911120585368135
89657.39754157854,43120.52000932001,89651.99356720422,43126.04207083847,89654.71793454136,43123.25771387286,7.728300164606429,3.8318172215668427,3.896482943039586
89657.82569272067,43120.826244788535,89651.89767547284,43125.92762446849,89654.8427657604,43123.39281339661,7.822367943544213,3.935885828522673,3.8864821150215407
89658.22117544262,43121.11221167523,89651.8404490365,43125.85292903668,89654.9564495788,43123.53745891065,7.950126132796982,4.067500588368265,3.8826255444287168
89658.58937137149,43121.3719666627,89651.81658192992,43125.81991162999,89655.06077400288,43123.689021191916,8.103464320505026,4.221704993578951,3.881759326926077
89658.89930851597,43121.636605570995,89651.81638636158,43125.81816745411,89655.1573713728,43123.845635045305,8.225655720921992,4.3455936614647275,3.8800620594572646
89659.13991277604,43121.91712906903,89651.83372651774,43125.83835302939,89655.24712434609,43124.006275555745,8.292313222312874,4.418152090124861,3.8741611321880125
89659.36670323594,43122.182000242305,89651.86662282368,43125.876892071945,89655.33077558312,43124.1701817331,8.361093744241217,4.499207557191894,3.8618861870493237
89659.5796455174,43122.431129875105,89651.91479422101,43125.93347047678,89655.40914791092,43124.33668121814,8.427300410082074,4.5853115177246275,3.841988892357446
89659.74377187356,43122.67817241178,89651.97812376801,43126.008228685074,89655.48311382622,43124.50518819484,8.449642293544798,4.6359209069783525,3.813721386566447
89659.86183715722,43122.918728012446,89652.0563823461,43126.10104527433,89655.55357281369,43124.675194272604,8.429309814805876,4.652592713946047,3.7767171008598304
89659.96902498658,43123.136804394875,89652.14922791065,43126.21155197988,89655.62143721408,43124.84625468199,8.402600380571485,4.671601614224659,3.730998766346828
89660.06532639086,43123.33238883389,89652.25621798502,43126.33921499936,89655.68762513244,43125.017972017704,8.367989498899632,4.691000018846912,3.6769894800527205
89660.15064016132,43123.50527576416,89652.37683186495,43126.483396455355,89655.7530585442,43125.18997883329,8.324740592286046,4.709241017515152,3.6154995747708942
89660.21928559507,43123.65722503433,89652.51049840261,43126.64339947882,89655.81866471654,43125.36191967676,8.266971878533285,4.719269932553184,3.547701945980101
89660.25346625419,43123.79483572106,89652.65427392158,43126.81944442359,89655.88537910348,43125.53343269965,8.179032386720635,4.701393365451848,3.477639021268789
89660.28151875325,43123.90686342982,89652.80390614663,43127.01244368647,89655.95414786648,43125.704130770544,8.096945904220547,4.685799366241282,3.4111465379792656
89660.30336432785,43123.992667413615,89652.96444879351,43127.219719505076,89656.02592805936,43125.873582082095,8.017208057543504,4.672794445772402,3.344413611771103
89660.31868787682,43124.05149432865,89653.11561384873,43127.45025641102,89656.10168330478,43126.04129058386,7.964866355967403,4.662995418816843,3.3018709371505595
89660.32668721965,43124.08273031288,89653.25162317706,43127.708674845875,89656.18237257218,43126.206677246635,7.950393403873909,4.657051042372725,3.2933423615011845
89660.3250573486,43124.08683943969,89653.3973440892,43127.984820629674,89656.2689296371,43126.36906420243,7.949469871275504,4.654351201281625,3.295118669993879
89660.30874149216,43124.06905299338,89653.55276431754,43128.27802632856,89656.36223128064,43126.52766514619,7.960340923911256,4.650006767654829,3.310334156256427
89660.27531121086,43124.05323990686,89653.67677334549,43128.60295248173,89656.46305368743,43126.6815867666,8.015494468639229,4.6307708687387565,3.3847235999004726
89660.2463208608,43124.10436503808,89653.78563669848,43128.89693496568,89656.5718576291,43126.82997210678,8.044319402099841,4.575066256111937,3.469253145987904
89660.27010215342,43124.30804276683,89653.85581263519,43129.07956972175,89656.68554281123,43126.974688473936,7.994513425626101,4.4677270827302795,3.526786342895822
89660.34551432502,43124.7234431466,89653.85865387875,43129.10517094157,89656.79653763153,43127.12145087599,7.82935809786474,4.283882321983775,3.5454757758809645
89660.37936051247,43125.387459720005,89653.78980347571,43128.957694515644,89656.89694270966,43127.27554854547,7.498425493182444,3.9633524436456655,3.535073049536779
89660.42971662202,43126.20582042523,89653.6648098332,43128.6231161069,89656.97682913949,43127.4410005807,7.19080058811368,3.670723318477652,3.520077269636028
89660.45251666965,43127.07595649167,89653.53498875376,43128.16831231139,89657.0224075621,43127.61868797041,7.010223845113824,3.4762425770469845,3.533981268066839
89660.42464407439,43127.798193566785,89653.43988567905,43127.80586350569,89657.03020561754,43127.8022171135,6.988023897123609,3.3960267091393046,3.591997187984305
89660.38945861744,43128.26279291663,89653.43467534476,43127.69151665698,89657.01472698603,43127.98551297198,6.9786921376799445,3.3863391656686916,3.592352972011253
89660.37823586431,43128.476938080596,89653.50509617619,43127.8498059331,89656.99098052671,43128.16800391089,6.901847181810778,3.4013910907866585,3.5004560910241196
89660.38820028002,43128.45678558997,89653.60966849624,43128.24625841119,89656.97221893101,43128.35102765748,6.783676067379108,3.4185638503278555,3.3651122170512524
89660.38829243937,43128.250008314426,89653.70665158394,43128.8065159454,89656.97232785824,43128.53481889513,6.708191718787044,3.4295639375798097,3.2786277812072346
89660.35539160157,43128.03645261563,89653.83461746052,43129.35813632042,89657.00250751986,43128.71604982491,6.655233402750342,3.4220224696855515,3.2332109330647905
89660.32831598683,43128.030814623235,89653.92823604493,43129.71556060865,89657.05329603974,43128.8928825831,6.618170761704452,3.3866095381226766,3.2315612235817737
89660.33833490999,43128.28661110601,89653.92855803129,43129.83803934502,89657.10668347003,43129.068982737896,6.595466801195864,3.3253139412206028,3.270152859975261
89660.35835940967,43128.7140737711,89653.9013666222,43129.788110280286,89657.1463637944,43129.248546582334,6.547174392652921,3.2568886044233496,3.2902857882295713
89660.34849297031,43129.16725438689,89653.88778950652,43129.70322684152,89657.1673004703,43129.431285964994,6.484035555746945,3.1926912585820633,3.2913442971648803
89660.32182776042,43129.55233506015,89653.88925066449,43129.68061267405,89657.17394852565,43129.61515121236,6.4343604173801445,3.148752768883147,3.2856076484969976
89660.2951531928,43129.85309322275,89653.8948703558,43129.74255565457,89657.17144118661,43129.79915111174,6.401365369132976,3.1242402298376533,3.277125139295323
89660.27360188615,43130.087056624085,89653.89968396521,43129.87383794692,89657.1647366984,43129.98305992237,6.377498335573066,3.1106115187009737,3.266886816872093
89660.25571081633,43130.291083437194,89653.90350219345,43130.036572605975,89657.15786642344,43130.16696376393,6.357313247824062,3.100333810182351,3.256979437641711
89660.23856935251,43130.50583476308,89653.90699055998,43130.188057033345,89657.15068029748,43130.35085494459,6.339592610192806,3.09179740239369,3.2477952077991157
89660.21494236069,43130.75353646334,89653.9103710457,43130.30453778368,89657.14087924897,43130.534621049796,6.32068644073623,3.0819197966608147,3.238766644075416
89660.16334239683,43131.036763574695,89653.914868534,43130.38102978105,89657.12606639572,43130.71804294579,6.283088813168278,3.0540996083276393,3.2289892048406386
89660.10389856387,43131.34722502375,89653.92354838066,43130.42735855342,89657.10383642736,43130.900702072286,6.248832030364059,3.033304833718517,3.2155271966455414
89660.04264992592,43131.6544552835,89653.93770713023,43130.47791980813,89657.07207881044,43131.081938018906,6.217550802771929,3.025370717739002,3.1921800850329274
89659.98918817446,43131.91384974835,89653.95250054411,43130.58230307504,89657.0322045774,43131.26158657393,6.181839827971366,3.028089544405685,3.1537502835656808
89659.95273522977,43132.09544139696,89653.96177999064,43130.771437195486,89656.9894282015,43131.44057804056,6.13555122724584,3.03482229514509,3.1007289321007505
89659.93512491879,43132.19076530054,89653.9635210087,43131.04940727729,89656.9492001028,43131.62014931434,6.080040479653071,3.0401290591798404,3.03991142047323
89659.9278380616,43132.214561751374,89653.94638227035,43131.3935008102,89656.9170698498,43131.801312601376,6.038200971110492,3.039326516390469,2.9988744547200237
89659.9135633978,43132.23479264254,89653.92301903764,43131.73718974704,89656.89846547131,43131.984320142896,6.01152048470266,3.025657433213891,2.985863051488769
89659.88266676042,43132.36231862832,89653.90957231873,43131.97468382465,89656.89135358902,43132.16820129959,5.985671054113948,2.997610907217998,2.9880601468959496
89659.83222377008,43132.650243580014,89653.90615673903,43132.05090857265,89656.88273021253,43132.352004248634,5.956936054538867,2.9648516934791753,2.9920843610596926
89659.7614827246,43133.023472519366,89653.91747482675,43132.038707668384,89656.85886154295,43132.53434041537,5.927173922286787,2.943930962973955,2.9832429593128325
89659.69535551836,43133.329815872734,89653.92754961866,43132.09490586059,89656.8184265759,43132.713829662185,5.8986013297019815,2.9421735963745768,2.956427733327405
89659.66290666159,43133.478817063726,89653.91215764052,43132.31140464031,89656.77397784869,43132.89240910938,5.868297739224575,2.9479702667109446,2.9203274725136303
89659.65643164532,43133.49504899614,89653.8794644112,43132.659243148155,89656.73893866866,43133.07298638695,5.837948801606741,2.9482845458412847,2.889664255765456
89659.64646898142,43133.486711525664,89653.85327467961,43133.02999547299,89656.7206082099,43133.25602239815,5.8117522026448425,2.9352354104463205,2.876516792198522
89659.62099045009,43133.55332834129,89653.838151049,43133.32776859629,89656.71379460231,43133.439906931686,5.787331965092499,2.9094554317341492,2.87787653335835
89659.58290497144,43133.72903760489,89653.82768914658,43133.518334391636,89656.7110549113,43133.62391818137,5.7591124094397665,2.873793684831967,2.8853187246077994
89659.53365987437,43134.007664238474,89653.8210947724,43133.603977590865,89656.70505423965,43133.807836580236,5.727220688507211,2.835858323128475,2.8913623653787366
89659.4714800267,43134.35055244787,89653.82251244613,43133.62077964727,89656.68844372244,43133.99105089643,5.696577650255303,2.806488208690684,2.890089441564619
89659.40389107312,43134.685955129295,89653.82959605023,43133.64364709038,89656.65764041114,43134.17242995103,5.671300990159574,2.7940452533331728,2.877255736826402
89659.34649128959,43134.95352900988,89653.83103863636,43133.737873165075,89656.61747722671,43134.35201171391,5.647889064120191,2.7945466514688815,2.853342412651309
89659.30903273841,43135.13242728659,89653.81971171734,43133.92498284856,89656.57435014828,43134.5309189213,5.620587034007386,2.8000728797370797,2.820514154270306
89659.29017564355,43135.22839342637,89653.79747731163,43134.19616277845,89656.53451742616,43134.710574266595,5.589141704823785,2.8040348321622006,2.7851068726615837
89659.2794386728,43135.27330281066,89653.77274638705,43134.51674348441,89656.50404185858,43134.892019307925,5.558869472748198,2.8016907674103133,2.757178705337885
89659.26571688104,43135.31773042626,89653.75272140336,43134.83655574392,89656.48467286084,43135.0749956937,5.534285137695236,2.791784089739976,2.7425010479552605
89659.24779605417,43135.39695577612,89653.73760559608,43135.12233057424,89656.47376684567,43135.258688179536,5.517178542375352,2.7775478508669513,2.7396306915084017
89659.23832798887,43135.52109312344,89653.72507825703,43135.36494458122,89656.46829875662,43135.44263382655,5.515494559253538,2.771157261624975,2.7443372976285634
89659.22899008001,43135.687751373785,89653.71395261877,43135.56580442664,89656.46527668406,43135.626640859875,5.5163855283011385,2.764388945120365,2.751996583180773
89659.21852274777,43135.887552536,89653.70397957719,43135.73368954462,89656.46175349619,43135.810638240306,5.516703823564221,2.757849294543319,2.7588545290209026
89659.2071145646,43136.10347381294,89653.69497258564,43135.88529025448,89656.45569509202,43135.99456830019,5.516483397343657,2.7535864351068167,2.76289696223684
89659.19531272097,43136.32035735666,89653.68637563915,43136.03579151753,89656.44710400011,43136.17839820307,5.516302188293677,2.75188288414227,2.7644193041514082
89659.18362305552,43136.531794891234,89653.67766960742,43136.1917310877,89656.43642539544,43136.36211928282,5.516457796365744,2.7524388477359483,2.7640189486297952
89659.17226742944,43136.73606358989,89653.66862086684,43136.35490730311,89656.42411150518,43136.54573849628,5.5168352562416425,2.7547415468349437,2.762093709406699
89659.16143582154,43136.93075139332,89653.65903047571,43136.52774339914,89656.4106178194,43136.72927513597,5.517144888938276,2.758186774912342,2.7589581140259343
89659.15152923093,43137.11079369257,89653.64849743327,43136.71524072776,89656.39658493051,43136.912771620126,5.517231963453653,2.7620531695096617,2.755178793943991
89659.14294153376,43137.271005666495,89653.63663511633,43136.92245917397,89656.38331644144,43137.096324274185,5.517347558886379,2.765158542671938,2.752189016214441
89659.13823685932,43137.40961691546,89653.62354355027,43137.15122941423,89656.3723385409,43137.2800259852,5.520799612203902,2.7689607688649294,2.7518388433389727
89659.13924183737,43137.5312181092,89653.61015065038,43137.39707130671,89656.36519020471,43137.4639128879,5.530803099537736,2.774910563625919,2.755892535911817
89659.13959811888,43137.65350309645,89653.59786165568,43137.6423824481,89656.36330253682,43137.647925419195,5.5418048554358235,2.776329870817244,2.765474984618579
89659.13957208159,43137.804750211064,89653.58704261963,43137.85917937082,89656.36582502852,43137.83193759346,5.552800742969332,2.773882547338125,2.7789181956312072
89659.1401016997,43138.00455720183,89653.57709736141,43138.02739627467,89656.36922942204,43138.015938057266,5.563076104884516,2.7709080511039805,2.7921680537805353
89659.14046781258,43138.25360188903,89653.56841128804,43138.14572431829,89656.36973359455,43138.199962996994,5.573221606410438,2.771313499683549,2.8019081067268887
89659.13856742864,43138.526110311264,89653.56203030846,43138.2402869326,89656.36357754457,43138.38387091362,5.5839950988676375,2.778701510984377,2.805293587883261
89659.13559249176,43138.767394628805,89653.55528241929,43138.36673747213,89656.34950751078,43138.567351945414,5.594693123314087,2.7932664612774585,2.8014266620366297
89659.13633179528,43138.92602881035,89653.54228256263,43138.576029962,89656.33313898284,43138.75065404615,5.6050635070560615,2.808711406933576,2.796352100122486
89659.14060426365,43138.98410779538,89653.52317377618,43138.88487977582,89656.32181860409,43138.934315514896,5.618770954085073,2.8194583052002495,2.799312648884824
89659.14529444317,43138.97217015028,89653.50751329096,43139.26409658288,89656.32311458029,43139.11826474865,5.646054614109488,2.8263197481009725,2.819734866008515
89659.14781332595,43138.97535272628,89653.50122681419,43139.6313181574,89656.3414137811,43139.30131047031,5.684953842939438,2.82546164507494,2.859492197864498
89659.15939175643,43139.0762766407,89653.49578199259,43139.90231125742,89656.37025628533,43139.483055347635,5.723552678445082,2.8186531387921896,2.9048995396528925
89659.19095528236,43139.30457562145,89653.48308910965,43140.040920794185,89656.40042014567,43139.664595768074,5.7553181958182495,2.8137375604601527,2.9415806353580973
89659.23651892506,43139.64642029823,89653.46746127664,43140.05812304456,89656.42278650781,43139.847220004325,5.784350833815855,2.821191387421164,2.963159446394691
89659.27953386694,43140.03982650058,89653.46018642499,43140.02204164504,89656.42890439619,43140.03105176562,5.82007422061282,2.8509850562138417,2.9690891643989783
89659.31232482214,43140.39603981628,89653.46060978368,43140.02954534116,89656.41949448119,43140.214797256805,5.8634944821776624,2.8986571439167994,2.964837338260864
89659.33869114732,43140.66043215933,89653.4572821842,43140.134853502524,89656.40156033682,43140.39794468811,5.904869181831238,2.9488481918168934,2.9560209900143444
89659.37431031014,43140.81658848323,89653.44377980857,43140.349484230355,89656.38210477486,43140.580944548376,5.948979772832137,3.001511523259098,2.947468249573039
89659.39846871195,43140.85822787919,89653.42132421216,43140.67316044477,89656.36807885142,43140.76441912098,5.980510258871484,3.032095520920274,2.9484147379512096
89659.40519288495,43140.80376033034,89653.39823489593,43141.08976803849,89656.3667745559,43140.94837144241,6.014703937548176,3.0423343587747858,2.9723695787733897
89659.39564130554,43140.71711964115,89653.38332155715,43141.54461907743,89656.38427596516,43141.13146228335,6.069878834790723,3.0401795169558237,3.0296993178348988
89659.38447290896,43140.67278833823,89653.3738301152,43141.96887986216,89656.41863911883,43141.312197581254,6.149302534126313,3.0342283757202275,3.115074158406085
89659.38725667368,43140.70242531596,89653.3620551427,43142.326992071794,89656.46463314995,43141.4903636765,6.240578484081152,3.0270742139209412,3.2135042701602106
89659.40922175208,43140.804647604906,89653.34481306284,43142.61245011921,89656.5173482997,43141.666677470086,6.328170797928134,3.017640081892444,3.3105307160356907
89659.44732444621,43140.963862359764,89653.33516156882,43142.83141185543,89656.5722893628,43141.84231714398,6.391109420319563,3.0062452174426566,3.3848642028769063
89659.49371480703,43141.154534799854,89653.35826302493,43143.002619020794,89656.62617485026,43142.0182829104,6.407749249469792,2.9948056314431564,3.4129436180266364
89659.54150781075,43141.35358846445,89653.38316445163,43143.16285349768,89656.67858180338,43142.194694876314,6.418622898147012,2.9839276385522657,3.434695259594746
89659.58817418724,43141.55066019654,89653.4097891889,43143.32480496154,89656.72976223272,43142.37146679039,6.428070424982616,2.973929204745054,3.4541412202375628
89659.63353145737,43141.74348309516,89653.43791801504,43143.49135758485,89656.77998162154,43142.548514299335,6.4374468471433595,2.9649331250836526,3.472513722059707
89659.67773030928,43141.931771585696,89653.4671692734,43143.66305720248,89656.82951218264,43142.72575587483,6.447358357212014,2.956815850515878,3.490542506696136
89659.72083850588,43142.115478654494,89653.49739342634,43143.84012056198,89656.8786314093,43142.90311196186,6.457991944486303,2.9493232678507515,3.5086686766355526
89659.77153843784,43142.29218809618,89653.52856167972,43144.02270156178,89656.92762066856,43143.080504018755,6.478382230385306,2.951154081101776,3.527228149283529
89659.84406464452,43142.45788618249,89653.56068290173,43144.21092754743,89656.97676381284,43143.25785348229,6.523346384745634,2.97680422346007,3.546542161285564
89659.91572493612,43142.61872194625,89653.63119379088,43144.39433211611,89657.02634578214,43143.43508069144,6.5305547272314275,3.0024919823151857,3.5280627449162414
89659.98532922532,43142.77491444208,89653.70758914277,43144.581793967,89657.07665116602,43143.61210380457,6.532600921233932,3.0267644080760396,3.505836513157893
89660.09104125405,43142.91512362438,89653.78602062292,43144.774242682644,89657.12796269513,43143.78883774633,6.573406413767011,3.089211024857064,3.484195388909947
89660.20705744,43143.04616596589,89653.86648865817,43144.97152058739,89657.18055963393,43143.96519322252,6.626453888167027,3.1629606478588412,3.463493240308184
89660.31720095876,43143.17253063267,89653.9490973313,43145.1734234526,89657.23471605084,43144.1410758437,6.675060405253164,3.231071024106192,3.4439893811469715
89660.41871955825,43143.294950212585,89654.03410673513,43145.379782326316,89657.29069894948,43144.31638540109,6.716394368365836,3.290574116027553,3.425820252338283
89660.50608098868,43143.413184896606,89654.1313619387,43145.58933233302,89657.34876625471,43144.49101533955,6.735939348211639,3.3362266263676883,3.3997127218439505
89660.56809611896,43143.51202744007,89654.24591921127,43145.81921827623,89657.40916465891,43144.664852473936,6.730062923928816,3.36274098063015,3.3673219432986654
89660.57989521878,43143.53128810831,89654.39155186641,43146.13280061278,89657.47223262682,43144.837738013135,6.713255680125466,3.371271462895883,3.341984217229584
89660.50454007326,43143.40205489004,89654.64865949051,43146.57682445764,89657.54471253483,43145.006808860075,6.662255022847825,3.3674430021533537,3.2948120206944704
89660.3514525907,43143.19025048908,89654.99373462453,43147.09073910996,89657.64251411997,43145.162360942435,6.628341979941641,3.3513658516864173,3.2769761282552246
89660.24055625615,43143.072911040865,89655.31353110148,43147.50458402755,89657.76370300911,43145.30070873769,6.627353511784413,3.331596269937245,3.295757241847168
89660.25907851172,43143.10535392385,89655.5537981934,43147.73147482122,89657.89468324522,43145.429969285804,6.598595741229536,3.315781314840345,3.282814426389192
89660.37065637637,43143.22862657158,89655.7005608594,43147.87009183251,89658.02545468854,43145.559450945744,6.584299014574813,3.306465427802964,3.2778335867718487
89660.49954254816,43143.36781837254,89655.82842457556,43147.99470367742,89658.15427243362,43145.69088019304,6.5747555659711745,3.3010465212682574,3.2737090447029176
89660.60276059914,43143.47959094923,89655.98156762475,43148.14670694325,89658.28319222973,43145.82220939098,6.567921619841637,3.2967117748553467,3.2712098449862896
89660.67069261846,43143.55310429242,89656.17084142962,43148.3358617573,89658.41439511452,43145.95125155807,6.5669019510853675,3.29274700291904,3.2741549481663275
89660.7068513508,43143.59246265801,89656.40156119708,43148.54913456491,89658.54994041075,43146.07571256814,6.56548312844884,3.289248927083526,3.2762342013653143
89660.72059275408,43143.60796037644,89656.68961545757,43148.74385498151,89658.69131015155,43146.19350569547,6.5290358614403035,3.286878186221381,3.2421576752189223
89660.72175134892,43143.603863190256,89656.99508489521,43148.94692282599,89658.8388503654,43146.30346495551,6.514534530094762,3.291487161996194,3.2230473680985683
89660.70441571384,43143.59286044796,89657.31592544401,43149.15855155867,89658.99264191135,43146.40448654302,6.5163167501201125,3.2918581503340967,3.224458599786015
89660.67289720286,43143.574231058206,89657.65295490922,43149.377035901445,89659.15268315023,43146.4952697766,6.54191848122639,3.2931078465332932,3.2488106346930974
89660.6410741973,43143.562694221866,89657.99496916152,43149.58977095811,89659.31882441152,43146.57432143723,6.582625240966411,3.289240355267495,3.293384885698918
89660.65095728035,43143.56831970135,89658.30908786884,43149.76830691564,89659.49011028888,43146.64154384419,6.627654569394154,3.2852198866867313,3.3424346827074225
89660.73664098296,43143.60169277403,89658.55352336782,43149.91126528025,89659.66418096011,43146.701251105835,6.6766011457750745,3.2798633890910525,3.396737756684021
89660.89591833817,43143.65934140871,89658.72652844951,43150.02107369967,89659.83896278859,43146.75886306025,6.7214500599453855,3.274780857323846,3.44666920262154
89661.09419993468,43143.72996067147,89658.86068089723,43150.11054816052,89660.0130342136,43146.81858253038,6.760220569589437,3.2723879145668238,3.487832655022613
89661.29686015479,43143.802360933405,89658.99076222721,43150.19436602881,89660.18632085573,43146.88054462877,6.795284602051432,3.2723890455157316,3.5228955565357016
89661.48914657815,43143.871218270375,89659.13174553661,43150.281179127196,89660.35907728785,43146.94397162263,6.829711958499745,3.273969473532752,3.5557424849669936
89661.6682930148,43143.935330211054,89659.28628338724,43150.37436331158,89660.53157422329,43147.00810181758,6.8655019884277015,3.2762867780627247,3.5892152103649764
89661.84337771435,43143.969251131406,89659.45409334244,43150.47662360994,89660.70408863419,43147.07218497556,6.93214242394378,3.305477739889151,3.6266646840546297
89662.0182198164,43143.96049037961,89659.63595345613,43150.58755429585,89660.87689644645,43147.135471704794,7.042250054554899,3.3738927355993047,3.668357318955595
89662.17598723267,43143.951850085265,89659.83260540711,43150.70758440438,89661.05026527027,43147.197202906274,7.1506426475521545,3.4350597333978365,3.715582914154317
89662.31550649658,43143.94407567101,89660.04503706342,43150.83736594993,89661.22444643169,43147.25659990637,7.257622612460328,3.4876020842492146,3.7700205282111128
89662.43600798462,43143.9372065011,89660.27455498098,43150.97771619674,89661.39966561644,43147.312856018914,7.3648943728461935,3.5311822853307078,3.833712087515486
89662.53692542267,43143.93125869396,89660.53729932297,43151.07757821127,89661.57611154413,43147.365130506056,7.420909119458679,3.565807862354703,3.855101257103976
89662.6179548229,43143.92622601244,89660.82872581705,43151.14551010318,89661.7539223047,43147.41254622119,7.437837113989192,3.591858949837023,3.8459781641521693
89662.6791240456,43143.9220652195,89661.1383214244,43151.21775744634,89661.93316937356,43147.45419256231,7.456789112036992,3.610118974963747,3.8466701370732452
89662.7208699354,43143.91868164464,89661.46748788345,43151.29086836942,89662.11383994401,43147.48913563047,7.47816850228257,3.6217823484640763,3.856386153818494
89662.74421137666,43143.91596236479,89661.8260044264,43151.28831837597,89662.29581910846,43147.516437492326,7.429524157976495,3.628389720717078,3.8011344372594174
89662.75148564756,43143.91390984068,89662.19691789498,43151.27995197565,89662.47887452616,43147.53518593719,7.387098492053807,3.6316257229674105,3.755472769086397
89662.74750473147,43143.91268055528,89662.57595943687,43151.25169295719,89662.6626469254,43147.544545826975,7.341223985145888,3.6329585290589828,3.7082654560869037
89662.73773386069,43143.91246323035,89662.95603457688,43151.1926987902,89662.84665672095,43147.54407329516,7.283714687794681,3.633346085020311,3.6503686027743703
89662.72646762754,43143.91399405703,89663.33257693307,43151.13347966638,89663.03037240585,43147.53367032903,7.245089131467007,3.6325144351253607,3.6125746963416465
89662.72752846968,43143.91793323729,89663.69368072257,43151.06956374902,89663.21323719274,43147.51318254294,7.2167615004311205,3.627992674585705,3.588768825845415
89662.78018207858,43143.91936136861,89664.00301281821,43151.00993464722,89663.39472570294,43147.48280174661,7.195305336228556,3.6160741367881664,3.57923119944039
89662.9255424654,43143.907988187006,89664.22149150196,43150.96722785331,89663.57524195671,43147.44700689517,7.177210860934251,3.598161287389126,3.579049573545124
89663.13315143951,43143.88642096886,89664.37861600152,43150.9371527815,89663.75609970914,43147.41300489886,7.159891547463077,3.5811828011218116,3.578708746341264
89663.27853947341,43143.86556904122,89664.59293823557,43150.880748176416,89663.93807762994,43147.385614607214,7.13727468101496,3.581311020613348,3.555963660401612
89663.31357716289,43143.864999562196,89664.91485017234,43150.79777457984,89664.11884787359,43147.35144373183,7.115396890500906,3.5782837981648576,3.537113092336048
89663.38872743252,43143.86124674811,89665.19771629502,43150.721071019805,89664.29593621298,43147.30146411078,7.0943543795145425,3.557833934527817,3.536520444986726
89663.63386870825,43143.81775287523,89665.31289184706,43150.688710293645,89664.47248008774,43147.24952861021,7.0731686542112655,3.532773520791944,3.540395133419321
89663.98770106114,43143.75453530601,89665.31952524735,43150.68052452496,89664.65214700025,43147.20990498198,7.052958311616608,3.518714454571375,3.5342438570452335
89664.30529159287,43143.70446115746,89665.36346913355,43150.66403230834,89664.83406635535,43147.18219352249,7.03958252692055,3.517714160336469,3.521868366584082
89664.50816724707,43143.67330311506,89665.5223762885,43150.62610387961,89665.01664910343,43147.15914376566,7.026383296940463,3.5227318645175765,3.503651432422887
89664.6018755555,43143.658322631745,89665.7891020812,43150.56920762469,89665.19886877503,43147.13343034897,7.01214069934089,3.5260239654068375,3.4861167339340517
89664.65711179565,43143.65257454259,89666.0930250102,43150.50182610672,89665.37951691124,43147.09842027789,6.998166626625221,3.5207645961278997,3.477402030497322
89664.76625803614,43143.63868972695,89666.34392233694,43150.44314974724,89665.55848148413,43147.05554763214,6.984964277884073,3.507498009195683,3.4774662686883904
89664.96323396775,43143.60658297342,89666.50980444433,43150.41073578709,89665.73718076832,43147.011569237984,6.977706065876997,3.491837147555947,3.4858689183210494
89665.21294750406,43143.56464846627,89666.62318789717,43150.39061148461,89665.91692124182,43146.97208066189,6.970118563092492,3.4793927791456745,3.490725783946817
89665.4667588662,43143.523763888064,89666.73207301753,43150.37011856161,89666.09763680607,43146.9373145544,6.962298943976471,3.471359776472855,3.490939167503615
89665.70260075136,43143.48693084958,89666.85883598293,43150.345646633185,89666.27898219881,43146.90599011924,6.95549270992107,3.467302412496456,3.488190297424614
89665.91929913603,43143.45332432307,89667.00481891556,43150.31765930163,89666.46069133762,43146.876843844475,6.949637405606854,3.466063251036693,3.483574154570162
89666.12145903095,43143.421894277504,89667.16541886044,43150.287073952415,89666.6426037653,43146.84899270199,6.944101758557714,3.4664963185526605,3.4776054400050533
89666.31224917415,43143.39215101182,89667.3374213257,43150.25438495535,89666.82462834625,43146.821883182914,6.938388338678483,3.4677939972015532,3.47059434147693
89666.49258159446,43143.36398374275,89667.51994532174,43150.22036609538,89667.0066816302,43146.794966829555,6.932925812740849,3.4692859601044823,3.463639852636365
89666.66268595481,43143.33738047571,89667.71519982498,43150.20140645576,89667.18868216839,43146.76769672959,6.94425408837196,3.470410392593528,3.473843695778432
89666.82339509952,43143.312296482334,89667.9199941653,43150.181143710986,89667.37054676778,43146.73953577156,6.95583527793313,3.470642187298307,3.4851930906348225
89666.98136103658,43143.28767732662,89668.12746200972,43150.15891934726,89667.5521870866,43146.709964754766,6.966170080782489,3.46956717878821,3.4966029019942786
89667.16670296952,43143.25730170689,89668.30688841644,43150.13940007986,89667.7335086743,43146.67850014035,6.975925340140735,3.467841559304251,3.5080837808364844
89667.44515911893,43143.20694046518,89668.3910580594,43150.13554471245,89667.91471078739,43146.64636026343,6.99299231360947,3.4713824958042716,3.5216098178051993
89667.89003767271,43143.128721788125,89668.30651882922,43150.15432144362,89668.09712302459,43146.62228240278,7.038213586153104,3.4998325663705385,3.5383810197825656
89668.5157387804,43143.04844714628,89668.04761498857,43150.16929045871,89668.2809695588,43146.618430046976,7.136961678826884,3.578071290672495,3.55889038815439
89669.1817950878,43143.00490138226,89667.77151051913,43150.147168628806,89668.46274741898,43146.645736548046,7.280796452498694,3.711482067867586,3.5693143846311095
89669.67213895926,43142.975494178885,89667.69027029164,43150.11789135638,89668.63965272564,43146.69628489107,7.412306620682346,3.861410236074248,3.5508963846080985
89669.90102371629,43142.92567653524,89667.86022218622,43150.11554159066,89668.81456961343,43146.75348012855,7.473962726855825,3.9790418400542644,3.49492088680156
89669.92143055979,43142.87771969996,89668.20532487652,43150.12318648654,89668.99179856566,43146.80291026466,7.446148403291254,4.0338959372066,3.412252466084654
89669.86005994503,43142.85212140868,89668.60675169894,43150.11616475127,89669.17212465352,43146.83948431052,7.371642675950168,4.046421682160332,3.3252209937898365
89669.8080138922,43142.844697467954,89668.98073570842,43150.176841116,89669.35442525618,43146.86447225203,7.378916180712223,4.045421612455464,3.3334945682567585
89669.79315515803,43142.84461974192,89669.32356204346,43150.26667894976,89669.53781905182,43146.87955202661,7.437092936592983,4.043107798777806,3.3939851378151777
89669.81949002793,43142.84490073015,89669.63797685462,43150.35038637687,89669.72170578991,43146.886544114735,7.507805152474395,4.042893180697875,3.464911971776521
89669.8865475671,43142.84325713727,89669.92261615915,43150.43289662616,89669.90572947,43146.88730241438,7.5897889035728054,4.0441245769320355,3.5456643266407695
89669.99320095645,43142.83922901049,89670.1765381007,43150.51984569985,89670.08972254356,43146.88365355461,7.682825392372324,4.045587091796347,3.6372383005759787
89670.1383680204,43142.83280369948,89670.39803328717,43150.59604121085,89670.27364698071,43146.8773749252,7.767580277088028,4.0468336244394525,3.720746652648575
89670.32127126392,43142.824026656854,89670.58518853795,43150.66078725587,89670.45753928916,43146.87019853018,7.841207726403196,4.048468142853804,3.792739583549391
89670.54158827093,43142.81291586859,89670.73635366495,43150.713504172614,89670.64146054501,43146.863828755246,7.903014702420504,4.052157185835927,3.850857516584576
89670.79954810804,43142.79942406164,89670.85027484084,43150.75366688443,89670.82544938869,43146.85996399647,7.954465516528876,4.060653626206779,3.8938118903220964
89671.09594353709,43142.78476321404,89670.92626232373,43150.78165853364,89671.00947514891,43146.86031317405,7.998799523341232,4.076520190463007,3.922279332878224
89671.42917672062,43142.82112928763,89670.96433649573,43150.795940604876,89671.19338938268,43146.866598073415,7.988499117896248,4.052411187449616,3.9360879304466323
89671.79844739074,43142.88255450784,89670.9641499057,43150.79454976557,89671.37687720262,43146.88053182635,7.956069402595551,4.0202476352044805,3.93582176739107
89672.21555547115,43142.94907320415,89670.91659908467,43150.778252828575,89671.55941488974,43146.903764505325,7.936498952431992,4.008902289429943,3.927596663002049
89672.71107240947,43143.04701665607,89670.79046561892,43150.7439010144,89671.74017859864,43146.93811484388,7.93324152861142,4.010572436741086,3.922669091870333
89673.27786668664,43143.32981496092,89670.54864527831,43150.66774389434,89671.91706509428,43146.988610556306,7.829355682439017,3.903817750757792,3.925537931681226
89673.87285084567,43143.68771142014,89670.24728450048,43150.53306045931,89672.08536130423,43147.06265983782,7.746488896942503,3.8192276999233696,3.9272611970191327
89674.28811399767,43143.98734494245,89670.12382372124,43150.44236526327,89672.23840694985,43147.16456899175,7.681708503577087,3.781013422997874,3.9006950805792138
89674.37464948982,43144.04674629556,89670.36777529838,43150.549565097164,89672.38511318876,43147.27564408552,7.638451603750922,3.792767770836012,3.8456838329149106
89674.20263467725,43143.952733435595,89670.88465587277,43150.78540187272,89672.54491261802,43147.36646353891,7.596258529832204,3.7952329697072105,3.8010255601249936
89674.05860570815,43143.903529084964,89671.36873713075,43150.9769750701,89672.7163074943,43147.433279303834,7.5677655380066575,3.7764280812894535,3.791337456717204
89674.12710114177,43143.959418228405,89671.63654694421,43151.074944469685,89672.89169926639,43147.48899323274,7.538825739651509,3.7395448753173786,3.7992808643341314
89674.40296845754,43144.106818932516,89671.68668216895,43151.097740666126,89673.06636023606,43147.546908150296,7.500251997863798,3.6907124749498714,3.8095395229139277
89674.78533660334,43144.316674659116,89671.61625393451,43151.06954900402,89673.23590897628,43147.618321728674,7.459758096202451,3.6472533283246666,3.8125047678777846
89675.1631567435,43144.54100471042,89671.54274786271,43151.03109597593,89673.3989210589,43147.70365025463,7.431789304454947,3.621537000020301,3.8102523044346457
89675.48813065437,43144.74315577181,89671.52394846862,43151.013907995875,89673.55608378,43147.79935804982,7.418796730212689,3.615733301742838,3.803063428469851
89675.7553803428,43144.910844232625,89671.5704948343,43151.02731287961,89673.7087288711,43147.90213962153,7.411133272982604,3.624463556134129,3.7866697168484746
89675.96852467055,43145.04347453837,89671.67982839869,43151.07116925444,89673.85855652593,43148.008998387944,7.397705910659369,3.639547415034882,3.7581584956244884
89676.1288067988,43145.15695373556,89671.84104708032,43151.14021861619,89674.00744959673,43148.117159047964,7.361002009371779,3.641836620209196,3.7191653891625824
89676.26510775075,43145.252883213914,89672.0308103589,43151.22141812557,89674.15712114607,43148.22423853735,7.317971215663303,3.6431531377777784,3.6748180778855244
89676.4005867449,43145.34830426657,89672.2149808329,43151.31153595327,89674.30772192434,43148.33000810789,7.285563292097573,3.6428892139372646,3.642674078160308
89676.54789922494,43145.45208589977,89672.36624322832,43151.42304268729,89674.45871371843,43148.435219154126,7.28962112324342,3.6419474410994788,3.647673682143943
89676.709648772,43145.56597669974,89672.5031170414,43151.52430013132,89674.60955588329,43148.54064440325,7.293597571037538,3.6412975173264384,3.6523000537111
89676.88281094305,43145.68799315241,89672.62858719465,43151.61728043196,89674.75970191768,43148.647057845024,7.297598173922243,3.6419326822616283,3.655665491660614
89677.0583156104,43145.81188681936,89672.75170610081,43151.708361071935,89674.9086761095,43148.75510516664,7.3017355326539795,3.6446530854101504,3.657082447243829
89677.22516300123,43145.929731831304,89672.88345590963,43151.80564303241,89675.05667905557,43148.864480292366,7.305939924136637,3.648982387657602,3.656957536479035
89677.37743766644,43146.037111215126,89673.02967058058,43151.913646484405,89675.20431135896,43148.9743556321,7.310044902646723,3.6537495098557664,3.656295392790957
89677.51889277993,43146.12672988374,89673.19127760119,43152.033158368904,89675.35217993909,43149.08391244926,7.322174004204555,3.666005145717566,3.656168858486989
89677.65041903184,43146.19795418652,89673.3677753142,43152.16381747438,89675.50084472979,43149.19238537963,7.343894059343071,3.686101301525631,3.65779275781744
89677.76550046253,43146.259946689344,89673.55891719866,43152.30538928814,89675.65082401624,43149.29903174638,7.364994731285296,3.7024320057707296,3.6625627255145665
89677.86419444841,43146.31261933566,89673.7648950707,43152.45777840856,89675.8026111724,43149.40308641782,7.3870127056539525,3.715009392485687,3.672003313168267
89677.9473791991,43146.356446596954,89673.9855202323,43152.620134676035,89675.95666340578,43149.503753893,7.4115553667978205,3.7240776721288116,3.6874776946690084
89678.02072272293,43146.39511376353,89674.2227170235,43152.77729189042,89676.11338704659,43149.60020532154,7.4268519340991475,3.7297204776052664,3.6971314564938815
89678.10050859797,43146.438338823464,89674.45987237703,43152.91966318274,89676.27301361765,43149.69177222896,7.433870388161134,3.731584897963427,3.7022854901977076
89678.20798077389,43146.49738196978,89674.6702734086,43153.045561107676,89676.43481760458,43149.77944466913,7.4427238361099555,3.730425173761994,3.712298662347962
89678.35559787723,43146.57797724279,89674.84157204059,43153.148920043925,89676.59757855334,43149.8653324359,7.4515569735740685,3.72791425958017,3.7236427139938977
89678.54490826899,43146.680719797696,89674.97185102696,43153.22891624656,89676.76013723349,43149.951600883505,7.459627967526431,3.7261480285587725,3.7334799389676587
89678.7648965431,43146.80036501746,89675.07182210522,43153.29085668165,89676.92131221296,43150.04041956176,7.46766249092417,3.7278588559276358,3.7398036349965333
89678.98496113259,43146.92053874837,89675.17197184595,43153.351849090315,89677.08001123152,43150.13358596686,7.476694306174903,3.735316034592583,3.74137827158232
89679.17229995788,43147.04703008081,89675.29311929352,43153.42629992451,89677.23709584304,43150.22946204497,7.466149931089723,3.7246415804441835,3.74150835064554
89679.37686890119,43147.19690127388,89675.38833154715,43153.49016789718,89677.3946724602,43150.32452592514,7.450941603647344,3.7029519154952806,3.7479896881520633
89679.69412532396,43147.41684879305,89675.3650047898,43153.48651159896,89677.55061971837,43150.42219662584,7.4563142969375615,3.691922546928749,3.7643917500088127
89680.12909626984,43147.786910769275,89675.18827938683,43153.365632868314,89677.69808544603,43150.532084945815,7.4541064561889225,3.66783316391455,3.786273292274373
89680.54105228063,43148.281535078786,89674.97744277274,43153.163324425805,89677.82743421875,43150.662592460554,7.403132758657238,3.6108303424920107,3.792302416165227
89680.81982841445,43148.64987358297,89674.93386932358,43153.06098939777,89677.93550129989,43150.811445970154,7.355467634332144,3.6044203264160783,3.751047307916065
89680.89360606365,43148.74030975389,89675.14927999774,43153.21341190563,89678.03708728611,43150.96489049156,7.281377332663762,3.620991374864747,3.660385957799016
89680.7356294551,43148.55263017332,89675.62349988942,43153.608416952986,89678.15041113604,43151.10963833447,7.192524110478293,3.6374840565179234,3.55504005396037
89680.46657646312,43148.3309425232,89676.19337333276,43154.02049323536,89678.29094191818,43151.227596973804,7.116811109162765,3.6233391906066643,3.493471918556102
89680.43775025479,43148.36669750248,89676.5010953647,43154.21514307206,89678.45058012744,43151.31906106434,7.050154920726123,3.558944521852669,3.491210398873454
89680.76880362132,43148.71118441096,89676.41169370372,43154.16092743171,89678.6068634804,43151.415819464586,6.980100800848455,3.463851284792457,3.516249516055998
89681.23490339004,43149.25945921353,89676.12273993852,43153.935954950095,89678.74124855456,43151.5409876384,6.931880959436954,3.381547357583881,3.550333601853074
89681.61604643981,43149.79340572585,89675.89064558472,43153.71712272413,89678.85175646178,43151.687901591955,6.94264586640355,3.3520340338359067,3.5906118325676437
89681.88454909933,43150.20773885215,89675.78988672477,43153.605486453846,89678.94430362481,43151.84688481974,6.978260876320242,3.3665061447479814,3.6117547315722605
89682.0421883541,43150.50566116729,89675.82087467637,43153.61225605299,89679.02583046068,43152.01185489141,6.953842133378659,3.3715118669605246,3.5823302664181336
89682.12539448659,43150.668824518354,89675.97930260283,43153.7395696794,89679.10333012952,43152.178772577994,6.870586449418617,3.3783233700454693,3.4922630793731484
89682.14016111841,43150.69706628534,89676.24201243269,43153.98341248301,89679.18494165609,43152.34369347012,6.752197659034185,3.3831487739558277,3.369048885078358
89682.11819498955,43150.6784821883,89676.4682044027,43154.30687358227,89679.27939143237,43152.50153190901,6.7148780838871485,3.3738424111543286,3.34103567273282
89682.16421281155,43150.78592501998,89676.61232645286,43154.51374228151,89679.38846769421,43152.64973105443,6.6873901559783615,3.3434733062661124,3.343916849712249
89682.32000005164,43151.10454785379,89676.61587888225,43154.52748583843,89679.49357399454,43152.80070483039,6.653032049079383,3.2966524602122846,3.356379588867098
89682.5372854511,43151.56074156213,89676.53340790849,43154.40733671089,89679.58235975396,43152.96179045353,6.645573739066723,3.2707659589131386,3.374807780153585
89682.76066330758,43152.074917754406,89676.42959581486,43154.22777089163,89679.65228270754,43153.13190208413,6.688154589203922,3.2836983129118753,3.4044562762920476
89682.89638423067,43152.61475497267,89676.34706894275,43154.03809954889,89679.70095265229,43153.30925226297,6.702902236282868,3.2703754027936016,3.4325268334892667
89682.95272311803,43153.082586949495,89676.33023886949,43153.921816839655,89679.72748563226,43153.49127603421,6.675618308580923,3.2511113926018984,3.424506915979025
89682.98644843306,43153.38366342957,89676.40385347109,43153.97412425571,89679.74035923037,43153.67484670485,6.609027697340372,3.2591247717009995,3.3499029256393724
89683.00458864948,43153.4755259615,89676.5604580115,43154.234213514464,89679.75196665524,43153.858506725395,6.488788659794344,3.2751680922048423,3.213620567589501
89682.99305421997,43153.34701892888,89676.74244803833,43154.69489277672,89679.77520356183,43154.04099383113,6.394890681913065,3.2921486801304014,3.1027420017826626
89682.92392193603,43153.08551884889,89676.98526183346,43155.255305057646,89679.82379611934,43154.218242549934,6.32365323208967,3.3011171804052104,3.02253605168446
89682.84196142876,43152.93281041048,89677.21654448187,43155.71093305556,89679.90352787735,43154.38392566099,6.274204202093852,3.2773111280794573,2.9968930740143946
89682.8479336043,43153.06324712864,89677.31990934625,43155.93125569475,89679.99721655616,43154.542318965374,6.227895814079897,3.2116678741051774,3.0162279399747196
89682.96113713806,43153.490372035005,89677.26607866152,43155.89313390979,89680.08519086336,43154.70386948936,6.18213148993181,3.121959460427577,3.0601720295042334
89683.09178915776,43154.07718111625,89677.18715715352,43155.68066260137,89680.14613512818,43154.87713304495,6.119525689628158,3.0528633047890463,3.0666623848391112
89683.1680042572,43154.53757471375,89677.17026188866,43155.58207705536,89680.17543829326,43155.05871807265,6.088109752120581,3.0376530412807488,3.0504567108398333
89683.19874449918,43154.75191735314,89677.19937863195,43155.73033316706,89680.19675363177,43155.24150292821,6.078692702766182,3.0416850149115353,3.0370076878546475
89683.20880375874,43154.82342287344,89677.2486933461,43156.021969169575,89680.22830069468,43155.42277977133,6.079508220739846,3.040209634683031,3.039298586056815
89683.21460672191,43154.88507789639,89677.3021897756,43156.32459390904,89680.26979920057,43155.60205946598,6.085140786385443,3.030836238605582,3.054304547779861
89683.22866794236,43154.99362100017,89677.3047757414,43156.59345413504,89680.31762793407,43155.779763843486,6.1361429170022666,3.015334806014743,3.120808110987524
89683.25429187556,43155.156596071116,89677.23366951721,43156.825704185496,89680.36824697003,43155.95669721808,6.247704909350237,2.994898547508636,3.2528063618416017
89683.29145530326,43155.374561179866,89677.1783776195,43156.98984157186,89680.4183885917,43156.13376575633,6.322931407297829,2.9717065512522662,3.351224856045563
89683.34038048347,43155.65025495099,89677.14694905796,43157.07507652084,89680.46465297887,43156.311878077526,6.355453540787471,2.950969244548914,3.4044842962385564
89683.40216966419,43155.99014030998,89677.14185086323,43157.07348906881,89680.5032411463,43156.49179010411,6.353963029220046,2.942289997996341,3.4116730312237062
89683.4776676163,43156.40533493294,89677.16159016137,43156.98089767343,89680.529732652,43156.67384464274,6.343272167774591,2.960614696764623,3.3826574710099684
89683.56266517489,43156.90929590092,89677.20270910254,43156.80085869676,89680.53905389893,43156.857538130374,6.362045679531536,3.0246040130344722,3.337441666497064
89683.64039288787,43157.49541155054,89677.263022801,43156.565068978416,89680.52591944848,43157.04096048592,6.445362531031149,3.1476907394129916,3.297671791618158
89683.69000123293,43158.08616298593,89677.32795661765,43156.367294599106,89680.486273263,43157.22052269503,6.590366604983901,3.318723933650242,3.2716426713336593
89683.72062613032,43158.5600221205,89677.35737750935,43156.308742984445,89680.42620114399,43157.39442892323,6.749820202616671,3.4945790010538778,3.255241201562794
89683.76248685499,43158.86004543782,89677.32548210562,43156.412082333656,89680.35741232596,43157.565118466686,6.886770974350233,3.642991296854267,3.243779677495966
89683.81502858964,43158.99500497451,89677.23995379137,43156.64726635127,89680.28968018881,43157.736225376924,6.98167349344348,3.743352517305496,3.2383209761379828
89683.86013982189,43159.027755934236,89677.12883287987,43156.955707443085,89680.23086697837,43157.9105852559,7.04301930682215,3.797336192849945,3.2456831139722055
89683.88640354118,43159.03892330261,89677.01671797552,43157.27545006485,89680.18165638362,43158.08790038282,7.092467554517586,3.8248913006548935,3.2675762538626913
89683.90036562254,43159.07296348963,89676.91201737046,43157.57543578093,89680.14049235023,43158.26725900306,7.147051430551271,3.8452597142148135,3.3017917163364587
89683.91203827392,43159.14168312296,89676.77595327834,43157.841152147885,89680.10573383055,43158.44797234601,7.253667063648826,3.8690255624816823,3.384641501167142
89683.92683784605,43159.246869312985,89676.61232751393,43158.07438910261,89680.07569087147,43158.629532426974,7.407909558371712,3.9003251352155446,3.507584423156167
89683.94675488734,43159.38888776455,89676.46636696352,43158.28103348668,89680.04866219526,43158.81156789068,7.561987340663528,3.9406159795786526,3.6213713610848757
89683.9724774813,43159.56855486718,89676.34088417144,43158.45795756518,89680.02294503457,43158.993794354996,7.711980484934684,3.991134706325042,3.720845778609642
89684.00442931367,43159.78768977805,89676.23808997733,43158.60222093735,89679.99682700861,43159.175963526286,7.856305408172763,4.054026512595277,3.8022788955774858
89684.04313506269,43160.049440793235,89676.15972871582,43158.711300977724,89679.96856975267,43159.35781130535,7.9962134567318675,4.132871256765998,3.8633421999658686
89684.08932285768,43160.35860109028,89676.10700643457,43158.783312954845,89679.93639394894,43159.53900322051,8.136370268455405,4.23308332612915,3.9032869423262544
89684.14387619322,43160.72195545149,89676.08038801486,43158.81724923647,89679.89847636866,43159.71907582964,8.285553668032046,4.3623294852741346,3.9232241827579126
89684.20752054467,43161.14857322483,89676.07934314582,43158.81324848152,89679.85297144794,43159.89737559117,8.457208544840771,4.530844528043472,3.926364016797298
89683.96879138632,43161.53974450148,89676.10216877764,43158.77312668565,89679.79807132983,43160.07300276876,8.339115149000031,4.4212061435416565,3.917909005458375
89683.63097705305,43161.92140611126,89676.14555210972,43158.70240822365,89679.73211591002,43160.24477720929,8.148292881082007,4.24411537256273,3.904177508519275
89683.28966536903,43162.30513315356,89676.20291636132,43158.613751837904,89679.6537382333,43160.41124457424,7.990554636092071,4.099628177951483,3.890926458140588
89682.91613935592,43162.6550987504,89676.26543995502,43158.52206928456,89679.5626703805,43160.57112430195,7.8303728494542,3.948285331841158,3.8820875176130425
89682.55727722085,43162.98936267496,89676.32886060924,43158.43351802695,89679.45973940297,43160.72363904577,7.716820723123736,3.8377531738324753,3.8790675492912596
89682.21192391266,43163.310470857934,89676.3930485941,43158.351959365595,89679.34560542648,43160.86796200543,7.645029572339908,3.7658613627728292,3.8791682095670783
89681.89128364356,43163.60454230019,89676.44543304814,43158.29960607439,89679.22078285787,43161.003144357834,7.602639313236957,3.7281313144696457,3.874507998767312
89681.64055364588,43163.838376649626,89676.44253635324,43158.324167939514,89679.08677855587,43161.129256575034,7.577991332886742,3.723051964805976,3.8549393680807653
89681.50038109769,43163.98326145895,89676.34285735058,43158.46065705164,89678.94933219573,43161.251634530905,7.556403209662884,3.7375982658569695,3.8188049438059135
89681.4481561976,43164.04309622642,89676.16275006965,43158.692361631765,89678.81486958759,43161.37726525627,7.52104464396175,3.7471204111224745,3.773924232839277
89681.43525206145,43164.06030715537,89675.95127220778,43158.970466416096,89678.68650128166,43161.50911569083,7.4820447655154885,3.750243938505212,3.7318008270102765
89681.43742804241,43164.05901032583,89675.72683163304,43159.264331818325,89678.56432848389,43161.646727758445,7.456585169326002,3.751534788626192,3.7050503806998107
89681.45681881401,43164.03268386684,89675.48762382528,43159.58218022529,89678.44907634251,43161.790176093506,7.445774437241834,3.7517572289945744,3.694017208247259
89681.4767512055,43163.98832956939,89675.2619503955,43159.927196008204,89678.343450896,43161.94083480789,7.424123120420287,3.743003079869836,3.681120040550451
89681.44292311408,43163.99295001582,89675.0858408137,43160.22280066374,89678.2495562177,43162.09908017389,7.390979349216616,3.712727939000688,3.678251410215929
89681.30563806107,43164.13409839256,89674.99402959246,43160.37337313459,89678.16113396859,43162.26047815292,7.347107637637452,3.6603949101964735,3.686712727440977
89681.05065591593,43164.436286830656,89675.00682006033,43160.34896399626,89678.067730309,43162.41901316125,7.296354410944789,3.601093745263784,3.6952606656810056
89680.71894229959,43164.8151242211,89675.0963038539,43160.23585512182,89677.95915478971,43162.567458654485,7.251719817494955,3.559397731395199,3.692322086099755
89680.43513224252,43165.11400651569,89675.14469529034,43160.20887718615,89677.8333568607,43162.70171285706,7.214519361059051,3.5480222622818034,3.6664970987772474
89680.32308836067,43165.262710645766,89675.04727640266,43160.36723874447,89677.70213965813,43162.83074510433,7.197305260375359,3.5754954127540692,3.6218098476212908
89680.3499208241,43165.269539934816,89674.8287978281,43160.68224961894,89677.57757966199,43162.966135395596,7.178433447281653,3.6045148767628197,3.573918570518834
89680.40098003847,43165.21644916772,89674.57934763815,43161.04303857057,89677.46608024303,43163.11248209146,7.163246042391131,3.6112548910695237,3.5519911513216065
89680.4140766259,43165.19859124066,89674.3659753017,43161.36563442268,89677.36529094644,43163.26643201984,7.160482633147634,3.60952835363593,3.5509542795117035
89680.38201151948,43165.249950326855,89674.19865281049,43161.62168247168,89677.27163172507,43163.42483994351,7.169277618594163,3.606322700798833,3.56295491779533
89680.31384396003,43165.36646135143,89674.06940632928,43161.81563515907,89677.18130470738,43163.58517933604,7.183409428703819,3.603577188552417,3.579832240151403
89680.21995658817,43165.530811114804,89673.96810260555,43161.96370214945,89677.09129622356,43163.74569820865,7.197916837359941,3.6021048472552786,3.5958119901046626
89680.11151427856,43165.721206300615,89673.8858119134,43162.088210152586,89676.9998602857,43163.905406630074,7.208199186468413,3.602713579762862,3.60548560670555
89680.00510368914,43165.9077147284,89673.80718968202,43162.21986432856,89676.90571008314,43164.06352960173,7.212099685331161,3.6065579604114855,3.6055417249196755
89679.91823469837,43166.06110802174,89673.7090261374,43162.38463023815,89676.81030055776,43164.220898182044,7.21601626976446,3.611877585900293,3.604138683864169
89679.85003893047,43166.18256052328,89673.59234035856,43162.58129668853,89676.71663989848,43164.3793096848,7.219976481817799,3.6152379087680147,3.6047385730497825
89679.7723717033,43166.320623642765,89673.48548932027,43162.76161657313,89676.62713586386,43164.54010521824,7.224368872912037,3.614246174069021,3.610122698843017
89679.65148632631,43166.53642670386,89673.42246762516,43162.864546619625,89676.53845909129,43164.70136020979,7.23084932695901,3.613704241444953,3.617145085514057
89679.47425490634,43166.82905809153,89673.40928430765,43162.88661365626,89676.44372600633,43164.85910107158,7.2339669797046975,3.614653616077715,3.6193133636269814
89679.27634393105,43167.1294708516,89673.40970522186,43162.89718114197,89676.33850325519,43165.010045138064,7.234071731391153,3.6226223301897167,3.611449401201436
89679.1145382693,43167.37146679515,89673.36737852471,43162.96284305717,89676.22614362658,43165.15578595229,7.24333958526251,3.6403441680526543,3.6029954172098573
89679.01124818984,43167.531767094544,89673.26016382247,43163.10498121006,89676.11153332726,43165.29977297829,7.2575315910270355,3.659267092757648,3.598264498269387
89678.95493002933,43167.62581941989,89673.10420154179,43163.31004672903,89675.99930100293,43165.44561007984,7.2703641332447315,3.672789351226327,3.597574782018405
89678.91465168311,43167.69279590168,89672.93087837813,43163.540154207854,89675.89236246549,43165.59537084341,7.283628769728561,3.6788243153436886,3.604804454384873
89678.86592930794,43167.76851301453,89672.76508552837,43163.7616114562,89675.79006654592,43165.748345607186,7.299060788143709,3.6799720594502148,3.6190887286934936
89678.80097952802,43167.86783381663,89672.61527319804,43163.96068562466,89675.69117493395,43165.90354663872,7.316354024311473,3.678230008050289,3.638124016261184
89678.7196388194,43167.99316692349,89672.48522243094,43164.13692417543,89675.59438832836,43166.06007135288,7.330660996949415,3.6747867784478783,3.655874218501537
89678.62568146407,43168.13974026675,89672.39002667545,43164.306059751885,89675.49837934293,43166.21707503872,7.319870149311749,3.6710571579184825,3.648812991393266
89678.53384698657,43168.28561143227,89672.29362734807,43164.47641479299,89675.40184247761,43166.373754184424,7.310986765851709,3.669428106102914,3.6415586597487946
89678.47329905399,43168.38685136744,89672.1681985559,43164.69208623714,89675.30503244708,43166.53026333612,7.308073849318887,3.672251203104655,3.635822646214231
89678.4682621662,43168.401707425684,89671.9955934287,43164.99721610468,89675.21257262486,43166.68935913738,7.314003364599928,3.678837211087424,3.6351661535125035
89678.51283340096,43168.3165061181,89671.83154695125,43165.42744515646,89675.13033983156,43166.85392661825,7.280298099638378,3.685733246447814,3.5945648531905636
89678.55991835588,43168.17301084951,89671.67736113016,43165.9137864831,89675.06417781036,43167.02553511562,7.244816801482081,3.6797327760117633,3.565084025470318
89678.53872267948,43168.119020563754,89671.586504891,43166.31134047333,89675.01826355825,43167.203624692265,7.183420805851264,3.6375415507237188,3.5458792551275455
89678.40631681417,43168.3365770667,89671.5571698132,43166.43083564659,89674.98296823015,43167.38422656295,7.110154519037099,3.5537555073054437,3.5563990117316555
89678.15342946506,43168.81685268327,89671.60168290099,43166.26195044166,89674.93077969056,43167.56043742917,7.034686232883104,3.460089892460358,3.574596340422746
89677.83766562368,43169.344391062456,89671.69281999943,43166.01439241112,89674.85135810588,43167.72622996554,6.99126945917337,3.397574206144236,3.593695253029134
89677.55199870281,43169.76871929811,89671.7630307486,43165.86588488427,89674.7525652979,43167.88138270314,6.982672236516503,3.376686393653648,3.605985842862854
89677.33773721666,43170.07568896678,89671.78269687071,43165.85713745736,89674.64218855479,43168.02860120012,6.975488622998668,3.3848499772276015,3.5906386457710666
89677.19819037097,43170.280568694434,89671.75207684036,43165.98175592856,89674.52645343432,43168.171681784326,6.938297541368543,3.4037610462884142,3.534536495080129
89677.12911665569,43170.39150691385,89671.66895491796,43166.220036237406,89674.41059263122,43168.31465996446,6.8714796831184435,3.421160174314334,3.450319508804109
89677.11435642041,43170.42320686683,89671.4964830468,43166.5077081773,89674.29972161422,43168.46151058764,6.8480892420501895,3.4309766933958503,3.4171125486543397
89677.09804892133,43170.4465253501,89671.32057925132,43166.797442900934,89674.19949260185,43168.615774950194,6.833427394255432,3.428333386899998,3.4050940073554337
89676.99922848096,43170.59560330956,89671.22435166169,43166.95991381888,89674.10903153256,43168.77603397615,6.824226414759522,3.41536647931931,3.408859935440212
89676.79656059197,43170.908233637994,89671.22697996542,43166.956209423945,89674.01114437074,43168.93175213979,6.8299186074402165,3.415741706516944,3.4141769009232723
89676.56242180643,43171.25678102371,89671.25500424897,43166.914525850574,89673.89748443093,43169.07640402427,6.857786112224443,3.4434418181074844,3.414344294116958
89676.3763895803,43171.534623110434,89671.23272819471,43166.94566228584,89673.77487007798,43169.213622784504,6.893242573488185,3.4864304603306273,3.4068121131575584
89676.24652498655,43171.74321686607,89671.15138795433,43167.044709242764,89673.64981893591,43169.34864165938,6.9308356818261245,3.532264945076278,3.398570736749846
89676.13882508595,43171.922874448785,89671.04562535931,43167.17034971221,89673.5246094896,43169.48351369213,6.966147670002384,3.5755578952715856,3.3905897747307976
89676.03004638101,43172.10123165748,89670.93955618216,43167.296769972694,89673.39889839261,43169.617918004566,6.999715088078014,3.617983535153274,3.3817315529247396
89675.91450595492,43172.2874881917,89670.83966145341,43167.41664262896,89673.27227533063,43169.751463087145,7.03415090618102,3.6623533483133883,3.3717975578676316
89675.79148786,43172.48354471824,89670.74651164445,43167.528826556496,89673.14433678337,43169.88374795639,7.071145430854589,3.7103064982400458,3.3608389326145436
89675.66105799415,43172.690699169005,89670.66004688911,43167.63304791847,89673.01468366075,43170.014352273945,7.112661618833744,3.7637922077687396,3.348869411065004
89675.51290967426,43172.8998683276,89670.54741347591,43167.6944870952,89672.88290544915,43170.142811150814,7.193907258714694,3.810292662267167,3.3836145964475266
89675.32704796038,43173.089715763876,89670.43052588975,43167.732387754004,89672.74863510927,43170.26866128493,7.257911016221923,3.8218669480070835,3.4360440682148403
89675.13098868365,43173.28936049498,89670.32847127818,43167.765367743974,89672.61150199504,43170.3913836669,7.319790911756906,3.8400869019820383,3.479704009774868
89674.92423811463,43173.49998721415,89670.24163624356,43167.79329512674,89672.47115242088,43170.510411665884,7.382011324937211,3.867229615275272,3.5147817096619396
89674.7057743346,43173.72264819423,89670.17024714164,43167.81608411008,89672.32725814276,43170.62512615495,7.447135228580589,3.9054249406111388,3.541710287969451
89674.40526534505,43173.86138648166,89670.11432937552,43167.83370796468,89672.17952798132,43170.73485323275,7.399092582873502,3.837907129789135,3.561185453084366
89674.083771235,43173.98760316576,89670.0736553251,43167.84620281853,89672.02772267512,43170.838865848826,7.334807343910999,3.7606245828883713,3.574182761022627
89673.75378613034,43174.11728356227,89670.0476895029,43167.85366816686,89671.87167260329,43170.93639090831,7.278009584843622,3.69605062153741,3.5819589633062128
89673.41538618047,43174.25041987698,89670.0355064067,43167.85632255226,89671.71129733016,43171.02662351504,7.232499089161205,3.646509350027836,3.58598973913337
89673.06456166436,43174.376861675926,89670.03529955712,43167.8548576066,89671.5466250256,43171.10874973674,7.191198707239273,3.603440186237496,3.5877585210017786
89672.7082799598,43174.501210644936,89670.0427244326,43167.85123475811,89671.37780388104,43171.18196609523,7.164325370742618,3.5759752351097576,3.58835013563286
89672.3534513582,43174.62401226559,89670.05048358857,43167.848487604046,89671.20519090141,43171.24573183257,7.156243220872487,3.5681067434874123,3.5881364773850755
89672.00043058375,43174.72740571578,89670.05167101823,43167.8491857778,89671.02941552743,43171.300181489816,7.1489870745028385,3.562140628080124,3.586846446422714
89671.65336090325,43174.7871782468,89670.03765343581,43167.856116395116,89670.85106766022,43171.34550489575,7.116920890396727,3.533963332441431,3.582957557955297
89671.3359518288,43174.840786013796,89669.99567293352,43167.87230892282,89670.6708401303,43171.38268335716,7.096222215527235,3.521495933355005,3.5747262821722305
89671.05593165472,43174.887860426184,89669.91630277304,43167.89873991209,89670.48944190142,43171.413678138815,7.081436613653728,3.5200708760303763,3.561365737623352
89670.81254580134,43174.92965134367,89669.79957090989,43167.933147978205,89670.30738677592,43171.440569727165,7.069459092135969,3.525463753953056,3.543995338182913
89670.59020470014,43174.96928898627,89669.65718705977,43167.94127687943,89670.12504422064,43171.465449754185,7.089679936883155,3.5345841144597467,3.5550958224234086
89670.35113099877,43174.99516230227,89669.52840073277,43167.935295606694,89669.94259279662,43171.489515207664,7.107664572839881,3.5293819684771073,3.5782826043627747
89670.05971324292,43175.019221747345,89669.45344044626,43167.92736678974,89669.7597209272,43171.51009641196,7.1177805154797,3.521953733125133,3.5958267823545658
89669.70204644786,43175.04795591435,89669.44747467308,43167.91930755863,89669.57618062754,43171.5233011024,7.133314704169818,3.5269619441307105,3.606352760039108
89669.29961622732,43175.073900319694,89669.48631393956,43167.916062074015,89669.39219409006,43171.52508703178,7.160426429588655,3.550097053194449,3.610329376394206
89668.92367771,43175.092396233325,89669.49483660585,43167.91676432705,89669.208610482,43171.512740356164,7.198392092479823,3.591010334148849,3.6073817583309746
89668.64877508974,43175.06056544384,89669.40415331062,43167.91003590826,89669.02578256959,43171.49175159904,7.190320819078988,3.5886735715454168,3.601647247533571
89668.44964082344,43175.030734032705,89669.2382448667,43167.892913699594,89668.84296281067,43171.47068954882,7.18125375837406,3.5817071900163726,3.5995465683576873
89668.22251851982,43175.00089844737,89669.10070170782,43167.87528669759,89668.65983065814,43171.452512837015,7.179585943205327,3.5752631858742863,3.6043227573310412
89667.88321084011,43174.957267024954,89669.0772283368,43167.86745900283,89668.47716263785,43171.43027709345,7.189928620835661,3.5767900264550843,3.613138594380577
89667.44792084517,43174.81043294906,89669.17054727567,43167.878684847085,89668.29645282804,43171.39580062395,7.143122927728454,3.518745007563887,3.624377920164567
89666.98411016779,43174.63874678614,89669.3048570866,43167.90672283254,89668.12022729643,43171.34304837372,7.121338286254416,3.486283533367474,3.635054752886943
89666.57446004689,43174.44506124216,89669.39852544242,43167.933413212915,89667.94951888532,43171.27442535931,7.097978919312941,3.4561191281261734,3.6418597911867674
89666.24252171043,43174.25485210343,89669.41954334057,43167.94645766677,89667.78382886872,43171.1943881677,7.06336946735935,3.426734624929236,3.636634842430115
89665.97282250127,43174.099299413036,89669.36427239995,43167.945285025955,89667.62203191228,43171.10671817357,7.0266881776676025,3.4169515277223113,3.609736649945291
89665.76069670374,43173.977948758446,89669.23349368823,43167.931527274224,89667.46267481313,43171.01467247414,6.9727717931015585,3.4172707527322226,3.555501040369336
89665.6050885972,43173.890344939544,89669.0302007152,43167.904932199424,89667.30405597026,43170.9213563001,6.896141434493486,3.4207360539805998,3.475405380512887
89665.50400629496,43173.834318947374,89668.77805268718,43167.83771746786,89667.14437099863,43170.82988433275,6.8322464171665445,3.4231083094368957,3.409138107729649
89665.4440431765,43173.79971354191,89668.50673661794,43167.71312701586,89666.98188468133,43170.74350822948,6.813837011398991,3.421372277750492,3.3924647336484983
89665.3936102842,43173.76652142696,89668.22650229868,43167.58704793928,89666.81580773376,43170.66425477865,6.7979919701308695,3.4127830381638997,3.3852089319669694
89665.31585508666,43173.71463607535,89667.97454690926,43167.47573041258,89666.64698197752,43170.59102359869,6.781809175771082,3.3954294591447094,3.386379716626373
89665.17215948652,43173.62754453488,89667.79068871362,43167.39253165777,89666.47638890344,43170.52199546843,6.762584220701671,3.36831772610261,3.394266494599061
89664.9141926805,43173.4885540249,89667.7270354287,43167.35293177122,89666.30565222258,43170.45332861104,6.749894361709369,3.3390891573549784,3.410805204354392
89664.4855469011,43173.27147706388,89667.84716706205,43167.38358174452,89666.1387955544,43170.37580041622,6.779986395873342,3.334407711524513,3.445578684348828
89663.84720216806,43172.905024782245,89668.20550954792,43167.544568586054,89665.98316242221,43170.277918856955,6.909237041074145,3.386146196639937,3.523090844434208
89663.09078474325,43172.34735854906,89668.71012190347,43167.87353087908,89665.8535000899,43170.14810129721,7.186132389846136,3.5328579459113767,3.65327444393476
89662.4528708647,43171.80814128749,89669.10074532308,43168.15287825611,89665.75969694067,43169.9901267307,7.588052916866432,3.7743977982955568,3.8136551185708756
89662.04401184835,43171.503397686276,89669.22321488711,43168.18795370749,89665.68645167624,43169.8213349364,7.907806575826772,4.012078749256374,3.8957278265703974
89661.83310344559,43171.42972978967,89669.00471769564,43168.05842385424,89665.61541181835,43169.651579292855,7.9246036965469,4.179488764231944,3.745114932314956
89661.75631152533,43171.46671672051,89668.6663234522,43167.84499311439,89665.53483439152,43169.4861532078,7.801782739352828,4.2662223236670584,3.5355604156857696
89661.73400081624,43171.50567122526,89668.31866189845,43167.63804475453,89665.44487569352,43169.325632504275,7.636982158228801,4.304117699218446,3.332864459010355
89661.71460831979,43171.5151834084,89667.98288964287,43167.46860096731,89665.34757801401,43169.169449323446,7.461409852407996,4.324708406413379,3.136701445994618
89661.67880988159,43171.49830430346,89667.72564683922,43167.29036614458,89665.24444862954,43169.01704623425,7.367124278371802,4.344151374011785,3.0229729043600164
89661.62142991024,43171.46164837141,89667.60248775828,43167.04843755401,89665.13672114132,43168.867848073416,7.433041562712905,4.368671158575002,3.0643704041379025
89661.54091343988,43171.408473984455,89667.48783924062,43166.822289726966,89665.02523933855,43168.72142931791,7.51000437347929,4.40012866657238,3.109875706906909
89661.43945641471,43171.34167421896,89667.38067068209,43166.61043307405,89664.91111940092,43168.57705674641,7.594965543030853,4.437999290820606,3.1569662522102466
89661.31854076199,43171.262528170424,89667.28283765886,43166.41030876408,89664.79519264988,43168.434128818204,7.688760776109701,4.481853352991335,3.2069074231183667
89661.17803389275,43171.17103554795,89667.24043291871,43166.184564607756,89664.67813058835,43168.29212784562,7.849687646316122,4.5319745961744,3.3177130501417222
89661.01635723423,43171.06622190791,89667.22820854578,43165.955993963704,89664.560667117,43168.15045844336,8.043727012262572,4.58953319642417,3.454193815838402
89660.83348914044,43170.94808652531,89667.21716768482,43165.750061968356,89664.44355005978,43168.0085029528,8.232324054323856,4.655513150554864,3.5768109037689926
89660.62681000608,43170.815005072,89667.21712409366,43165.5627877888,89664.32748887221,43167.865683985874,8.427252463301096,4.732197609092099,3.6950548542089985
89660.39106611883,43170.663719490156,89667.24619177214,43165.386673129695,89664.21338819695,43167.72129500531,8.651052048334769,4.823716114405354,3.8273359339294144
89660.13402364663,43170.47908444613,89667.2672548797,43165.25806623047,89664.10231261449,43167.57457028717,8.839996244545135,4.917784841348252,3.9222114031968833
89659.84513648032,43170.25874259339,89667.27953918793,43165.182076304496,89663.99537709464,43167.42480982782,9.002812169267505,5.025742109320498,3.9770700599470072
89659.49115454304,43170.006836242974,89667.28203520809,43165.165567159784,89663.89410729156,43167.27117316053,9.173287772328573,5.184029170332935,3.9892586019956373
89659.0679715018,43169.69711823842,89667.27387068972,43165.215158017505,89663.80049587252,43167.11277036947,9.351292399835911,5.392859889486408,3.9584325103495033
89658.78668890912,43169.195546172414,89667.25448175699,43165.33644142389,89663.71715724228,43166.948754771714,9.307490286509568,5.419302055506556,3.88818823100301
89658.64303540598,43168.52258585591,89667.22391228573,43165.53265001925,89663.64746996405,43166.77852431485,9.08924210729926,5.301020113806396,3.788221993492864
89658.68177508682,43167.697400666206,89667.23195855998,43165.79201198555,89663.5956086419,43166.602080177785,8.761756619285217,5.0354927525261886,3.7262638667590267
89659.01894976794,43166.77970232264,89667.25705115359,43166.13003340155,89663.56688095954,43166.42047791261,8.265565510873005,4.563122905521346,3.7024426053516586
89659.42367137191,43165.90155380741,89667.35443183577,43166.54827996795,89663.56630163317,43166.23668375525,7.962151861688467,4.1587915341229635,3.803360327565504
89660.02920025174,43165.16134499465,89667.48378181025,43167.034397373616,89663.59549388764,43166.05526569857,7.6906620977065865,3.6787367374333426,4.011925360273243
89660.38159817088,43164.565394123965,89667.44990348034,43167.407351367,89663.65383096083,43165.8809755735,7.61970140725518,3.5274676574186374,4.092233749836542
89660.52115140347,43164.26619826735,89667.31656499222,43167.3318737562,89663.73740417838,43165.7171793304,7.454932202120457,3.528403097741802,3.9265291043786545
89660.4416492288,43164.4411701599,89667.2317408795,43166.67934869193,89663.82457872188,43165.555207290905,7.15228587927182,3.563021506864645,3.589264372407175
89660.31381515897,43164.9612670519,89667.28437650656,43165.77800751739,89663.86541328976,43165.37722709502,7.021197731050675,3.577370038974632,3.4438276920760433
89660.30466672633,43165.088573689165,89667.26658805738,43165.295673890374,89663.8498447357,43165.19404784482,6.965079813271802,3.5467868796874935,3.418292933584308
89660.33481112505,43164.70147887959,89667.29661130178,43165.313756278476,89663.84943500263,43165.010545298894,6.98926923875659,3.528488707400508,3.460780531356082
89660.34697508207,43164.42861557616,89667.34376520127,43165.22328306541,89663.8883950325,43164.83082740519,7.041800578486507,3.564200975279089,3.4775996032074175
89660.28912967815,43164.706809689946,89667.45649582615,43164.59353714457,89663.91782584762,43164.64951491761,7.170931963040402,3.6305023972671697,3.540429565773232
89660.30237073927,43165.20852077692,89667.48539120049,43163.72641675089,89663.89003381274,43164.46840392052,7.33585026971588,3.663972705616079,3.6718775640998014
89660.35547202911,43165.29388801798,89667.46135259034,43163.25001903996,89663.82846671253,43164.295027558874,7.394094470236813,3.613837738181891,3.7802567320549216
89660.40160312063,43164.95375572456,89667.51197212917,43163.19522255647,89663.77192391676,43164.11999125218,7.325039065627669,3.4721295156655816,3.852909549962087
89660.42945852589,43164.460559536536,89667.56381393172,43163.33668448355,89663.73577851015,43163.939649540305,7.223211837882414,3.347510523222196,3.875701314660218
89660.32902106583,43164.01660269667,89667.5793214742,43163.46010276987,89663.71711193427,43163.75662689133,7.272194145898774,3.398314843488266,3.873879302410508
89660.24121335092,43163.65139253246,89667.57926478388,43163.48489828847,89663.7109684659,43163.572723691286,7.340168574457101,3.470754440140816,3.8694141343162847
89660.0727794441,43163.37627098642,89667.5706651033,43163.40172874785,89663.71216940325,43163.38870207836,7.497964705187126,3.6394283571424983,3.8585363480446273
89659.89770156553,43163.197297751874,89667.53587322436,43163.21218211021,89663.7156276042,43163.204702456955,7.638200761835571,3.817940454530294,3.820260307305277
89659.8119911078,43163.12707591499,89667.48677513973,43162.918067366285,89663.71628605224,43163.02067828632,7.677826630182119,3.9058442514797003,3.7719823787024187
89659.81100204906,43163.1648502181,89667.40976250624,43162.52549664493,89663.70893312966,43162.836821395635,7.62613329027265,3.9119768681612785,3.7141564221113708
89659.87490853308,43163.28076017661,89667.27956563875,43162.06378849747,89663.68814958705,43162.65403106995,7.504718999415053,3.8647729415510916,3.6399460578639613
89659.97156532515,43163.416934784014,89667.12790539331,43161.582598978195,89663.6503338941,43162.47399991167,7.388323623370736,3.7980170572989764,3.59030656607176
89660.06742889143,43163.5287853619,89666.96239124196,43161.12421198233,89663.59649548652,43162.298077929205,7.30267961485993,3.73773968033705,3.5649399345228794
89660.14327997848,43163.60626897778,89666.80431604461,43160.695690401066,89663.52860643923,43162.127072370844,7.26953033077115,3.694564372847458,3.5749659579236917
89660.19443407407,43163.65444777319,89666.6554319095,43160.292826089244,89663.44858717413,43161.961385803545,7.283537096601762,3.6684089188321143,3.615128177769647
89660.22266966208,43163.679201740575,89666.45705252817,43159.945064805106,89663.35818290038,43161.801122299294,7.267488798192539,3.655120980708678,3.6123678174838605
89660.23046427878,43163.68546662497,89666.22932065403,43159.64604738029,89663.25891372481,43161.6461884462,7.232449872248612,3.6512287753523207,3.5812210968962916
89660.22336513457,43163.67485385859,89666.01626467673,43159.36589517458,89663.152070179,43161.496373355054,7.220095415535935,3.6502547841148028,3.5698406314211333
89660.20143849494,43163.65153656032,89665.81483944318,43159.10085858783,89663.03873285129,43161.35140481742,7.226580506214352,3.6526704911078087,3.5739100151065446
89660.16723370673,43163.61658342043,89665.62285446316,43158.84861218232,89662.9198018442,43161.21098505866,7.245771096424575,3.6557510249228753,3.5900200715016997
89660.12031666773,43163.56919299788,89665.44024769451,43158.60972108016,89662.79602801516,43161.07481117401,7.273297630517789,3.6581536658637517,3.6151439646540378
89660.05503586761,43163.50337268721,89665.27225881733,43158.39035103631,89662.66810471422,43160.94252289462,7.305052476467316,3.6587468191168506,3.6463056573504655
89659.96132173929,43163.409503877585,89665.10768396326,43158.22228559915,89662.53733399582,43160.813039597306,7.3070169835576,3.6575293463757825,3.649487637181817
89659.83607048231,43163.28509794477,89664.96696919516,43158.09222501843,89662.40562540299,43160.684506698366,7.300141657470936,3.6559118810579205,3.644229776413016
89659.69586248546,43163.14636662085,89664.84124698496,43157.976335907755,89662.27489481059,43160.55498194939,7.29412297088683,3.656048407693473,3.638074563193357
89659.57141514939,43163.02403660589,89664.69954614001,43157.84444482487,89662.14535485818,43160.42426385676,7.288765661757525,3.658419871966509,3.6303457897910154
89659.4857781754,43162.94185032349,89664.5187840726,43157.67349927475,89662.01481568017,43160.29454788491,7.286200681731339,3.6612509171175827,3.6249497646137563
89659.44765064582,43162.90754667995,89664.29019607833,43157.45606381159,89661.88085430198,43160.168385575256,7.292116709045795,3.6640158691755875,3.6281008398702084
89659.45567618006,43162.916141510315,89664.00818352774,43157.20433206182,89661.74121134491,43160.04857272206,7.304856123957147,3.6673357777582924,3.637520346198855
89659.4938752449,43162.94858722552,89663.65222019986,43156.988244209926,89661.59408645202,43159.93811299482,7.268448727139333,3.671118486228245,3.5973302409110883
89659.53425120028,43162.97988905704,89663.2904792252,43156.78644869908,89661.43958267523,43159.83822050048,7.244253360127905,3.674678739094055,3.5695746210338504
89659.55666108824,43162.99564727384,89662.94922356862,43156.59942149071,89661.27916545043,43159.74810559704,7.240842126008264,3.6763797420859032,3.5644623839223613
89659.55561954646,43162.992851668314,89662.63243391336,43156.4262642437,89661.11415812263,43159.666677016554,7.252119548110239,3.673434147130892,3.578685400979348
89659.53379344245,43162.97357913513,89662.32593396083,43156.287533587754,89660.94563974097,43159.5927683305,7.245973882144093,3.663937809816707,3.5820360723273854
89659.49809777725,43162.942172267336,89662.02494652098,43156.17746482218,89660.77440169083,43159.52538923991,7.221519530633594,3.6475207398877076,3.5739987907458857
89659.45506871725,43162.90256852193,89661.73194510846,43156.06969997009,89660.60084497576,43159.46422738635,7.202502420824984,3.6243553034266554,3.578147117398328
89659.40739807239,43162.85683626553,89661.44255284907,43155.963027211925,89660.42525132888,43159.40918343604,7.188187663091929,3.5948897576745993,3.5932979054173293
89659.34983352441,43162.827305111554,89661.15522300373,43155.85708509599,89660.24788444991,43159.36015076876,7.200474265251386,3.5816900795852655,3.61878418566612
89659.27979154637,43162.83328245653,89660.86745624687,43155.75954674048,89660.06899108036,43159.31701601618,7.249947768733819,3.603857300196247,3.6460904685375723
89659.20782975269,43162.839505473465,89660.57438751805,43155.69586769729,89659.88880130708,43159.27966220646,7.273392864353445,3.6245001811180866,3.648892683235358
89659.13401026574,43162.84591938898,89660.2832105957,43155.63652754637,89659.7075292373,43159.24797151997,7.300621930182427,3.6434766437167,3.657145286465726
89659.05840704129,43162.85250716854,89659.99407545476,43155.57758988391,89659.5253739522,43159.221827667876,7.3350448384024425,3.660687839494956,3.674356998907487
89658.98111143858,43162.85926042366,89659.70627884548,43155.51891367937,89659.34252066127,43159.201117920355,7.376276338727824,3.6760498047386827,3.700226533989141
89658.90223119994,43162.86617473807,89659.41897656696,43155.4630018842,89659.1591419945,43159.18573482085,7.421374962320374,3.689489970831181,3.7318849914891925
89658.8218883447,43162.87325298157,89659.12969090376,43155.460551565135,89658.97539938461,43159.17557762786,7.419271350533555,3.700951376994785,3.7183199735387706
89658.74020044565,43162.880505922076,89658.84257029138,43155.47214330667,89658.79144450459,43159.17055352744,7.4092449741869,3.7103939720169667,3.698851002169934
89658.65708533359,43162.88793996702,89658.5581858351,43155.48362503199,89658.60742073796,43159.1705786599,7.405142714742641,3.717777051829789,3.687365662912852
89658.5714528978,43162.89556881663,89658.27705350246,43155.495058338005,89658.42346466696,43159.17557893639,7.406517502688365,3.7230095482368966,3.683507954451468
89658.48028510257,43162.90354207739,89658.0016420708,43155.50636709529,89658.23970331928,43159.185423140276,7.4127738977059785,3.7259593546517684,3.6868145430542105
89658.37986964245,43162.912258126846,89657.73519460658,43155.51716888851,89658.05622968744,43159.19967754678,7.423236491232245,3.726710715027596,3.6965257762046493
89658.2693218523,43162.92217557023,89657.47849670058,43155.5287606311,89657.87309106228,43159.21774912969,7.435668475994658,3.7255965351047364,3.7100719408899203
89658.15543348003,43162.9332457242,89657.2296261062,43155.580014013314,89657.69029466555,43159.23901677704,7.411371691404083,3.723440385692898,3.6879313057111855
89658.05590534909,43162.94417960683,89656.96903918535,43155.64387968396,89657.50786765976,43159.26324122447,7.380922089890544,3.721592543817744,3.6593295460727995
89657.9909417042,43162.95277974837,89656.6762403962,43155.71338492223,89657.32609897388,43159.29194602175,7.358132655407123,3.7208811901303815,3.637251465276742
89657.9724308856,43162.95647731487,89656.33993982407,43155.791716573134,89657.14554556382,43159.32744335892,7.348990095028788,3.7223504163052805,3.626639678723508
89658.00358257731,43162.95070153143,89655.9562770119,43155.88259706501,89656.96705703098,43159.372113527934,7.359587221563472,3.7261584387686764,3.6334287827947946
89658.0718344935,43162.92864660243,89655.53445699486,43155.99013840528,89656.79188921185,43159.42834416971,7.389059495455418,3.727560713633297,3.6614987818221207
89658.12086505358,43162.8953741851,89655.13089264034,43156.12028513342,89656.62176700443,43159.498312322045,7.406229501885527,3.713483089512185,3.6927464123733422
89658.0588026655,43162.88980639566,89654.83719079674,43156.233551488185,89656.45703713236,43159.58029648905,7.394941983292226,3.6767744693896534,3.7181675139025727
89657.86031835566,43162.981117186835,89654.6947613243,43156.280643455415,89656.29341650745,43159.66452166323,7.4107983783000435,3.6681986662590367,3.742599712041007
89657.56389534884,43163.12719840705,89654.65854973573,43156.284910428774,89656.12611613395,43159.7410869155,7.43404966670577,3.6789553716789114,3.7550942950268595
89657.25367255775,43163.276426251425,89654.63700885042,43156.28974402364,89655.95477864039,43159.80818000887,7.460950417779632,3.7036630025398742,3.7572874152397575
89656.98264846427,43163.40382908991,89654.57267193064,43156.31410926141,89655.78089954164,43159.86842763731,7.48825485937819,3.7341294811186407,3.754125378259549
89656.76517247791,43163.50290210067,89654.45033800945,43156.35932381313,89655.6056885822,43159.92471334887,7.509282083095207,3.761366078729598,3.7479160043656092
89656.60543566075,43163.57808461118,89654.26876533723,43156.4243684599,89655.43014249112,43159.979952877446,7.525691639557192,3.7852285206361613,3.7404631189210296
89656.50372563371,43163.62921551773,89654.02903805792,43156.50916513326,89655.25519975294,43160.03706174869,7.538009249857889,3.8030242096598106,3.734985040198078
89656.45321900307,43163.658143205,89653.73884937807,43156.61309679397,89655.08189849429,43160.09894263235,7.550203921032881,3.814410800077019,3.735793120955862
89656.42182101442,43163.6760954664,89653.42999611734,43156.72766747911,89654.91151059858,43160.16840271791,7.565474360364205,3.8191822056274316,3.746292154736773
89656.34891920838,43163.71006308086,89653.16228683233,43156.82927461129,89654.74456328977,43160.245801938785,7.5829326668647905,3.817763047641751,3.7651696192230397
89656.18510897055,43163.7866747552,89652.98573029743,43156.89324290383,89654.57909230576,43160.326344264795,7.599737037057755,3.8148816389217703,3.784855398135985
89655.92239215197,43163.904925338225,89652.90779952874,43156.91608511242,89654.41237185882,43160.404239314616,7.611608005687289,3.812636703379076,3.7989713023082143
89655.60047015618,43164.03630623206,89652.88679584,43156.91969041718,89654.24210786654,43160.47398037477,7.616894030543208,3.812744914936548,3.80414911560666
89655.28976602123,43164.15889621506,89652.85431539608,43156.93221472714,89654.06838564543,43160.534645523534,7.6262809600748716,3.824646729671457,3.801634230403414
89655.035315898,43164.25844253414,89652.76635426228,43156.972755430295,89653.89269580829,43160.58940412201,7.630869271527436,3.842865036025229,3.7880042355022066
89654.84553020952,43164.31482669943,89652.61066668274,43157.04562603534,89653.71627001464,43160.641765420805,7.604996998298464,3.8427372678452847,3.76225973045318
89654.72607740594,43164.34717244806,89652.38751375162,43157.145512251365,89653.54018466658,43160.69525156125,7.571966434969058,3.8397073510073048,3.7322590839617527
89654.66559818477,43164.361960764276,89652.1102242179,43157.26859478148,89653.36558890299,43160.75337960874,7.5399110701645045,3.8357582815533124,3.704152788611192
89654.63012176604,43164.367079874726,89651.8110651917,43157.403856845536,89653.19372001906,43160.81910479384,7.512551214538281,3.8278769054889685,3.6846743090493126
89654.57885996727,43164.375623811895,89651.52727256087,43157.535340975315,89653.02479207423,43160.89208153163,7.490309050784709,3.814576180621015,3.675732870163694
89654.48957938176,43164.396160209115,89651.27813629017,43157.65219235992,89652.85819595725,43160.97025449226,7.469652686314636,3.7945437907114328,3.675108895603203
89654.35711499577,43164.43060500643,89651.06765242059,43157.75086807312,89652.69311612059,43161.05159192633,7.445781361642035,3.766520353590832,3.679261008051203
89654.18181175637,43164.47875586684,89650.89586381539,43157.830784803205,89652.52863312737,43161.134134055384,7.415727098187868,3.730885092679053,3.6848420055088154
89653.96607534766,43164.541631175656,89650.76245526565,43157.8921678281,89652.3637913739,43161.21595513612,7.381002940055294,3.691557976451458,3.6894449636038362
89653.72455278655,43164.63716343794,89650.66372723841,43157.93762072982,89652.19765990748,43161.295115564666,7.3657467363843,3.6743855102179515,3.6913612261663493
89653.46983095795,43164.741269012346,89650.58025141896,43157.97758253893,89652.02939785577,43161.36962320495,7.355190132912091,3.6665057933429033,3.688684339569187
89653.24305200721,43164.83266942937,89650.46903746261,43158.031090799996,89651.8588463695,43161.4387414741,7.345536693538674,3.665357022585643,3.6801796709530303
89653.08181853773,43164.89748173066,89650.29246353099,43158.11253366398,89651.687553104,43161.50601991465,7.3359657837713135,3.666890011162291,3.6690757726090233
89652.97708602478,43164.9387467045,89650.05984283306,43158.21838314269,89651.51748844587,43161.57632008824,7.326329429934758,3.665612567025101,3.660716862909657
89652.871004596,43164.979241508,89649.82858973122,43158.32499544495,89651.35001003559,43161.6525744414,7.3168214830404406,3.657907552337768,3.658913930702673
89652.70779636051,43165.04451225962,89649.65399936732,43158.40601194784,89651.18385787071,43161.73170204871,7.307220358290484,3.6465225415470806,3.6606978167434034
89652.48099269113,43165.13772146106,89649.5428320928,43158.457799106865,89651.01682834908,43161.80894630135,7.297636123245369,3.6365993405734676,3.6610367826719017
89652.23136515704,43165.239331386685,89649.4544141607,43158.50032234888,89650.84734766201,43161.880636979586,7.2888313416160955,3.6327222541545288,3.6561090874615663
89652.00471874955,43165.33332132332,89649.3436680015,43158.553042529515,89650.67608642038,43161.94798895379,7.283804318857369,3.636735787067727,3.647068531789642
89651.80995946247,43165.41812724429,89649.20198668762,43158.61860842199,89650.50425169936,43162.01387278268,7.2825164406974725,3.6460715997651225,3.6364448409323495
89651.62976787025,43165.49705154048,89649.04462886654,43158.687661779666,89650.33227924243,43162.07939642651,7.283594710805191,3.655659733018118,3.6279349777870724
89651.45167545178,43165.57492257686,89648.88431017971,43158.755760241955,89650.16015355477,43162.14451641201,7.286450383658359,3.665476814130388,3.6209735695279703
89651.27214576368,43165.653204609516,89648.72531003869,43158.823473460085,89649.9878412739,43162.20914095827,7.289144419302333,3.6757338330572753,3.6134105862450574
89651.0907731435,43165.73216142638,89648.56800575512,43158.89057025794,89649.81531017237,43162.27317892145,7.291896849006867,3.6866481537293745,3.605248695277493
89650.90757402476,43165.81181687623,89648.41234715523,43158.95704706793,89649.64252944586,43162.33654017411,7.294797438351731,3.6983641103063123,3.596433328045418
89650.72280088619,43165.892013335644,89648.25804829254,43159.02306772871,89649.46946998693,43162.39913598907,7.2977715441167685,3.710935667073403,3.5868358770433657
89650.53791977682,43165.97207041169,89648.1036573861,43159.089288211755,89649.29610464022,43162.46087942572,7.300573175108549,3.7243225612424546,3.5762506138660948
89650.356787571,43166.05042261316,89647.94547750331,43159.15718669174,89649.12242850281,43162.52174330492,7.302816959109625,3.738345173557898,3.5644717855517265
89650.17913662228,43166.11120815419,89647.77918530026,43159.22842445928,89648.94857613789,43162.58210253093,7.289202820558014,3.73749456336882,3.551708257189194
89650.00705551366,43166.15219247537,89647.60249484629,43159.30390939549,89648.77475117923,43162.64254058195,7.25816242747878,3.7197093863237702,3.5384530411550097
89649.8470186926,43166.19025913063,89647.41492316638,43159.383891702,89648.60115909443,43162.70364353043,7.227851916570266,3.702524168015422,3.525327748554844
89649.69904485712,43166.22548431933,89647.21646579409,43159.46842226582,89648.42801237314,43162.76599586365,7.198705154743782,3.685600982791874,3.5131041719519076
89649.56314544332,43166.257902192156,89647.00708429949,43159.55753942973,89648.25553807704,43162.83018263177,7.171387445813616,3.668681806170644,3.502705639642972
89649.4393883455,43166.28750987931,89646.7866307044,43159.6513110873,89648.08398540027,43162.89679064085,7.146819595943537,3.651615521535769,3.495204074407768
89649.3342521894,43166.32924056796,89646.55483790392,43159.7498492914,89647.91363322746,43162.96640820976,7.142454517939486,3.6506291089224496,3.491825409017036
89649.2520926337,43166.38994246843,89646.31131369802,43159.85332026477,89647.74479754856,43163.039622964476,7.167785787296528,3.6738242042778677,3.4939615830186597
89649.18209189647,43166.441921138234,89646.05554130224,43159.961963047426,89647.57783841106,43163.11701710953,7.19494157344412,3.6917671731505535,3.5031744002935676
89649.12430993524,43166.485246929005,89645.78691746447,43160.07614085687,89647.41316585884,43163.19915962672,7.226155842598306,3.705002161634088,3.5211536809642197
89649.0784327549,43166.52023714008,89645.50504875909,43160.19637016634,89647.25124403276,43163.2865949511,7.263837269206539,3.7142746834242257,3.5495625857823128
89649.04230072707,43166.54819421888,89645.21126887167,43160.32271145616,89647.09259232738,43163.379827915625,7.310040166817999,3.720315853214732,3.589724313603267
89649.0090008805,43166.57338179292,89644.91165785783,43160.45273827359,89646.9377655618,43163.47927998971,7.365701487704784,3.7234749625911814,3.642226525113601
89648.96818601998,43166.60302340066,89644.61780683539,43160.58328656339,89646.7869554262,43163.58472883117,7.427346852280572,3.7240417119383316,3.7033051403422417
89648.91354506202,43166.64246306162,89644.36597266399,43160.74792119759,89646.63981657202,43163.695248942015,7.4449889075313855,3.722414271962095,3.7225746355692904
89648.84638689389,43166.69155076214,89644.1286614359,43160.90783440055,89646.49586205799,43163.80989064253,7.463899640693926,3.7187769796898285,3.7451226610040975
89648.77273950962,43166.745926693744,89643.89675045093,43161.06353840372,89646.35474253232,43163.92800568843,7.487743409570784,3.713186832715945,3.774556576854839
89648.69794931763,43166.80127582134,89643.66445623204,43161.219477078426,89646.21652005374,43164.04949742127,7.516266119282169,3.7054278867951576,3.8108382324870105
89648.62431166235,43166.85568112223,89643.42894368884,43161.37779055991,89646.08134856293,43164.17437381479,7.54991351221517,3.695478947762226,3.8544345644529443
89648.55253737814,43166.90862099326,89643.19627442762,43161.5466120665,89645.9494037623,43164.30265368133,7.579124141210547,3.683469107787367,3.89565503342318
89648.48300611998,43166.95987779685,89642.998452396,43161.75678206617,89645.82088472911,43164.43436433343,7.560112587498014,3.6695722699754807,3.8905403175225337
89648.42453321135,43167.01673470395,89642.80341801603,43161.97510900898,89645.69601598663,43164.56953943344,7.551026822345555,3.6652826177538493,3.8857442045917048
89648.40593785496,43167.10190013704,89642.60521410462,43162.19694440037,89645.57504975062,43164.70821659609,7.596734914953021,3.7073517480433713,3.8893831669096497
89648.39357194031,43167.182476155016,89642.41004979478,43162.42852146336,89645.45826828243,43164.85043460003,7.642399644716398,3.7490404711836383,3.89335917353276
89648.38264937757,43167.25385445089,89642.25535750319,43162.69829388003,89645.3459862422,43164.9962300575,7.63548452767655,3.784061614130703,3.851422913545849
89648.37320742388,43167.31582452962,89642.10649518446,43162.97709989031,89645.23855288432,43165.14563338586,7.6223400580191765,3.8127096119326738,3.8096304460865027
89648.36528204016,43167.36818977199,89641.95292179265,43163.25825473327,89645.13635386992,43165.29866392868,7.61668034425008,3.8353489022987266,3.781331441951353
89648.35890636583,43167.41077897204,89641.77697172495,43163.53301498854,89645.0398123892,43165.455324092945,7.639558918892759,3.852426676510726,3.7871322423820333
89648.35411308434,43167.44346292005,89641.59478507294,43163.81466886599,89644.94938918944,43165.61559241419,7.672073126295927,3.8644897132466784,3.807583413049248
89648.35094886797,43167.46617871678,89641.41758514491,43164.11069536548,89644.86558100293,43165.77941554499,7.702923239990481,3.8722122842907765,3.830710955699705
89648.3495156318,43167.47896356962,89641.282684464,43164.4378213095,89644.78891677587,43165.94669929635,7.6937094038994305,3.8764474148599586,3.8172619890394723
89648.35002534886,43167.48199207314,89641.14449533919,43164.773163766964,89644.71995104222,43166.11729905818,7.698208274867658,3.8782849424818764,3.8199233323857817
89648.35267837592,43167.47578249341,89641.02624447225,43165.12559289961,89644.65925380067,43166.29101018341,7.694518192272459,3.878980628448568,3.8155375638238906
89648.35672319602,43167.46331065641,89640.9258130261,43165.48980874329,89644.6073963888,43166.46755922764,7.688887293666062,3.8794924862015456,3.8093948074645176
89648.35857849411,43167.4578931742,89640.82943603751,43165.84777601753,89644.56492363849,43166.64659533935,7.699687856665612,3.8795903329294954,3.8200975237361168
89648.35277356053,43167.488370274266,89640.74369437042,43166.17255753314,89644.53156324927,43166.82756044739,7.722154933613214,3.877999354629755,3.84415557898346
89648.3366886089,43167.58196096721,89640.68367560857,43166.438909778015,89644.50433959183,43167.00956302902,7.7379267959743805,3.87487069760607,3.863056098368311
89648.3116727768,43167.74156607746,89640.65947084018,43166.64399788531,89644.47950836777,43167.1919122641,7.73051502486924,3.8713830107238407,3.859132014145399
89648.28260359784,43167.9346513428,89640.63901579459,43166.81567962232,89644.45344224933,43167.37408676106,7.725058955224879,3.869975477711621,3.8550834775132587
89648.25856432309,43168.10074144788,89640.61394356721,43167.01427396682,89644.42522464681,43167.55594268525,7.721481666856426,3.871880679012086,3.84960098784434
89648.24708035741,43168.19091979861,89640.57731759406,43167.28836529945,89644.39890002417,43167.738076079695,7.722942412527135,3.8748625348387784,3.848079877688358
89648.24632757736,43168.196816715914,89640.53670977714,43167.64692740344,89644.3793007134,43167.92103498161,7.729754729262184,3.877125041922528,3.852629687339656
89648.2468839291,43168.15791052449,89640.54371292722,43168.05238678653,89644.37114612755,43168.10483428899,7.704473745241919,3.876393145459299,3.8280805997826204
89648.24401310479,43168.141257462965,89640.55885725905,43168.43433829544,89644.37517063892,43168.28879157838,7.69108484901139,3.8718268882359026,3.8192579607754884
89648.24201965221,43168.17857136144,89640.57734168433,43168.76281684773,89644.38737680059,43168.47240822754,7.687103789788519,3.865922136910152,3.821181652878366
89648.24349488663,43168.236631726846,89640.62594019317,43169.06800682903,89644.40398673086,43168.65568546379,7.663037375082639,3.8624343650681436,3.800603010014494
89648.243252274,43168.255938590504,89640.67800174188,43169.410241721445,89644.42578259921,43168.83840520247,7.653328002815154,3.86191384597572,3.791414156839433
89648.23068081723,43168.2169855293,89640.7415055406,43169.81018315138,89644.45702662389,43169.01972118491,7.657497987516848,3.8584588086215463,3.7990391788953017
89648.20460076575,43168.183759397805,89640.84130436182,43170.20100176297,89644.50186825189,43169.19813228218,7.634998406171546,3.839354914777364,3.7956434913941814
89648.19042461863,43168.256689677226,89640.93793952021,43170.486282631915,89644.55813957448,43169.37333909726,7.587482131274674,3.8000612907057016,3.7874208405689718
89648.23824344094,43168.432947448026,89640.99856552272,43170.66169659924,89644.61448868747,43169.548525825936,7.57499268599203,3.7915930087817906,3.78339967721024
89648.3032251731,43168.64062207433,89641.04757304992,43170.80418238611,89644.66716611512,43169.72485545673,7.571365447635649,3.7942734563410787,3.7770919912945704
89648.35993518386,43168.81999789219,89641.10483680361,43170.97491330829,89644.71834391973,43169.9016284624,7.568370739799266,3.7988343670332054,3.7695363727660607
89648.40295122404,43168.952534552525,89641.17590603721,43171.19195101035,89644.770398086,43170.07814374148,7.566130731475897,3.802990007586041,3.763140723889856
89648.46096960873,43169.0252910847,89641.2619085709,43171.45781051623,89644.82571074499,43170.25365947004,7.599144317553509,3.8372978145703764,3.7618465029831314
89648.50131181713,43169.04704288556,89641.36365472135,43171.772548067995,89644.88665040277,43170.42729152066,7.64075841011019,3.869440754999782,3.7713176551104084
89648.50074348006,43169.03244597568,89641.48126975597,43172.13220041309,89644.95551256818,43170.59792177486,7.674089319407998,3.875817972544866,3.798271346863132
89648.47209028782,43168.9968080666,89641.6555147167,43172.501045946534,89645.03426185172,43170.76420645473,7.665337568547741,3.8659307997509558,3.799406768796786
89648.43107006294,43168.957556423426,89641.90553263554,43172.83925311832,89645.12336790639,43170.92517983766,7.593564975218703,3.8490941607282556,3.744470814490448
89648.3928635599,43168.91909181328,89642.15394210757,43173.17173687067,89645.22229924035,43171.0803104086,7.55120522634891,3.8374906118155105,3.7137146145334
89648.37658234766,43168.867946668644,89642.40031462979,43173.500429563835,89645.33053875725,43171.22909722918,7.562205068947109,3.8543926330387634,3.707812435908346
89648.36084951687,43168.81409884599,89642.64667517773,43173.82945562935,89645.44762167265,43171.37103074404,7.603734770676301,3.876558395710311,3.72717637496599
89648.34474373158,43168.75374137623,89642.8960180962,43174.16370081624,89645.57312517494,43171.50557597412,7.679049648803801,3.9060778533126435,3.7729717954911575
89648.32493536829,43168.68056424295,89643.1931724199,43174.465178374645,89645.70665590526,43171.63215742831,7.7336512798564545,3.9459576313249443,3.78769364853151
89648.29174933193,43168.58736727444,89643.5525655912,43174.720178725445,89645.84794275639,43171.75001054007,7.751521569999187,3.997306560373118,3.7542150096260687
89648.2319008115,43168.47829659282,89643.92891140691,43174.98498510086,89645.99714922112,43171.8576400722,7.801896676633156,4.051991352497038,3.749905324136118
89648.14980551081,43168.390813211074,89644.31087780364,43175.24450703482,89646.15440677649,43171.95309298383,7.856465980791541,4.083517589712527,3.7729483910790145
89648.09259634545,43168.39786274402,89644.64740087294,43175.464139571865,89646.3188593432,43172.0355878535,7.861683551830422,4.047265245027057,3.8144183068033644
89648.12125798257,43168.56110118947,89644.88447870135,43175.590640801915,89646.48708151947,43172.11020054436,7.738941115547628,3.907256027945323,3.8316850876023048
89648.27200189461,43168.85951425566,89644.98218779698,43175.62568496103,89646.65542881149,43172.18452918842,7.523992528118227,3.6973779920538363,3.8266145360643904
89648.61446321022,43169.09753548611,89644.93563221059,43175.59436883799,89646.82029572396,43172.26618772344,7.467377036799833,3.6419675480165035,3.82540948878333
89649.01426204003,43169.37693788624,89644.82990230994,43175.50902296848,89646.97709188878,43172.36227362155,7.424821710267994,3.6147253785923015,3.810096331675693
89649.32217464656,43169.60397666933,89644.83748191739,43175.45734155716,89647.12199841804,43172.47556940514,7.373924485517988,3.6175848283628405,3.756339657155148
89649.40798650288,43169.65180616984,89645.10274197905,43175.55552575802,89647.26216218313,43172.594811464165,7.308066896125966,3.64287512204927,3.6651917740766953
89649.19076205869,43169.47274870757,89645.71783131633,43175.771101837614,89647.41092312378,43172.70277144843,7.197713363886366,3.6906885243344476,3.507024839551918
89648.72288952445,43169.193522945025,89646.55892990576,43175.96392948427,89647.57840310466,43172.77732848818,7.114622118681877,3.765730981984506,3.3488911366973717
89648.30735711625,43169.005416575725,89647.29249218872,43176.04316318633,89647.75893247417,43172.811189943684,7.113583936911181,3.8467332166017223,3.266850720309459
89648.1454533168,43168.93659926862,89647.77338662346,43176.06233479487,89647.9426368737,43172.82082842344,7.135908759326446,3.8897747295222045,3.246134029804242
89648.21951493129,43168.96494586537,89648.04833872317,43176.07544412116,89648.1266639639,43172.82202231717,7.112558755655621,3.8581940873309395,3.2543646683246816
89648.45246337196,43169.0825410687,89648.18681520392,43176.087850169584,89648.31067372543,43172.82457312735,7.010512051400237,3.744806553051378,3.2657054983488596
89648.78089657002,43169.26956318958,89648.23191321493,43176.09482234087,89648.49449244834,43172.83301885622,6.847775475479688,3.5751920924144587,3.2725833830652302
89649.16258873518,43169.491936671446,89648.20935467849,43176.091014981015,89648.67753169633,43172.851658214066,6.668303629464478,3.394927071044749,3.273376558419729
89649.53670728288,43169.697033943,89648.17953458974,43176.075924829005,89648.85850346388,43172.884630597175,6.522114030424694,3.2591690320651727,3.262944998359521
89649.8232070618,43169.774127590754,89648.2538190561,43176.07218538237,89649.03634963388,43172.93183127967,6.490648478340359,3.254264734681355,3.2363837436590037
89649.93688305172,43169.80461806185,89648.50278184039,43176.10272043939,89649.21355998973,43172.98142613615,6.459748095969712,3.258332964719877,3.201415131249834
89649.92123912997,43169.806933524625,89648.87903063835,43176.15143795619,89649.39357824362,43173.01915229865,6.430290511460295,3.2556508733214873,3.1746396381388067
89649.90979705808,43169.81750719401,89649.25056678675,43176.18924359157,89649.57633480056,43173.040319355794,6.406059270664946,3.2401750552524575,3.1658842154124884
89649.99891359653,43169.84650626618,89649.5244138988,43176.21283161416,89649.75996914922,43173.05230398487,6.383994017793847,3.2146954283983318,3.169298589395515
89650.18663534347,43169.88940813097,89649.70123657852,43176.22992113093,89649.94366260033,43173.06340440617,6.3590962924043986,3.183297877279241,3.175798415125158
89650.41721691717,43169.92419838745,89649.83589746429,43176.24394756019,89650.12703582559,43173.07889321687,6.346469315262052,3.1680327977892846,3.178436517472768
89650.64013417302,43169.95125970178,89649.97860836743,43176.258089606614,89650.31008477171,43173.09787415914,6.341440650368989,3.1638824897468014,3.177558160622188
89650.8409115244,43169.97630429854,89650.14349020914,43176.27436461831,89650.49297214083,43173.118369593736,6.336558811990702,3.1612719653089036,3.1752868466817987
89651.03177160134,43170.000166614016,89650.3183305981,43176.291820187434,89650.6758671499,43173.13879734617,6.331976444496696,3.1587460423686413,3.173230402128056
89651.23004961872,43170.0247764054,89650.48571844457,43176.30852361482,89650.8587377416,43173.15944086167,6.32768855214635,3.156584743264265,3.171103808882086
89651.44389545199,43170.05129227024,89650.63750276693,43176.32327958065,89651.04145413777,43173.181399152905,6.3236424672356275,3.1558862146313205,3.1677562526043057
89651.66780921195,43170.079479092754,89650.77888306692,43176.33935569025,89651.22386145408,43173.20577866325,6.322704508406939,3.1576772034239937,3.1650273049829445
89651.87456566874,43170.105700931716,89650.9369370413,43176.36180501603,89651.40578131995,43173.23355517521,6.325977262016855,3.162788575771247,3.1631886862456087
89652.02137711686,43170.12228764171,89651.1549309815,43176.39330878677,89651.58746120863,43173.26287844677,6.330717744889863,3.170486240130519,3.1602315047593432
89652.096485521,43170.124469717615,89651.44492865895,43176.43330419582,89651.76981083729,43173.287535364594,6.342713565720644,3.1800519403653813,3.1626616253552635
89652.16085803419,43170.12771436535,89651.74603464449,43176.470300075795,89651.95326143752,43173.301559378495,6.356266794001711,3.180692201152131,3.1755745928495807
89652.31602778178,43170.13772073691,89651.95671564687,43176.50578757305,89652.13719151856,43173.30758008283,6.378248733807271,3.1749264786277536,3.203322255179518
89652.62113512402,43170.155809194126,89652.01532021882,43176.533972140285,89652.32102218716,43173.31572959613,6.4076520557277785,3.174527682642452,3.233124373085326
89653.05026331928,43170.19211013741,89651.94790716688,43176.53569790977,89652.50372690852,43173.3367936177,6.440031813389525,3.192505581416413,3.2475262319731124
89653.47335750154,43170.24449416967,89651.88912034834,43176.5257847779,89652.682793477,43173.37865287663,6.478548014863159,3.232603852514765,3.2459441623483944
89653.73787331396,43170.28428693165,89651.98769062788,43176.55161409142,89652.8584832804,43173.43339460511,6.5071381433030036,3.269600314818241,3.237537828484763
89653.80337115891,43170.28016644658,89652.28044562002,43176.632163126495,89653.0347005583,43173.486335179725,6.5328033929957146,3.297424968964947,3.235378424030768
89653.76825752304,43170.26310497754,89652.670784359,43176.7287012659,89653.21476750687,43173.52358979496,6.558842412272292,3.307516022658571,3.251326389613721
89653.82057394329,43170.268116239764,89652.977426868,43176.798696662525,89653.39763699516,43173.543907563995,6.584792410121315,3.3029854654903956,3.281806944630919
89654.08796226635,43170.299398846444,89653.0724052113,43176.831260726656,89653.58082818921,43173.56135636475,6.611194438286222,3.3015713399954847,3.3096230982907375
89654.56942071699,43170.36556768548,89652.95581490213,43176.81567957561,89653.76217741614,43173.59171553346,6.651416545580104,3.3268756965095525,3.3245408490705515
89655.12791836972,43170.45605442386,89652.77712930429,43176.759223949004,89653.93713532013,43173.647928358565,6.7293040512435045,3.407792688846638,3.3215113623968664
89655.57168095087,43170.53474990007,89652.72414400516,43176.72578803329,89654.10432867029,43173.72464895228,6.814884549862877,3.511405511272602,3.303479038590276
89655.8101476548,43170.558663872536,89652.85757519468,43176.78104418053,89654.26789686913,43173.80898344568,6.8874533557633075,3.597703886022301,3.2897494697410066
89655.84718828606,43170.52857395136,89653.15817143026,43176.920603524064,89654.43338107613,43173.88940412272,6.93561539725381,3.646625216191222,3.2889901810625877
89655.7606093713,43170.48293351256,89653.55940953232,43177.098133908476,89654.60505052068,43173.95537362978,6.973245344479066,3.660418471156372,3.3128268733226935
89655.67122742356,43170.45709747477,89653.9649174316,43177.26763756196,89654.78223676237,43174.0048173405,7.021980420192831,3.6578976959912337,3.364082724201597
89655.65517909263,43170.45316099822,89654.31223968473,43177.411388285946,89654.96244463818,43174.04197049164,7.086999088233948,3.655242966318809,3.4317561219151385
89655.73033163718,43170.46081030054,89654.57840988672,43177.55603664488,89655.14408925983,43174.071459104845,7.18817681831689,3.6579574045859986,3.5302194137308915
89655.89660597694,43170.474418095204,89654.76272781876,43177.677269308944,89655.32622393314,43174.0978164022,7.291573167333797,3.668027433779072,3.6235457335547254
89656.14850431125,43170.534289634306,89654.86212028442,43177.74769981806,89655.50814977074,43174.12554740005,7.327466825587584,3.6480270130710926,3.6794398125164918
89656.48635173756,43170.65258672414,89654.86920786908,43177.76435057557,89655.68903122412,43174.15932222459,7.294076836809962,3.596614755027318,3.6974620817826445
89656.91763271039,43170.8030092186,89654.77953425623,43177.72747914344,89655.8674642317,43174.20411354998,7.248674682489679,3.560342994442086,3.688331688047594
89657.4298212243,43170.99137468834,89654.60862809079,43177.64190998905,89656.04098499764,43174.26504068584,7.226604191730515,3.55728212949974,3.669322062230776
89657.95296960541,43171.20553675682,89654.43140678779,43177.53721950166,89656.20579806462,43174.34648467219,7.247026543163897,3.595136376587629,3.6518901665762673
89658.36061246843,43171.399443576534,89654.36427322545,43177.48691455326,89656.36014086429,43174.446556541916,7.2824839177035745,3.645329059244617,3.637154858458957
89658.58289862984,43171.51081574263,89654.46705162403,43177.55177643278,89656.5091913445,43174.55449306298,7.309858780177908,3.6829871332796706,3.6268716468982376
89658.64197548777,43171.52435528496,89654.7224971163,43177.72509714539,89656.66014363771,43174.659700878015,7.336291655853921,3.70951758480575,3.6267740710481706
89658.6169333146,43171.49914093876,89655.0552843527,43177.94392570993,89656.81837728652,43174.75351446185,7.364249229102775,3.7186961274432164,3.645553101659559
89658.61434960243,43171.49659458114,89655.36738483363,43178.142820772104,89656.98282424147,43174.836051845865,7.397293717295832,3.7168634851134397,3.680430232182392
89658.695986207,43171.538550203215,89655.60100050586,43178.29403493733,89657.15048566203,43174.911912678435,7.430733825484774,3.710555184580289,3.7201786409044844
89658.87500506476,43171.625145629594,89655.74162280203,43178.392691678244,89657.31892260259,43174.98605212633,7.45781288954777,3.7036985891740684,3.754114300373702
89659.13923201866,43171.75170026579,89655.79890330696,43178.442453935175,89657.48585324515,43175.06349064931,7.478595919092336,3.701748749779388,3.776847169312948
89659.44921471438,43171.90352236472,89655.81144689424,43178.46099969509,89657.64889881182,43175.14875862412,7.499391493330965,3.7113895659016407,3.7880019274293244
89659.75215819068,43172.055325674075,89655.83236717699,43178.47886597995,89657.80731587725,43175.24237166119,7.525369312172452,3.7337373177131736,3.791631994459278
89660.00883415328,43172.1986301223,89655.89295076909,43178.51963299928,89657.96213271875,43175.34184995375,7.543025940233833,3.7508972108428016,3.792128729391031
89660.21573556271,43172.31802205876,89656.0001245515,43178.59165910372,89658.1147289556,43175.444715824815,7.558443281482637,3.767025898654348,3.7914173828282887
89660.37658304012,43172.40923997917,89656.15481130943,43178.69073516694,89658.26661976887,43175.54862462171,7.568401499712883,3.7825549088579655,3.7858465908549177
89660.49797879718,43172.47679922373,89656.35151366035,43178.80926162539,89658.41933809842,43175.65130864638,7.569299226438677,3.794537916615086,3.7747613098235906
89660.59146538386,43172.52847359658,89656.57517272564,43178.94379553151,89658.57398243796,43175.75106323108,7.568945388244971,3.802080880145615,3.7668645080993555
89660.66660884247,43172.570227098025,89656.81639141991,43179.088283952224,89658.73097145479,43175.8470813215,7.570471951909183,3.805939430808492,3.7645325211006915
89660.72732126513,43172.60451423778,89657.07906091525,43179.22695062687,89658.89059134849,43175.93865391617,7.56109077914617,3.806702437439866,3.7543883417063038
89660.77753377252,43172.634695100845,89657.36026542624,43179.353107557305,89659.05307431438,43176.02503802817,7.53781941429862,3.8038384658382554,3.733980948460365
89660.83590977816,43172.672180997026,89657.63187504665,43179.473776390085,89659.21858377282,43176.10546377753,7.518629998155127,3.7952272057652423,3.7234027923898854
89660.94557291172,43172.73763960641,89657.84991271193,43179.57421588783,89659.38677008539,43176.180152337496,7.504793320219704,3.7789904928143336,3.7258028274053707
89661.13776995076,43172.84400117762,89657.98170663229,43179.64491504479,89659.55535873584,43176.25393976536,7.497642355575768,3.759265544923047,3.7383768106527215
89661.38190756622,43172.97780499836,89658.06075364245,43179.68891023544,89659.72151563384,43176.333010176015,7.488087277359668,3.7436501689172625,3.744437108442406
89661.61122346888,43173.10653550349,89658.15385901475,43179.73788465219,89659.8847935204,43176.41789462537,7.478559977884264,3.7344121170295197,3.7441478608547447
89661.78878898088,43173.20860124849,89658.29874932695,43179.813263977,89660.04679548327,43176.50520508118,7.470071189141111,3.7285576859657334,3.741513503175377
89661.92708793854,43173.28967176648,89658.48312550223,43179.909603408196,89660.20934667632,43176.59148248675,7.46221286038066,3.721914952717927,3.7402979076627325
89662.0733467853,43173.375138644325,89658.6593242295,43180.00202069046,89660.37342857823,43176.67481375155,7.454604779608895,3.7118165200079924,3.742788259600902
89662.27477993027,43173.489211262684,89658.779165824,43180.066673597474,89660.53764064748,43176.75789021115,7.448782039108016,3.701677333483665,3.7471047056243516
89662.55392995113,43173.64493627893,89658.819223388,43180.090444198584,89660.69983047408,43176.8448188631,7.449902566535032,3.698515143754724,3.751387422780309
89662.908614041,43173.848496624756,89658.78252777581,43180.06692931863,89660.85743945866,43176.9397401942,7.463938398941394,3.710428020335036,3.7535103786063577
89663.2914225064,43174.087110012755,89658.71902645985,43180.01141262493,89661.00710999085,43177.0466560717,7.4846357528576135,3.7391028495708367,3.7455329032867763
89663.59672079967,43174.2942094852,89658.73247579289,43179.99695520175,89661.14677620432,43177.16640131345,7.4956463311219155,3.775229096939926,3.72041723418199
89663.73494261055,43174.37824495548,89658.8923718088,43180.12899100314,89661.2823367474,43177.29086224405,7.518366121997374,3.807848023303688,3.7105180986936865
89663.68615605374,43174.32484341042,89659.2234701002,43180.40725336736,89661.42268980396,43177.40979844146,7.54579991446965,3.827190106821661,3.7186098076479883
89663.52980501771,43174.21973034224,89659.65895429223,43180.74102933994,89661.57479372455,43177.51302082802,7.585987073777124,3.831071864622264,3.7549152091548605
89663.42752264607,43174.17335818586,89660.05265638532,43181.014524905186,89661.7388503218,43177.59610658041,7.629082800309065,3.8170311913391592,3.812051608969905
89663.49753086374,43174.22704560728,89660.28860465107,43181.17458008597,89661.90816756999,43177.66818564251,7.652853855878436,3.7904747688773086,3.8623790870011265
89663.80032948566,43174.390542225905,89660.2993805888,43181.19752006724,89662.07725057675,43177.74079288309,7.655794078211941,3.768013354555262,3.8877807236566793
89664.42381976501,43174.717109719524,89659.99704916638,43181.02076014893,89662.23962114805,43177.827081589814,7.707234631541465,3.8025697638572113,3.904664867684254
89665.42393826804,43175.42454591422,89659.3153514735,43180.484241623446,89662.38048490738,43177.94432057479,7.948268643727057,3.95936157505179,3.9889070686752666
89666.50282657314,43176.46836243292,89658.55071876779,43179.69342366824,89662.47091979759,43178.10269950639,8.596149009944702,4.358138754939477,4.238010255005223
89667.16938105716,43177.28281906129,89658.03700586465,43179.24184031965,89662.50958288243,43178.28222575661,9.3430446332011,4.767254126083137,4.575790507117964
89667.53759340972,43177.6597923751,89657.84795541325,43179.21839324401,89662.53285031403,43178.464776732435,9.81420257258045,5.06907490787267,4.745127664707782
89667.76330609416,43177.76150628688,89657.92612108296,43179.43479329987,89662.56025663846,43178.64674491039,9.978645796403496,5.277906162980025,4.7007396334234715
89667.87786341549,43177.78009774024,89658.19443652991,43179.699464650184,89662.59346417623,43178.82774676445,9.87198581569443,5.387342622548874,4.484643193145556
89667.92644721687,43177.80118282069,89658.54928808908,43179.93778722695,89662.63204811809,43179.00768149034,9.61759951430754,5.430189330124682,4.187410184182859
89667.96098144796,43177.83563070896,89658.91408257333,43180.14775508711,89662.67555297942,43179.18649215546,9.337734672447791,5.4553571927031195,3.8823774797446715
89667.9959864683,43177.88310843395,89659.16948329634,43180.3624622338,89662.7235022714,43179.36416423096,9.168133746072069,5.4765620844569485,3.691571661615118
89668.03716976718,43177.94292401539,89659.4107158484,43180.56244257779,89662.77541491899,43179.5407201557,9.015412719696476,5.499004156054945,3.5164085636415314
89668.08637354174,43178.01502434438,89659.63742534781,43180.74985570956,89662.83080503762,43179.71621677964,8.880558044421177,5.524053270457741,3.356504773963437
89668.1440600449,43178.099452101145,89659.85097179764,43180.92636478854,89662.88914198114,43179.89075635895,8.761681767693652,5.551852127501896,3.2098296401917557
89668.21045278932,43178.196430860036,89660.01504430147,43181.106625023625,89662.94992831892,43180.064458535104,8.69679360923899,5.5823611055659805,3.1144325036730085
89668.28573791437,43178.30621905249,89660.06347118267,43181.31760317012,89663.01266718106,43180.23746553148,8.756385704389936,5.615609004926666,3.14077669946327
89668.37012560935,43178.42911594827,89660.10623895907,43181.52159387116,89663.07686207416,43180.40993796654,8.823567296373575,5.65175501630878,3.171812280064795
89668.46261990917,43178.565952906756,89660.14714756067,43181.71687564908,89663.14201561344,43180.582050848825,8.892436298577119,5.689770890444325,3.2026654081327948
89668.54028164847,43178.726010458144,89660.13046284775,43181.924219379565,89663.20762740853,43180.75398971792,8.99742144610713,5.705252068611966,3.292169377495162
89668.62320303245,43178.902198223725,89660.09539127328,43182.12800193527,89663.27319133593,43180.92594683898,9.117533042644029,5.7199819752032,3.397551067440829
89668.71363029796,43179.09415730774,89660.0624297234,43182.3192987869,89663.33819242941,43181.09811731629,9.23281774658659,5.736831212752283,3.495986533834306
89668.8118028626,43179.30238829095,89660.03177056518,43182.496955847055,89663.40210363039,43181.27069496268,9.343152326635579,5.756663818016176,3.586488508619403
89668.91800769357,43179.52749145095,89660.00358392647,43182.659946207394,89663.46438266659,43181.44386774676,9.44879315790819,5.780544927975379,3.668248229932811
89669.00693080199,43179.77875826012,89659.97801177381,43182.807405384236,89663.52446937085,43181.617812641896,9.523380089181941,5.782711999597345,3.740668089584595
89669.08021400069,43180.055183141936,89659.95516196375,43182.938667304414,89663.58178381469,43181.7926897244,9.569843967068644,5.766452633817429,3.8033913332512155
89669.1584039088,43180.34988153963,89659.93510244071,43183.053300174375,89663.635725705,43181.9686354231,9.61138180176887,5.755055286003213,3.856326515765656
89669.24159964404,43180.66322134398,89659.91785581417,43183.15114100791,89663.68567556991,43182.14575491648,9.650006460286498,5.750342645702246,3.8996638145842524
89669.28496936173,43181.00626560555,89659.90339484556,43183.2323270758,89663.73099832002,43182.32411381941,9.642061086849427,5.708181543361476,3.933879543487952
89669.25012195739,43181.38309130055,89659.89167058516,43183.29714507083,89663.77098206028,43182.50374351001,9.552242309427943,5.592603802522766,3.959638506905178
89669.21416455154,43181.771594870304,89659.88252989174,43183.34658994895,89663.80503079733,43182.68458948323,9.463752176002082,5.485722777217946,3.9780293987841358
89669.1299126579,43182.17637435053,89659.87583267661,43183.38184914025,89663.8325246766,43182.86654438799,9.33248794121352,5.342285196067863,3.9902027451456554
89668.98072274447,43182.591907373506,89659.87148401482,43183.404430898976,89663.85287620751,43183.049432850654,9.145713197801461,5.148390030967771,3.997323166833693
89668.83111276056,43183.00534803521,89659.86945075175,43183.41596165944,89663.8655550502,43183.233009926,8.971451431288312,4.970987712448682,4.000463718839629
89668.64672089549,43183.416756142666,89659.86964228374,43183.41669665386,89663.87011074877,43183.41696538195,8.77754555345582,4.776862823064544,4.000682730391276
89668.40698756312,43183.82674874359,89659.87197630874,43183.401815047895,89663.86616392515,43183.60093225431,8.5461626667947,4.546741895671792,3.9994207711229093
89668.1661706161,43184.24458392702,89659.87725511612,43183.35982227866,89663.8528473522,43183.78445050045,8.336753457951176,4.338185701014075,3.9985677569370996
89667.92029427955,43184.68175332699,89659.88789032705,43183.27775793461,89663.82843125635,43183.966811233215,8.155173896405794,4.154353284322732,4.0008206120830625
89667.66549157912,43185.1435513846,89659.90808823345,43183.14759366493,89663.79086445774,43184.146904858026,8.01134611998192,4.001391070273322,4.009955049708596
89667.38881555542,43185.61792918302,89659.9422999009,43182.97630918261,89663.73788600955,43184.323054733824,7.902656227404998,3.8744734374338563,4.02818278997114
89667.10921402674,43186.074081374216,89659.98648696645,43182.80155785073,89663.66782212767,43184.49312331303,7.839841552101136,3.787792431844738,4.052049120256399
89666.85438989053,43186.47606668213,89660.02438387372,43182.67677786616,89663.58283578651,43184.65628637013,7.816447913543651,3.7440233234733236,4.0724245900703275
89666.63957851201,43186.80893766782,89660.0429852964,43182.63333017495,89663.48698340834,43184.81334703472,7.807498780529294,3.7313102986791753,4.076188481850119
89666.46822803629,43187.07460652804,89660.03929064254,43182.6790832463,89663.38401735543,43184.96586316912,7.788043559293622,3.736249460551829,4.0517940987417935
89666.33924942312,43187.27722885855,89660.01347989777,43182.81187101185,89663.27727073815,43185.11577056995,7.743049335624889,3.748015870897391,3.995033464727499
89666.25061789778,43187.42018280204,89659.9651494702,43183.02341694619,89663.16977307391,43185.26514248776,7.670682201016764,3.7597836066205033,3.910898594396262
89666.19540731897,43187.5121627979,89659.89688666948,43183.29525516955,89663.06444287475,43185.41604307444,7.5799580111101745,3.7679138386313578,3.8120441724788163
89666.15291021191,43187.580606380885,89659.73533621979,43183.53491224725,89662.9641222568,43185.57030839038,7.5864757846266935,3.769627241645772,3.8168485429809205
89666.09214121418,43187.66970816879,89659.5334812904,43183.71831677414,89662.86911814513,43185.727915457384,7.6570075959086745,3.7627778519007182,3.8942297440079563
89665.99552661252,43187.81553652091,89659.38050656918,43183.85229551954,89662.77634685356,43185.886853531854,7.711425974896078,3.752733973415304,3.958692001480774
89665.85629162348,43188.031252592904,89659.29180255109,43183.92328732079,89662.68230972256,43186.045041303405,7.744078833367914,3.7443109711996407,3.999767862168274
89665.67124280597,43188.32066416139,89659.27379254617,43183.927506042346,89662.5834432244,43186.20023944343,7.761153773047869,3.7460167814066825,4.015136991641187
89665.43727900364,43188.682386771456,89659.32556001811,43183.86800510063,89662.47625062455,43186.34977512714,7.781235971219408,3.7699587038796083,4.011277267339799
89665.1595675842,43189.09802589664,89659.43050523766,43183.76676679463,89662.35762732413,43186.49036457216,7.827285541653211,3.8283189408283276,3.9989666008248825
89664.8633559951,43189.52702727721,89659.54805316152,43183.66664855429,89662.226252061,43186.61911301039,7.913060908872699,3.9262241012731995,3.9868368075994995
89664.57563451416,43189.930598631385,89659.63704786336,43183.59895160241,89662.08450897573,43186.73639694359,8.030787636628295,4.051203197390973,3.9795844392373216
89664.31399571402,43190.30389487869,89659.6821715301,43183.567583986034,89661.93521294137,43186.843939965176,8.175626599450949,4.199086806153501,3.976539793297448
89664.07546340242,43190.65553064153,89659.6899882995,43183.562927337516,89661.78051973776,43186.943590956245,8.339301702628646,4.36429392704565,3.975007775582996
89663.84659195151,43190.99743899968,89659.67596003873,43183.57324541046,89661.62179254924,43187.03669065923,8.515778447563022,4.543003190432286,3.9727752571307344
89663.60241046156,43191.31201287936,89659.65208160035,43183.59115922626,89661.45952606638,43187.12347662676,8.673069690097185,4.705039941435507,3.968029748661677
89663.3456652566,43191.60982767974,89659.62227310098,43183.61446857018,89661.29408770807,43187.20405410694,8.82013475008047,4.860189655675909,3.959945094404561
89663.08629594206,43191.909050620794,89659.58634292496,43183.64314206974,89661.12584008393,43187.27859082626,8.976643331375936,5.028536968932117,3.948106362443819
89662.819365912,43192.1942109779,89659.5434572235,43183.677519710625,89660.95513202692,43187.34730902121,9.125270092274912,5.19321003490548,3.9320600573694326
89662.51667280946,43192.377874539336,89659.49292190929,43183.71798220592,89660.78229170687,43187.41047649868,9.172856606800519,5.2616157698650925,3.911240836935427
89662.21525072365,43192.54299600645,89659.4342152627,43183.7648838194,89660.60762185261,43187.46839744975,9.20833292111768,5.323284036961238,3.8850488841564434
89661.9210405691,43192.70418473337,89659.36696139212,43183.81850746386,89660.43139692827,43187.52140360832,9.24564975633126,5.392720583708226,3.8529291726230324
89661.6311753129,43192.84933854531,89659.29091489843,43183.8790457501,89660.25386199105,43187.56984618438,9.270701597689062,5.456285260113973,3.8144163375750884
89661.3318506325,43192.91605111714,89659.20595089407,43183.94659903602,89660.07523290285,43187.614088840666,9.218076130055056,5.44892037174857,3.7691557583064874
89661.0415808513,43192.96774489812,89659.11205565948,43184.021180577205,89659.89569755955,43187.65450184101,9.152377381454839,5.435465149760432,3.716912231694407
89660.76321565625,43193.01734449294,89659.00931668194,43184.10272403445,89659.71541782975,43187.69145738769,9.085600477156484,5.4280286487923926,3.657571828364092
89660.49625154198,43193.06493795436,89658.89791216943,43184.191091552195,89659.53453193957,43187.725326086984,9.016706639479958,5.425567203376013,3.5911394361039424
89660.23704948592,43193.09103505877,89658.77583697505,43184.272124471325,89659.3531570944,43187.75647443303,8.939193575723625,5.4073205910949955,3.5318729846286296
89659.98513283767,43193.09083589572,89658.63514435258,43184.288761827425,89659.17139218128,43187.785263175174,8.90503147153465,5.367634195675462,3.5373972758591887
89659.74463377976,43193.09067239673,89658.48639959197,43184.29716458118,89658.98932044329,43187.812046426334,8.883092893638365,5.332404407543855,3.5506884860945087
89659.51499158893,43193.090542180435,89658.33113010983,43184.30591214852,89658.80701205773,43187.83717137417,8.864056582072875,5.3008704840639895,3.563186098008885
89659.29573225892,43193.09044021752,89658.16940702753,43184.31500215372,89658.62452658142,43187.86097846827,8.847431812480469,5.272364996682557,3.5750668157979106
89659.08645781912,43193.09034088713,89658.00129014192,43184.32444070009,89658.44191525053,43187.883801970216,8.832816375568928,5.246284427660529,3.5865319479083984
89658.88683064416,43193.09013162413,89657.82120618131,43184.28778138899,89658.25922314005,43187.90597076872,8.866619141573475,5.2220128644358175,3.6446062771376573
89658.69654154345,43193.089419188356,89657.62861270383,43184.19945479053,89658.07649119964,43187.927809375185,8.953878443557812,5.1987189146014385,3.755159528956375
89658.51503108139,43193.08623734511,89657.42986065788,43184.114268428006,89657.89375819017,43187.949639026105,9.037357532821172,5.17403378252525,3.8633237502959235
89658.33304726488,43193.02436703265,89657.22727589268,43184.04188010227,89657.71106254941,43187.97177882783,9.050293235767997,5.090728277562906,3.95956495820509
89658.13276385673,43192.90592621172,89657.03662904043,43183.99736472525,89657.5284442167,43187.99454688345,8.97574789766947,4.948421013057324,4.0273268846121475
89657.84931278741,43192.756361478074,89656.91825970897,43183.99239464587,89657.34594581823,43188.018256516145,8.813292243534693,4.76477281065196,4.048519432882731
89657.36093027575,43192.56754362034,89656.98809456965,43184.02814414619,89657.16313291533,43188.03928232523,8.547867530258623,4.532757294313017,4.015110235945608
89656.61606598031,43192.12647366497,89657.32841974356,43184.12028634995,89656.979273447,43188.04292985306,8.038296623970094,4.099914326401758,3.9383822975683356
89655.77890580846,43191.63683189257,89657.84340927217,43184.29626555691,89656.79852824999,43188.010313157356,7.627552799774226,3.768202817737611,3.8593499820366155
89655.06813125877,43191.212664021405,89658.3255232914,43184.38454379056,89656.62813216934,43187.941471671475,7.567829230939389,3.625326870794909,3.94250236014448
89654.55341171517,43190.8752562177,89658.6427398723,43184.41593713771,89656.46952959528,43187.84837473098,7.646155058500565,3.582948575945607,4.063206482554958
89654.19263953975,43190.63566107357,89658.75473973727,43184.42831290601,89656.32008951654,43187.74104243695,7.703760621239426,3.5924548240141494,4.111305797225278
89653.95096088384,43190.479772098355,89658.66969197629,43184.42884733745,89656.1758847089,43187.62671580286,7.673338574993637,3.6180407386447757,4.055297836348862
89653.81400811624,43190.398300651585,89658.40985398619,43184.41777946664,89656.03287590045,43187.510887433775,7.542460006203319,3.64150974932136,3.900950256881959
89653.78042937118,43190.387365653274,89658.00840346448,43184.389365615316,89655.88697874903,43187.39873766466,7.338535314123923,3.656503496092566,3.682031818031357
89653.83110439482,43190.424157770765,89657.61945140766,43184.197847562486,89655.73436905879,43187.29597765269,7.288780021850124,3.661951965039966,3.626828056810159
89653.89490246483,43190.45536289715,89657.22687652051,43184.00681005875,89655.572817978,43187.20798923238,7.258954759878204,3.655474536404604,3.6034802234736008
89653.86801134529,43190.428816936874,89656.92680904597,43183.86865082103,89655.40551962325,43187.13136085065,7.238310775840563,3.6383281369282483,3.599982638912314
89653.7054633982,43190.331254292374,89656.76411126254,43183.793099398834,89655.23683285266,43187.057792146275,7.218243397912619,3.6139600831251135,3.6042833147875037
89653.44856850822,43190.17846286779,89656.70985606605,43183.74541546053,89655.07057932265,43186.9789194057,7.212606617622771,3.5872543959666365,3.6253522216561347
89653.16628081922,43190.003256684555,89656.68783545037,43183.71411604895,89654.90829233435,43186.89217315025,7.208076944408228,3.5656514909370287,3.6424254534711995
89652.89582963884,43189.83029209608,89656.65493028934,43183.68340253517,89654.74979473674,43186.798673551675,7.205300485525168,3.553618699769864,3.651681785755304
89652.64454549794,43189.6676970311,89656.60341547677,43183.64242836103,89654.59472510463,43186.69958581289,7.2095340179374485,3.5514919520844628,3.6580420658529866
89652.41166342552,43189.516780641505,89656.53389279815,43183.5884737265,89654.44262672133,43186.59599020296,7.220677110649664,3.557522940020707,3.6631541706289563
89652.1960529894,43189.377388409135,89656.44734682006,43183.521242540875,89654.29297638554,43186.48888511073,7.236594707679514,3.5694014060679256,3.6671933016115883
89651.995988707,43189.248684832964,89656.34536681182,43183.44168879555,89654.14520466932,43186.37920010152,7.255238950037088,3.585124894974213,3.6701140550628755
89651.80646863088,43189.127402823455,89656.23287946018,43183.35352639408,89653.99871018664,43186.267813278806,7.2753615264793785,3.603221567414376,3.672139959065003
89651.6185668717,43189.00709592392,89656.11876507686,43183.26370910891,89653.85314704305,43186.15521205672,7.296465035765343,3.6230679227510487,3.6733971130142957
89651.42573543495,43188.88266966229,89656.00944491377,43183.17755348731,89653.7088097666,43186.04104457184,7.318394935969151,3.6451751009404254,3.6732198350287257
89651.23001832045,43188.755290598514,89655.908323613,43183.08696099167,89653.56610729363,43185.924841174754,7.349602472699239,3.6699856098714134,3.679616862827826
89651.03987789017,43188.63120674064,89655.80223441105,43182.991536015914,89653.42510782821,43185.80657618272,7.381464329286647,3.6970099032498487,3.684454426036799
89650.86251573963,43188.515868244904,89655.68428366951,43182.88572683816,89653.28527074306,43185.68693783046,7.412689347928958,3.7245933246900047,3.6880960232389532
89650.7008588935,43188.411280039494,89655.55222192965,43182.76727770221,89653.14596905459,43185.566675962364,7.4424784701404025,3.751044664812485,3.6914338053279168
89650.55577666992,43188.317813885114,89655.40571874376,43182.63574752468,89653.00656872914,43185.44652851037,7.470464158814383,3.7750054491010774,3.6954587097133063
89650.42769089437,43188.23563838485,89655.24171172467,43182.49453158797,89652.86643765043,43185.32723483292,7.492341328739822,3.7955653241119687,3.696776004627853
89650.31687117227,43188.16497771213,89655.06107389375,43182.34244514922,89652.72495462102,43185.20954901343,7.510625893959172,3.812278184579634,3.6983477093795387
89650.22325188201,43188.10589707747,89654.86528857933,43182.17774785687,89652.58151978989,43185.09425194517,7.529388814292362,3.825113769203231,3.704275045089131
89650.14494180011,43188.056996506195,89654.65560949476,43182.002072551164,89652.4355677064,43184.98216091493,7.550397130430265,3.8342731417291627,3.7161239887011015
89650.07442727202,43188.0126786324,89654.4353050394,43181.82559102945,89652.28659431761,43184.87412046538,7.569511777453187,3.8398283885548468,3.7296833888983394
89649.99870985832,43187.96402844383,89654.21622410828,43181.65785229348,89652.13462057273,43184.77034019279,7.586525389960827,3.84210627607711,3.7444191138837177
89649.90767219113,43187.90490763526,89654.01096802707,43181.50074006207,89651.98031609756,43184.670054829534,7.605945694726901,3.841891229532665,3.7640544651942367
89649.79776755284,43187.83359301174,89653.82281918742,43181.35638963682,89651.82434472258,43184.57237981249,7.6259562931323295,3.8395999612835334,3.7863563318487965
89649.66854462541,43187.750030103656,89653.65236019947,43181.225276989106,89651.66732368834,43184.476399860185,7.644814662872537,3.8355929253901566,3.8092217374823805
89649.5201125652,43187.65433428081,89653.49979564111,43181.10765131862,89651.50983395778,43184.38119026949,7.661392577268021,3.830465140975336,3.8309274362926846
89649.35258863815,43187.54658377535,89653.36442394071,43181.0052803332,89651.35243951088,43184.28582339378,7.6735577349747075,3.825175228099769,3.848382506874938
89649.1660288375,43187.42680194468,89653.24700038752,43180.91746938515,89651.19570681553,43184.18937378217,7.682824551019672,3.821066229231048,3.861758321788625
89648.9605046212,43187.294897209176,89653.1483965024,43180.84311736089,89651.04022304332,43184.0909252862,7.69181595767424,3.819777103335517,3.872038854338725
89648.73714805022,43187.15099069524,89653.0677089113,43180.78164747123,89650.88661293215,43183.98958078603,7.702112107250604,3.822927037728778,3.8791850695218257
89648.50364903503,43186.99881276791,89652.9973991465,43180.728355541694,89650.73555287882,43183.88447650547,7.714446323136304,3.8315204368824314,3.8829258862538727
89648.28350687388,43186.8534912363,89652.91405312906,43180.666714295505,89650.58768863122,43183.774923367346,7.7277575620074295,3.8453674595247684,3.88239010248266
89648.10943884907,43186.73935093311,89652.7853851445,43180.571345083314,89650.44205519467,43183.662412858,7.740078593819097,3.861173211834784,3.8789053819843127
89648.00168051737,43186.672279407205,89652.59193263948,43180.42644231952,89650.29606681045,43183.55036540168,7.751224627855531,3.8743647775259533,3.876859850329578
89647.95675409035,43186.64752697813,89652.33690714974,43180.23791350725,89650.14709700427,43183.442329337486,7.763388956917831,3.8821675296136022,3.88122142730423
89647.93504919826,43186.63358918428,89652.04798186987,43180.05467216322,89649.99290018169,43183.34191852124,7.75882355137089,3.8820215501644686,3.8768020012064217
89647.87078818829,43186.58313282383,89651.80082726365,43179.90891161591,89649.83409024322,43183.24894162123,7.745352799125391,3.8692892659031908,3.8760635332222018
89647.71646398635,43186.473206072464,89651.64666596895,43179.81755831226,89649.67384913564,43183.15843972738,7.729465769182272,3.849565946261733,3.87989982292054
89647.47287600274,43186.305877799256,89651.58506837394,43179.78080473003,89649.51527074513,43183.06507423946,7.712883688179005,3.8307499314591715,3.8821337567198326
89647.18977124832,43186.1078465878,89651.56511147803,43179.77401485917,89649.36157593939,43182.96390512943,7.698228210534044,3.821193586159275,3.877034624374769
89646.93924215184,43185.92756181558,89651.5109907956,43179.750326065514,89649.21338167027,43182.85480693236,7.68501337435853,3.8227749477904376,3.8622384265680916
89646.76577669919,43185.80280973315,89651.37584888101,43179.673651881414,89649.06779564513,43182.74223515103,7.66938942149074,3.8296809412669433,3.839708480223797
89646.68216617228,43185.745767509805,89651.14749483255,43179.534023216256,89648.92146578425,43182.63063818675,7.65029213212515,3.836535957941629,3.8137561741835215
89646.68520881994,43185.7481423548,89650.82418311216,43179.351772422735,89648.7710938489,43182.524582818536,7.619014850378334,3.8397207828873348,3.779294067490999
89646.73260339537,43185.76923452057,89650.45715093071,43179.156269229374,89648.61386623955,43182.42904802093,7.589957148156047,3.8336648925306656,3.7562922556253815
89646.71926608344,43185.74231881486,89650.15329471666,43179.00221455241,89648.44955952899,43182.346214503355,7.564504861933878,3.8114937258555286,3.753011136078349
89646.5494920202,43185.624234998504,89650.00798216483,43178.92826487038,89648.28300451147,43182.26794068308,7.5365566846814875,3.7776193638160067,3.7589373208654804
89646.2263803256,43185.41488608291,89650.02079674743,43178.93835470153,89648.11951744079,43182.183541446175,7.506683657928329,3.745311520272943,3.761372137655387
89645.87371361969,43185.173107380855,89650.06537868771,43178.980928543184,89647.96493273866,43182.08386554399,7.477714330188259,3.73060041184268,3.7471139183455793
89645.64792738792,43185.01249335903,89649.97106163022,43178.957585947275,89647.81826183962,43181.97272576723,7.439892749106112,3.7350626628732706,3.704830086232841
89645.61791935291,43184.99712126291,89649.66738979035,43178.81449395522,89647.67090285083,43181.86252669288,7.391430201620318,3.7474047233500185,3.6440254782703
89645.74726774357,43185.08351896253,89649.20420458083,43178.593864066774,89647.51445051374,43181.76587921942,7.354200990693979,3.7595802472106845,3.594620743483294
89645.91906101623,43185.174615943244,89648.69693321169,43178.39573719727,89647.3473146715,43181.68910771226,7.326932734681551,3.7672839276950496,3.5596488069865027
89646.02687494778,43185.21123382088,89648.25264695022,43178.25705957724,89647.17341058158,43181.62908188886,7.302053125483855,3.7613537719462955,3.5406993535375593
89646.0126949827,43185.172838073355,89647.93162262095,43178.16176109547,89646.99573906307,43181.58119459369,7.268954111056445,3.7237526097480287,3.5452015013084166
89645.84074167887,43185.05201049358,89647.76930401623,43178.10946731263,89646.81690984796,43181.53774680389,7.20557453663169,3.64739286481246,3.5581816718192294
89645.49987415447,43184.84939633595,89647.7861234252,43178.10856605993,89646.63945333337,43181.48910293184,7.118673694114932,3.548609728526288,3.570063965588644
89645.03032853159,43184.58702879011,89647.94510748745,43178.17245156937,89646.46696535249,43181.42528800598,7.0468486190195945,3.47336285770139,3.573485761318204
89644.59778879996,43184.32757885523,89648.06641473557,43178.25400515796,89646.30535824593,43181.33768487351,6.994489021652154,3.4432600775152764,3.551228944136876
89644.4090075464,43184.208799100445,89647.92253282537,43178.21719246567,89646.15361046875,43181.2335848546,6.946221767566586,3.4491987228578704,3.4970230447087145
89644.52385956678,43184.27087306559,89647.45803446861,43178.02944249313,89645.9963638807,43181.13837330619,6.89863747653647,3.4622941792618467,3.4363432972746226
89644.76492432729,43184.36253787443,89646.86639800284,43177.83874147409,89645.8242588195,43181.07403339801,6.855247353255778,3.455589627389789,3.399657725865989
89644.84360394382,43184.35938128517,89646.4406279829,43177.72971620809,89645.64487587332,43181.03318738714,6.819360730712736,3.4213721378158475,3.3979885928968896
89644.64854875422,43184.27168633842,89646.28873189521,43177.68991393336,89645.46409383793,43180.99877662482,6.783491206924549,3.373201365385353,3.4102898415391967
89644.23593801097,43184.110292103716,89646.3635933485,43177.71346719324,89645.28566005609,43180.954175354236,6.74237866381788,3.3265963760275454,3.4157822877903348
89643.82119474548,43183.92749247635,89646.4445398687,43177.76012693686,89645.1156749751,43180.88429203615,6.702249670792168,3.3071423403662235,3.3951073304259443
89643.65217813746,43183.860406948515,89646.26380740707,43177.71289340709,89644.95282459757,43180.79859969926,6.6797885033119995,3.3268752041274876,3.3529132991845123
89643.75040543445,43183.91419333543,89645.80605902072,43177.57225083498,89644.78290591204,43180.728604630895,6.668251666623595,3.3494765893947664,3.3187750772288287
89643.89535966971,43183.954812142656,89645.30347109986,43177.459594832726,89644.60421041865,43180.68515854874,6.646812992811415,3.34596914636533,3.3008438464460848
89643.89184680594,43183.947872620796,89644.94840515665,43177.39388397507,89644.42230473725,43180.65742249358,6.638646530204618,3.3329543744759347,3.3056921557286834
89643.72141892652,43183.91186361419,89644.75808475207,43177.35633134282,89644.2398273196,43180.63357208163,6.637044736847529,3.3190530847444055,3.3179916521031227
89643.45772354302,43183.85974164817,89644.66123150947,43177.3344039583,89644.05827898772,43180.603561008356,6.6354957247783855,3.3111497761003497,3.324345948678036
89643.19145491299,43183.80455412024,89644.56736205885,43177.31536800616,89643.87806594696,43180.56630311228,6.6334882447038455,3.310261499593258,3.323226745110587
89642.97052215706,43183.75768066049,89644.42773488472,43177.28876756653,89643.69869417453,43180.52515435429,6.631011467538522,3.313527227749519,3.3174842397890023
89642.7980636644,43183.72154550299,89644.23930141756,43177.25225408029,89643.51943237543,43180.48352615068,6.6279006159702805,3.317406283404682,3.3104943325655984
89642.65933308694,43183.69372090628,89644.01704043997,43177.20875553751,89643.3397141216,43180.443922303966,6.625607561904856,3.320277488270549,3.3053300736343063
89642.54012415979,43183.68072784951,89643.77343520003,43177.16124779861,89643.1593437501,43180.407411634944,6.635179094657505,3.3314059052065534,3.3037731894509523
89642.4375989511,43183.67149693055,89643.51348333205,43177.11086291429,89642.97820919871,43180.37491596011,6.6483668385741765,3.3406650178009665,3.3077018207732096
89642.34779120173,43183.663210904844,89643.24104692882,43177.058613625864,89642.79625907802,43180.34736810593,6.66484947280944,3.3460935206031626,3.3187559522062773
89642.26267542224,43183.654790544904,89642.96308799401,43177.008710616654,89642.61354820832,43180.32543023067,6.683003810349957,3.3478574113581447,3.335146398991813
89642.17224553203,43183.64510016326,89642.68688656577,43176.99088864262,89642.43025959743,43180.30899442744,6.674174762085015,3.3461141720216943,3.3280605900633207
89642.06468287224,43183.63328488378,89642.42745312567,43176.98083975192,89642.24658210388,43180.29767241032,6.662375122568719,3.3405915920849245,3.321783530483794
89641.9279672194,43183.6191542692,89642.19699460927,43176.97215602272,89642.06270861186,43180.29007631584,6.6524491731861835,3.3318080667610164,3.320641106425167
89641.75872443662,43183.61414866597,89641.99844908669,43176.9644092156,89641.87877327365,43180.284106040905,6.6540591121957355,3.3322058172937905,3.3218532949019455
89641.57406660845,43183.64040629893,89641.81414898271,43176.95661555748,89641.69485481326,43180.277656197075,6.688102565205995,3.3649193933361254,3.3231831718698692
89641.41921703337,43183.66311143947,89641.60083488833,43176.948987482705,89641.51098856758,43180.269846765885,6.7166502814624005,3.3945410523311774,3.322109229131223
89641.34114208641,43183.680971909766,89641.31338176354,43176.948109047305,89641.32704037134,43180.264627181576,6.733281478498066,3.4165573038123003,3.3167241746857656
89641.35442854515,43183.69024701132,89640.93813036484,43176.949772909815,89641.14307613295,43180.26780291113,6.754077722623818,3.4293497941290094,3.3247279284948092
89641.41116681784,43183.688199542565,89640.5191899474,43176.96202987481,89640.95996995961,43180.28532840532,6.785729075585348,3.4329937399318218,3.3527353356535254
89641.40184261401,43183.68978337322,89640.16174091712,43176.97788632355,89640.77900603422,43180.318559609615,6.825614634998338,3.428334619900066,3.3972800150982723
89641.24722519494,43183.71873415124,89639.94941222254,43176.98741136938,89640.59929351554,43180.35819363564,6.855352440530389,3.422463333144721,3.4328891073856678
89640.97017071825,43183.77238040595,89639.86286863821,43176.98775770497,89640.41871161596,43180.3935069922,6.8746588434106215,3.4237133489160407,3.4509454944945808
89640.66557945234,43183.83786486301,89639.80571270484,43176.988012792564,89640.23641301574,43180.41851817094,6.903753553763296,3.4462454908913167,3.4575080628719794
89640.42181319135,43183.96750049176,89639.69425672913,43176.99708479385,89640.05329059245,43180.43674742127,7.008286503541736,3.549934940431428,3.4583515631103077
89640.2636538975,43184.06602812265,89639.49523035904,43177.01344238559,89639.86999935575,43180.453240614166,7.094390113540144,3.6342044905083153,3.4601856230318293
89640.2044377043,43184.1101886638,89639.19803750719,43177.03564746413,89639.68704672651,43180.47305298652,7.146054748130439,3.6738995944992188,3.4721551536312205
89640.2530001521,43184.092498750375,89638.79120920597,43177.07238189291,89639.50527606117,43180.501586679085,7.1714334867415275,3.6683115290204658,3.503121957721062
89640.41048710182,43184.012284110904,89638.28369096511,43177.209957594685,89639.32646867576,43180.54475444247,7.128678842959551,3.633848807336905,3.494830035622646
89640.64224335224,43183.879431448404,89637.68847645678,43177.38892878922,89639.15403780538,43180.60855682266,7.133458774887526,3.5947453169449575,3.5387134579425696
89640.85747378207,43183.752028359915,89637.09800968214,43177.5932039491,89638.99268486506,43180.69663392542,7.217453383241303,3.580430801411066,3.6370225818302377
89640.9685282056,43183.70170670086,89636.61483464992,43177.766151332005,89638.84267633755,43180.80310714159,7.36170356854062,3.5949011292355264,3.7668024393050934
89640.92856717699,43183.713599049406,89636.27237726141,43177.87567296982,89638.69943773859,43180.91863244527,7.467418010510392,3.5750593807821907,3.8923586297282013
89640.77901550502,43183.775719507335,89636.08313511673,43177.983948555186,89638.55765751822,43181.03596089027,7.456268661007008,3.5271401014284067,3.929128559578601
89640.61164161246,43183.89654654586,89635.95389105691,43178.07749537487,89638.41454193392,43181.15165586438,7.4536011318731505,3.5159224018874204,3.9376787299857305
89640.44070768078,43184.02270459644,89635.83078314007,43178.1673692961,89638.27024100423,43181.26587002272,7.452278196637775,3.508715350937366,3.9435628457004097
89640.27620482334,43184.143137643994,89635.70053365009,43178.26349900765,89638.12511755663,43181.379037918654,7.450298113870822,3.5024890007529375,3.9478091131178856
89640.12030142928,43184.256917772516,89635.5606767381,43178.36709099754,89637.97952900815,43181.4916072094,7.448505691711661,3.497120119518872,3.9513855721927893
89639.97334216221,43184.36411395493,89635.41077486127,43178.47816952238,89637.83383169146,43181.60403575828,7.447239443513701,3.4922112741328237,3.9550281693808778
89639.8354709647,43184.464721239936,89635.250601911,43178.59681146118,89637.68838565315,43181.716788978294,7.446707137630175,3.487279701191508,3.9594274364386672
89639.71872482101,43184.573687176504,89635.08018499997,43178.72346913063,89637.54355973435,43181.830337112864,7.466005571379055,3.501048812910195,3.9649567584688596
89639.63446437655,43184.7039140173,89634.9046047941,43178.864892633836,89637.39973673206,43181.945152120585,7.514386299179026,3.5503285517553977,3.964057747423628
89639.5577525658,43184.822619845516,89634.71997900812,43179.01643012827,89637.25731840146,43182.0617038127,7.557534959873992,3.59371047326788,3.9638244866061125
89639.48881702744,43184.929462536,89634.52475823373,43179.17659528554,89637.11672999153,43182.18045489319,7.59855718434103,3.6309781402831818,3.9675790440578487
89639.4277927894,43185.024245629305,89634.31867144065,43179.34560979334,89636.9784239124,43182.30185457979,7.638789931979641,3.6621128635296936,3.9766770684499484
89639.37470773664,43185.10694842039,89634.105583877,43179.52806982558,89636.84288202068,43182.42633055893,7.67392576382157,3.687305276909717,3.986620486911853
89639.32947072879,43185.17775759177,89633.92669041177,43179.76532543969,89636.71061589508,43182.55427916396,7.647655862906128,3.706960188116532,3.9406956747895956
89639.2918422747,43185.23710653406,89633.74472097847,43180.01461063926,89636.58216439254,43182.68605388526,7.618916929561221,3.7216812734313285,3.8972356561298933
89639.26127359406,43185.28582687991,89633.5568909985,43180.27184593488,89636.4580877639,43182.821952625985,7.59497123192495,3.7322108697502343,3.8627603621747144
89639.23650935988,43185.3255987649,89633.36978556165,43180.540214432964,89636.33895702254,43182.96220392783,7.571166864848778,3.739314807479904,3.831852057368874
89639.21571085152,43185.358928268084,89633.21374922052,43180.83885172626,89636.22528852608,43183.10691550367,7.513936653811396,3.743705781482908,3.770230872328488
89639.19767920594,43185.38762960394,89633.0576992628,43181.13847226196,89636.11743704676,43183.25601165851,7.467235025718379,3.7460543467502836,3.7211806789680955
89639.18207058132,43185.41205681262,89632.90247622595,43181.44014814398,89636.01574404677,43183.409373068025,7.430649506332203,3.7466900479526317,3.6839594583795705
89639.1677850026,43185.43246780674,89632.75507113781,43181.74814970711,89635.92059125738,43183.56687433985,7.396104378383286,3.7451376373079595,3.650966741075327
89639.14926533228,43185.45474933858,89632.6106813859,43182.05152024507,89635.83240081629,43183.728375383194,7.371521964106491,3.7393930863284544,3.632128877778037
89639.11289887721,43185.5002606366,89632.47975944595,43182.32992257743,89635.75143721967,43183.8936207731,7.351965562702424,3.7257458483387094,3.6262197143637134
89639.04249456135,43185.60103098449,89632.37571903618,43182.55221399987,89635.67572973801,43184.06135533992,7.330839907921104,3.7021230173331294,3.6287168905879748
89638.92921844577,43185.77784136471,89632.306544272,43182.69687435662,89635.60112915539,43184.229588345355,7.30434541738291,3.670639104409557,3.6337063129733527
89638.77240629507,43186.0316948088,89632.27458222916,43182.761099227384,89635.5232927169,43184.39633632298,7.274878630997427,3.6376464900427523,3.637232140954675
89638.57984155511,43186.337541397916,89632.27372658273,43182.768452480166,89635.43793214881,43184.5593309827,7.246614467682406,3.610484334459596,3.6361301332228093
89638.38086896608,43186.64043582621,89632.27868485055,43182.77676772426,89635.34226165764,43184.7164921612,7.222848960054224,3.596654695425176,3.6261942646290484
89638.21468960459,43186.88711613193,89632.25453561121,43182.844581852056,89635.23903213562,43184.868830940475,7.2018281838068035,3.5955826441304075,3.606245539676397
89638.10230403616,43187.05472907036,89632.17965718324,43182.99467416296,89635.13284787188,43185.01913937772,7.1806792041951395,3.600192554963323,3.5804866492318164
89638.04503170487,43187.14262011537,89632.05517076406,43183.22696099384,89635.02809012847,43185.1704374074,7.156428888792879,3.604492845151679,3.551936043641201
89638.02482722043,43187.17081149652,89631.89865105592,43183.51915489769,89634.92923881524,43185.32562928041,7.132379027733712,3.6040183837892426,3.5283606439444686
89638.00448567107,43187.19113543607,89631.74335303406,43183.81849103276,89634.83955684787,43185.48629231294,7.111989297937291,3.595032081453366,3.516957216483924
89637.95139930623,43187.26104416861,89631.61722437004,43184.068029191534,89634.75681727918,43185.650665862064,7.0934956741632815,3.5775432969849543,3.5159523771783276
89637.85436186091,43187.406018079106,89631.52910423292,43184.24168786366,89634.67670292094,43185.81634469861,7.072637747221437,3.5531200765925943,3.519517670628843
89637.71631986031,43187.62018528249,89631.47621013015,43184.34357417568,89634.59481954772,43185.9811487965,7.0482441611018265,3.525741633478921,3.5225025276229056
89637.54823467141,43187.87581575203,89631.43494640685,43184.392183932825,89634.50728547826,43186.14300764313,7.0365004232712876,3.500153194882257,3.536347228389031
89637.36854821508,43188.142930147624,89631.3928657803,43184.418798631785,89634.41302553518,43186.30104566673,7.041483551214945,3.4826378367865956,3.558845714428349
89637.18891207279,43188.40645069419,89631.35480550157,43184.44872546376,89634.31251617904,43186.45518701477,7.050145303571678,3.4759307145230673,3.5742145890486094
89637.01269669003,43188.66377640246,89631.3143609705,43184.48439572635,89634.2062512011,43186.60542055612,7.0669635470419845,3.4804981860223547,3.58646536101963
89636.83813566084,43188.91405940854,89631.26962843015,43184.525139928934,89634.09469470869,43186.75176989268,7.09043051195272,3.493246269625697,3.597184242327023
89636.650867987,43189.146153391965,89631.22021785118,43184.57038724128,89633.97827822309,43186.89428563369,7.1015870448200324,3.494904411122559,3.6066826336974733
89636.46406958721,43189.370488242406,89631.16620716025,43184.61980644383,89633.85739960315,43187.033038606925,7.116103864523173,3.5012899328407388,3.6148139316824333
89636.28081168621,43189.590565737366,89631.10776356458,43184.67319243925,89633.7324233083,43187.16811409651,7.13745793549827,3.5161226030014507,3.62133533249682
89636.100785138,43189.80671123843,89631.04486222053,43184.73059059013,89633.60368166049,43187.29960716627,7.164593429608372,3.5385865618642707,3.6260068677441017
89635.92428965741,43190.01863591524,89630.97692390051,43184.79257518145,89633.47149228585,43187.427635324864,7.196519100258813,3.5679026070535014,3.6286164932053118
89635.75220938095,43190.225610327965,89630.90288402053,43184.86007825207,89633.33621983377,43187.55240342877,7.232311889417125,3.603248446260018,3.6290634431571074
89635.55999194164,43190.39875565056,89630.82235887388,43184.933270814174,89633.1982576771,43187.6741926938,7.233109854747934,3.605735274305708,3.6273745804422264
89635.36025435194,43190.55418957891,89630.73722976027,43185.01026574471,89633.05799371563,43187.79332541711,7.218624741522581,3.5948639166684324,3.6237608248541493
89635.16097420876,43190.70959941862,89630.65179180066,43185.08722745967,89632.91563404976,43187.90994540102,7.207287429117399,3.5888595015669043,3.6184279275504956
89634.95790385049,43190.868265780955,89630.56996349017,43185.16083251951,89632.77104681499,43188.0237904798,7.199321548036109,3.587998766678681,3.611322781357428
89634.74897083444,43191.03166070633,89630.49345448164,43185.22965476918,89632.62405021704,43188.134505480666,7.195440041687363,3.5929391012845584,3.6025009404028046
89634.53326398802,43191.20041333968,89630.40388359764,43185.2659831692,89632.47447207368,43188.241705275395,7.229881484451009,3.6045887480574765,3.6252927363935323
89634.31001191275,43191.37511303067,89630.31267617647,43185.281854225825,89632.32215210503,43188.344970041515,7.287573871013185,3.6240731546919203,3.6635007163212654
89634.07612625543,43191.55285491126,89630.23365172396,43185.29548569017,89632.16694567268,43188.44384102197,7.343147924597129,3.6485017014951846,3.694646223101945
89633.80862420099,43191.69545174264,89630.16710421123,43185.30685195266,89632.00872916282,43188.53781712322,7.353755151426311,3.6346899770359786,3.7190651743903325
89633.52702766178,43191.83261085699,89630.11324532595,43185.31590332441,89631.84740718467,43188.626352862404,7.35694030091331,3.619666457436455,3.737273843476855
89633.23619207762,43191.974317961976,89630.0721836237,43185.322566481635,89631.68292167233,43188.70885836699,7.366163450483608,3.6161784786244304,3.7499849718591776
89632.93488007813,43192.121108364445,89630.04388425464,43185.32670998942,89631.51526280469,43188.78470232327,7.38416456057318,3.6260070351600246,3.758157525413155
89632.6196207766,43192.26781874434,89630.02809612671,43185.32814448064,89631.34448137142,43188.853218922275,7.408100924528503,3.6450862531683543,3.7630146713601498
89632.28224123381,43192.38966283251,89630.02370550108,43185.32698838152,89631.1707017937,43188.91371989269,7.41538317828466,3.649526699182946,3.7658564791017146
89631.93817276928,43192.512128250295,89630.02503564749,43185.32499783225,89630.99413447789,43188.96551254417,7.437776473619717,3.670293173335162,3.767483300284555
89631.60163822093,43192.62977160251,89630.01550373663,43185.3264837892,89630.81511605626,43189.008067816416,7.473826594790391,3.706265222598219,3.7675613721921724
89631.29261066552,43192.73048897823,89629.9726703236,43185.33535297722,89630.63434114,43189.04246420366,7.5121586587421065,3.7463855533512294,3.7657731053908763
89631.01616396995,43192.76590410341,89629.88524074382,43185.35197183856,89630.45256486657,43189.07115568465,7.499748393400545,3.7375152389791904,3.7622331544213545
89630.77714401395,43192.7938736373,89629.76000729892,43185.37415803814,89630.27030585303,43189.09663337061,7.489129372092242,3.7318290431182066,3.7573003289740345
89630.55770449876,43192.820132350564,89629.61517760345,43185.39903769907,89630.08783361771,43189.12054044196,7.480722287974612,3.72931755665983,3.751404731314783
89630.34238601346,43192.84632606192,89629.46616992849,43185.424467939585,89629.90517386634,43189.14296892963,7.473416701675133,3.7290835929083053,3.7443331087668286
89630.12377067492,43192.87315103587,89629.32031021208,43185.44924538695,89629.7223253398,43189.16380152146,7.467278639824232,3.731020465440934,3.7362581743832983
89629.89540316765,43192.89738422687,89629.18052366124,43185.44042077135,89629.53928584345,43189.18288001271,7.49119151773173,3.7315557326518145,3.7596357850799147
89629.65035263741,43192.921407425216,89629.05603569496,43185.40598792344,89629.35601107984,43189.19953006423,7.538955117888505,3.733534229692261,3.8054208881962444
89629.38386662614,43192.9477789683,89628.9553711162,43185.37703380833,89629.17245252336,43189.2126544045,7.5829823135159415,3.7411624690256637,3.8418198444902782
89629.0934684196,43192.976686920185,89628.8806760172,43185.35463284452,89628.98862285061,43189.22110976015,7.625204845096044,3.757129562683199,3.868075282412846
89628.77707939316,43193.00827215832,89628.83284343139,43185.339351829134,89628.80462118506,43189.22370914864,7.669379639826921,3.7847899669141274,3.884589672912794
89628.43200830695,43193.042491887754,89628.81240486147,43185.33122138582,89628.6206610452,43189.21921733257,7.7210007253117015,3.828101671045869,3.8928990542658335
89628.06002988257,43193.03070117573,89628.8193605811,43185.32988539329,89628.43710198937,43189.206361913675,7.738632139702362,3.8431170228523523,3.8955151168500097
89627.66817998873,43192.96926359855,89628.85064004583,43185.33479865994,89628.25448135832,43189.18386565286,7.726069205555402,3.830818427460865,3.895250778094537
89627.26730417681,43192.90355427174,89628.89122952918,43185.343839464054,89628.07353726207,43189.150511669504,7.732720861932127,3.8389386004730373,3.893782261459089
89626.88781372717,43192.83665615417,89628.9090690513,43185.34965947519,89627.89501132662,43189.10596534039,7.755396373986591,3.8644388582096076,3.890957515776984
89626.5694243281,43192.73842533335,89628.8760532261,43185.342224402826,89627.71882551126,43189.052851058,7.747695145716358,3.860724056298143,3.886971089418216
89626.3074334973,43192.64069271664,89628.79130011996,43185.31839710829,89627.54426203115,43188.99459264038,7.732177793240635,3.8501987433169913,3.881979049923644
89626.07573455905,43192.55513860562,89628.6755940185,43185.28390793601,89627.37061272988,43188.93365680682,7.722087195263762,3.8460343627166993,3.8760528325470625
89625.85368896674,43192.47382890501,89628.54977819121,43185.24584047392,89627.19776796967,43188.870474935306,7.714483028940818,3.8458862543819206,3.868596774558898
89625.63347417582,43192.3839693845,89628.42511175868,43185.207964364505,89627.02574874024,43188.80507882912,7.699933069519554,3.8401895033564237,3.8597435661631305
89625.40618503914,43192.286818862915,89628.30929545307,43185.172648074324,89626.85464168737,43188.73733417325,7.6837832012246805,3.8336835029734018,3.8500996982512783
89625.16409645516,43192.18379027226,89628.21611312864,43185.124707530704,89626.68477294994,43188.66654668876,7.690715914841016,3.8319538561606197,3.858762058680397
89624.90398639094,43192.0733387918,89628.1478480587,43185.070114479444,89626.51658090558,43188.59186890726,7.718177602714489,3.8368874661326533,3.881290136581835
89624.63026471192,43191.94295944359,89628.09761345544,43185.02874138815,89626.35057443171,43188.512458429934,7.735141569605922,3.8377940110100925,3.8973475585958295
89624.34546070184,43191.78775498139,89628.0656879698,43185.00074487458,89626.18735019118,43188.42748440484,7.740046223319536,3.832118426886483,3.9079277964330528
89624.04356937585,43191.62226975136,89628.05076515446,43184.985178236726,89626.0276073813,43188.33614311034,7.753353024999737,3.838811963091867,3.91454106190787
89623.73252744105,43191.449309573865,89628.04448593866,43184.976867920945,89625.87215596475,43188.23768590239,7.777622936320205,3.8592743243183367,3.918348612001869
89623.43297443094,43191.27848880487,89628.02702007117,43184.96210263744,89625.72163635865,43188.13183849353,7.810641592340148,3.8910677158075138,3.9195738765326333
89623.17831104262,43191.109704060655,89627.97755072961,43184.923995675395,89625.57536622552,43188.02017347257,7.829269129825679,3.9104364684897313,3.9188326613359483
89622.97018543641,43190.965283468875,89627.88672320478,43184.853100256114,89625.43190207219,43187.90491391903,7.844196000215597,3.9275923564769997,3.916603643738597
89622.80601963955,43190.853003635064,89627.75363950578,43184.74755459809,89625.28965488602,43187.78815103249,7.858467625661338,3.9448423834574506,3.9136252422038873
89622.68260500174,43190.77047547793,89627.58189226055,43184.61041168605,89625.1469851629,43187.67190684424,7.87084488937396,3.959103313156598,3.911741576217362
89622.58824975575,43190.708237212995,89627.3825999632,43184.45218990527,89625.00233065194,43187.558149143624,7.881965452814845,3.9687795363055423,3.9131859165093026
89622.50408933032,43190.6518803548,89627.17213513091,43184.289905264464,89624.85503651475,43187.447830099525,7.890932353469055,3.974072796031636,3.916859557437419
89622.4158658338,43190.59162791479,89626.96558413887,43184.13144526663,89624.70543484189,43187.34065872085,7.90158200170606,3.9763307034418602,3.9252512982642
89622.31845622472,43190.52464154153,89626.76771016186,43183.97963273546,89624.55391552713,43187.236213986274,7.914149694363677,3.9763333628551107,3.9378163315085657
89622.21091881309,43190.45066137717,89626.57153768704,43183.84657813118,89624.40084471535,43187.134054801725,7.913873503586227,3.974390020884601,3.939483482701626
89622.09313887707,43190.36970783934,89626.38119677713,43183.726863503085,89624.24656738677,43187.03372549234,7.906647996322796,3.970654658024932,3.935993338297863
89621.9650298659,43190.2817245577,89626.20133547472,43183.61369521614,89624.09141097803,43186.93475999605,7.89993703477654,3.9653114344863782,3.9346256002901625
89621.82621699829,43190.186475946764,89626.03231474682,43183.50729413997,89623.93569090115,43186.83668308775,7.893208656047391,3.9586608998581414,3.93454775618925
89621.6753486748,43190.08319212308,89625.87547987807,43183.408504951396,89623.77973379249,43186.738983205,7.886226407846774,3.9512243703759116,3.935002037470863
89621.50832519062,43189.96944900563,89625.73488180053,43183.319957210566,89623.62388755078,43186.64110675527,7.879069640660144,3.9437951860725686,3.9352744545875753
89621.32933418015,43189.847992963594,89625.60639176688,43183.23898757814,89623.46852170711,43186.542470487606,7.872250591969607,3.9373393345033727,3.9349112574662333
89621.17811565504,43189.74466938063,89625.45106594142,43183.13870105908,89623.3156992717,43186.439970622305,7.867482664666741,3.9357830432402743,3.9316996214264663
89621.07756020597,43189.66988610232,89625.24681930066,43183.00692097543,89623.16102208449,43186.34028984468,7.859964268853255,3.92776366039548,3.932200608457775
89620.97466695592,43189.58754767377,89625.04685012507,43182.87880052217,89623.00345627374,43186.24521364595,7.847935576740518,3.909886799535784,3.938048777204735
89620.81919985644,43189.470688886824,89624.89942650433,43182.7856709531,89622.84514416287,43186.15137838886,7.831876292345116,3.8887547485431764,3.9431215438019405
89620.6108967442,43189.31858929286,89624.80517353042,43182.72971536569,89622.68814415394,43186.0553771786,7.810733496050997,3.868343838100857,3.942389657950139
89620.37789880272,43189.14777152035,89624.73785473863,43182.69123830869,89622.53417524195,43185.954596191295,7.790948359125522,3.8531274626550474,3.937820896470474
89620.1494818944,43188.97803742401,89624.66652022328,43182.65121744821,89622.38334548927,43185.8491675591,7.773951300022098,3.8445377245088967,3.9294135755132014
89619.93870768302,43188.820162768796,89624.57654135258,43182.599649057105,89622.23508665572,43185.740147270015,7.759213128336891,3.8418902485220623,3.9173228798148294
89619.74783165212,43188.676973270216,89624.46481768948,43182.534342540835,89622.08875213626,43185.62855310424,7.7448239464728115,3.8435504092518253,3.9012735372209852
89619.57676627843,43188.548834693414,89624.33126215194,43182.45530462218,89621.94364744336,43185.51536181635,7.72893322438199,3.8476098111612083,3.8813234132207812
89619.42534259107,43188.435749773795,89624.18195015623,43182.35554583636,89621.7990514125,43185.401520408486,7.719728693629433,3.852407728771829,3.867320964857604
89619.29287655247,43188.33721147299,89624.01943956014,43182.23374782448,89621.65423388827,43185.28796137717,7.71964344317877,3.8566814300025603,3.8629620131762095
89619.17376306435,43188.24876241244,89623.8436231315,43182.101896928085,89621.50847179198,43185.175619382855,7.719579324521685,3.8594250947916935,3.860154229729991
89619.0459194305,43188.15378493199,89623.67658707067,43181.97660622209,89621.36110289993,43185.065396281425,7.720143957213106,3.859821204660321,3.860322752552785
89618.87164676486,43188.02499062991,89623.55602680538,43181.88515395274,89621.21277852038,43184.95645793438,7.722849920228593,3.859681399789595,3.863168520438998
89618.6334683252,43187.84633554034,89623.51426841534,43181.82522079368,89621.06667896,43184.8445785141,7.7512337416389245,3.864252701326069,3.8869810403128553
89618.36408593408,43187.61889673194,89623.52241534217,43181.79418039017,89620.92589450249,43184.72610221976,7.780993773111001,3.864342263544374,3.9166515095666274
89618.0885744164,43187.37766460136,89623.53218331627,43181.78436720111,89620.79118418197,43184.600757781256,7.805504114892588,3.875215211738482,3.9302889031541053
89617.8185162479,43187.13989513332,89623.53304384837,43181.773526980185,89620.66247273843,43184.46925588659,7.839693477268721,3.9015575223943375,3.9381359548743835
89617.55608907422,43186.908926079144,89623.52585691915,43181.753137000924,89620.53957835112,43184.33229746643,7.8883668759179,3.942300361843702,3.9460665140741993
89617.30119476923,43186.684892536236,89623.51247286184,43181.720692195326,89620.42223557757,43184.19054949429,7.951626901988748,3.9954890270639862,3.956137874924762
89617.05370412108,43186.46755341981,89623.49376484135,43181.67571508363,89620.31011507593,43184.04463215519,8.027476243948543,4.059045830698861,3.968430413249682
89616.813538037,43186.25673899887,89623.47009951169,43181.61839592177,89620.20284164014,43183.895112175145,8.113419821654965,4.131050531323192,3.982369290331774
89616.59342344454,43186.0441036072,89623.44168959056,43181.549116174145,89620.10000947515,43183.74250098684,8.191858543166255,4.194553206252437,3.9973053369138176
89616.42114255783,43185.81350482671,89623.4087079516,43181.468291646095,89620.00119428069,43183.587256382285,8.228561314273342,4.215868744709239,4.012692569564104
89616.25824678723,43185.59130464792,89623.37130564931,43181.37632127997,89619.90596216066,43183.42978647222,8.268218015307733,4.2400996830906506,4.028118332217082
89616.10222691961,43185.37860678053,89623.32959672913,43181.27356949718,89619.81387564109,43183.2704550238,8.311887778344856,4.268603495732671,4.043284282612185
89615.95279147671,43185.17521525663,89623.28361799578,43181.160367563236,89619.72449720191,43183.10958751018,8.358283143116404,4.300327244588855,4.057955898527548
89615.82566991093,43184.972578666864,89623.23327248388,43181.03705958215,89619.6373907527,43182.947477439426,8.388172682390406,4.316294427210886,4.071878255179518
89615.72038926258,43184.770740105996,89623.17849934989,43180.90450642275,89619.55212145176,43182.78439271926,8.400684894784913,4.315997757489555,4.084687137295358
89615.61731123092,43184.57434265467,89623.12097658402,43180.76739173731,89619.46825420894,43182.62058196098,8.41416807612371,4.3182214233569995,4.0959466527667105
89615.50654313316,43184.36609896838,89623.06865749744,43180.64272267134,89619.3853880354,43182.45626226469,8.42913258125152,4.323565911046439,4.105566670205082
89615.42872441634,43184.086464716514,89623.03689034983,43180.562084676945,89619.3043219398,43182.291051918095,8.385097478518933,4.271405690003954,4.113691788514979
89615.35958229532,43183.71556911715,89623.038988475,43180.55553890541,89619.22842706917,43182.12342025462,8.304853053639462,4.183994927497992,4.120858126141469
89615.26898258565,43183.25990479444,89623.0767199724,43180.6368654148,89619.16185899744,43181.95190193759,8.237889725941162,4.1074017263779,4.130487999563263
89615.19224271995,43182.732474080956,89623.13599603726,43180.792427318745,89619.10917778972,43181.775666887035,8.178978895515531,4.032967248911208,4.1460116466043235
89615.13364168111,43182.1972749015,89623.19113810259,43180.966170413376,89619.07416742506,43181.595104308835,8.15252692606848,3.987014612670182,4.165512313398297
89615.08034916528,43181.7175221078,89623.22567272556,43181.09162866823,89619.05530669875,43181.412104115065,8.170266301405183,3.987128210477866,4.183138090927317
89615.03026148892,43181.31147220497,89623.2376157386,43181.14133272826,89619.04842654367,43181.228231534325,8.209585765573319,4.019256611085266,4.190329154488054
89614.98660619187,43180.970630335956,89623.2275399043,43181.119757231136,89619.04982106606,43181.04421892037,8.242487465652065,4.063982218468562,4.178505247183504
89614.98960141634,43180.68784150163,89623.19479611065,43181.035799078905,89619.0568232888,43180.86032591111,8.212630457744565,4.070907949091216,4.141722508653349
89615.03569628805,43180.461653183316,89623.1402043318,43180.89372497621,89619.06703067895,43180.676578126004,8.116019627825608,4.037060700180817,4.07895892764479
89615.07141896758,43180.28869254782,89623.067474875,43180.69622204055,89619.07801683944,43180.49287418128,8.00645631762532,4.01180822609094,3.994648091534379
89615.10008939002,43180.166136590255,89622.99019990847,43180.44904704183,89619.0873484464,43180.30908151482,7.895285951949098,3.989873647404929,3.9054123045441695
89615.12800977926,43180.07874585111,89622.97504767713,43180.1705214806,89619.0925957017,43180.12513350876,7.8477225263752,3.964932014659879,3.8827905117153207
89615.16253516587,43179.97615674063,89622.9747774663,43179.90645924184,89619.09157566182,43179.94111908421,7.812580610020131,3.9292104929878775,3.8833701170322534
89615.20658216704,43179.78193255119,89622.97585944844,43179.73241485651,89619.08625542528,43179.75716448623,7.769545498578085,3.879807394578154,3.8897381039999317
89615.26374261566,43179.4514894165,89622.97884778769,43179.697404110055,89619.08426686653,43179.573163385256,7.7197742535447285,3.822832706666124,3.8969415468786046
89615.33755631906,43179.01662006618,89622.97476583706,43179.774820826635,89619.09401980999,43179.389475442826,7.675978066733912,3.775524515709614,3.9004535510242984
89615.42252561585,43178.580128343274,89622.96058870308,43179.85886529207,89619.12046195815,43179.20743293455,7.6465459607646595,3.7511540315449508,3.895391929219709
89615.4968505875,43178.23537597862,89622.95173526104,43179.84784340203,89619.1588550138,43179.027474995055,7.627452434497768,3.7467776365104175,3.880674797987351
89615.55317077017,43178.00463315818,89622.96103895364,43179.71801036083,89619.20233423793,43178.84865407586,7.603431687251374,3.7454993735135163,3.8579323137378583
89615.59952810484,43177.83830059999,89622.98399897206,43179.52230667434,89619.24447209391,43178.66951816033,7.574055718244446,3.73852210067907,3.835533617565376
89615.6522582198,43177.63410876619,89623.00538809382,43179.36663014194,89619.28280214577,43178.489523223725,7.5546052593976185,3.730019975418759,3.82458528397886
89615.73300942284,43177.30343000296,89623.01033572402,43179.34367443536,89619.32400919606,43178.310184961854,7.558863763157503,3.7299233151649287,3.828940447992574
89615.88891122339,43176.84836926009,89622.98454371194,43179.46422664168,89619.37706725596,43178.134072245055,7.564386205938963,3.718510512633112,3.845875693305851
89616.12938498541,43176.38872321499,89622.9376848181,43179.62139462295,89619.44971878857,43177.96517344751,7.53821864925566,3.676269107406821,3.861949541848839
89616.3278421657,43176.03675959787,89622.92532680758,43179.66826585627,89619.53844565924,43177.80399758408,7.531224212875824,3.664998934841695,3.8662252780341295
89616.48744245229,43175.82344298492,89622.97803304621,43179.5843881647,89619.63234329925,43177.64572379535,7.501525753344261,3.6347222417913057,3.8668035115529555
89616.64337346793,43175.62834139786,89623.05568645944,43179.4955685685,89619.72371410782,43177.485981368554,7.4884455079762136,3.5972430168743807,3.8912024911018324
89616.86724787977,43175.31199858695,89623.09028007883,43179.5644902881,89619.81735851601,43177.3275916778,7.539082496147072,3.57379867477464,3.9652838213724326
89617.24339899707,43174.83703889265,89622.99903379573,43179.8656980621,89619.92412917716,43177.17791889742,7.6479744420695175,3.561266121550005,4.086708320519512
89617.80842699745,43174.37996658427,89622.7371059508,43180.237038403866,89620.05357351834,43177.04775213019,7.659452363637854,3.488880263750665,4.170572099887189
89618.23263534764,43174.07906437802,89622.51167528574,43180.29338803738,89620.20673128737,43176.94633642846,7.545214417064153,3.481204926507726,4.064009490556427
89618.25720111752,43174.05074575763,89622.61087465518,43179.84549903387,89620.36742596964,43176.856702932615,7.252116638073511,3.5129234526240456,3.7391931854494658
89617.8463631585,43174.422063709084,89623.08004457137,43178.98454467717,89620.51275763124,43176.74527580987,6.955039247628399,3.5425888005598023,3.4124504470685966
89617.54409727266,43174.90143878869,89623.52291975149,43178.1954764543,89620.60349354561,43176.58739700756,6.828088782835271,3.4941520537014252,3.3339367291338466
89617.75919659031,43174.73902752839,89623.58664178837,43178.10460330549,89620.6589138608,43176.41200056439,6.735766167672069,3.3508060389895062,3.384960128682562
89618.5248125984,43174.00783898911,89623.22008214022,43178.75226489022,89620.75552713744,43176.25832749027,6.694972965322929,3.1781718713248566,3.516801093998073
89619.436588123,43173.47462581879,89622.68552958354,43179.408334939326,89620.90970810261,43176.16009211287,6.773909761183768,3.0670020089373966,3.7069077522463716
89620.02753619928,43173.27423796653,89622.46534307435,43179.798673654666,89621.08253453691,43176.09735408847,6.965884746190572,3.0141860607972246,3.951698685393348
89620.29275576731,43173.19019143396,89622.49373781895,43179.69568807059,89621.2593561834,43176.04635805232,6.867892277055984,3.015364917413919,3.852527359642065
89620.27023311309,43173.18873656568,89622.7464028032,43179.1513544759,89621.43479426453,43175.99095585372,6.458060448027711,3.0354032109264844,3.4226572371012263
89620.00119956852,43173.303709941,89623.2014247033,43178.52618254147,89621.60159745892,43175.91399482917,6.129177913506629,3.063945074077227,3.065232839429402
89619.70295913014,43173.497533081696,89623.7108165054,43178.01654218266,89621.74709045183,43175.80219593678,6.04333175199797,3.082159461475116,2.9611722905228537
89619.61233409551,43173.60970839441,89624.04949725234,43177.64965272789,89621.87070805696,43175.666046276565,6.001179563203125,3.054498965455504,2.9466805977476205
89619.77405432353,43173.558044940815,89624.20043514571,43177.48998865308,89621.98554196703,43175.52224190807,5.920892949794208,2.9579932197598393,2.9628997300343682
89620.18250690395,43173.36187462926,89624.16538015036,43177.549560386615,89622.10542511029,43175.38272744017,5.78172243024131,2.7906947355707823,2.9910276946705276
89620.7914620469,43173.08422379728,89623.92352459257,43177.78371780478,89622.24411444868,43175.26244484375,5.652384717702946,2.6203867942626395,3.0319979234403065
89621.43498116493,43172.864456060954,89623.59843321478,43178.015848290335,89622.40781228749,43175.17967212163,5.5906196855356685,2.512806387211247,3.0778132983244224
89621.90920510408,43172.760606160016,89623.43596855698,43178.11509314114,89622.58440259451,43175.12840511037,5.568541202501235,2.462468856082424,3.106072346418812
89622.18731879267,43172.70607556133,89623.49331848946,43178.10120675793,89622.76426772588,43175.08948724161,5.5509578388763225,2.4522504900409667,3.098707348835356
89622.37184980468,43172.67835937898,89623.66111466398,43178.02222158031,89622.94334393798,43175.04714066648,5.497187224955764,2.43674586033377,3.060441364621994
89622.58143550166,43172.656068890945,89623.7951335247,43177.92573779919,89623.12145593042,43175.00084160021,5.407735932233016,2.4062016124120125,3.001534319821003
89622.85588057367,43172.6174968841,89623.84616917315,43177.829794346675,89623.30081665012,43174.95979748161,5.305792226169035,2.3843008739317426,2.9214913522372936
89623.12936962227,43172.58006560169,89623.89996976563,43177.70895798601,89623.48265677996,43174.93182627847,5.186501805085597,2.378168009398563,2.8083337956870342
89623.31055240458,43172.54250449015,89624.05964281767,43177.54268284851,89623.6655021502,43174.91097631984,5.056078765412445,2.394969171338299,2.661109594074146
89623.39478083102,43172.515135650836,89624.31588387495,43177.33689205959,89623.84740016925,43174.883395119,4.909258985054072,2.411277858721711,2.4979811263323612
89623.4616124434,43172.49564862776,89624.586630346,43177.16726794798,89624.0267943627,43174.842513021234,4.805331633128709,2.414039524864178,2.391292108264531
89623.5819893925,43172.465678754124,89624.81870879552,43177.09269392789,89624.20424300997,43174.79375247339,4.789447347000668,2.409801319829701,2.379646027170967
89623.76099502051,43172.419810562475,89624.99274764978,43177.03411645622,89624.38136240184,43174.74379485716,4.775887920789608,2.4053642060571567,2.370523714732452
89623.94745267744,43172.3706112138,89625.15932821976,43176.97823143835,89624.55962629047,43174.69811410752,4.76433445897321,2.4066669399460716,2.3576675190271392
89624.07155183694,43172.33511441376,89625.3861628109,43176.90736941554,89624.73826064546,43174.65388686464,4.757767284575129,2.412857986864138,2.344909297710991
89624.09232702582,43172.32838552586,89625.71236539859,43176.8068272639,89624.9148359911,43174.60221646942,4.763451820925615,2.418528003037017,2.344923817888598
89624.03369294218,43172.36130052496,89626.14888975785,43176.72818360016,89625.08548689184,43174.53377109502,4.853578478049722,2.41437629770587,2.439202180343852
89624.01344011993,43172.40251134838,89626.58488365568,43176.660530302834,89625.24459763817,43174.44171694672,4.974642588933572,2.382230574044563,2.5924120148890095
89624.15587296584,43172.37711923622,89626.84883362042,43176.63427146062,89625.39488432628,43174.335519945584,5.037559618598804,2.3175037611947733,2.720055857404031
89624.4506580472,43172.21038598731,89626.8760420517,43176.681550863985,89625.54858156062,43174.2345127037,5.088144930988233,2.303407726014482,2.784737204973751
89624.84168280027,43171.96166947912,89626.74583693962,43176.74557869613,89625.71446967745,43174.155403780234,5.151051534610428,2.3619519517544663,2.7890995828559615
89625.24525806401,43171.710255885366,89626.61231325514,43176.77439683084,89625.88974244845,43174.099809819,5.246878251547352,2.475635654782573,2.771242596764779
89625.5977998123,43171.42097258906,89626.55600068443,43176.77742235105,89626.06988638788,43174.06256815898,5.442184059911309,2.6837982284491257,2.758385831462184
89625.90248153303,43171.147029978754,89626.58367455432,43176.774200421,89626.25226198389,43174.03816893006,5.668467983911716,2.9123333855635987,2.7561345983481176
89626.1534295835,43170.91584957011,89626.685482449,43176.772479254316,89626.4355356376,43174.021562541486,5.880765444325123,3.118508723224107,2.762256721101015
89626.33993640877,43170.740028732725,89626.85529604595,43176.774010142115,89626.61908076664,43174.00818431114,6.055957557828801,3.2800595245442783,2.775898033284523
89626.44563870525,43170.588343871415,89627.09447835694,43176.77926202952,89626.80253294982,43173.99361119923,6.224835377772039,3.423923719292971,2.800911658479069
89626.46498065632,43170.55085635793,89627.41221983412,43176.77954354552,89626.98540198039,43173.97307244027,6.300453621323576,3.4616440132986352,2.8388096080249405
89626.39632426495,43170.63492676233,89627.82736266062,43176.77639510028,89627.16665288256,43173.941439647395,6.306384280850703,3.395275072219651,2.911109208631052
89626.23072382306,43170.78202742262,89628.35414527061,43176.714933140196,89627.34404392709,43173.892779629736,6.301668607789357,3.3040914513916886,2.9975771563976688
89625.98463682763,43170.96953649634,89628.97137601745,43176.53987179474,89627.51303104538,43173.820349749454,6.3217761306107905,3.2353023601859485,3.0864737704248415
89625.75860180779,43171.16756610835,89629.51861696843,43176.19641502715,89627.6670083834,43173.72004014921,6.2807468216258435,3.187864250784672,3.092882570841172
89625.65257617482,43171.28305403034,89629.91265792683,43175.865428753066,89627.804348805,43173.597714604766,6.257315773422027,3.160648681399003,3.0966670920230235
89625.68085878126,43171.26890378311,89630.1618977901,43175.64072773478,89627.93162411143,43173.46481582525,6.260423386297263,3.144528811657153,3.11589457464011
89625.80492716689,43171.148930821415,89630.29409800004,43175.496799778724,89628.05665667065,43173.32978387008,6.249542267603953,3.1347162320016553,3.1148260356022974
89625.95035117981,43171.00146780047,89630.40558203436,43175.380543771826,89628.18629176608,43173.19918613025,6.247039541591944,3.1351913936572746,3.1118481479346687
89626.01784536258,43170.9264608286,89630.59116285025,43175.18987773331,89628.31829219064,43173.07096012729,6.252701655646937,3.1451597427312197,3.107541912915717
89625.96786713184,43170.976032371174,89630.83216240216,43174.82758567342,89628.44273023884,43172.93549567087,6.205528993915107,3.1571757825622364,3.04835321135287
89625.8776580705,43171.09653815837,89631.08631984708,43174.38968197318,89628.54871767195,43172.785271344015,6.163359898915655,3.1606250533977853,3.0027348455178697
89625.84675700494,43171.16566485746,89631.28614454804,43174.008274724634,89628.63616387216,43172.623418738774,6.137680881028359,3.1475108794235456,2.9901700016048145
89625.90262353362,43171.12108034145,89631.40971777176,43173.73729418927,89628.71368720068,43172.456520804,6.096948774686885,3.1121555230647395,2.9847932516221456
89626.03292484402,43170.97519662843,89631.48575587022,43173.57377253727,89628.78956712477,43172.28886123521,6.040406873546711,3.0536751515241756,2.9867317220225353
89626.21155095784,43170.76437963899,89631.52860225757,43173.482479581755,89628.86904585709,43172.12288922654,5.9716650947856165,2.984668694585513,2.9869964002001033
89626.36211133568,43170.512573698245,89631.55847743741,43173.41366090028,89628.95600279505,43171.96072544373,5.951455835715177,2.970814729110432,2.9806411066047453
89626.49500680777,43170.28936224737,89631.60975929468,43173.31849247658,89629.04986105245,43171.80243513852,5.94445348141413,2.969296340878593,2.9751571405355364
89626.59897375214,43170.115417206915,89631.6936716977,43173.17599531292,89629.14607055677,43171.645554510374,5.943323971994482,2.9713676789902896,2.9719562930041916
89626.68610347026,43169.96895848699,89631.79442918224,43173.00596154136,89629.24065283938,43171.48768998135,5.942929041655187,2.9719142733564117,2.971014768298776
89626.78211089675,43169.817173013165,89631.89062192813,43172.84381772437,89629.33359044249,43171.32884905292,5.937802278537165,2.9656736976504483,2.9721285808867175
89626.89961599959,43169.64334951682,89631.97157902837,43172.707619945395,89629.42698340426,43171.17027651719,5.925781146958102,2.9528243209882903,2.972956825969812
89627.03055062392,43169.44850468794,89632.0394018278,43172.593104913794,89629.5229182145,43171.013233137935,5.9141926813817856,2.942858042028265,2.9713346393535205
89627.16601721554,43169.24768299988,89632.10288799665,43172.484942038405,89629.62244382144,43170.85844021796,5.903648764106168,2.937465168186483,2.9661835959196856
89627.2983177903,43169.052458324695,89632.16957897333,43172.370996605394,89629.72504792728,43170.70566862103,5.894254316656282,2.936360140501382,2.9578941761548996
89627.42428613619,43168.86695208432,89632.24491641193,43172.24849762338,89629.8300682665,43170.5545463291,5.888421341655653,2.9386743075737454,2.9497470340819074
89627.54227403307,43168.693269958465,89632.33596599044,43172.11929727067,89629.93686531934,43170.40467322298,5.892129099698167,2.9432938091688037,2.948835290529363
89627.64939757835,43168.53534283905,89632.43820694013,43171.97445712694,89630.04471827764,43170.25555722219,5.895779331095013,2.949017075702794,2.94676225539222
89627.74011050588,43168.3958126989,89632.55473038983,43171.809768124505,89630.15241746532,43170.1063304917,5.9021921409432,2.9572200089250478,2.9449721320181514
89627.81503225332,43168.27618435958,89632.68570365479,43171.6245448947,89630.25852455448,43169.955970174284,5.910629462860487,2.965211902036989,2.9454175608234983
89627.88169085988,43168.16984545328,89632.82503605656,43171.42633543108,89630.36157138846,43169.80350097737,5.9196321566120815,2.9696469316291445,2.949985224982936
89627.95274437201,43168.05783741215,89632.95978193487,43171.23343372367,89630.46073502442,43169.648476241055,5.929172378404028,2.9698840360635543,2.959288342340474
89628.03992657982,43167.92071198628,89633.07836408669,43171.06521854204,89630.55751945176,43169.49195009629,5.939172931452453,2.96766968286445,2.9715032485880033
89628.14812275757,43167.74949576579,89633.17922721413,43170.93323039213,89630.65415456909,43169.335331649156,5.953869983994104,2.9656647632590545,2.98820522073505
89628.27806298676,43167.54312151278,89633.25620353232,43170.83579649273,89630.75287337306,43169.180023121444,5.9686708830260145,2.9672359568510225,3.001434926174991
89628.42872671138,43167.304962284645,89633.31009862889,43170.76929212405,89630.85584714505,43169.027512541245,5.986001529001776,2.9763729082497132,3.009628620752063
89628.5969088088,43167.044011495025,89633.3458811738,43170.72458012773,89630.9648412373,43168.879254664054,6.00858968700578,2.9960262944824154,3.012563392523365
89628.77545714931,43166.78108546338,89633.3758000181,43170.68280580186,89631.08084087772,43168.73642104307,6.032383329423552,3.023062023492334,3.009321305931217
89628.93887934314,43166.54658106377,89633.42504205211,43170.61279399428,89631.20381442025,43168.59953226771,6.054793456624063,3.056916548329837,2.9978769082942254
89629.05830091446,43166.37063721452,89633.5237894191,43170.488702344664,89631.33040191836,43168.46595431936,6.074471052217564,3.0907662091066346,2.9837048431109277
89629.12317091091,43166.264293221364,89633.68925607424,43170.310427270655,89631.4561179397,43168.33156359197,6.10104304233505,3.117189960692542,2.983853081642508
89629.1494518139,43166.2118267627,89633.89615437442,43170.08531423873,89631.57647297336,43168.192383724614,6.126951454872981,3.132762202011398,2.9941892528615837
89629.16849199658,43166.17646127092,89634.11306505399,43169.84548543359,89631.68906933597,43168.04685173776,6.157478324319335,3.138902493748795,3.0185758305705397
89629.20152360672,43166.12647039651,89634.31788117775,43169.618020409085,89631.79488212345,43167.89630222821,6.194393168571361,3.139816428091265,3.054576740480096
89629.25373306111,43166.04955614364,89634.49522096706,43169.40793483755,89631.89542670627,43167.74217454888,6.225194790391236,3.13748207141803,3.087712718973206
89629.32476941677,43165.94373751661,89634.62661088927,43169.2072168693,89631.9923240483,43167.58572163625,6.225763867914004,3.132417491579098,3.0933463763349067
89629.4137140419,43165.809689738,89634.7405104319,43169.03415794049,89632.08724151872,43167.428056301906,6.226713492844919,3.1251977542804217,3.1015157385644967
89629.5184959031,43165.65064596179,89634.83877336353,43168.885859687696,89632.18186261863,43167.27021251014,6.226720786528943,3.117136670807879,3.109584115721064
89629.63394596385,43165.475193517406,89634.92635149712,43168.75405823623,89632.27777269008,43167.113150245576,6.225812183995863,3.110109110526462,3.1157030734694016
89629.75291364528,43165.2948793914,89635.01031626467,43168.62730001928,89632.37555942361,43166.95724922534,6.224590842241956,3.105124712845675,3.119466129396281
89629.8705614009,43165.1170298808,89635.0955365039,43168.49818401829,89632.4749706604,43166.80237852679,6.223562108027115,3.1021583937902677,3.1214037142368474
89629.98518816447,43164.943678375115,89635.18364241789,43168.3645143683,89632.57571122715,43166.648368809496,6.223033186346617,3.1010970937155546,3.121936092631062
89630.09433494195,43164.773623861205,89635.2749386596,43168.22598531949,89632.67748812566,43166.49504164851,6.225552546866699,3.104186205849113,3.121366341017586
89630.1995100643,43164.607889159066,89635.36947878671,43168.08256002366,89632.78001032455,43166.342211589064,6.229119729447132,3.109157517414542,3.1199622120325903
89630.30154286487,43164.447071875766,89635.46727765953,43167.93422363119,89632.8829882961,43166.18968811383,6.232579362911206,3.1145741943725707,3.118005168538636
89630.4004091715,43164.29120796505,89635.56833929472,43167.78097180587,89632.98613336972,43166.037277540265,6.235860428680984,3.120052733073904,3.1158076956070797
89630.49608755567,43164.14032056387,89635.67265848178,43167.62281380928,89633.08915697288,43165.884784874426,6.23896334197496,3.12524706328613,3.1137162786888304
89630.58861831979,43163.99433485382,89635.78016546229,43167.45984821984,89633.19176982918,43165.73201565354,6.241954264852418,3.1298473633527135,3.1121069014997045
89630.67841546121,43163.852619563324,89635.89041948898,43167.29270874611,89633.29368118325,43165.57877781099,6.244940361423181,3.133569430194078,3.1113709312291027
89630.76679125364,43163.713179971295,89636.00209411776,43167.12335738329,89633.39461756563,43165.42489625096,6.248023207866107,3.136154636792433,3.1118685710736744
89630.85561478848,43163.573119210705,89636.11331906378,43166.954631500776,89633.49453253299,43165.27034938144,6.2512516732450845,3.1375936976554963,3.1136579755895877
89630.94611529747,43163.430470933905,89636.22286214046,43166.7884471574,89633.59360035736,43165.11525793025,6.254606563473953,3.1381037048662948,3.116502858607658
89631.03865906993,43163.28461323168,89636.33034720371,43166.62540298255,89633.6920122943,43164.959749324764,6.258023668607027,3.137892523003506,3.120131145603522
89631.13328949086,43163.13545759435,89636.4357190494,43166.465584555815,89633.78996077791,43164.80394829444,6.261430490353004,3.1371587936352325,3.1242716967177713
89631.2300041638,43162.98300307207,89636.53896845577,43166.30900175123,89633.88763899553,43164.647977623536,6.26477210975758,3.1361063894870878,3.128665720270493
89631.32879896676,43162.827255536926,89636.64008830531,43166.15566387639,89633.98524051013,43164.49195892689,6.268021854307903,3.1349512617620388,3.1330705925458635
89631.4296706844,43162.66822007848,89636.73893984748,43166.0055000502,89634.08295891085,43164.3360134378,6.271027547312893,3.1339233494609826,3.13710419785191
89631.53261501741,43162.505906221726,89636.83556527164,43165.85854338179,89634.18098747215,43164.180262798414,6.2738730424115285,3.1332655483503524,3.1406074940611757
89631.6375747898,43162.34041905632,89636.93012161109,43165.71476186784,89634.27951880152,43164.02482984265,6.276725908028807,3.1332282927633734,3.1434976152654333
89631.74413159909,43162.17245458237,89637.02304683784,43165.57346684596,89634.37874445599,43163.8698393618,6.279641101637468,3.1340573385058645,3.145583763131604
89631.85095265551,43162.00413921858,89637.11571019358,43165.432528492944,89634.47883351443,43163.71540514935,6.28264086465058,3.1359530722611453,3.146687792389435
89631.95608997904,43161.83850314588,89637.21010146016,43165.288910833755,89634.57971017603,43163.56148401833,6.285695882525859,3.138797815724394,3.1468980668014654
89632.05821460234,43161.67757578523,89637.30757605942,43165.140593140844,89634.68107146461,43163.40788141642,6.28874294228374,3.142186566176521,3.1465563761072186
89632.15690632969,43161.521993664064,89637.40855943064,43164.98696046121,89634.78259994132,43163.25438920981,6.291729289978273,3.145705299936707,3.146023990041565
89632.25222476425,43161.37178045471,89637.51303190387,43164.828042137706,89634.88397876019,43163.10079817079,6.294589527560867,3.14891037466118,3.145679152899687
89632.34462080343,43161.2261683565,89637.62048212206,43164.66458336052,89634.9848903932,43162.946899951756,6.297416647608056,3.1515000015828805,3.145916646025175
89632.4355430073,43161.08290490123,89637.72942479438,43164.498806171585,89635.08504223388,43162.79250639625,6.300287156995798,3.1531883146778314,3.1470988423179667
89632.52697756974,43160.93889760931,89637.83785836842,43164.333768856464,89635.18440335178,43162.63760265189,6.303224725857687,3.1539688803070023,3.149255845550685
89632.62017482806,43160.79214997433,89637.94409427526,43164.1711732687,89635.28315833687,43162.4823116439,6.305706448785899,3.154065934525926,3.1516405142599733
89632.71549552947,43160.64205996668,89638.04789134776,43164.01170113598,89635.38150597538,43162.32676224741,6.307846805834552,3.153701731391363,3.1541450744431887
89632.81298360268,43160.488544761705,89638.14949131194,43163.85562694979,89635.47964599852,43162.171081730994,6.309956973560811,3.153096730260612,3.156860243300199
89632.91263344647,43160.331611099806,89638.24889294467,43163.7029534566,89635.57777860209,43162.01539653536,6.312021719828298,3.1524804455788007,3.1595412742494977
89633.01437241389,43160.171378806204,89638.3461666436,43163.55357251751,89635.67610398855,43161.859833065166,6.314053986626751,3.1520939363882077,3.161960050238543
89633.11782263934,43160.00845832197,89638.44169539935,43163.4068820098,89635.77482189794,43161.704518473634,6.316084971628832,3.1521851525682063,3.1638998190606253
89633.22207425766,43159.84429561149,89638.53640328295,43163.26143573439,89635.87409403076,43161.54955759453,6.318145822613102,3.1529563965234537,3.1651894260896483
89633.3261073032,43159.6804895894,89638.6313285552,43163.115629230975,89635.97391154808,43161.394947413566,6.3202514654944375,3.154399840638195,3.165851624856243
89633.42938792772,43159.517867205024,89638.72701930357,43162.968632634416,89636.07419274039,43161.240637528324,6.32239631632032,3.1564115395252816,3.1659847767950375
89633.53178559872,43159.35663116723,89638.82361405712,43162.820244236755,89636.17485483513,43161.08657581376,6.324561102403295,3.158880460836934,3.1656806415663614
89633.63326600054,43159.19683981764,89638.92115077055,43162.67040889352,89636.27581545128,43160.93270953472,6.326722070933953,3.161694553128404,3.165027517805548
89633.73325743292,43159.03835349182,89639.01973563654,43162.51896405062,89636.37699250257,43160.77898546896,6.329415691517487,3.1653017443176927,3.1641139471997946
89633.83111132578,43158.88126670841,89639.11960187872,43162.36554948534,89636.47829283647,43160.625342600266,6.333116042433903,3.1700742371925306,3.1630418052413725
89633.92747670898,43158.72655468052,89639.22099432039,43162.20979425998,89636.57958213337,43160.4716924564,6.336741194255978,3.174770797135851,3.161970397120127
89634.02223075078,43158.57441182909,89639.32403243262,43162.05152056852,89636.6807116377,43160.3179371192,6.340299294295444,3.179214257707027,3.1610850365884167
89634.11534192346,43158.42488993228,89639.42874161025,43161.890688294305,89636.78153207933,43160.16397899728,6.343815434954221,3.183238240685905,3.1605771942683156
89634.20680525876,43158.277995460805,89639.53512002932,43161.72729570038,89636.88189357617,43160.00972138294,6.34733370493194,3.1866880812943865,3.1606456236375537
89634.29666803461,43158.13365330649,89639.64311280669,43161.56141199269,89636.98164535993,43159.8550688928,6.350909676190207,3.1894181403950728,3.1614915357951343
89634.38526561539,43157.991344980626,89639.75237795191,43161.39353321447,89637.08063552895,43159.69992792582,6.354592433358922,3.191283619765026,3.1633088135938965
89634.47358447456,43157.84952242766,89639.86192676362,43161.22516456621,89637.17872783374,43159.54421779192,6.3584002261938775,3.192147919212043,3.166252306981834
89634.56295669965,43157.70605227857,89639.97042476888,43161.058391430015,89637.27596555192,43159.38797241509,6.362305399942979,3.192065596821618,3.170239803121361
89634.65421827004,43157.55956242017,89640.07702445281,43160.894558644206,89637.3725383824,43159.23131506777,6.366242824927948,3.191242144472543,3.1750006804554043
89634.74760997122,43157.40964314008,89640.18146667554,43160.73407349567,89637.46864629304,43159.07437196807,6.370136810121261,3.189884405114901,3.1802524050063603
89634.84316067398,43157.25624176771,89640.283703659,43160.57700130297,89637.56449026357,43158.917267486795,6.373927552035828,3.188203462569598,3.1857240894662304
89634.94086901557,43157.09936047554,89640.38371932146,43160.42335986452,89637.66027183598,43158.76012494104,6.377585175670656,3.1864228579693643,3.1911623177012913
89635.04073216593,43156.93900438317,89640.48150091426,43160.273166027066,89637.75619269352,43158.60306740373,6.381113341711321,3.184781604036038,3.1963317376752824
89635.14274841872,43156.77517645178,89640.57773737755,43160.12686851675,89637.8524542466,43158.44621851718,6.385371431940993,3.183534692189107,3.201836739751887
89635.24691881868,43156.60787609992,89640.67317373639,43159.98496169403,89637.94925720448,43158.289703299175,6.391321806044623,3.1829524995537777,3.208369306490846
89635.35325017906,43156.4371009548,89640.76632316347,43159.84655653186,89638.04680111127,43158.13364892944,6.39732904774768,3.183317389692895,3.2140116580547846
89635.46173998898,43156.26289295194,89640.85718331776,43159.711603512456,89638.14528382568,43157.97818550335,6.4034770543356565,3.1849116270022892,3.218565427333367
89635.5721452969,43156.085740644696,89640.94606329764,43159.57962117008,89638.24490092472,43157.82344673806,6.409861807983551,3.1879896346536336,3.2218721733299174
89635.68309327052,43155.90794780795,89641.03445371971,43159.448297957766,89638.34584480379,43157.66957047589,6.416483348419141,3.192740208140231,3.22374314027891
89635.79142526098,43155.734475211466,89641.12566289934,43159.312658550116,89638.44814184598,43157.5165901769,6.423203517853627,3.199076540356228,3.2241269774973986
89635.89386076055,43155.57028856082,89641.22307967214,43159.1677683865,89638.55126397766,43157.36416422634,6.429808625706579,3.206210016700154,3.223598609006425
89635.9888873552,43155.41763403733,89641.32823319684,43159.0114637366,89638.65452144449,43157.21182979792,6.436166810588744,3.2132145638724796,3.2229522467162637
89636.07674137637,43155.27618328224,89641.44083037322,43158.84413854747,89638.75722380019,43157.05912093951,6.44234779093847,3.2192972933969606,3.223050497541509
89636.1593325748,43155.142627663576,89641.55509614335,43158.66662704326,89638.85868675515,43156.905586590896,6.444609439436811,3.2240620147605688,3.2205474246762424
89636.23939904298,43155.01102164045,89641.6678768811,43158.48470941274,89638.95856031851,43156.75101366622,6.44476808887924,3.2282270302440903,3.2165410586351495
89636.32051349888,43154.87775060699,89641.77946455902,43158.304495389966,89639.05697399311,43156.595506895464,6.445374325656989,3.2309338874442486,3.2144404382127405
89636.40363321458,43154.741308211625,89641.88901678185,43158.127477877875,89639.15411697401,43156.43920294485,6.446368416332355,3.2323411836990563,3.214027232633299
89636.48887520621,43154.60140634964,89641.99643350994,43157.95389690768,89639.25018159905,43156.282233726335,6.447670086126491,3.2326472554492924,3.215022830677199
89636.57625025455,43154.45799723343,89642.10171318505,43157.783774686206,89639.34536265487,43156.12472700879,6.449152737582382,3.232024189872747,3.2171285477096347
89636.66581740981,43154.31098019986,89642.20479862658,43157.61720295739,89639.43985679097,43155.966807100536,6.450692902011124,3.2306441302973203,3.2200487717138033
89636.75776539839,43154.160042237774,89642.30549600751,43157.45449839211,89639.53386412155,43155.808596829804,6.452190416595322,3.228692861344245,3.223497555251077
89636.852369369,43154.00472120421,89642.4035185817,43157.29613766907,89639.62762157628,43155.65023829144,6.453578847638117,3.226414620339485,3.227164227298633
89636.94981409489,43153.84470554579,89642.49866563744,43157.14245472276,89639.7214023698,43155.491893574916,6.454835951994921,3.2241170869071016,3.2307188650878196
89637.05015585615,43153.67990184065,89642.5908653275,43156.993566201694,89639.81548228784,43155.33372646548,6.455993347850157,3.2221375575698477,3.2338557902803093
89637.15340357325,43153.51029774603,89642.6800987086,43156.84950099057,89639.91013638274,43155.17590242789,6.457141470837074,3.2208421773318237,3.2362992935052506
89637.25956623128,43153.33588927672,89642.76635754993,43156.71026661557,89640.0056381966,43155.01859010256,6.458423990477007,3.2206226209359103,3.237801369541096
89637.3686520702,43153.156714179175,89642.85081280797,43156.5765359144,89640.10225887438,43154.861962743234,6.461375174553811,3.221878987585322,3.239496186968488
89637.48043192823,43152.97329922422,89642.9356046084,43156.44897811747,89640.20026611505,43154.70619956127,6.468337226640865,3.2249767171537043,3.243360509487161
89637.59333551291,43152.78841178137,89643.01946098216,43156.32299659497,89640.29992291426,43154.55148693567,6.4758208752452875,3.2301828661898058,3.245638009055483
89637.70329338826,43152.608602431836,89643.10652523297,43156.1919742574,89640.40133473587,43154.39791874344,6.483481492200925,3.2374520830124434,3.2460294091884814
89637.80572622667,43152.44104098418,89643.20159181254,43156.0488710442,89640.50384430341,43154.24508022703,6.490901958286848,3.2456740459621503,3.2452279123246974
89637.90071702232,43152.29081258006,89643.30700517417,43155.8903536322,89640.60651892448,43154.09235236234,6.494972228791343,3.2506789674490224,3.2442932613423205
89637.98615266736,43152.155728410675,89643.42230015878,43155.71699364336,89640.70842378032,43153.93911038032,6.498799858411065,3.2544175863873597,3.2443822720237057
89638.0658199095,43152.029888404526,89643.54343425788,43155.53449556613,89640.80861889337,43153.78474633633,6.502819810239057,3.256149032846656,3.2466707773924
89638.14707807548,43151.90197532844,89643.66298763416,43155.353996302445,89640.90668305024,43153.6290194506,6.50705704134515,3.2554757131908176,3.251581328154332
89638.23601170466,43151.76208484892,89643.77477471072,43155.18528045155,89641.00335412005,43153.47242290772,6.511234850141145,3.253220587590689,3.258014262550455
89638.33488843516,43151.6062861087,89643.88149896798,43155.03546972952,89641.09957213004,43153.315547219696,6.521057604217854,3.2503923403256794,3.2706652638921754
89638.44408734157,43151.43390020278,89643.97831478926,43154.90275424597,89641.19628225297,43153.15897473867,6.531514269835365,3.248149173667959,3.2833650961674063
89638.56365406976,43151.24501592813,89644.0636996371,43154.78637310151,89641.29442522889,43153.00329736371,6.541549927366466,3.2478770108197694,3.2936729165466967
89638.6930779859,43151.041012283255,89644.13838017666,43154.685098483984,89641.3949273319,43152.84913407184,6.552172779219493,3.2510560115044345,3.301116767715059
89638.82876682836,43150.828428490255,89644.20651808995,43154.59239593534,89641.49868713884,43152.697146511346,6.56414400537825,3.2589357258942497,3.3052082794839994
89638.96173166909,43150.62131079435,89644.27792650418,43154.49412166152,89641.60614862377,43152.54775259631,6.577294260238796,3.271722867929102,3.305571392309694
89639.08228986096,43150.43343366583,89644.36295005426,43154.37665695618,89641.71618776296,43152.40024382175,6.590480858600315,3.287213751862327,3.3032671067379877
89639.1857488061,43150.27114201008,89644.46649569475,43154.234171158365,89641.8273177269,43152.25355369123,6.602415301296477,3.3027022960787145,3.2997130052177623
89639.27097473064,43150.13606215715,89644.58957272714,43154.06557755564,89641.9380780209,43152.106584603855,6.61276311620791,3.3160841026507306,3.29667901355718
89639.33794628987,43150.02842256554,89644.73192062911,43153.87088813891,89642.04699670803,43151.9582476157,6.622666028300272,3.326143478520537,3.296522549779736
89639.38896256959,43149.945612092175,89644.89095034782,43153.652420089355,89642.1525511066,43151.807501756244,6.634201728222168,3.3322874866593306,3.301914241562838
89639.43273808979,43149.875935555276,89645.05776087209,43153.42092140726,89642.25316222025,43151.653417302194,6.648918444147387,3.3338133989482066,3.315105045199181
89639.4829584483,43149.798370977864,89645.21842481491,43153.19624307452,89642.34840414062,43151.49595398168,6.66642832019242,3.3305564719782557,3.335871848214164
89639.54894288818,43149.69634609929,89645.34435049609,43152.983867521805,89642.43974140618,43151.33618998562,6.662926560315295,3.323524480601905,3.3394020797133885
89639.63319505512,43149.5643104102,89645.44921420477,43152.79977534371,89642.52887599402,43151.17518454213,6.655397490147284,3.3135908737579576,3.3418066163893267
89639.73522717471,43149.402646549504,89645.53720872893,43152.64607437214,89642.61753807776,43151.013917957745,6.647015541597356,3.3021072198866985,3.3449083217106574
89639.85203792452,43149.21674295038,89645.61100233776,43152.51754084361,89642.70745998499,43150.853351569574,6.63784170026509,3.291188849937228,3.3466528503278616
89639.97657567331,43149.01907266373,89645.6773486254,43152.401481597255,89642.80009103015,43150.694333818916,6.628688354850602,3.283099235644991,3.3455891192056093
89640.10082354493,43148.82285215591,89645.74410604878,43152.28415978246,89642.8953965387,43150.53690369828,6.620219297727939,3.278355494011416,3.341863803716522
89640.22056419389,43148.63428439853,89645.81536948071,43152.15894902499,89642.99284472036,43150.38079021346,6.612497410453384,3.276556970778347,3.335940439675037
89640.33474565839,43148.45457868743,89645.89207424234,43152.02443744624,89643.09191614504,43150.22570131115,6.605134508381242,3.277021015822363,3.3281134925588787
89640.44322815331,43148.28379100073,89645.9742724049,43151.880520049905,89643.1921009367,43150.071328948354,6.597644527013571,3.278962369418788,3.318682157594784
89640.54599442326,43148.121911550836,89646.06191752703,43151.72725493694,89643.29289641979,43149.91735444459,6.5896819815921095,3.2816285230571336,3.308053458534976
89640.64304493228,43147.96893099769,89646.15496388714,43151.564761407455,89643.39380405453,43149.763453384825,6.581128397990229,3.284354939143596,3.296773458846632
89640.73455784787,43147.82458880686,89646.25515294963,43151.39469693513,89643.49432600013,43149.609300267264,6.574394179880043,3.286566502941955,3.2878276769380883
89640.82161389907,43147.687280213904,89646.36248024215,43151.21942546051,89643.59396179591,43149.454573225084,6.5709420396965745,3.287741597807702,3.2832004418888716
89640.90693719694,43147.552831961,89646.47146760466,43151.041320964054,89643.69228272614,43149.29900753579,6.567616328279107,3.2874437463095907,3.280172581969517
89640.99359565768,43147.41636437259,89646.57910815673,43150.86524566418,89643.78935563324,43149.14265980546,6.564507045033211,3.285783764801323,3.278723280231888
89641.0828067616,43147.27508830888,89646.68389206221,43150.693764418145,89643.885468818,43148.98572008437,6.561974797315936,3.283470460662925,3.2785043366530116
89641.17522864489,43147.12858922549,89646.78549543263,43150.527487966974,89643.98091516622,43148.82837379069,6.559543354687751,3.2804184425970875,3.2791249120906634
89641.27093293908,43146.976842853124,89646.88389465964,43150.36648211199,89644.07598982465,43148.6708025563,6.557056777875704,3.276864905493713,3.28019187238199
89641.36991183931,43146.81986486731,89646.97908920144,43150.21075251207,89644.17098911403,43148.513185858064,6.554463553599782,3.2731285597720103,3.2813349938277727
89641.47215293432,43146.65767408736,89647.07107682856,43150.0603016358,89644.26620952153,43148.355702695444,6.5517810837006305,3.269565176630034,3.2822159070705963
89641.57763361096,43146.49030546254,89647.15986364956,43149.91510761226,89644.36194670685,43148.19853327422,6.5490908842839355,3.266565320988239,3.282525563295697
89641.68620576168,43146.31801682309,89647.24564175506,43149.77494381766,89644.45849445641,43148.04186065649,6.546581063977427,3.2645420513546144,3.2820390126228136
89641.79705792858,43146.142170150146,89647.32952619417,43149.63860945142,89644.55614329675,43147.88587219276,6.544719593336314,3.263903218505694,3.28081637483062
89641.90810078073,43145.966141764664,89647.41323423942,43149.50243001227,89644.65511307135,43147.730718514875,6.543078623181839,3.2649379492171517,3.2781406739646872
89642.01687752824,43145.793773171965,89647.49922720913,43149.362504635355,89644.75522635081,43147.576299906206,6.5415615568480625,3.2674090886056657,3.2741524682423964
89642.12206840157,43145.62706493746,89647.58880728726,43149.21681803008,89644.85613214974,43147.42239778493,6.539997598551327,3.27082962469868,3.2691679738526487
89642.22335035742,43145.46649630788,89647.68226420713,43149.0649158322,89644.95748224221,43147.26878776002,6.538223272137161,3.274710927417968,3.2635123447191927
89642.32068186434,43145.312136085864,89647.77960156818,43148.90677501483,89645.05893065831,43147.11524263013,6.536148596252775,3.2785974065139754,3.257551189738799
89642.41404917602,43145.164012370195,89647.88079644024,43148.74241990232,89645.16013183426,43146.961534512455,6.533785244347938,3.2820819232430622,3.2517033211048765
89642.50343756587,43145.022151025114,89647.98583308877,43148.571871351785,89645.26073873688,43146.80743695452,6.5312503813478395,3.2848089576119266,3.246441423735913
89642.58883498954,43144.88657206901,89648.09465853583,43148.39510914384,89645.36040106491,43146.65272711176,6.528708205595681,3.2864736248394237,3.242234580756257
89642.67024061657,43144.75728546106,89648.2024619868,43148.20912658366,89645.45876363352,43146.49718806948,6.52080151087007,3.2868169107309115,3.233984600139159
89642.74769085026,43144.6342904006,89648.31071279976,43148.01501445268,89645.55546505653,43146.34061137886,6.509743870502302,3.2856038631447446,3.2241400073575566
89642.82139235237,43144.517487443285,89648.4223865794,43147.81485361174,89645.65013685261,43146.182799861504,6.499547202393864,3.2825525370394044,3.216994665354459
89642.89245477531,43144.40565986962,89648.53666521417,43147.60986471342,89645.7424031142,43146.02357071388,6.490334436358828,3.2771852598967115,3.213149176462116
89642.96499117013,43144.29271520892,89648.64994369383,43147.40605535733,89645.8318857419,43145.862761533375,6.481653461991176,3.2686688277635714,3.2129846342276043
89643.04696231008,43144.16514369835,89648.75486650698,43147.216823966504,89645.91863350636,43145.70045885771,6.4724763055565795,3.25633150368803,3.2161448018685497
89643.14572743482,43144.00943740414,89648.8444279105,43147.05587253263,89646.00425087714,43145.53755539264,6.461892408466077,3.2413463010108945,3.2205461074551818
89643.26442695565,43143.819747378024,89648.91538053841,43146.92957442223,89646.09080667993,43145.37515037476,6.450192769565491,3.226123423290315,3.2240693462751753
89643.40321492282,43143.59663683903,89648.9670801453,43146.83771987773,89646.18035479708,43145.21438127162,6.439167844599577,3.2140345559349908,3.225133288664586
89643.55426568133,43143.34755323891,89649.00314622158,43146.77019873175,89646.27488984638,43145.05650224868,6.434822226979551,3.2129170002478036,3.2219052267317476
89643.69329457435,43143.09477916848,89649.03917422229,43146.697517629626,89646.37602986222,43144.9027760027,6.446642892351839,3.2351485786031655,3.2114943137486733
89643.80843931297,43142.88508010994,89649.10542827123,43146.584549109066,89646.48226800443,43144.752509517355,6.460972682925758,3.2613883189022763,3.1995843640234805
89643.88241235515,43142.742354907234,89649.22445578936,43146.41398207435,89646.5894341776,43144.60290040012,6.482226222720796,3.2847905889715543,3.1974356337492416
89643.91759886341,43142.66448512311,89649.38493895304,43146.18339983814,89646.69322719176,43144.45094812539,6.502119692473164,3.300959530736526,3.201160161736638
89643.93664096441,43142.61995922057,89649.56345440025,43145.92197938557,89646.7896509983,43144.294232232605,6.524385371633864,3.308124572464916,3.216260799168948
89643.96667921887,43142.56232684656,89649.73182165486,43145.672240651715,89646.87864390772,43144.13316485712,6.550580413664797,3.3087001505139964,3.2418802631508004
89644.02017991795,43142.46307605561,89649.87571957799,43145.46070821987,89646.9627274504,43143.969469655436,6.578256521820395,3.305735510271473,3.272521011548923
89644.09781949426,43142.31670418046,89649.98502616865,43145.28939490601,89647.04462225505,43143.80466362924,6.595158605709034,3.3011628189606346,3.293995786748399
89644.1950163753,43142.13180948688,89650.06421786534,43145.151089872896,89647.12700517547,43143.640102414436,6.600299311697805,3.2972106985840064,3.3030886131137986
89644.3012557119,43141.9301825052,89650.13395068696,43145.02952705765,89647.21215144865,43143.47695725043,6.605043741697222,3.296347927483561,3.3086958142136615
89644.39898000915,43141.73474086355,89650.20778373603,43144.89942512896,89647.30010173703,43143.31530293119,6.614943324426728,3.3037396579468474,3.3112036664798814
89644.4049140411,43141.51861884468,89650.29422965793,43144.7465076392,89647.38928829585,43143.15432584092,6.715900590089965,3.4032383502808052,3.3126622398091596
89644.38272088015,43141.32359539852,89650.39597642684,43144.56695274249,89647.47817171962,43142.99318141586,6.832175070732202,3.5170065719773427,3.315168498754858
89644.36387105312,43141.17222892448,89650.51420335661,43144.35911526198,89647.56514613797,43142.83100036458,6.926992885299257,3.605522481498842,3.321470403800416
89644.35011901865,43141.0683533631,89650.64983690453,43144.12158959542,89647.64860680311,43142.66698777449,7.0007360086153465,3.665527759575258,3.3352082490400883
89644.34227543144,43141.01590938847,89650.79873918377,43143.84780622495,89647.72675965588,43142.50038860284,7.050488108682524,3.695870827324032,3.354617281358492
89644.34046100464,43141.0180380064,89650.92342214644,43143.517302736094,89647.79753085354,43142.33053439538,7.0419159297626805,3.698090794035924,3.3438251357267568
89644.34393009348,43141.07664904156,89651.06069494289,43143.14107803044,89647.85848620118,43142.156932186634,7.027594217391189,3.6772185732497285,3.3503756441414607
89644.35076612362,43141.1917670606,89651.21606391598,43142.712136644994,89647.90679987973,43141.979415919086,7.032536948601024,3.6426910127383847,3.389845935862638
89644.35917268888,43141.35944334953,89651.33958173858,43142.21512490404,89647.93933499343,43141.79836184035,7.033471389028583,3.6073843754293553,3.4260870135992274
89644.37164268033,43141.55738092061,89651.41899337564,43141.67056349137,89647.95291964767,43141.614922796805,7.048514707366161,3.5818695128896216,3.4666451944765386
89644.38962239971,43141.7081122197,89651.47504084252,43141.15613588469,89647.94481422724,43141.43116472791,7.107029805927638,3.566034371422378,3.5409954345052603
89644.39482329432,43141.70262040978,89651.44892257196,43140.79456792799,89647.91979978763,43141.24886269066,7.112310206795711,3.554064635813537,3.5582455709821748
89644.3699279245,43141.50012449952,89651.4330983762,43140.6315330869,89647.89047543689,43141.06718348417,7.1164675476259145,3.5471130751516435,3.56935447247427
89644.3270226342,43141.1537700861,89651.43281134871,43140.6134855096,89647.86854158388,43140.884498561274,7.1263990122750425,3.551790738261505,3.5746082740135368
89644.28978869195,43140.78719470336,89651.4262162806,43140.614231535124,89647.86154813915,43140.70063261105,7.138573991992882,3.572833519599389,3.5657404723934927
89644.26409346571,43140.51511978239,89651.40980433344,43140.51808444942,89647.86395819805,43140.51662180598,7.145729253480279,3.5998739728333455,3.5458552806469332
89644.24622038347,43140.38808971971,89651.38919797093,43140.27873462619,89647.86753626233,43140.332626090516,7.143931527471074,3.6217997395753483,3.5221317878957263
89644.23807460992,43140.43339735794,89651.36362610657,43139.87391247552,89647.86412569552,43140.14865823366,7.14841588708802,3.6376881919991235,3.510727695088897
89644.25674205416,43140.679378794914,89651.31643031757,43139.27511128635,89647.8443826797,43139.965810906346,7.200284001858669,3.65907871831006,3.5412052835486088
89644.34131004973,43141.09013234166,89651.1570575063,43138.522626366124,89647.79758495804,43139.78810874223,7.285400740873095,3.6944488739332075,3.5909518669398888
89644.4626621517,43141.42398789083,89650.9130736138,43137.854072913,89647.71510406099,43139.623991681154,7.372796843539912,3.7175132784760523,3.6552835650638626
89644.48184441827,43141.437198322856,89650.78367696312,43137.48002478154,89647.61034800645,43139.472705009706,7.441286494109612,3.6941677291841497,3.7471187649254625
89644.39498398172,43141.18350530187,89650.78139866031,43137.359905042795,89647.5100059426,43139.31847171076,7.443611356239538,3.6307003603505716,3.812910995888967
89644.29839973144,43140.834640885005,89650.80837386158,43137.33823356034,89647.41954529138,43139.1582349096,7.389717573173319,3.54297190397111,3.846745669202209
89644.22796421428,43140.50017253155,89650.8140042196,43137.30924577847,89647.33708290319,43138.993729672584,7.318530826518993,3.454945916364529,3.863584910154463
89644.08064562589,43140.25141540203,89650.79736723824,43137.24134124712,89647.26060104069,43138.82635248383,7.360476172379459,3.4847244392881285,3.875751733091331
89643.94452241466,43140.0423655194,89650.76473062464,43137.129793647815,89647.18808783068,43138.65721227572,7.416121048737881,3.5269657434135118,3.8891553053243686
89643.77284612127,43139.89243434833,89650.69588681689,43136.9838734455,89647.11755554074,43138.487233156826,7.509209057164683,3.627901856041884,3.8813072011227994
89643.60915456896,43139.78610103167,89650.58743522914,43136.80470627681,89647.04701482168,43138.31725747298,7.588520648715798,3.738517492672817,3.850003156042981
89643.49364961061,43139.71184938365,89650.45518606114,43136.58462581625,89646.97442760419,43138.14814947518,7.631833760043632,3.815961910533314,3.8158718495103185
89643.43101620815,43139.67281473388,89650.29795408588,43136.32152185634,89646.89765799945,43137.98090722789,7.641444816424411,3.8576682162615206,3.7837766001628905
89643.4244054401,43139.671663235065,89650.11366789494,43136.01162782657,89646.81444363791,43137.81679118762,7.6257991351804835,3.8646685386068382,3.7611305965736452
89643.47453182033,43139.7103412742,89649.89898081782,43135.64945891735,89646.7224206592,43137.6574703197,7.601454844852646,3.8428649892840374,3.758589855568609
89643.57865746564,43139.789714271195,89649.59785028186,43135.267352981085,89646.61925053764,43137.50516417003,7.530510425914213,3.8040831133747495,3.726427312539464
89643.72985204325,43139.90650032143,89649.21578317635,43134.87403062743,89646.5029004697,43137.362714723364,7.446737742865742,3.7641735365945146,3.6825642062712274
89643.90691347764,43140.03833774186,89648.80395587115,43134.466139309356,89646.37208589696,43137.23346496335,7.420295554325547,3.73524968686118,3.6850458674643667
89644.03951431467,43140.12504465641,89648.41013909227,43134.12174128544,89646.22683077426,43137.12070829689,7.426771282188139,3.7167364474682603,3.710034834719878
89644.03126870512,43140.111534205906,89648.11292626568,43133.93075667142,89646.07180829089,43137.02159339983,7.406997918817175,3.702965799040076,3.704032119777099
89643.87978871253,43140.009737234104,89647.95586976339,43133.83204331307,89645.9161319228,43136.92346252282,7.401261710378795,3.6975490696518936,3.703712640726901
89643.67414540715,43139.8752061873,89647.8526210469,43133.766433365185,89645.7636430541,43136.82044785553,7.401184344474727,3.7010458345301793,3.700138509944548
89643.48853680697,43139.75426976631,89647.7290821986,43133.6871991323,89645.61318384345,43136.71447940974,7.402137541241673,3.708701622507537,3.693435918734135
89643.34806724369,43139.66424191367,89647.56065807545,43133.57697796827,89645.46309539986,43136.607984032344,7.402771650001519,3.716737552966533,3.686034097034986
89643.23884693814,43139.637792785594,89647.34263948847,43133.43242808884,89645.3116693623,43136.50340644346,7.439739464588709,3.757857774861244,3.681881689727465
89643.18875389834,43139.64085335071,89647.07273334483,43133.25301161779,89645.15723622454,43136.40334109793,7.476292802388243,3.7891591473373145,3.6871336550509284
89643.20382244114,43139.656060120535,89646.75160841306,43133.041780460975,89644.9982890471,43136.31064458247,7.506250700753317,3.7965834624776096,3.7096672382757085
89643.26081841235,43139.67580907741,89646.38444031766,43132.829480306296,89644.83371494066,43136.2283915911,7.52584298795963,3.7895903240926962,3.736252663866933
89643.321730279,43139.689822378205,89645.97828187421,43132.6984995373,89644.66373867441,43136.15795943115,7.479493054952348,3.7784673533801785,3.7010257015721706
89643.35872373857,43139.695229163124,89645.59466819535,43132.583935288334,89644.48963989034,43136.098406247365,7.454826364695879,3.770577455505641,3.684248909190237
89643.36315793073,43139.69477333563,89645.24172772015,43132.47964538841,89644.31255316672,43136.048399630745,7.455866669024789,3.7680394537917925,3.687827215232996
89643.3351255298,43139.69082603864,89644.9181863267,43132.38404998701,89644.13336396203,43136.00651792742,7.476427981668542,3.7698539652057463,3.706574016462796
89643.2764744575,43139.6843562701,89644.62205453412,43132.296310173304,89643.95273572001,43135.971332064386,7.50967089851936,3.774151364781579,3.735519533737781
89643.18905543676,43139.67566919725,89644.34652637683,43132.250384378596,89643.77115118013,43135.9414502532,7.51501781732817,3.77934569618235,3.73567212114582
89643.07435325005,43139.66482839993,89644.0969544048,43132.21436837061,89643.5889559121,43135.91553363447,7.520343705202943,3.7844622027632395,3.7358815024397023
89642.93364158858,43139.6517972844,89643.87300885525,43132.18166249524,89643.40639840055,43135.89229169641,7.528978057419466,3.7891197355611763,3.73985832185829
89642.77049215944,43139.636732554405,89643.6711419345,43132.15153688228,89643.22366530178,43135.87046464242,7.539188134590923,3.7934349017659996,3.745753232824923
89642.59961220779,43139.62107836996,89643.47692400066,43132.12173091615,89643.04091287512,43135.84879860185,7.55049206407188,3.7980062670984354,3.7524857969734446
89642.45313808435,43139.608563262904,89643.25869901957,43132.08758702111,89642.85818632372,43135.826916448,7.564031361676574,3.8032956631708092,3.7607356985057665
89642.3643667659,43139.602720359646,89642.98331888561,43132.0447935934,89642.67517978915,43135.807564964634,7.583410444246732,3.8079527644712567,3.7754576797754753
89642.34394004876,43139.60249195047,89642.6380367038,43132.021959602156,89642.49162733529,43135.7945584915,7.586645705197086,3.8110022912448995,3.775643413952186
89642.36860336327,43139.60237017606,89642.24800072491,43132.05678311753,89642.30765650998,43135.79175476259,7.547064532857672,3.8113618907841804,3.7357026420734925
89642.39100363253,43139.59887330285,89641.86342411049,43132.09702790283,89642.12386816705,43135.8005505529,7.520779384536838,3.807910140435164,3.712869244101674
89642.3755332612,43139.59393826615,89641.516646754,43132.13630172297,89641.9407660664,43135.818833146346,7.507171392894273,3.800179246441553,3.706992146452721
89642.31359773237,43139.59114545027,89641.21419531741,43132.170277928366,89641.7584888837,43135.84411657863,7.501985400466584,3.787985851795735,3.713999548670848
89642.2190439392,43139.59317898145,89640.9438928909,43132.207750509675,89641.57690523307,43135.87401454938,7.49478019360697,3.7742313167103614,3.720548876896609
89642.13114991983,43139.599743130915,89640.67296329167,43132.27639725043,89641.39579123296,43135.90664678271,7.467242254259249,3.765663600817741,3.701578653441508
89642.09992505092,43139.606809800374,89640.34944306484,43132.356278128405,89641.21558389232,43135.94390871932,7.459220100850334,3.7683317193740797,3.6908883814762548
89642.15347090595,43139.607107052805,89639.94689220992,43132.4554026494,89641.03750797157,43135.99020092682,7.485162460617126,3.7855513073775278,3.6996111532395983
89642.2750106324,43139.59379939741,89639.49793343905,43132.62055869952,89640.86356072697,43136.050052368046,7.506913966526018,3.815013313938334,3.6919006525876847
89642.39747603518,43139.57553449113,89639.07901561003,43132.847378226485,89640.69610082745,43136.126179682884,7.50280574804487,3.8465345652845597,3.6562711827603103
89642.45525156944,43139.57686825166,89638.72462494319,43133.045542088716,89640.53493043473,43136.214939931,7.522079069919749,3.871918285783383,3.650160784136366
89642.44711828505,43139.60781226174,89638.44696335268,43133.23414486283,89640.37805119515,43136.311131782946,7.525150814231673,3.8922932382897457,3.6328575759419275
89642.43778204812,43139.64347837887,89638.18602683007,43133.43652283786,89640.22339580707,43136.41087204541,7.523838920051708,3.9184754702103506,3.6053634498413576
89642.4993076527,43139.63350130484,89637.86412942136,43133.67935944434,89640.07275354212,43136.516531223075,7.546396831910769,3.9505435093930674,3.5958533225177023
89642.611863943,43139.539656799745,89637.5032401618,43134.00205398707,89639.93091112013,43136.633646744165,7.535236697136046,3.954364633741033,3.580872063395013
89642.61065011505,43139.41392666254,89637.21117895837,43134.32155784674,89639.80345771802,43136.7662134466,7.422441818950541,3.859064805172392,3.5633770137781493
89642.32839358695,43139.38949155634,89637.08294920606,43134.46289536331,89639.68551170241,43136.90747114428,7.196361192677789,3.625693759949887,3.5706674327279018
89641.91922960112,43139.64207277927,89637.15590567481,43134.39166908611,89639.56081479658,43137.04267331708,7.090501360820085,3.5105159070889576,3.579985453731127
89641.46005097912,43139.96866049797,89637.31963376272,43134.27081894401,89639.41666456262,43137.15664970004,7.0445545316328495,3.4766428092348245,3.567911722398026
89641.13705085375,43140.176300230414,89637.35448236718,43134.28565095706,89639.25962211056,43137.252494971064,7.000663259711107,3.4747369236603216,3.525926336050785
89641.05756015831,43140.23199910782,89637.16516052792,43134.48972839876,89639.10087707969,43137.34557837004,6.937515685703806,3.487292477368853,3.4502232083349527
89641.17428937521,43140.156049382706,89636.82364494175,43134.86413661693,89638.95060305677,43137.45155888469,6.851952046329771,3.501915657852332,3.350036388477439
89641.34667996492,43140.01943956061,89636.46117692419,43135.3037410019,89638.81628535854,43137.577146386866,6.791168515311343,3.517305197466357,3.2738633178449854
89641.46554218621,43139.91157486784,89636.16034913233,43135.70654023958,89638.6973013342,43137.71743690922,6.770107726796146,3.5326041364230383,3.237503590373109
89641.50172692376,43139.86969842494,89635.92531529031,43136.03407408509,89638.590385247,43137.86718207757,6.768427936063751,3.533675797523508,3.234752138540243
89641.45516957222,43139.895422361085,89635.74400334866,43136.28600184512,89638.49151935229,43138.022387791956,6.75621691122202,3.505964430329689,3.2502524808923305
89641.3323542786,43139.98402296705,89635.60973620042,43136.467585215614,89638.39659428743,43138.180047225476,6.716675108010835,3.445725433346475,3.2709496746643603
89641.14653976195,43140.1272896486,89635.51751662971,43136.58623740997,89638.30157146872,43138.337648040746,6.65022517158178,3.3610713940952395,3.2891537774865416
89640.95142086185,43140.31872255688,89635.45303888133,43136.66633737111,89638.20243229115,43138.492677757524,6.601020385056353,3.3002598458238794,3.3007605392324737
89640.8038040624,43140.52817027236,89635.39301524249,43136.76080594461,89638.0974243547,43138.64379829358,6.593194187494533,3.297799859719772,3.295394327774761
89640.68749805712,43140.69270525724,89635.30360299812,43136.901554982214,89637.98992885338,43138.79317188495,6.584766434881133,3.299258597128888,3.2855078377522453
89640.5994923008,43140.81738943671,89635.18685590714,43137.08257973936,89637.88391093831,43138.94359488027,6.576146869517348,3.299326670734834,3.2768201987825143
89640.52161093245,43140.92737187906,89635.06082469197,43137.278594570365,89637.78052058967,43139.09583604567,6.567658245270014,3.296694352647146,3.270963892622868
89640.4504274604,43141.04263474428,89634.93571960523,43137.474247500526,89637.67954720803,43139.249691541,6.56853881987819,3.3003789824837964,3.2681598373943945
89640.38036425336,43141.16469324101,89634.8136254165,43137.66563408055,89637.58074163199,43139.40494863521,6.575122426113711,3.3067579655647723,3.2683644605489386
89640.3074047547,43141.291425336305,89634.69453808776,43137.852370980814,89637.48385231177,43139.561409206384,6.582669950959986,3.3114119190787816,3.2712580318812043
89640.23173951768,43141.4228011452,89634.57828544319,43138.03461691655,89637.38862592161,43139.71888779495,6.591013731124609,3.314611238843214,3.2764024922813952
89640.15372406064,43141.55829804133,89634.46450785961,43138.212950058434,89637.29480756215,43139.87720957647,6.599895852627157,3.3165471499810484,3.2833487026461095
89640.07398877306,43141.69682940992,89634.35259065982,43138.38848318307,89637.20217135269,43140.03622612121,6.60905592285022,3.317371849301764,3.2916840735484554
89639.9923150736,43141.838159425606,89634.24257004225,43138.56135884402,89637.1106329873,43140.19587721101,6.617932925437435,3.316804808470844,3.3011281169665905
89639.90691855391,43141.985754899244,89634.13649737138,43138.72826320754,89637.02013169919,43140.356118568445,6.626388528383234,3.3150046706819225,3.3113838577013124
89639.81461894505,43142.14544054566,89634.0367667634,43138.88283001232,89636.93016085018,43140.51665869061,6.6353754414605755,3.3125563861033265,3.3228190553572494
89639.71321447635,43142.321191171744,89633.94467283694,43139.020340287294,89636.83977426894,43140.676964855506,6.64618385950754,3.3106126861135756,3.335571173393964
89639.60206905885,43142.51394732209,89633.8632232551,43139.140959879966,89636.74800130312,43140.83648041923,6.6566966569299115,3.310536384445387,3.3461602724845236
89639.48206839485,43142.721548479625,89633.7914002374,43139.24675151384,89636.65388372289,43140.99462227966,6.667705170474839,3.3137584521336,3.35394671834124
89639.35767294682,43142.93562327951,89633.72421999065,43139.34610285155,89636.55650871788,43141.15077736993,6.67988349554593,3.3214896414569095,3.3583938540890204
89639.23708541415,43143.1425241782,89633.65281332261,43139.45275257077,89636.45581993161,43141.304818376884,6.693186349650077,3.3335654108512767,3.3596209387987996
89639.12689930605,43143.33227425485,89633.57016168174,43139.57658261772,89636.35291640832,43141.45739098441,6.706908479943039,3.3481615087392926,3.3587469712037463
89639.02054014082,43143.497499454395,89633.47475678122,43139.719212126605,89636.24897988037,43141.609262811115,6.710526910418647,3.3536524418125855,3.356874468606061
89638.91914175393,43143.64667360882,89633.37027373516,43139.87514023791,89636.14515582804,43141.76121152295,6.70927743968131,3.3540969082867433,3.355180531394568
89638.8202450265,43143.79219020145,89633.26332690996,43140.03474969361,89636.04197556952,43141.91359815736,6.708032680778401,3.3537874595882107,3.3542452211901908
89638.71898383954,43143.941186833865,89633.158900238,43140.19098151233,89635.93916656284,43142.0662356104,6.706606435414271,3.3530323961573965,3.3535740392568747
89638.61374775818,43144.096069820036,89633.05843699501,43140.34131773212,89635.83638471043,43142.21889136122,6.7051951972096475,3.352244754499788,3.3529504427098598
89638.50433318214,43144.257125207936,89632.96212823049,43140.48546602978,89635.73328575576,43142.371333053845,6.703839012427188,3.3518529342758825,3.351986078151306
89638.39119360977,43144.4235941854,89632.86952645265,43140.62420496202,89635.62952746998,43142.52332658542,6.702550556053454,3.352285957958672,3.3502645980947827
89638.27690824079,43144.591560711546,89632.77806820521,43140.761492188154,89635.52477191006,43142.674634271265,6.701244805859331,3.3539327953768723,3.3473120104824594
89638.16768039552,43144.75203658827,89632.68159626382,43140.90633497657,89635.41890188145,43142.82516448824,6.699741891433704,3.3568764896753263,3.3428654017583783
89638.07020450216,43144.89560316334,89632.5735230676,43141.0680827899,89635.31282451857,43142.97554888113,6.6980169293934555,3.3600231821296873,3.3379937472637673
89637.9877478695,43145.01764947535,89632.45070132043,43141.251230625705,89635.20777085821,43143.126649308644,6.696630963066038,3.3621677024451206,3.3344632606209172
89637.92082549364,43145.117056863775,89632.31263300871,43141.4568727622,89635.10499669789,43143.27930741527,6.696934340265513,3.362477497024488,3.334456843241025
89637.86778046527,43145.195029842784,89632.16077249173,43141.68402446197,89635.00580619073,43143.43431507979,6.700545880689787,3.360218395262055,3.3403274854277316
89637.82167774349,43145.26006639648,89632.01016231066,43141.92967960173,89634.91156868802,43143.592379193346,6.6981602061977,3.354095411941554,3.344064794256147
89637.7714471996,43145.33344483724,89631.88205623855,43142.17795743844,89634.82310420217,43143.75374676922,6.681472384029328,3.3448743023421597,3.3365980816871676
89637.7098955578,43145.437492873854,89631.76944826852,43142.398062425294,89634.73891021695,43143.9173879146,6.672859380330186,3.3372853036409427,3.335574076689243
89637.62853137638,43145.57770490389,89631.67539898762,43142.58160154125,89634.65685171372,43144.08211254827,6.664564567392368,3.326811774078389,3.337752793313979
89637.52919512056,43145.7509581436,89631.59818275068,43142.73140981625,89634.57476239902,43144.246821776214,6.655418231427848,3.3152830789318473,3.340135152496
89637.41753211955,43145.945923197956,89631.53248609824,43142.85867676447,89634.49070046691,43144.41053173426,6.645667049205567,3.3051140230875564,3.3405530261180116
89637.30008436536,43146.15011697074,89631.47205406344,43142.97606992647,89634.40406004355,43144.572891631455,6.636306640191711,3.2976673530752603,3.33863928711645
89637.18042505243,43146.35746211915,89631.4135005806,43143.08997882181,89634.31475249327,43144.733799673486,6.6282682848319565,3.2936875384626636,3.334580746369293
89637.05947441707,43146.566749001344,89631.35585270492,43143.201815121334,89634.222693945,43144.89314958037,6.622248913103144,3.293673208795634,3.3285757043075104
89636.93732953015,43146.777822017095,89631.2878037061,43143.30510520526,89634.127804782,43145.050830093656,6.6315178408908375,3.297872235393999,3.333645605496839
89636.81449168641,43146.98943666204,89631.21954751566,43143.40738145597,89634.03001036884,43145.206725171956,6.643391489308948,3.306271141442321,3.3371203478666267
89636.6937686935,43147.196491334034,89631.14854459939,43143.514202171704,89633.92924808899,43145.36071847463,6.656489453378364,3.318532520219213,3.3379569331591505
89636.58087392343,43147.389793618546,89631.06868448494,43143.634661197495,89633.8259009317,43145.512990714255,6.669728196559658,3.3335072981545846,3.336220898405074
89636.4845103343,43147.56421153187,89630.97473806719,43143.77604478781,89633.72121064052,43145.664343896155,6.686389132329616,3.3534046449599018,3.3329844873697145
89636.40568580528,43147.71584561959,89630.86470117986,43143.940987153364,89633.61650398723,43145.81568572353,6.704635247168615,3.374931077561943,3.3297041696066723
89636.34142687317,43147.84133592421,89630.7383069093,43144.129958082965,89633.51311039075,43145.96792626971,6.720827367672295,3.392506373324915,3.32832099434738
89636.29136666117,43147.94120669392,89630.59634301228,43144.34244950156,89633.41239112827,43146.121946406915,6.736829278898501,3.4056337569403574,3.3311955219581435
89636.25183715657,43148.02106054755,89630.4429611712,43144.57361929954,89633.31576159324,43146.27856054637,6.7548964552354125,3.414239822099733,3.3406566331356795
89636.21354420178,43148.09641572768,89630.28792567983,43144.80942166118,89633.22443074912,43146.43832107662,6.776276860244299,3.4182218435564455,3.3580550166878536
89636.16660492553,43148.18606448577,89630.14176790018,43145.03246934052,89633.13786982791,43146.60071985258,6.80030709358189,3.4185732361591596,3.3817338574227307
89636.10660197874,43148.300208646455,89630.01012788738,43145.23325419396,89633.05468142428,43146.764874848915,6.824464224398134,3.416357045116159,3.4081071792819753
89636.03290015883,43148.441229402946,89629.8966431312,43145.41021562375,89632.97342461321,43146.92999625716,6.844026320347457,3.4123623182780283,3.43166400206943
89635.9456091241,43148.609229690665,89629.79905846936,43145.561326066185,89632.89264277181,43147.09535092444,6.86074840084279,3.407704361437818,3.453044039404972
89635.84475192189,43148.80409788659,89629.71761035455,43145.68611183987,89632.8108760371,43147.2602197678,6.874883226129694,3.4041211157689517,3.470762110360743
89635.73032408215,43149.025224630604,89629.6521307794,43145.784685882696,89632.72667169783,43147.423854558096,6.888124803996563,3.4038939369713463,3.484230867025216
89635.60384339151,43149.267979981974,89629.60032673796,43145.861458700005,89632.6386001342,43147.58543667168,6.9027300696995955,3.4093817366903187,3.4933483330092767
89635.47255922819,43149.51691905424,89629.5534997771,43145.93211061828,89632.5453688788,43147.74409376548,6.92004479004433,3.422217705876231,3.497827084168099
89635.3494748597,43149.74890101673,89629.4969918498,43146.02007074743,89632.44729023565,43147.899807063004,6.93945865297311,3.4412078047909347,3.4982508481821757
89635.24455363424,43149.948394177714,89629.41987833375,43146.14049960324,89632.3463629165,43148.0536939168,6.958945494991278,3.4625717629791244,3.4963737320121546
89635.15982215357,43150.11273835123,89629.3201332778,43146.29527489479,89632.24461768325,43148.20704244081,6.9767518210720825,3.482831047981217,3.493920773090867
89635.09012247121,43150.2487400683,89629.2062250255,43146.4788616983,89632.14399784562,43148.361130027115,6.988025926322017,3.498969962946761,3.4890559633752556
89635.02777979721,43150.36836889262,89629.08572336803,43146.67876288584,89632.04560126348,43148.51664606957,6.9944005515785195,3.5103233541362013,3.484077197442318
89634.96875047135,43150.480700624845,89628.96162607886,43146.88526103342,89631.94968465608,43148.67370337624,7.000944960458528,3.518540043401406,3.4824049170571225
89634.9115113579,43150.58907723242,89628.83568686497,43147.09537987946,89631.8564643914,43148.832375455866,7.008717403625717,3.524124495283962,3.4845929083417544
89634.85418447857,43150.69713138353,89628.70998943712,43147.30590415204,89631.76616180009,43148.99272547819,7.017979103648545,3.5271807031433444,3.490798400505201
89634.7918765243,43150.81388627775,89628.58963243982,43147.50825757721,89631.6788927618,43149.15474701259,7.0281740127408945,3.5275296856081995,3.500644327132695
89634.71856263593,43150.951131503534,89628.48091088902,43147.6909247402,89631.5938124298,43149.31793091307,7.038271020964446,3.525820600347506,3.5124504206169402
89634.63087139098,43151.11593503627,89628.38750724551,43147.84676465319,89631.50939688658,43149.48146039457,7.047493306512605,3.52351148509129,3.5239818214213146
89634.52802246637,43151.30977763437,89628.31015024408,43147.973897927135,89631.42409446364,43149.644527795084,7.056240345109901,3.5224353050895623,3.5338050400203396
89634.41120180562,43151.52930918908,89628.24634063446,43148.07477835731,89631.33636368622,43149.80629847811,7.066844852927295,3.5247190028463637,3.5421258500809305
89634.28667649854,43151.76120145179,89628.19061399208,43148.163399284946,89631.24473554674,43149.965889584826,7.078639220721448,3.5322503100984646,3.5463889106229836
89634.16785144799,43151.9830053332,89628.12942322936,43148.26267441021,89631.14891213019,43150.12300137686,7.092522553134166,3.5459426183331866,3.5465799348009797
89634.06942779533,43152.17861562127,89628.05088845002,43148.39056315053,89631.05057817418,43150.27855842601,7.111411172183598,3.567025830186148,3.544385341997449
89633.99077177032,43152.33782979804,89627.950329508,43148.553322102984,89630.95162669635,43150.433724311355,7.128088677490621,3.5863732260320123,3.541715451458608
89633.93220769934,43152.45985204435,89627.82770253714,43148.75112090675,89630.8539352558,43150.58968411407,7.142873406547746,3.601879539527104,3.540993867020642
89633.89010009929,43152.550174410186,89627.68720759006,43148.97865802118,89630.75941833503,43150.747582078446,7.157749661945686,3.612611198138258,3.5451384638074277
89633.85438188177,43152.62578997194,89627.53948108232,43149.22010782348,89630.66981943048,43150.90831733823,7.174846851065344,3.6182321407370295,3.5566147103283146
89633.81330704942,43152.70918918817,89627.39688523351,43149.454486119954,89630.58512050578,43151.071692485035,7.194768562252295,3.619788746415345,3.574979815836951
89633.76099688353,43152.81392412552,89627.26621923264,43149.6691561768,89630.5041264273,43151.236939553244,7.216106035869765,3.618591874167534,3.5975141617022306
89633.69639980631,43152.94367162032,89627.15080216239,43149.861205910645,89630.42557143689,43151.403362466044,7.235090722127202,3.6153691461760116,3.6197215759511905
89633.6196087655,43153.09876542728,89627.04984990551,43150.02932546522,89630.34817006523,43151.570326185334,7.251427495424632,3.610877948589136,3.6405495468354956
89633.53070779925,43153.27910475649,89626.96309390008,43150.17288957211,89630.2706296144,43151.73722514366,7.265147006294214,3.6063223105453055,3.658824695748909
89633.42967783131,43153.484564284365,89626.89063340091,43150.291558009405,89630.19165821493,43151.90345019649,7.2770306640520515,3.6034545919735734,3.6735760720784776
89633.31669786529,43153.71400482491,89626.83199740102,43150.38613534527,89630.10997359896,43152.06835581796,7.288868193052388,3.604388814787793,3.684479378264596
89633.19419924641,43153.96085029294,89626.78394922045,43150.463158429775,89630.02431787844,43152.23122950341,7.3025419047443805,3.611123985317957,3.691417919426424
89633.07020133613,43154.20812026717,89626.73716292862,43150.53991578949,89629.93375884202,43152.39142743487,7.318780835513773,3.6246380503871634,3.6941427851266098
89632.95570868734,43154.435592684196,89626.67931105144,43150.63677875268,89629.83911336357,43152.54925187992,7.336531759980364,3.6430182784395377,3.693513481540826
89632.85749492393,43154.63197825701,89626.60288728938,43150.764570984,89629.74210848588,43152.70564113549,7.353705647142367,3.662842485870082,3.690863161272285
89632.77754878177,43154.794114630466,89626.50583922092,43150.925724422144,89629.64443913454,43152.86161729961,7.368781759347421,3.6811631576138235,3.687618601733596
89632.71567798388,43154.92161570329,89626.3884460431,43151.11995781819,89629.54778322972,43153.018221620114,7.381556850601466,3.695767253311434,3.6857895972900314
89632.66787234048,43155.017952643124,89626.25407189484,43151.34314570156,89629.45384217818,43153.17646460069,7.3920796761740695,3.704257015348102,3.687822660825968
89632.62604651248,43155.10108983765,89626.11344052979,43151.57927669338,89629.3643029322,43153.3372333293,7.403976046332124,3.7081769716250848,3.695799074707039
89632.57474656308,43155.19998774192,89625.98101818287,43151.799475002495,89629.27938763583,43153.50049769067,7.418982937307642,3.7078023735452197,3.7111805637624222
89632.50329663316,43155.33752383611,89625.86676725362,43151.9804825992,89629.19702336103,43153.66506909604,7.437287686902885,3.7052055036093923,3.732082183293494
89632.40852382705,43155.521552853475,89625.77886115959,43152.1161693308,89629.11482138745,43153.829721793954,7.453167566879617,3.7028268512273077,3.7503407156523094
89632.29114500037,43155.74965143773,89625.71669940797,43152.20829896257,89629.03038732838,43153.99323598533,7.467708381905323,3.7037907877171166,3.763917594188206
89632.15744853081,43156.00673837917,89625.672945474,43152.271707812324,89628.94139258479,43154.1543034911,7.483463145050603,3.711504519728834,3.7719586253217696
89632.0217514401,43156.26455469139,89625.63138605349,43152.33490130334,89628.84671397707,43154.31209904017,7.502072339073987,3.727395250976397,3.7746770880975893
89631.89839406221,43156.49880328418,89625.57598887119,43152.42211068167,89628.74771451276,43154.46722816413,7.52283605734661,3.748904624341532,3.773931433005079
89631.78544416509,43156.69493602142,89625.49979919013,43152.54179473257,89628.64616701053,43154.620706206966,7.533791662879296,3.7626474320710095,3.771144230808287
89631.6839633113,43156.855939252004,89625.40381182863,43152.69145588821,89628.5437791799,43154.77362646715,7.53546596890569,3.7678626133582234,3.7676033555474673
89631.5952934012,43156.99713209491,89625.29489992134,43152.8608361506,89628.44209341114,43154.92701363545,7.536845596721101,3.772014784516438,3.7648308122046634
89631.51073260323,43157.13158081812,89625.1818461449,43153.036855778664,89628.3416332905,43155.08120643543,7.538018923334882,3.7745547764935785,3.7634641468413044
89631.42523623032,43157.267200243696,89625.06991236951,43153.21178599913,89628.24224910412,43155.2360951238,7.539007751752833,3.7758208511506677,3.7631869006021654
89631.33749831548,43157.406246915685,89624.9602929768,43153.38334234668,89628.14376307791,43155.39155663296,7.540065015021098,3.7761011098907034,3.7639639051303955
89631.24738587688,43157.54903867641,89624.8530487615,43153.55118336147,89628.04599486938,43155.54747071286,7.541248818047533,3.775604400528077,3.7656444175194568
89631.15489782272,43157.69560647818,89624.74818412284,43153.71528577529,89627.94876218692,43155.7037194305,7.542476396985037,3.7745097629044873,3.7679666340805484
89631.06003400183,43157.84595457238,89624.6457042785,43153.875641837556,89627.85188135254,43155.86018662243,7.543673687125653,3.772998634275435,3.7706750528502186
89630.96279059767,43158.000088616194,89624.54562037147,43154.03223589988,89627.75516782103,43156.01675731379,7.544794826431117,3.771265961585565,3.7735288648455514
89630.86314176772,43158.1580499305,89624.44796700873,43154.185013774004,89627.65843667006,43156.17331711617,7.545825998502472,3.769522613266969,3.7763033852355026
89630.76101486095,43158.319956107065,89624.35282555019,43154.33384504457,89627.56150121166,43156.32975045841,7.546787117413333,3.7679984257131447,3.7787886917001887
89630.6563176045,43158.4859557127,89624.26029477976,43154.4785713666,89627.46416301212,43156.4859334278,7.547734190533771,3.7669554771533678,3.7807787133804034
89630.54899291988,43158.65613635155,89624.17043291077,43154.61910204296,89627.3662172041,43156.6417359319,7.548759532400291,3.766682144682867,3.782077387717426
89630.4390162294,43158.83051612811,89624.08325627349,43154.75542588343,89627.26746016255,43156.797025307584,7.549979899009354,3.7674780014099203,3.782501897599433
89630.32642737008,43159.00895573143,89623.9987025908,43154.88770177739,89627.16769030406,43156.95166568371,7.551493058743905,3.769630633959963,3.781862424783942
89630.21185695988,43159.19029683239,89623.91609976022,43155.017122467805,89627.06670871915,43157.10551724388,7.553289560713961,3.7733702884809297,3.7799192722330304
89630.09888741381,43159.3708327641,89623.83098053471,43155.14687163068,89626.96433127795,43157.25844325676,7.5583505599233085,3.7799036147273237,3.778446945195985
89629.99613997269,43159.54554341369,89623.73833999797,43155.284412622896,89626.86072247688,43157.410538478456,7.570820392071254,3.793296098397144,3.7775242936741114
89629.90346665935,43159.70523806556,89623.63553710125,43155.43689734711,89626.75665274056,43157.562319159835,7.583251216527169,3.8071703039455342,3.776080912581635
89629.82178263336,43159.84694105742,89623.52099331787,43155.60657044965,89626.65298646556,43157.71437527284,7.594796383584508,3.8195768737936673,3.7752195097908414
89629.75078645632,43159.97100676069,89623.39515152982,43155.792985743006,89626.55059405052,43157.86729077528,7.60595688175848,3.8297533698456774,3.7762035119128026
89629.6876129621,43160.08173830037,89623.26107295336,43155.99204127501,89626.45035979408,43158.021627378934,7.617542493810656,3.8371991558986234,3.7803433379120324
89629.62637080708,43160.188479404256,89623.12482689427,43156.19487452971,89626.35288965073,43158.17772394025,7.630191031729966,3.8417489446354716,3.7884420870944955
89629.56163085943,43160.300490461574,89622.99203282566,43156.39273070716,89626.25794890453,43158.335373078065,7.644004636912924,3.8439762098101413,3.800028427102783
89629.49115206969,43160.422086631435,89622.86515669836,43156.58158522045,89626.16505496111,43158.49423798933,7.658564702606429,3.844425828099912,3.8141388745065172
89629.41457009087,43160.55422417076,89622.74668313484,43156.761648405016,89626.07371244262,43158.65400078655,7.671017308210901,3.84346441255317,3.8275528956577314
89629.33189492731,43160.69699337369,89622.63757204603,43156.933206761714,89625.98341833807,43158.81435900426,7.6798497267451395,3.841434429837807,3.8384152969073324
89629.24315169724,43160.850371249784,89622.5349204111,43157.09448721128,89625.89366516269,43158.97502089089,7.688109794221633,3.8387496780568906,3.8493601161647417
89629.14836005286,43161.01432700895,89622.43877073786,43157.24541204917,89625.8039434281,43159.13570035796,7.695670121543522,3.835931187585168,3.8597389339583534
89629.04753942197,43161.18881894612,89622.34913982096,43157.38590924662,89625.71374374986,43159.29611177043,7.702649581567981,3.8336101175265878,3.8690394640413937
89628.94082461821,43161.37354879451,89622.26587816468,43157.51617641008,89625.62255892785,43159.45596473381,7.70937895908661,3.8325041428852,3.876874816201411
89628.82911573509,43161.56678093536,89622.18798945748,43157.63789259594,89625.52988633467,43159.61495903179,7.71629215150852,3.8333578821982597,3.882934269310261
89628.71506026147,43161.76377852487,89622.11263262287,43157.75581989589,89625.43528974021,43159.77281556915,7.723745586902558,3.836788026730822,3.8869575601717363
89628.60219900432,43161.958528473835,89622.0360290403,43157.876041435295,89625.33879925212,43159.929522182116,7.731859070798324,3.8427506388234414,3.8891084319748828
89628.49272876896,43162.14745717588,89621.95579849953,43158.00215619233,89625.24074697963,43160.08525691507,7.740491192944945,3.8507286943301002,3.8897624986148447
89628.38728516898,43162.329560813094,89621.87121422769,43158.135139673635,89625.14147304435,43160.24021620328,7.749352928153298,3.860140854195877,3.8892120739574216
89628.28595750048,43162.50470512353,89621.78217191639,43158.2750796409,89625.04131252342,43160.39460424438,7.758157526207451,3.870433965144007,3.887723561063445
89628.18740319886,43162.67225832285,89621.68880304851,43158.42174239605,89624.94059662911,43160.548630768106,7.765223792239853,3.8796326674586905,3.885591124781163
89628.08592200039,43162.82987388068,89621.59177434581,43158.574087780056,89624.83965378038,43160.702508737406,7.764384672821593,3.8812291703175945,3.8831555025039988
89627.98587201908,43162.983419876364,89621.49289701958,43158.73023590322,89624.73874562528,43160.85640945975,7.761977779868714,3.8817526106331712,3.8802251692355436
89627.88675368261,43163.135535768735,89621.39628453169,43158.889900999784,89624.6379400557,43161.010377393904,7.755746657081391,3.8821499914343827,3.873596665647009
89627.78794916226,43163.28716574902,89621.2999184034,43159.05040480643,89624.53725018159,43161.16442101229,7.748850801566508,3.882407715023079,3.866443086543429
89627.68932989113,43163.438509526626,89621.20340332409,43159.21120245895,89624.43668868668,43161.31854846707,7.741922969652607,3.8825134128078695,3.859409556844738
89627.5908850066,43163.58958619858,89621.10674572611,43159.37227049295,89624.33626823765,43161.472767854335,7.734973642737494,3.8824542550556824,3.8525193876818107
89627.49263692257,43163.74036563537,89621.0099345251,43159.53364465747,89624.23600147707,43161.62708720531,7.727996876858776,3.882218585982969,3.8457782908758067
89627.39479775447,43163.89053342879,89620.9127882491,43159.69565283985,89624.13590101652,43161.78151447779,7.720976401640808,3.8817998987906446,3.8391765028501634
89627.29825874875,43164.038741789234,89620.81447282612,43159.85965229032,89624.03598046322,43161.936058215186,7.7139020989875196,3.881203684736989,3.832698414250531
89627.20474496236,43164.182362885025,89620.71334679001,43160.028261861145,89623.9363506619,43162.090789473776,7.706805968420134,3.8803471484872185,3.826458819932916
89627.11581143479,43164.3190153021,89620.60793956566,43160.20384760788,89623.83735264822,43162.24592545937,7.699813759287844,3.8789208073906782,3.8208929518971666
89627.03210941359,43164.44768867176,89620.49765108082,43160.387421800755,89623.73938162456,43162.40171162793,7.693189419550767,3.8766147611913713,3.816574658359396
89626.95374468848,43164.56817463041,89620.382371793,43160.57921714991,89623.64283886965,43162.55838635344,7.687335874010937,3.8731705583993765,3.814165315611562
89626.8806196955,43164.68041947316,89620.26211288974,43160.779329775454,89623.54813371164,43162.716177919196,7.682690725624957,3.8683149785016826,3.814375747123274
89626.81223769396,43164.7845189172,89620.13714991462,43160.98772000825,89623.45568513969,43162.875301237334,7.679407194955835,3.861575275693665,3.8178319192621704
89626.74624224841,43164.8828188387,89620.00942390118,43161.20212348177,89623.36592267532,43163.03595411075,7.676792220577033,3.8519730286890614,3.8248191918879715
89626.67443450214,43164.98773528106,89619.8905441099,43161.412277972275,89623.27928514745,43163.19831242146,7.668476678587137,3.8378628521518547,3.8306138264352816
89626.58210970767,43165.12652786075,89619.79739468567,43161.59181140703,89623.19543231331,43163.362129573645,7.650266789907338,3.8187283212205694,3.8315384686867686
89626.45758606197,43165.32141135034,89619.73367331982,43161.713352188395,89623.11133629348,43163.52582177799,7.630867106397513,3.7976027972493758,3.833264309148137
89626.30319755811,43165.56570783169,89619.69740507867,43161.7827640991,89623.02325289526,43163.6873916013,7.612490312268275,3.7797899507465935,3.8327003615216824
89626.13288785698,43165.83253785991,89619.67557017687,43161.827600487006,89622.92919500553,43163.845554743144,7.5986899064852675,3.7699654161668823,3.8287244903183852
89625.95920387887,43166.10108142537,89619.65653382358,43161.87036930187,89622.8292993832,43164.000098366436,7.591179728367428,3.769784965083201,3.821394763284227
89625.78699565161,43166.35791963532,89619.63348909692,43161.92431807901,89622.72389999508,43164.1509432916,7.584529230411774,3.7754400935283514,3.809089136883422
89625.62333139729,43166.58312793424,89619.59558957716,43162.00711664053,89622.61343198168,43164.29812016573,7.568001939144631,3.779024958281211,3.7889769808634206
89625.49186194438,43166.76376960466,89619.52162026224,43162.13276031403,89622.49981218249,43164.44288830671,7.555797675654025,3.78666915030629,3.769128525347736
89625.39545196044,43166.89823878404,89619.3977871926,43162.29308322618,89622.3861383222,43164.58761487154,7.561723967533988,3.7940755227117147,3.767648444822272
89625.31729854531,43167.00772230665,89619.2545603851,43162.4771992462,89622.27486987464,43164.73419565246,7.568548500041494,3.7980810774540013,3.7704674225874935
89625.23793813573,43167.11779354301,89619.11226876678,43162.660595787085,89622.1660117366,43164.88257721061,7.575668804102408,3.7990794340240104,3.7765893700783977
89625.14861981287,43167.24108638294,89618.98001002516,43162.83111050888,89622.05880913921,43165.032160691015,7.58285801449368,3.79819802646531,3.7846599880283702
89625.04729878002,43167.38107675556,89618.83077606949,43162.96456144595,89621.95247953,43165.182366743495,7.625664823632077,3.7963446080642687,3.829320215567808
89624.9309634698,43167.54266149189,89618.65876691064,43163.04896874442,89621.84623187993,43165.33263088605,7.715817517382472,3.794711103140937,3.9211064142415357
89624.79005158984,43167.74062950168,89618.53692267553,43163.11190684181,89621.73919268984,43165.48233130179,7.77995600949805,3.795773208099845,3.9841828013982044
89624.60379945055,43167.99105086858,89618.48643057508,43163.13516566127,89621.62913762644,43165.62981859385,7.810616017331948,3.7980196685013508,4.012596348830598
89624.36423482209,43168.30294845344,89618.51499929016,43163.112051626915,89621.51265168491,43165.772256170356,7.82097852011081,3.8128734002050235,4.008105119905787
89624.07957161438,43168.66896774405,89618.60822261665,43163.05630878309,89621.38675780452,43165.90641486057,7.839097886889933,3.858275325077543,3.9808225618123902
89623.69298394246,43168.994458394285,89618.74186095379,43162.98538912668,89621.25035760504,43166.029859235605,7.7872049865619335,3.8418299566558556,3.945375029906079
89623.26895544177,43169.319506905005,89618.9000755809,43162.906306920704,89621.1036304346,43166.14080986584,7.761277344430988,3.846809206194731,3.9144681382362565
89622.82898007293,43169.64125707391,89619.04828145923,43162.80319671476,89620.94692862143,43166.237128569985,7.8149200413291595,3.890400357992568,3.924519683336592
89622.42302028846,43169.91973860917,89619.15128584055,43162.740768412434,89620.78123904136,43166.31701672616,7.890040603074609,3.959517913773073,3.930522689301536
89622.13710230643,43170.1179066106,89619.13888917543,43162.78808576989,89620.61027753839,43166.38507798309,7.919395884604931,4.033054988194127,3.8863408964108044
89622.01717408033,43170.222989628906,89618.9465873663,43162.88629934723,89620.43824988959,43166.4504525133,7.953416569243205,4.089667843245769,3.863748725997437
89622.02645504923,43170.25065754468,89618.61888614907,43163.02221917902,89620.26894688813,43166.52249945593,7.99175554487298,4.121853393178667,3.869902151694313
89622.06192332976,43170.24976149097,89618.2632998643,43163.176909152324,89620.1052070539,43166.60641372727,8.0287423803834,4.1357338542006,3.8930085261827987
89622.03800888121,43170.2775419933,89617.96483457253,43163.30952157088,89619.94604646595,43166.69877358185,8.071310415512501,4.145409104202512,3.9259013113099894
89621.92282856883,43170.35721889715,89617.75565106998,43163.3999453903,89619.78917850241,43166.79500103961,8.109810573824943,4.152331859877783,3.957478713947159
89621.68309550559,43170.44687637641,89617.64382514317,43163.4434870111,89619.63204528924,43166.890793483835,8.084866640349658,4.10524346291397,3.9796231774356885
89621.33668359203,43170.57621419933,89617.63448209748,43163.439036577416,89619.472088292,43166.981760905735,8.04073734138234,4.0495440956301705,3.9911932457521693
89620.88990610083,43170.743218799034,89617.72774687427,43163.390890395174,89619.30703992819,43167.06305445022,8.004457669793156,4.006610687902515,3.997846981890642
89620.35031438644,43170.867876215954,89617.89757261377,43163.31883774886,89619.13541618742,43167.12922433228,7.938626170180512,3.931653452890402,4.006972717290109
89619.79803713912,43170.94043819544,89618.08158731887,43163.25168475473,89618.95777222472,43167.17695371328,7.878900913032475,3.856580828749225,4.022320084283252
89619.29791022549,43170.996830831544,89618.22538148753,43163.203595686195,89618.77645243377,43167.20809272945,7.867296838228549,3.8247498043726553,4.042547033855894
89618.85888873591,43171.043581325575,89618.31150537253,43163.17484610479,89618.59328395898,43167.225510501645,7.88817973233735,3.827505957741624,4.060673774595727
89618.47295988303,43171.071099026536,89618.34202125024,43163.16290517293,89618.40938960637,43167.23198939153,7.909586043498348,3.8397856091372162,4.069800434361134
89618.12977945033,43171.07690816652,89618.32638518747,43163.164662589144,89618.22538148011,43167.2300775617,7.9149085213447545,3.8481255710575244,4.066782950287229
89617.8135034062,43171.08356061575,89618.28034288855,43163.176895918,89618.0415431074,43167.22183731425,7.9206082163422105,3.868535071428555,4.052073144913656
89617.50891218675,43171.09058189401,89618.21861119242,43163.197240557485,89617.85804370465,43167.20795873996,7.9253379045955095,3.8983652803387328,4.026972624256778
89617.20870242774,43171.09739052224,89618.1479571381,43163.223832484,89617.6750343325,43167.18866104282,7.929529117228492,3.9365214282186343,3.9930076890098585
89616.9111641569,43171.10389451225,89618.06947080193,43163.25521591471,89617.49264604629,43167.16417495455,7.9338249210024205,3.9824679421177267,3.9513569788846947
89616.62475925281,43171.06136397253,89617.98276788507,43163.290585713825,89617.31098885265,43167.13474769365,7.88867042592233,3.98619128900957,3.9024791369127603
89616.34804702656,43170.995318773705,89617.88735342557,43163.32968905846,89617.13015157553,43167.10063859966,7.81876294982545,3.9724881548064905,3.846274795018959
89616.07715342034,43170.9306783221,89617.78278582507,43163.37255302922,89616.95020228885,43167.0621151698,7.748285747659581,3.965902835627887,3.782382912031694
89615.81183031593,43170.86737730977,89617.6803522629,43163.37291667794,89616.77118919096,43167.019449585365,7.723963647261596,3.965760973425413,3.7582026738361827
89615.55186199865,43170.80536339205,89617.58279161844,43163.33052305732,89616.59314179842,43166.97291577383,7.745905526734882,3.971425177436069,3.7744803492988126
89615.29706592488,43170.7445941401,89617.48084652626,43163.28620914378,89616.41607234687,43166.922787017924,7.771576109665371,3.982291452959222,3.7892846567061476
89615.0472901527,43170.68504496312,89617.37442146725,43163.23994790681,89616.23997730121,43166.869334096926,7.800375935199818,3.9977964488362363,3.8025794863635825
89614.8122949402,43170.59698148059,89617.26343606759,43163.1917516897,89616.06483889585,43166.81282392668,7.80040038374112,3.9860888560212815,3.8143115277198394
89614.59060494773,43170.488452797465,89617.14782325007,43163.14169851131,89615.89062664237,43166.75351865389,7.779123843257682,3.9547371226859056,3.824386720571776
89614.37449203918,43170.382046001345,89617.02784072727,43163.09003667134,89615.71729875992,43166.69167515446,7.7597788902468166,3.9270978358907294,3.8326810543560876
89614.16054392021,43170.27604628836,89616.9066990374,43163.03804140728,89615.54480349786,43166.627544885196,7.741486752205108,3.9022907407493275,3.8391960114557806
89613.93492698816,43170.164865906794,89616.79812844981,43162.99078226116,89615.37308402189,43166.56136458514,7.724406292977532,3.879920558466364,3.844485734511168
89613.67212190907,43170.03802689919,89616.73409098355,43162.94402556942,89615.20248255864,43166.492364234284,7.726800942150526,3.8619249277155494,3.8648760144349774
89613.35500130155,43169.886668882435,89616.72869273374,43162.91759221864,89615.03437443926,43166.41752739013,7.743138089189446,3.8544538753012603,3.888684213888186
89613.00484423757,43169.693952613816,89616.75839690417,43162.933841562546,89614.87063901532,43166.333596363096,7.732864237114225,3.8438773742811776,3.8889868628330464
89612.66524638401,43169.45455250416,89616.7948109686,43162.96951207619,89614.71260672776,43166.23936500828,7.688825524516924,3.811997435992506,3.8768280885244173
89612.33671609453,43169.217973414816,89616.82182221218,43163.001631014544,89614.56055924013,43166.13574389493,7.665965982055162,3.800995917332571,3.8649700647225917
89612.02145650353,43168.98965584522,89616.8427121288,43163.01436266995,89614.41454950871,43166.02376777358,7.67825563489945,3.811181413806829,3.8670742210926217
89611.71733975377,43168.76930532604,89616.85001548327,43163.01883991124,89614.27452411335,43165.9043868269,7.708335772109985,3.840376763914346,3.8679590081956383
89611.44346472359,43168.53396294131,89616.84334448836,43163.016767080684,89614.1403566413,43165.7784535352,7.720346340587151,3.8558338586507817,3.864512481936369
89611.20926477932,43168.27657620478,89616.82400745645,43163.007924728656,89614.01187551727,43165.64672010553,7.699934851853592,3.8434371365127125,3.856497715340881
89610.9835549113,43168.028548733244,89616.80618090116,43162.98076452849,89613.88888577423,43165.509842549945,7.7063274900929,3.845246404546005,3.8610810855468958
89610.77494697143,43167.7817798748,89616.7839200557,43162.94176084904,89613.771181072,43165.3683918174,7.716038691758226,3.847438633971394,3.8686000577868307
89610.59958893199,43167.52671199497,89616.75496412635,43162.890862023676,89613.6584555283,43165.222938534185,7.70601493257695,3.829459223585005,3.8765557089919453
89610.4350697039,43167.284395282484,89616.71825592146,43162.8263249698,89613.55023270113,43165.0741012008,7.704217087288713,3.8197077000429718,3.884509387245741
89610.28019642203,43167.05633396845,89616.67326666632,43162.74712679524,89613.44594988137,43164.92247422534,7.709868894298755,3.8178150305412273,3.8920538637575284
89610.1348583057,43166.8426028038,89616.61976383644,43162.65285825454,89613.34498692735,43164.76861423324,7.7206785441448895,3.8218554813166152,3.898823062828275
89609.99844209981,43166.64277258986,89616.55793192652,43162.54393176766,89613.2466826502,43164.61304015545,7.7348517264303736,3.830275443588589,3.904576282841785
89609.86787491635,43166.45298610982,89616.49026539573,43162.42453939289,89613.15034800408,43164.45623739316,7.751439172653364,3.842099171310629,3.909340001342735
89609.73426511626,43166.26029234948,89616.42496333715,43162.30827426984,89613.05536125545,43164.29861385106,7.770745408135161,3.8572021651146264,3.9135432430205346
89609.58512554437,43166.0453508459,89616.37371357551,43162.2149994142,89612.96237262526,43164.13980625903,7.794744176020107,3.8777923184621628,3.9169518575579434
89609.42342037769,43165.790258004905,89616.3428925992,43162.15693861988,89612.87328882514,43163.97878239055,7.815581136168921,3.8966437212638865,3.918937414905035
89609.31519194196,43165.466770694715,89616.32989493253,43162.131779266514,89612.79016608813,43163.814611499,7.767440667613898,3.8478932117980396,3.919547455815859
89609.20930430337,43165.121633897674,89616.32718646702,43162.126983894384,89612.71463861411,43163.6468160845,7.722573192843392,3.803143971454232,3.9194292213891604
89609.10291355386,43164.76963110103,89616.32925144972,43162.131351206175,89612.64723851031,43163.47559532011,7.693309427163128,3.7733725206046547,3.919936906558474
89608.9961967835,43164.413714339295,89616.33450386857,43162.14114871836,89612.58830816498,43163.30127946157,7.68260044655954,3.7606467413967786,3.921953705162762
89608.88821708331,43164.052194313605,89616.34260842059,43162.156974201665,89612.53824065924,43163.12421622722,7.692038408891359,3.766383930560806,3.925654478330554
89608.77882829662,43163.68264848738,89616.35212386286,43162.179858681695,89612.49747849422,43162.944784328974,7.721490365433335,3.7914094172753496,3.9300809481579857
89608.70169634998,43163.30219644824,89616.35866652895,43162.20648920056,89612.46650833305,43162.763408148596,7.7354976102269735,3.803429536925173,3.9320680733018003
89608.68766331983,43162.92583725048,89616.35437663955,43162.22152392946,89612.44574207088,43162.580582816336,7.6994121207210435,3.774108382631889,3.925303738089155
89608.67761147232,43162.5863258636,89616.33097920915,43162.200434386024,89612.43406605837,43162.396940418344,7.663326238423502,3.761341395504849,3.9019848429186528
89608.66968664472,43162.29757318976,89616.28315772187,43162.12620672724,89612.42890351164,43162.212988880434,7.615487063498652,3.7602115305010075,3.855275532997644
89608.66283387701,43162.063315376916,89616.21190185467,43161.99440335009,89612.42755053432,43162.0289635998,7.549393360745215,3.764878776778201,3.7845145839670136
89608.65667932988,43161.883822410644,89616.18885901257,43161.80614075528,89612.42731689029,43161.84493150683,7.532587315377997,3.770841652836397,3.7617456625415993
89608.65163412981,43161.75803568126,89616.17026838854,43161.56455105074,89612.42552223642,43161.66091021102,7.5211918597606715,3.7751720516115075,3.7460198081491654
89608.64918391981,43161.67419072597,89616.14867790847,43161.28193986479,89612.41947597249,43161.47698588287,7.5098805261108135,3.775514008524481,3.734366517586334
89608.6488685693,43161.58313743631,89616.12634424331,43161.00662787595,89612.40652897288,43161.29342783691,7.499728842505994,3.7688429981987785,3.730885844307215
89608.64289085142,43161.39810525523,89616.12219889402,43160.82342643607,89612.38793906834,43161.11033937592,7.501380472695389,3.7561012935863007,3.745279179109087
89608.62630685083,43161.0664188902,89616.15507118028,43160.78622025101,89612.37267547644,43160.92695953309,7.534402271884647,3.7491754801344244,3.7852267917502225
89608.66397020317,43160.62276943822,89616.15203861104,43160.865923441466,89612.37021705267,43160.743012272855,7.492903018101077,3.7086375000050755,3.784265518096002
89608.76469322987,43160.14984590766,89616.1281555716,43160.98364489551,89612.38353304274,43160.55953006138,7.411547209907545,3.6424620899916595,3.769085119915886
89608.87177755413,43159.68812463086,89616.13100240925,43161.10245128543,89612.41179778065,43160.377744064965,7.3967464248973345,3.6070677538404574,3.789678671056877
89608.9792863623,43159.23957326236,89616.1360088967,43161.21506552199,89612.45415663495,43160.19871340431,7.425396718337274,3.605312126224223,3.820084592113051
89609.08776556408,43158.79718220618,89616.13663715801,43161.32285451545,89612.50989658447,43160.02338549572,7.488737148566425,3.635687596655999,3.8530495519104258
89609.21279196847,43158.36595363714,89616.12520677605,43161.419311790894,89612.57845917446,43159.85266342318,7.557723118432384,3.6798786033454776,3.877844515086907
89609.41198852863,43158.0034748265,89616.10090149762,43161.47209791944,89612.65941826762,43159.68745962932,7.535400572344033,3.658389140535296,3.877011431808737
89609.57955264639,43157.7235784212,89616.08207145716,43161.42286246283,89612.75057728683,43159.527620344394,7.481272575113727,3.6483470347279465,3.8329255403857805
89609.68472518392,43157.54794796382,89616.08810899424,43161.23918678905,89612.8455169777,43159.36996864293,7.391123406274299,3.648341730002129,3.742781676272169
89609.74125133,43157.44336737452,89616.1350410439,43160.97856851509,89612.93722099489,43159.210429161874,7.306128943391564,3.6519940271444447,3.6541349162471204
89609.79471948191,43157.34045840183,89616.25101260655,43160.75463377766,89613.02338311354,43159.0478217641,7.303483772088173,3.652327855779374,3.651155916308799
89609.87168850873,43157.19444965206,89616.34806439282,43160.576313422695,89613.10730436615,43158.88403833212,7.306192434213646,3.650194524536571,3.6559979096770743
89609.96851695902,43157.01041107314,89616.42502951086,43160.43595800688,89613.19237325042,43158.720849515914,7.308977758913878,3.649507684605367,3.6594700743085116
89610.07285228226,43156.81234401158,89616.4942579859,43160.309571687656,89613.2794839439,43158.55874135582,7.312002527878206,3.6513657947893883,3.660636733088817
89610.18643751167,43156.61889464827,89616.56308342554,43160.183453578655,89613.36847929879,43158.39765985426,7.305339267191543,3.6454721803211774,3.659867086870365
89610.30465605183,43156.431903611774,89616.63341637065,43160.054447522314,89613.45917951266,43158.237531840896,7.292205841636755,3.6347448103379922,3.6574610312987623
89610.42114300272,43156.24792380701,89616.70537453216,43159.922494598184,89613.55141480193,43158.07828288559,7.279713370308802,3.62613611520419,3.653577255104612
89610.53599736682,43156.066569452116,89616.77881168068,43159.78786521367,89613.64504706535,43157.91985110479,7.267800710118734,3.6195139483167913,3.6482867618019434
89610.64930672877,43155.8876496659,89616.85859005168,43159.653687359394,89613.73994933828,43157.762176646116,7.2621183707596035,3.614685858075147,3.6474325126844565
89610.76110748672,43155.711103449044,89616.94282234255,43159.51896418867,89613.83599622287,43157.605196666955,7.260406290146454,3.611447631069547,3.648958659076908
89610.87141738822,43155.536905030276,89617.02852216084,43159.381901644345,89613.93306375177,43157.44884562117,7.259064187777547,3.6096002216044547,3.6494639661730917
89610.98024846715,43155.36503646014,89617.11569552305,43159.24248931655,89614.03102935218,43157.293055609,7.257989157854065,3.608952138851148,3.6490370190029173
89611.08760932118,43155.19548443097,89617.20434576973,43159.1007217208,89614.12977177114,43157.13775670711,7.257091865388989,3.6093190050078636,3.647772860381125
89611.19350574924,43155.02823984956,89617.29447376281,43158.95659746668,89614.22917096698,43156.98287727948,7.256295919278618,3.6105231312831227,3.645772787995495
89611.29794113756,43154.8632973922,89617.38607831794,43158.81011844024,89614.32910797243,43156.8283442706,7.255537656355485,3.612393330340438,3.6431443260150473
89611.40091678848,43154.70065499676,89617.47915668128,43158.661289051815,89614.42946473442,43156.67408348277,7.254766069333806,3.6147648246033297,3.640001244730477
89611.50243222133,43154.540313308076,89617.57370503613,43158.510115542274,89614.53012393485,43156.52001983992,7.253942839001303,3.61747921832697,3.6364636206743333
89611.60248539965,43154.382275045005,89617.6697191086,43158.35660539448,89614.63096879685,43156.366077640174,7.253042617728754,3.6203845894288924,3.6326580282998617
89611.70107305585,43154.22654389554,89617.7671947372,43158.20076726572,89614.73188288072,43156.21218080064,7.252053757927094,3.6233357735744853,3.6287179843526083
89611.79819630692,43154.073115264204,89617.86612323865,43158.04261911729,89614.83274987349,43156.05825309675,7.250979217191639,3.6261946917583514,3.624784525433289
89611.89390784834,43153.921904283925,89617.96644536729,43157.88225886234,89614.93345337595,43155.90421839978,7.2498361954739075,3.628830033122917,3.6210061623509895
89611.98845160691,43153.77253218872,89618.06791344208,43157.7200753681,89615.03387687767,43155.75000103667,7.248652366944399,3.631115541518508,3.6175368254258915
89612.08230398728,43153.624259440265,89618.1700519265,43157.55681195024,89615.13393292217,43155.59554502972,7.247458432835229,3.6329613847624755,3.614497048072753
89612.17588615055,43153.47642561602,89618.27244389504,43157.39312731111,89615.23360273035,43155.44083950592,7.2462803150444515,3.634357591668173,3.6119227233762787
89612.26936774224,43153.32875807428,89618.37492412675,43157.22929084063,89615.33288032027,43155.28588199698,7.245135228309647,3.6353054677951877,3.6098297605144585
89612.36277958352,43153.1812033242,89618.47746533554,43157.06535266521,89615.43175975596,43155.13067012133,7.244032555496379,3.6358028740864574,3.6082296814099224
89612.4561247694,43153.03375445619,89618.58006742371,43156.901316002666,89615.53023509294,43154.97520154938,7.242976977441228,3.6358456378789272,3.6071313395623013
89612.54940462181,43152.8864088597,89618.682731877,43156.737179409545,89615.62830037909,43154.81947400446,7.241971167555807,3.6354287632908164,3.6065424042649896
89612.64262068021,43152.739164073566,89618.78545997692,43156.572941028324,89615.72594965572,43154.66348526409,7.241017157498436,3.6345470021996324,3.6064701552988048
89612.73577480864,43152.59201768603,89618.88825287091,43156.40859879594,89615.82317695855,43154.50723316105,7.240116471503565,3.633194817080442,3.606921654423124
89612.82887016791,43152.44496792736,89618.9911109707,43156.24415007596,89615.91997631878,43154.3507155845,7.23926828204775,3.631365241925406,3.6079030401223435
89612.92191523768,43152.29801517567,89619.09403089379,43156.079590727495,89616.01634176416,43154.193930481095,7.23846209823483,3.6290456651900596,3.6094164330447707
89613.0149520425,43152.15113521638,89619.19697918776,43155.91494283379,89616.11226732018,43154.036875856094,7.237659508631973,3.626207610912382,3.6114518977195904
89613.10831272707,43152.00387961063,89619.29963835742,43155.7506548855,89616.20774701124,43153.87954977446,7.236770280527739,3.6227935308954344,3.6139767496323048
89613.20376868045,43151.85344073892,89619.40025564148,43155.58954011445,89616.3027748618,43153.72195036192,7.235667913652828,3.6187246043593118,3.6169433092935166
89613.30387812326,43151.69105145295,89619.49719401232,43155.440963757326,89616.39744834148,43153.56413775433,7.240097546380308,3.616439009145116,3.623658537235191
89613.41541032674,43151.50903848641,89619.58361578886,43155.312713518506,89616.49268897441,43153.40666724314,7.246707893397232,3.615336351133423,3.63137154226381
89613.53948660528,43151.306961129296,89619.65704630557,43155.20451629538,89616.58983244245,43153.25036506777,7.253663851889349,3.61683147938255,3.6368323725067984
89613.66884780055,43151.097545156685,89619.72512168648,43155.103662431815,89616.69011741831,43153.096061820106,7.261376724799914,3.622454898520477,3.6389218262794363
89613.79098663524,43150.90052535309,89619.8008824675,43154.990415517255,89616.79335799589,43152.94371778461,7.2695333020765815,3.6316504925327378,3.6378828095438442
89613.89343860869,43150.72626954708,89619.89347325225,43154.852143955344,89616.8981033081,43152.79240276074,7.281707072622719,3.646493801898669,3.6352132707240505
89613.96655883692,43150.57414570894,89620.00572394436,43154.68528531524,89617.00287544518,43152.641106233285,7.305683093078932,3.6730845014043556,3.6325985916745767
89614.02258205574,43150.45353121083,89620.13761579292,43154.48965359512,89617.10619584947,43152.488816032,7.326937520305857,3.694737023999473,3.6322004963063845
89614.06365386503,43150.36132048872,89620.286387046,43154.26820511543,89617.20654942366,43152.33455744116,7.347536388197979,3.71099596389086,3.636540424307118
89614.09759617528,43150.28449650617,89620.44327111852,43154.03266980859,89617.3024019702,43152.17746586245,7.369970788926948,3.7221139847496842,3.6478568041772643
89614.13597188893,43150.20186345414,89620.59567716363,43153.80241814678,89617.39343852982,43152.01753254516,7.395390030210458,3.7293089220731446,3.666081108137315
89614.18582771863,43150.0979855002,89620.7325404498,43153.590073907006,89617.48080922478,43151.85556496012,7.4198482052312835,3.734433468677205,3.6854147365540775
89614.24863640883,43149.967848664375,89620.8497276242,43153.39954162967,89617.56580161909,43151.69233525432,7.439820286866446,3.7386414718740433,3.701178814992403
89614.33074830585,43149.81403479273,89620.95189187955,43153.234387337165,89617.64971712169,43151.528548614544,7.452406081760322,3.735654201348648,3.7167518804116746
89614.43197356269,43149.6368617639,89621.03906366868,43153.094633181354,89617.7338651039,43151.364881469526,7.457201739750179,3.726734303501046,3.730467436249133
89614.54629597679,43149.43630881718,89621.1123466996,43152.97826435648,89617.81955205696,43151.20201587068,7.46046706214171,3.7191330993800706,3.7413339627616384
89614.66951766431,43149.22063089421,89621.17605904076,43152.87726052499,89617.90804426385,43151.04065916664,7.463656356296186,3.7149149954000436,3.748741360896142
89614.79458690475,43149.00268577469,89621.23760048082,43152.77868218695,89617.99982416177,43150.88114914289,7.467979435938445,3.7151320489643465,3.752847386974099
89614.91607846471,43148.79150398948,89621.30278093439,43152.67332457104,89618.09442027552,43150.72329215439,7.473862013479845,3.7193669364201773,3.754495077059667
89615.03209768304,43148.589896986065,89621.37376100292,43152.55830705252,89618.19131074678,43150.566832230485,7.480979167451164,3.726784043862436,3.7541951235887288
89615.14853500301,43148.40219317178,89621.45096124323,43152.43327698387,89618.28998647141,43150.411491483224,7.481327163499151,3.729075984090521,3.75225117940863
89615.2637778689,43148.22741093418,89621.53436143021,43152.29838186318,89618.38994959371,43150.25697562608,7.4761647929660215,3.7272089884831443,3.748955804482877
89615.37316877316,43148.061424534804,89621.6234480826,43152.15448355079,89618.49071092124,43150.102978832954,7.471219993393945,3.7265284315172917,3.744691561876653
89615.47823089382,43147.90193231337,89621.7167266196,43152.00392928172,89618.59181120084,43149.949204256576,7.466271416588787,3.726352766620471,3.7399186499683155
89615.58091999553,43147.74600132822,89621.81227204084,43151.84971082664,89618.69302988988,43149.79550758811,7.46124520628608,3.726352629695505,3.7348925765905747
89615.6823911241,43147.59190582397,89621.90896644168,43151.69360030208,89618.79429766742,43149.641843256395,7.456147652109583,3.726419973580882,3.7297276785287004
89615.7830604923,43147.43902480234,89622.00816111616,43151.53739274665,89618.89554800878,43149.48816743637,7.4530864593312645,3.726468049152867,3.726618410178398
89615.883553748,43147.28641075607,89622.11074159146,43151.38303198949,89618.99671461665,43149.334436485056,7.453869731336741,3.726416506729589,3.727453224607152
89615.9852558711,43147.13195373423,89622.21210533155,43151.230509795954,89619.09777682593,43149.18063687787,7.454650729607379,3.726243375519985,3.7284073540873934
89616.09108146184,43146.97434406747,89622.31076627682,43151.08208410573,89619.19892955691,43149.02689681384,7.453725057899586,3.724472447174693,3.729252610724894
89616.20164352823,43146.81246733715,89622.4060105625,43150.9388238091,89619.30044221983,43148.87339425372,7.451242529185529,3.7215561087566487,3.729686420428881
89616.31555890318,43146.645639239956,89622.49791149331,43150.800560058786,89619.40258311282,43148.72030914719,7.448818571351947,3.7194066126248817,3.7294119587270664
89616.43138440321,43146.47606629134,89622.5878918862,43150.66505311377,89619.50561813297,43148.56782461619,7.446491855289275,3.718383704921817,3.728108150367457
89616.54527968752,43146.30942437588,89622.67977477884,43150.52656756558,89619.60971892919,43148.416065630634,7.444215233056213,3.718699862669921,3.725515370386293
89616.65262867992,43146.15235555198,89622.7781544434,43150.37842503905,89619.71447271334,43148.264756268836,7.441890313536226,3.719828791213355,3.7220615223228704
89616.750993211,43146.00833491124,89622.88544848458,43150.217179300744,89619.81918302785,43148.11341687593,7.439486886218779,3.7209101001892053,3.718576786029573
89616.84098480441,43145.876662734816,89623.00104870652,43150.04358427838,89619.92315000783,43147.96156637143,7.437051838788126,3.721101310548348,3.71595052823978
89616.92974949122,43145.74712840006,89623.11755084459,43149.86765339464,89620.02566659184,43147.80873390056,7.434220496519215,3.7195329791318734,3.714687517387341
89617.0353135207,43145.59261097206,89623.21728141305,43149.7166957893,89620.1263276727,43147.65467237276,7.431353468472024,3.7157123999852724,3.7156410684867534
89617.17094703129,43145.39754550845,89623.28873329893,43149.607554564114,89620.22794186693,43147.501244036874,7.426451374979222,3.710921510121932,3.71552986485729
89617.31162820979,43145.20039659059,89623.35600243483,43149.50104811347,89620.33456019992,43147.35125476421,7.418228939625993,3.7100300600403826,3.7081988795856105
89617.41117937274,43145.06094984942,89623.45760296738,43149.33207296025,89620.44368004623,43147.20306376403,7.402877054696997,3.7128059875240895,3.6900710671729082
89617.46069765076,43144.993111370895,89623.60726554047,43149.09126152066,89620.54983401508,43147.052752101605,7.38767423367217,3.7128883690059893,3.674785864666181
89617.49898609811,43144.94694052926,89623.76769995177,43148.82913411372,89620.64854755304,43146.89746173295,7.373579115357366,3.7046782357391286,3.668900879618237
89617.57086565763,43144.853297724214,89623.89663664442,43148.61475138808,89620.74158392719,43146.7386829103,7.35961392493025,3.6889202851251444,3.6706936398051058
89617.69471680507,43144.67860289682,89623.97680528236,43148.482655138745,89620.83363482925,43146.57932784098,7.344166942466048,3.6695906661291313,3.674576276336918
89617.86690204,43144.43564024129,89624.01276673409,43148.422300593185,89620.92945876214,43146.42223001421,7.325878698627861,3.6505660972237237,3.675312601404138
89618.054892742,43144.17622534704,89624.03356496201,43148.37979432569,89621.03304358326,43146.270153497506,7.30866854089785,3.640665366884118,3.6680031740137324
89618.21216328575,43143.96386448596,89624.08385689594,43148.2886860792,89621.14293508462,43146.12254068903,7.292527028629212,3.6399624903367247,3.6525645382924874
89618.31509631086,43143.824780132614,89624.18566147445,43148.12155493054,89621.25420124964,43145.97595520368,7.2750593605558596,3.64226063415248,3.6327987264033785
89618.37754852092,43143.7403682967,89624.32437571326,43147.89785633028,89621.36225973471,43145.827001300684,7.256117127360322,3.6418382361977093,3.6142788911626136
89618.42510016268,43143.6717657131,89624.47245692914,43147.65555606266,89621.46545538722,43145.67463594411,7.241744329585553,3.6408367177271233,3.60090761185843
89618.47062868428,43143.59237458537,89624.61455797285,43147.41941055921,89621.56433204227,43145.51942997458,7.238463197382335,3.6448411546135793,3.5936220427687564
89618.52503423706,43143.49956373473,89624.7476810621,43147.19677581511,89621.65955868101,43145.361955625274,7.238199359070014,3.646087618191872,3.592111740878142
89618.58820734458,43143.39199572785,89624.87204202295,43146.9886116184,89621.7518385088,43145.202734526756,7.240350710703004,3.645195778090014,3.595154932612991
89618.65993208677,43143.26957530014,89624.98789497999,43146.79487223218,89621.84189626758,43145.042244639044,7.2436888099534835,3.642430761902343,3.601258048051141
89618.73998763834,43143.1325581232,89625.0954474706,43146.61532212422,89621.93046955203,43144.88092975255,7.247176106897742,3.6381300106558485,3.609046096241894
89618.82765374942,43142.9821686106,89625.19537097907,43146.44885784986,89622.01830326648,43144.71921051991,7.250224670280737,3.6328444955593926,3.6173801747213448
89618.92113898485,43142.82162869463,89625.28940163027,43146.29241062064,89622.10610442454,43144.55747358516,7.2526619306755125,3.6272805973278412,3.625381333347671
89619.0181773277,43142.65503331246,89625.3797753094,43146.14199838159,89622.19425343948,43144.395926029305,7.2545765374310225,3.6219019193123327,3.63267461811869
89619.11739152759,43142.48480933583,89625.4678657828,43145.995250878404,89622.28290816162,43144.23465551405,7.256153869637554,3.616969533524768,3.639184336112786
89619.21837677983,43142.31160693756,89625.5540813346,43145.851546338294,89622.3722189204,43144.07374747374,7.257574854993337,3.612738125185984,3.6448367298073534
89619.32106818765,43142.13549443306,89625.63848937453,43145.710830868215,89622.46233535362,43143.913289377655,7.258990267923263,3.609451295543105,3.649538972380159
89619.42545913038,43141.95646503221,89625.72320817655,43145.5743260561,89622.55340607445,43143.75337111201,7.26296735680233,3.607347562987379,3.6556197938149513
89619.53155408055,43141.77450629085,89625.80940822035,43145.44277040615,89622.645578293,43143.59408533646,7.271023891818582,3.6066684842816485,3.664355407536934
89619.63936392275,43141.58960201289,89625.8936502063,43145.314221680856,89622.73899738574,43143.435527807414,7.279361909765627,3.607661843236963,3.6717000665286648
89619.74890986554,43141.401735558175,89625.97594718101,43145.18867297477,89622.83380640681,43143.27779765933,7.288152246582574,3.6105765511510013,3.677575695431572
89619.86021968987,43141.210934830786,89626.05634062826,43145.066068198044,89622.93014553672,43143.12099763416,7.297554344334644,3.615641850008964,3.68191249432568
89619.97313836897,43141.017647678804,89626.13511105804,43144.94593170434,89623.02815146504,43142.96523424817,7.307646215381692,3.6230221533422364,3.6846240620394557
89620.08645120336,43140.82414141287,89626.21367411476,43144.82596224508,89623.12795635912,43142.81061765663,7.3183164261555635,3.632756737810808,3.6855596883447554
89620.19695501386,43140.635738355326,89626.29548411693,43144.70081683015,89623.22957331235,43142.65718549933,7.329194569782345,3.644593948166856,3.68460062161549
89620.3009227562,43140.458333450166,89626.38446563394,43144.56468063258,89623.33248807522,43142.50461978431,7.339728453112112,3.65755166090621,3.6821767922059023
89620.39636714739,43140.29506205749,89626.48267693611,43144.41462341573,89623.43596689957,43142.35243563765,7.349418958374869,3.6704160932964345,3.6790028650784343
89620.48278168013,43140.1468217494,89626.59059843689,43144.24998239511,89623.53928003366,43142.20013912016,7.358088913736246,3.6821630028757704,3.6759259108604754
89620.56004881281,43140.01387114815,89626.70827563207,43144.07067110153,89623.64169538299,43142.04723819176,7.366050281871484,3.692048491793908,3.6740017900775777
89620.62667031618,43139.89539023417,89626.83567052959,43143.876633962696,89623.7424695692,43141.893252038615,7.37582314022608,3.7013313365630434,3.674491803663037
89620.68121395353,43139.78976873932,89626.97225856064,43143.6682860821,89623.84084020261,43141.737721432255,7.390629832570262,3.71188337177732,3.6787464607929423
89620.72970435041,43139.69559719413,89627.11538760026,43143.448993920836,89623.93602054124,43141.58022084309,7.407191750969996,3.7192285590140615,3.687963191955934
89620.77805981367,43139.60270409143,89627.2587625414,43143.22818909561,89624.02737519186,43141.42047162326,7.4259645649892265,3.7232587939735486,3.7027057710156783
89620.83288569826,43139.4986903476,89627.39403898947,43143.01693266995,89624.1152784426,43141.25879442993,7.444964933828759,3.7245474891543635,3.720417444674397
89620.89745516489,43139.376537625605,89627.51749397044,43142.82208152323,89624.20067699546,43141.09577801209,7.463039547725235,3.7238595380776474,3.7391800096475882
89620.97239490651,43139.2344417689,89627.62932966606,43142.646214571374,89624.28455210237,43140.93197113057,7.480307747056744,3.721827324620574,3.758480422436171
89621.05767104142,43139.07227723661,89627.72929626134,43142.489726411426,89624.36789535882,43140.76789253213,7.495970483067216,3.719234333313435,3.776736149753782
89621.15308881753,43138.8904729527,89627.8174929051,43142.35253568093,89624.45170107625,43140.60405011469,7.510021627120005,3.717156756318669,3.7928648708013357
89621.25759049944,43138.691360834535,89627.89511442477,43142.23260297562,89624.53695992885,43140.44096054675,7.523145933605249,3.7169222035891725,3.806223730016077
89621.36802262913,43138.481353300274,89627.9657155336,43142.123599658444,89624.62457289465,43140.27912504632,7.536332335014615,3.719851681251722,3.8164806537628926
89621.48002250279,43138.26874510534,89628.03422269406,43142.0171255293,89624.71479056128,43140.11872666916,7.550408099274726,3.7264383655935536,3.8239697336811718
89621.59079177822,43138.05853315335,89628.10393339024,43141.90809218632,89624.80740568295,43139.959700049316,7.565763380983944,3.73646903683069,3.8292943441532548
89621.69951622451,43137.8520996849,89628.17598130506,43141.79509969496,89624.90219398173,43139.801958640295,7.5823738241655825,3.7495636748051977,3.8328101493603848
89621.80757996277,43137.65054607707,89628.25062029355,43141.67797205593,89624.99893515612,43139.64540688293,7.598247705205696,3.7635522355534645,3.8346954696522317
89621.93145158488,43137.46449217999,89628.32791201638,43141.55668568386,89625.097413152,43139.48994141387,7.593490464991376,3.758436036935377,3.8350544280559986
89622.05735333166,43137.28563605977,89628.40787582066,43141.43122657341,89625.19741620925,43139.33545218261,7.5838852844169535,3.7499072569164964,3.833978027500458
89622.18039425605,43137.11083138204,89628.49051683574,43141.3015893138,89625.2987367165,43139.181823470644,7.574977634519065,3.7434093599536045,3.8315682745654605
89622.30061559014,43136.940019720976,89628.57583373255,43141.16777782016,89625.40117090405,43139.028934812224,7.566533427416743,3.738588032350257,3.827945395066485
89622.4180497266,43136.77315719577,89628.66382270704,43141.02980494215,89625.50451840261,43138.87666182182,7.558360173533837,3.735109065860947,3.8232511076728892
89622.53272892967,43136.610201056596,89628.75447429893,43140.88770480886,89625.60858169332,43138.72487693726,7.550310963468236,3.7326578377010162,3.8176531257672197
89622.64476756414,43136.45099079426,89628.84769643207,43140.741653783254,89625.71316547086,43138.57345009028,7.542289690556757,3.7309387113202255,3.811350979236532
89622.75466861505,43136.294808887425,89628.94300729706,43140.59241560428,89625.81807602239,43138.42224937654,7.534252925809938,3.7296742407299224,3.8045786850800156
89622.86357655648,43136.1400220422,89629.03927998367,43140.44169597774,89625.92316010708,43138.27116919676,7.526202104263673,3.7286514088506735,3.7975506954129994
89622.97272473393,43135.98487500105,89629.1353025938,43140.29131703727,89626.02842557646,43138.12021535658,7.518165932138591,3.7278664882875785,3.790299443851012
89623.08273801827,43135.82848561469,89629.23047759662,43140.142194892156,89626.1339439716,43137.96943822834,7.510180153020939,3.727403905251148,3.782776247769791
89623.19384576971,43135.67071502151,89629.3246784862,43139.99453106114,89626.23978748964,43137.81888918296,7.50216762591099,3.727253566493649,3.7749140594173403
89623.30618394334,43135.51174493653,89629.41793889683,43139.84824567658,89626.34602793252,43137.66862001442,7.493918837919689,3.727300573179009,3.76661826474068
89623.419138922,43135.3519328854,89629.51060127332,43139.702763455454,89626.45273655617,43137.51868298828,7.485697997274997,3.727938990350782,3.757759006924215
89623.53155689358,43135.19290983099,89629.6037765961,43139.55639143309,89626.55997099796,43137.36912158995,7.477422394333402,3.7292351821031513,3.748187212230251
89623.64176769493,43135.03701299351,89629.69907709469,43139.406745559725,89626.66763145685,43137.219866450265,7.468973457393555,3.731045681544575,3.7379277758489797
89623.74863848969,43134.885813090914,89629.79756210936,43139.25224598808,89626.77546969372,43137.07073964712,7.460242226129652,3.7330431837246936,3.7271990424049584
89623.8518111321,43134.73980809814,89629.89889815511,43139.09197133662,89626.88322721331,43136.92155453338,7.450409601504869,3.734903641968558,3.7155059595363102
89623.95123161229,43134.59907828069,89630.0033241284,43138.92606123754,89626.9906452461,43136.772124901865,7.439802308057892,3.7363324576214376,3.7034698504364556
89624.04689405386,43134.46363713186,89630.11115239144,43138.75480282108,89627.09746359337,43136.62226619664,7.428959624112044,3.7370685729533974,3.6918910511586462
89624.1388059883,43134.333487567776,89630.2223618562,43138.57824447718,89627.20341953273,43136.47179677425,7.418072337173339,3.736879597129937,3.6811927400434015
89624.22705983029,43134.20854834402,89630.33688625999,43138.39651604301,89627.3082468313,43136.32053925192,7.407383219235204,3.7355439408851834,3.6718392783500198
89624.31223740439,43134.08810626565,89630.4542324108,43138.210364518214,89627.41167491797,43136.1683219756,7.397125483565707,3.73281386339893,3.6643116201667776
89624.39624992953,43133.96953913302,89630.57266165946,43138.022398827496,89627.51343813965,43136.01498710745,7.387427212154609,3.728378763648021,3.6590484485065886
89624.48212750205,43133.848449378616,89630.68937157634,43137.83695741612,89627.61350447481,43135.86053909626,7.378233536909877,3.7221084906874995,3.6561250462223778
89624.5721435848,43133.7214261298,89630.80228096644,43137.657419024865,89627.7121867275,43135.70520252624,7.369314433957266,3.714199261061691,3.655115172895575
89624.66709763657,43133.587272591794,89630.91069541311,43137.48500838958,89627.80984763682,43135.5492213933,7.3603612161460745,3.7048799965735855,3.6554812195724895
89624.76710969301,43133.44584625585,89631.01452468632,43137.319927102704,89627.90685423487,43135.39283223092,7.351102548068262,3.6944219099259814,3.6566806381422796
89624.87215789073,43133.29719993257,89631.11376864441,43137.162190251816,89628.00357607815,43135.2362666794,7.341379671264849,3.6831725239726856,3.658207147292164
89624.98218343085,43133.1413981127,89631.20842701131,43137.01179883351,89628.10038371688,43135.07975419186,7.331175526024239,3.6715668680721767,3.6596086579520626
89625.09694022012,43132.978503443956,89631.29854162734,43136.868667545255,89628.19764727088,43134.9235247964,7.320745567637643,3.6602611940038328,3.66048437363381
89625.2115790449,43132.80653929475,89631.38454171953,43136.732043423326,89628.29573497816,43134.76781184006,7.315408236810757,3.6549479436784336,3.660460293132323
89625.32772949805,43132.63038617228,89631.46814057826,43136.59910217594,89628.39500478469,43134.61285024669,7.3113286483745075,3.652175286293142,3.6591533620813657
89625.443198643,43132.455413880074,89631.55241105195,43136.46497039554,89628.49557123828,43134.45872680678,7.307471912359127,3.6510645851908574,3.656407327168269
89625.55540886441,43132.285470065195,89631.63945266073,43136.32543735703,89628.59714917385,43134.30526772981,7.303217461783445,3.6512712684634585,3.651946193319987
89625.6633550756,43132.121984763326,89631.72972120195,43136.178698245494,89628.69939600378,43134.152253253,7.297789960077387,3.652333319417444,3.6454566406599436
89625.7668501717,43131.96520132499,89631.824259499,43136.02511475585,89628.8019721613,43133.99945922231,7.292126224560113,3.6537885402983967,3.6383376842617166
89625.86587339357,43131.815143795924,89631.92305119113,43135.86470158307,89628.90453959993,43133.84665933679,7.286174134321973,3.655208724499328,3.630965409822646
89625.96042117708,43131.67182121634,89632.02607314436,43135.69749880324,89629.00676018475,43133.69362731854,7.27999078716205,3.6562131212535345,3.6237776659085146
89626.05052888789,43131.53520593631,89632.1332874609,43135.52358666379,89629.10829408279,43133.54013908374,7.273736978763855,3.656462014286066,3.617274964477789
89626.13654739627,43131.404856097644,89632.2443829831,43135.34345171852,89629.20879825487,43133.385974986835,7.267625757271148,3.655626656288999,3.6119991009821484
89626.22008955611,43131.27846952288,89632.35785278944,43135.15940537908,89629.30792519554,43133.230922230854,7.261819786465659,3.6533351487413683,3.608484637724291
89626.30467133982,43131.15071645103,89632.47035181693,43134.97673247441,89629.40545756088,43133.074861506495,7.256319928279831,3.6492808886787906,3.6070390396010406
89626.39388426533,43131.01593416352,89632.57845496475,43134.801056556746,89629.5017228501,43132.91801535194,7.250940114695011,3.643705566660959,3.607234548034052
89626.48943715253,43130.871364028404,89632.6805449483,43134.635166108805,89629.5972486071,43132.76071729205,7.245414353286525,3.6370523277635676,3.6083620255229563
89626.59169240919,43130.71643290183,89632.77627394832,43134.47970827853,89629.69256987367,43132.603295107394,7.23956476792998,3.6298335991124304,3.6097311688175497
89626.70064350413,43130.55115793765,89632.86560897424,43134.334737314886,89629.7882228086,43132.44607438888,7.233418164884125,3.622688356247877,3.6107298086362487
89626.81606956566,43130.375895473204,89632.9486947474,43134.199932918564,89629.88474177031,43132.289384274154,7.227207350553515,3.616383771961035,3.6108235785924796
89626.93676209757,43130.19263020318,89633.02736085237,43134.07374041737,89629.98265616503,43132.13356305536,7.222096678311614,3.6117528609817393,3.6103438173298734
89627.05803059174,43130.006036113955,89633.1082113559,43133.95271793937,89630.082424438,43131.978922845316,7.223658996118585,3.6109979653471713,3.612661030771414
89627.17441784631,43129.82252877905,89633.19224675815,43133.82750704171,89630.18392581717,43131.82541388672,7.228712045618247,3.6150695050435355,3.61364254057471
89627.28525642001,43129.647708271295,89633.28200255397,43133.693653707,89630.28665890044,43131.67272582228,7.233996160296246,3.6206530356613094,3.613343124634936
89627.38973407974,43129.48277118101,89633.37834606173,43133.55002895921,89630.39011305026,43131.52052500429,7.239203496185889,3.6269431491455157,3.612260347040373
89627.48772542976,43129.32789519502,89633.48138799272,43133.39652128845,89630.493782912,43131.36847090793,7.244150315464756,3.6332261118694533,3.610924203595303
89627.5793000621,43129.18296314568,89633.59100621361,43133.23329478888,89630.59716480698,43131.21622100766,7.248851243548127,3.6389087667730458,3.6099424767750823
89627.66524229806,43129.04680327085,89633.7063501827,43133.061518724244,89630.69975296939,43131.06343553552,7.2534844165325465,3.6434995325078945,3.609984884024651
89627.74813305614,43128.91554129442,89633.82479046483,43132.88498297893,89630.80106058888,43130.90979848352,7.258262295449508,3.6465687078587967,3.6116935875907115
89627.8317014042,43128.78341999072,89633.9425722107,43132.709301672236,89630.90098829604,43130.755260113896,7.26329096859115,3.64810943056629,3.615181538024861
89627.91839761657,43128.64649110091,89634.0572117747,43132.538309351134,89630.99981656445,43130.60001601432,7.268517501521127,3.648481460017738,3.6200360415033894
89628.0089454709,43128.503495803205,89634.16794011803,43132.37321913054,89631.09785659354,43130.44427269136,7.27378827881794,3.6480121226115774,3.625776156206362
89628.10343132928,43128.35424719937,89634.2746307902,43132.21422046966,89631.19542257318,43130.28823182067,7.278949091143788,3.6470134673429575,3.631935623800831
89628.20185166693,43128.19873892731,89634.37726088538,43132.06134971586,89631.29283038163,43130.13209211385,7.283916665562612,3.645820096640937,3.638096568921675
89628.30416859788,43128.03703636773,89634.475860921,43131.914587294625,89631.39039641054,43129.9760512626,7.288703607774167,3.6448023425063427,3.6439012652678233
89628.41003223824,43127.869731556086,89634.56834720144,43131.77183915928,89631.48843643545,43129.82030790892,7.290495207601394,3.644355754592564,3.64613945300883
89628.51787156964,43127.69937995628,89634.65841555722,43131.63187314267,89631.58726364482,43129.66506307717,7.291832716876626,3.6448714858640687,3.6469612310125585
89628.6245044554,43127.53101418155,89634.74970619683,43131.489922963,89631.68700241749,43129.51040222546,7.293221341714344,3.646488228645151,3.646733113069193
89628.72530824433,43127.36810157418,89634.84518963356,43131.3414407187,89631.78730253923,43129.35610460142,7.29660020563231,3.650748648586469,3.6458515570458414
89628.81944035199,43127.212820449895,89634.9461240544,43131.18454442589,89631.8877196707,43129.201883047084,7.301427839525835,3.6565980073396465,3.644829832186189
89628.90805341236,43127.066451959225,89635.05272654562,43131.01890185992,89631.98780955742,43129.047449022335,7.306086341184384,3.661864918856074,3.644221422328311
89628.99135105858,43126.92870112892,89635.16474952934,43130.844818614016,89632.08712594521,43128.892516701315,7.310738465261108,3.666116729217704,3.6446217360434043
89629.07074528173,43126.79739606528,89635.28072430177,43130.664406832395,89632.18521811161,43128.73680683113,7.315580354121815,3.668961888642701,3.6466184654791136
89629.14995143181,43126.66662025293,89635.39688437252,43130.483446939375,89632.28171069466,43128.580100895764,7.320684605201762,3.6700607436488983,3.650623861552864
89629.233356989,43126.52910627415,89635.50878175355,43130.30906717572,89632.37685556417,43128.422572479896,7.325919484429874,3.6697147812327695,3.6562047031971048
89629.32330896593,43126.380779232444,89635.61398263516,43130.14528937274,89632.47123980761,43128.26458679997,7.3310378165203085,3.6685420062860983,3.6624958102342107
89629.42036347486,43126.22060806747,89635.71184856693,43129.993173299394,89632.56546302108,43128.10650494339,7.335873334713624,3.6671868379896604,3.6686864967239647
89629.5245530029,43126.048554032706,89635.80242524957,43129.85289522121,89632.66012576075,43127.94868606656,7.340621670846085,3.6663779023475747,3.67424376849851
89629.63549820756,43125.8654140451,89635.88614674358,43129.723744021445,89632.75582587355,43127.79149450541,7.345569998605986,3.666912998767406,3.678656999838579
89629.7509374837,43125.67523673213,89635.96525992075,43129.6016241696,89632.85315445463,43127.63530667791,7.350811258157435,3.6695572437359156,3.6812540144215196
89629.86526079662,43125.48731614637,89636.04558735361,43129.47724635623,89632.95248499744,43127.48038431123,7.3563610057929125,3.6746824205631277,3.681678585229786
89629.97228394815,43125.3113705314,89636.13349967037,43129.34094067928,89633.05323068768,43127.32637755575,7.36193115665524,3.681370671327256,3.6805604853279856
89630.06897169785,43125.15210055603,89636.23215061269,43129.18816931131,89633.15451137899,43127.17272174634,7.367131461757266,3.6882875808751954,3.678843880882071
89630.15460803403,43125.010487806045,89636.34216385747,43129.018044704375,89633.25545080798,43127.01884172721,7.372000133643072,3.694417147716022,3.677582985927049
89630.2297807684,43124.885753955525,89636.4628311665,43128.831362046985,89633.35516883619,43126.86416811693,7.376910893723521,3.698944678481645,3.677966215241875
89630.29829381352,43124.772287915934,89636.59021375552,43128.63356170357,89633.45277157323,43126.70815225899,7.382261624065609,3.7011247669320486,3.68113685713356
89630.36945762156,43124.65525566311,89636.71487951539,43128.43913538965,89633.54757788044,43126.55042161959,7.387975160894845,3.7002858646427628,3.6876892962520817
89630.45344883695,43124.51721606345,89636.82646473568,43128.26528845859,89633.64049018266,43126.39156611479,7.393468940922758,3.697353353341302,3.6961155875814566
89630.55518059598,43124.349218064504,89636.91977835326,43128.121040196376,89633.73311999776,43126.23254541758,7.398294116866647,3.6940794541997732,3.7042146626668737
89630.67430930448,43124.15195306625,89636.9956034678,43128.00626860152,89633.82708937059,43126.07431382043,7.4036847184954535,3.6926281679936945,3.71105655050176
89630.8062303007,43123.93325081367,89637.08162839896,43127.927860338496,89633.9239999416,43125.9178689933,7.438922413209617,3.6958364103780728,3.743086002831544
89630.95484258709,43123.68700200319,89637.14326650956,43127.87360374315,89634.0253999564,43125.76430003352,7.471561066690322,3.707221286226386,3.7643397804639367
