source_index,s_m,x_m,y_m,w_tr_right_m,w_tr_left_m,segment_length_to_next_m
0,0.0000000000,89634.0253999564,43125.7643000335,3.7517379360,3.7109453964,0.0917639959
1,0.0917639959,89634.0780618697,43125.6891511558,3.7592316771,3.7207876817,0.0918120118
2,0.1835760077,89634.1321958932,43125.6149962300,3.7656517656,3.7121264333,0.0918500796
3,0.2754260873,89634.1877639591,43125.5418619209,3.7712984239,3.7062613349,0.0918773175
4,0.3673034048,89634.2447279998,43125.4697748933,3.7763067516,3.7031884036,0.0918929121
5,0.4591963169,89634.3030499478,43125.3987618122,3.7807119043,3.7028640450,0.0918961166
6,0.5510924336,89634.3626917353,43125.3288493424,3.7845125779,3.7052310321,0.0918862501
7,0.6429786837,89634.4236152947,43125.2600641488,3.7877048739,3.7102183811,0.0918626965
8,0.7348413802,89634.4857825585,43125.1924328962,3.7902839605,3.7177238280,0.0918249038
9,0.8266662841,89634.5491554589,43125.1259822494,3.7922264473,3.7275937063,0.0917736302
10,0.9184399143,89634.6136928054,43125.0607340301,3.7934761212,3.7396078376,0.0917330349
11,1.0101729492,89634.6792857481,43124.9966051321,3.7940520302,3.7533735606,0.0917187420
12,1.1018916912,89634.7457600166,43124.9334109927,3.7940507883,3.7683548857,0.0917209630
13,1.1936126542,89634.8129386654,43124.8709629006,3.7935523890,3.7817910710,0.0917310166
14,1.2853436708,89634.8806447489,43124.8090721447,3.7926411206,3.7813073662,0.0917424094
15,1.3770860802,89634.9487013215,43124.7475500136,3.7914285071,3.7815798444,0.0917508387
16,1.4688369190,89635.0169314376,43124.6862077961,3.7900670202,3.7822400467,0.0917541912
17,1.5605911101,89635.0851581518,43124.6248567809,3.7887519235,3.7829592411,0.0917525413
18,1.6523436515,89635.1532045184,43124.5633082567,3.7877128937,3.7834404955,0.0917481511
19,1.7440918026,89635.2208935919,43124.5013735122,3.7872007236,3.7834057344,0.0917454324
20,1.8358372350,89635.2880790237,43124.4388967796,3.7874314497,3.7826308308,0.0917463359
21,1.9275835708,89635.3548560575,43124.3759824100,3.7882738430,3.7812541921,0.0917462094
22,2.0193297802,89635.4214345809,43124.3128581900,3.7894445747,3.7795998277,0.0917421171
23,2.1110718973,89635.4880251731,43124.2497526508,3.7906929414,3.7780279798,0.0917342812
24,2.2028061785,89635.5548384136,43124.1868943241,3.7918213678,3.7769541249,0.0917260821
25,2.2945322605,89635.6220848818,43124.1245117412,3.7926993214,3.7768633333,0.0917240595
26,2.3862563200,89635.6899751569,43124.0628334336,3.7932657000,3.7783134216,0.0917379113
27,2.4779942314,89635.7587198185,43124.0020879326,3.7935176346,3.7819253281,0.0917804801
28,2.5697747114,89635.8285294458,43123.9425037699,3.7934877213,3.7864946282,0.0918653406
29,2.6616400521,89635.8996096314,43123.8843071375,3.7932193397,3.7713564926,0.0919542098
30,2.7535942618,89635.9720520156,43123.8276707739,3.7928467009,3.7591598247,0.0920006198
31,2.8455948816,89636.0458346992,43123.7727141580,3.7925641951,3.7504221547,0.0920075481
32,2.9376024297,89636.1209308792,43123.7195544678,3.7924854724,3.7455927214,0.0919807229
33,3.0295831526,89636.1973137520,43123.6683088815,3.7926082721,3.7450330258,0.0919263091
34,3.1215094617,89636.2749565145,43123.6190945773,3.7927830038,3.7489943945,0.0918509293
35,3.2133603910,89636.3538323634,43123.5720287333,3.7926824988,3.7575957967,0.0917616820
36,3.3051220729,89636.4339144953,43123.5272285277,3.7917799263,3.7708043174,0.0916663062
37,3.3967883791,89636.5151759182,43123.4848104554,3.7893458626,3.7741565374,0.0915962913
38,3.4883846704,89636.5975551054,43123.4447661038,3.7845928457,3.7612522534,0.0915922117
39,3.5799768821,89636.6809160257,43123.4068175834,3.7768777254,3.7527556843,0.0916355646
40,3.6716124467,89636.7651129500,43123.3706519279,3.7752681083,3.7479385923,0.0917040462
41,3.7633164929,89636.8500001491,43123.3359561715,3.7738914758,3.7460311437,0.0917792771
42,3.8550957701,89636.9354318940,43123.3024173480,3.7720945769,3.7462723751,0.0918468231
43,3.9469425932,89637.0212624554,43123.2697224914,3.7698580213,3.7479556373,0.0918961817
44,4.0388387749,89637.1073461042,43123.2375586356,3.7672489931,3.7504602003,0.0919207549
45,4.1307595298,89637.1935371113,43123.2056128147,3.7644351089,3.7532636388,0.0919178249
46,4.2226773547,89637.2796897476,43123.1735720626,3.7616769059,3.7559343450,0.0918885416
47,4.3145658963,89637.3656582839,43123.1411234131,3.7593039997,3.7581084213,0.0918380504
48,4.4064039467,89637.4512978338,43123.1079557331,3.7576816887,3.7594610945,0.0917847855
49,4.4981887322,89637.5365434000,43123.0739316198,3.7569930205,3.7598673117,0.0917476813
50,4.5899364135,89637.6214744909,43123.0392279193,3.7570659415,3.7595381423,0.0917233647
51,4.6816597782,89637.7061858215,43123.0040545474,3.7576783100,3.7587076485,0.0917079399
52,4.7733677181,89637.7907721071,43122.9686214198,3.7586025474,3.7576050699,0.0916992401
53,4.8650669582,89637.8753280628,43122.9331384522,3.7596207358,3.7564701063,0.0916968309
54,4.9567637892,89637.9599484039,43122.8978155604,3.7605395072,3.7540683576,0.0917020117
55,5.0484658008,89638.0447278454,43122.8628626601,3.7611991089,3.7399487952,0.0917178144
56,5.1401836152,89638.1297611025,43122.8284896670,3.7614740571,3.7258801418,0.0917490002
57,5.2319326154,89638.2151428905,43122.7949064969,3.7612660091,3.7122620183,0.0918019272
58,5.3237345426,89638.3009676585,43122.7623227119,3.7604921475,3.6995321446,0.0918675178
59,5.4156020604,89638.3872943342,43122.7309006515,3.7591286292,3.6880876530,0.0919168105
60,5.5075188708,89638.4741109883,43122.7007084570,3.7572560997,3.6782107630,0.0919479061
61,5.5994667770,89638.5613972834,43122.6718030917,3.7549509527,3.6701521109,0.0919629029
62,5.6914296799,89638.6491328817,43122.6442415188,3.7522658468,3.6641364357,0.0919640078
63,5.7833936877,89638.7372974459,43122.6180807017,3.7492236022,3.6603592681,0.0919535397
64,5.8753472274,89638.8258706383,43122.5933776037,3.7458077078,3.6589841070,0.0919339333
65,5.9672811608,89638.9148321215,43122.5701891881,3.7419467564,3.6601363972,0.0919077415
66,6.0591889022,89639.0041615578,43122.5485724181,3.7374921548,3.6638918103,0.0918776373
67,6.1510665395,89639.0938386098,43122.5285842571,3.7321918659,3.6702588789,0.0918464163
68,6.2429129558,89639.1838429398,43122.5102816684,3.7256669608,3.6791595466,0.0918169972
69,6.3347299529,89639.2741542105,43122.4937216153,3.7174012646,3.6904147403,0.0917924217
70,6.4265223746,89639.3647520842,43122.4789610610,3.7067552759,3.7037440827,0.0917785768
71,6.5183009514,89639.4556102834,43122.4659959237,3.6998045657,3.7021729063,0.0917841000
72,6.6100850514,89639.5466697765,43122.4544855050,3.6919098651,3.7009366149,0.0917943899
73,6.7018794413,89639.6378603031,43122.4439737079,3.6821906480,3.7011732183,0.0917942606
74,6.7936737019,89639.7291115926,43122.4340043326,3.6708478171,3.7022631933,0.0917754842
75,6.8854491861,89639.8203533746,43122.4241211792,3.6582427330,3.7036716640,0.0917367849
76,6.9771859710,89639.9115153787,43122.4138680479,3.6449167362,3.7049630515,0.0916838436
77,7.0688698146,89640.0025273344,43122.4027887389,3.6315717171,3.7057869432,0.0916293219
78,7.1604991365,89640.0933189714,43122.3904270523,3.6190166083,3.7058379432,0.0915928101
79,7.2520919465,89640.1838211975,43122.3763348588,3.6080868239,3.7048095943,0.0915916977
80,7.3436836443,89640.2740040351,43122.3603318939,3.5993111512,3.7026057909,0.0916205892
81,7.4353042334,89640.3638847499,43122.3425614272,3.5928036684,3.6993644867,0.0916696699
82,7.5269739033,89640.4534834295,43122.3231860568,3.5885452694,3.6951429724,0.0917301882
83,7.6187040916,89640.5428201622,43122.3023683811,3.5864047668,3.6899148347,0.0917942854
84,7.7104983770,89640.6319150359,43122.2802709984,3.5861605454,3.6836014311,0.0918549998
85,7.8023533767,89640.7207881385,43122.2570565068,3.5875317387,3.6761072809,0.0919062636
86,7.8942596403,89640.8094595580,43122.2328875049,3.5902094436,3.6673504180,0.0919428967
87,7.9862025370,89640.8979493823,43122.2079265907,3.5938820133,3.6572831296,0.0919605969
88,8.0781631340,89640.9862776995,43122.1823363627,3.5989507568,3.6459027313,0.0919559313
89,8.1701190653,89641.0744645976,43122.1562794190,3.6084199601,3.6332546736,0.0919269303
90,8.2620459956,89641.1625305850,43122.1299176592,3.6178273136,3.6194304064,0.0918851265
91,8.3539311221,89641.2505053901,43122.1033976641,3.6269736515,3.6045504344,0.0918425561
92,8.4457736782,89641.3384277151,43122.0768511038,3.6357053117,3.5957508122,0.0917995710
93,8.5375732492,89641.4263366341,43122.0504090311,3.6439005220,3.5947590004,0.0917566012
94,8.6293298504,89641.5142712208,43122.0242024991,3.6514669879,3.5940274690,0.0917146892
95,8.7210445396,89641.6022705491,43121.9983625605,3.6583387198,3.5937312397,0.0916754914
96,8.8127200310,89641.6903736930,43121.9730202682,3.6644707204,3.5940556306,0.0916412792
97,8.9043613102,89641.7786197261,43121.9483066753,3.6698310249,3.5951879079,0.0916149390
98,8.9959762492,89641.8670477226,43121.9243528344,3.6743904110,3.5973080985,0.0915999714
99,9.0875762206,89641.9556967559,43121.9012897979,3.6781110904,3.6005803848,0.0915993041
100,9.1791755247,89642.0445950174,43121.8792096797,3.6809767480,3.6051063503,0.0916101106
101,9.2707856353,89642.1337305522,43121.8580609496,3.6830937535,3.6108134973,0.0916290285
102,9.3624146637,89642.2230821506,43121.8377589612,3.6845738097,3.6175715468,0.0916535567
103,9.4540682204,89642.3126286024,43121.8182190684,3.6855016516,3.6252320402,0.0916814446
104,9.5457496650,89642.4023486978,43121.7993566250,3.6859406478,3.6336357238,0.0917106931
105,9.6374603581,89642.4922212268,43121.7810869846,3.6859402061,3.6426203344,0.0917395540
106,9.7291999121,89642.5822249793,43121.7633255010,3.6855432510,3.6520273504,0.0917665308
107,9.8209664429,89642.6723387456,43121.7459875280,3.6847925571,3.6617069713,0.0917903770
108,9.9127568199,89642.7625413155,43121.7289884194,3.6837353988,3.6658705000,0.0918100964
109,10.0045669164,89642.8528114792,43121.7122435288,3.6824265127,3.6696321420,0.0918249418
110,10.0963918582,89642.9431280266,43121.6956682101,3.6809296421,3.6734838265,0.0918344144
111,10.1882262725,89643.0334697479,43121.6791778170,3.6793179712,3.6773263438,0.0918382637
112,10.2800645362,89643.1238154330,43121.6626877033,3.6776736800,3.6810707083,0.0918364867
113,10.3719010229,89643.2141438720,43121.6461132227,3.6760867821,3.6846369660,0.0918293287
114,10.4637303516,89643.3044338549,43121.6293697289,3.6746534048,3.6879523622,0.0918172951
115,10.5555476467,89643.3946642222,43121.6123727730,3.6734735343,3.6909492515,0.0918025627
116,10.6473502094,89643.4848197334,43121.5950610919,3.6726252342,3.6935863686,0.0917883912
117,10.7391386006,89643.5748965528,43121.5774180941,3.6721406957,3.6958687454,0.0917752468
118,10.8309138474,89643.6648921420,43121.5594322707,3.6720457504,3.6978051159,0.0917632657
119,10.9226771131,89643.7548039630,43121.5410921132,3.6723644187,3.6994016483,0.0917525884
120,11.0144297015,89643.8446294773,43121.5223861126,3.6731187438,3.7006616066,0.0917433605
121,11.1061730620,89643.9343661468,43121.5033027601,3.6743289383,3.7015855141,0.0917357317
122,11.1979087936,89644.0240114333,43121.4838305471,3.6736907170,3.7021715356,0.0917298562
123,11.2896386499,89644.1135627984,43121.4639579648,3.6701669680,3.7024157641,0.0917258931
124,11.3813645430,89644.2030177040,43121.4436735043,3.6671318548,3.7023121230,0.0917240055
125,11.4730885485,89644.2923736117,43121.4229656569,3.6646050120,3.7018516517,0.0917243612
126,11.5648129097,89644.3816279834,43121.4018229138,3.6626039171,3.7010210617,0.0917271324
127,11.6565400421,89644.4707782807,43121.3802337663,3.6611426295,3.6998006621,0.0917324953
128,11.7482725374,89644.5598219655,43121.3581867055,3.6602300732,3.6981620679,0.0917406308
129,11.8400131682,89644.6487564996,43121.3356702227,3.6598684597,3.6960664878,0.0917517238
130,11.9317648920,89644.7375793446,43121.3126728091,3.6600527750,3.6934647132,0.0917659634
131,12.0235308555,89644.8262879626,43121.2891829577,3.6607723603,3.6902999710,0.0917818882
132,12.1153127436,89644.9148885495,43121.2652277703,3.6619757076,3.6865539263,0.0917925760
133,12.2071053196,89645.0034186146,43121.2409727793,3.6634750853,3.6823586940,0.0917948492
134,12.2989001688,89645.0919226826,43121.2166145307,3.6650645929,3.6778976497,0.0917880073
135,12.3906881761,89645.1804452785,43121.1923495702,3.6665580520,3.6733827695,0.0917726746
136,12.4824608507,89645.2690309270,43121.1683744438,3.6677895544,3.6690579615,0.0917508012
137,12.5742116520,89645.3577241528,43121.1448856973,3.6686053306,3.6651931218,0.0917256659
138,12.6659373179,89645.4465694809,43121.1220798765,3.6688463728,3.6620678973,0.0917018787
139,12.7576391966,89645.5356114361,43121.1001535273,3.6683256798,3.6599484104,0.0916853833
140,12.8493245799,89645.6248945430,43121.0793031956,3.6668088574,3.6590649805,0.0916834555
141,12.9410080354,89645.7144633266,43121.0597254272,3.6640091875,3.6617894574,0.0917038816
142,13.0327119170,89645.8043541979,43121.0415806443,3.6596421151,3.6694663772,0.0917362124
143,13.1244481294,89645.8944945081,43121.0245437096,3.6574017117,3.6778943543,0.0917534902
144,13.2162016196,89645.9847335503,43121.0079419556,3.6567403495,3.6862857196,0.0917453848
145,13.3079470044,89646.0749189227,43120.9910951685,3.6565743142,3.6939466859,0.0917176089
146,13.3996646133,89646.1648982236,43120.9733231345,3.6576551575,3.7002915219,0.0916918334
147,13.4913564467,89646.2545246492,43120.9539712316,3.6607123490,3.7048373029,0.0916941461
148,13.5830505928,89646.3437541485,43120.9328545820,3.6659612584,3.7076010522,0.0917203909
149,13.6747709837,89646.4326327671,43120.9102001949,3.6731299883,3.7089811496,0.0917579096
150,13.7665288933,89646.5212096040,43120.8862490374,3.6818558638,3.7093123261,0.0917959927
151,13.8583248860,89646.6095337580,43120.8612420767,3.6888638844,3.7088450511,0.0918259226
152,13.9501508086,89646.6976543282,43120.8354202801,3.6907064640,3.7077663174,0.0918409674
153,14.0419917760,89646.7856204133,43120.8090246147,3.6932276605,3.7062340202,0.0918363694
154,14.1338281454,89646.8734811125,43120.7822960479,3.6960941523,3.7044101556,0.0918093353
155,14.2256374807,89646.9612855245,43120.7554755468,3.6990033717,3.7024827938,0.0917590308
156,14.3173965115,89647.0490827484,43120.7288040786,3.7016899989,3.7006736672,0.0916865810
157,14.4090830925,89647.1369218830,43120.7025226106,3.7039205431,3.6992341543,0.0915950805
158,14.5006781729,89647.2248520273,43120.6768721039,3.7054821858,3.6984359001,0.0915131332
159,14.5921913061,89647.3129221025,43120.6520061554,3.7062572637,3.6984788986,0.0915253024
160,14.6837166086,89647.4011804049,43120.6277707878,3.7064330704,3.6992786585,0.0916461015
161,14.7753627100,89647.4896750930,43120.6039443719,3.7214712649,3.7007064021,0.0918725140
162,14.8672352240,89647.5784543255,43120.5803052789,3.7453829863,3.7026741773,0.0922026602
163,14.9594378843,89647.6675661996,43120.5566324162,3.7668621055,3.7051653956,0.0925602454
164,15.0519981296,89647.7570352320,43120.5329113018,3.7854932940,3.7074715257,0.0927567868
165,15.1447549164,89647.8468268063,43120.5096455613,3.8004642609,3.6973267983,0.0927723308
166,15.2375272471,89647.9368971859,43120.4874187290,3.8112090296,3.6888173253,0.0926262107
167,15.3301534578,89648.0272026343,43120.4668143391,3.8176272392,3.6831661336,0.0923480857
168,15.4225015435,89648.1176994151,43120.4484159260,3.8201295662,3.6817651995,0.0919784803
169,15.5144800238,89648.2083437917,43120.4328070240,3.8195549085,3.6860517425,0.0915694191
170,15.6060494429,89648.2990920276,43120.4205711675,3.8169510874,3.6973064429,0.0911850012
171,15.6972344441,89648.3899003864,43120.4122918907,3.8132597031,3.7164125859,0.0909016812
172,15.7881361253,89648.4807251314,43120.4085527279,3.8089945760,3.7436526532,0.0908112733
173,15.8789473986,89648.5715266417,43120.4098843021,3.8040777053,3.7785830290,0.0910093692
174,15.9699567677,89648.6623388829,43120.4158711308,3.7987055259,3.8352046171,0.0914061151
175,16.0613628829,89648.7532593161,43120.4252813760,3.7933743416,3.9009788869,0.0918603548
176,16.1532232377,89648.8443874855,43120.4368564150,3.7883713660,3.9647589902,0.0922833793
177,16.2455066170,89648.9358229353,43120.4493376253,3.7840317833,4.0239676070,0.0926396793
178,16.3381462962,89649.0276652098,43120.4614663842,3.7809162339,4.0770663033,0.0929432020
179,16.4310894982,89649.1199975559,43120.4721048356,3.7797300165,4.1236749714,0.0932064518
180,16.5242959500,89649.2127654103,43120.4811363288,3.7803556249,4.1652220503,0.0934075418
181,16.6177034918,89649.3058449267,43120.4889576121,3.7822733459,4.1933610079,0.0935300036
182,16.7112334954,89649.3991117350,43120.4959693196,3.7850094513,4.1793996017,0.0935629999
183,16.8047964953,89649.4924414646,43120.5025720858,3.7881260885,4.1643267888,0.0935011179
184,16.8982976132,89649.5857097452,43120.5091665450,3.7912522494,4.1481885009,0.0933443075
185,16.9916419208,89649.6787922063,43120.5161533313,3.7941357495,4.1312694938,0.0930978989
186,17.0847398197,89649.7715644776,43120.5239330793,3.7966907578,4.1141395508,0.0927726994
187,17.1775125192,89649.8639021885,43120.5329064231,3.7990214045,4.0976687176,0.0923851618
188,17.2698976810,89649.9556809688,43120.5434739970,3.8014061572,4.0830053118,0.0919576053
189,17.3618552863,89650.0467764479,43120.5560364354,3.8042270140,4.0715070952,0.0915184576
190,17.4533737439,89650.1370642555,43120.5709943726,3.8078269074,4.0646111662,0.0911024690
191,17.5444762129,89650.2264200211,43120.5887484428,3.8122892713,4.0242836906,0.0907508313
192,17.6352270442,89650.3147193744,43120.6096992804,3.8171677108,3.9392276795,0.0905111119
193,17.7257381562,89650.4018379449,43120.6342475197,3.8212492460,3.8640143067,0.0904368975
194,17.8161750536,89650.4876513622,43120.6627937950,3.8224856386,3.8004187540,0.0905870352
195,17.9067620889,89650.5720352559,43120.6957387406,3.8182221621,3.7609938605,0.0910217797
196,17.9977838686,89650.6548754237,43120.7334544003,3.8057787907,3.7519076547,0.0916246368
197,18.0894085054,89650.7364898041,43120.7750977309,3.7844364712,3.7496824215,0.0920030952
198,18.1814116006,89650.8177800061,43120.8181845338,3.7564826947,3.7507920502,0.0920173429
199,18.2734289435,89650.8996889736,43120.8601143850,3.7329020703,3.7517323819,0.0917850306
200,18.3652139741,89650.9831596507,43120.8982868609,3.7207515225,3.7491025261,0.0916712622
201,18.4568852364,89651.0691009546,43120.9301884692,3.7155168370,3.7396429809,0.0919490651
202,18.5488343015,89651.1573098487,43120.9561465427,3.7176616257,3.7232644205,0.0920561630
203,18.6408904645,89651.2462501836,43120.9798942575,3.7239287481,3.6948903279,0.0916669174
204,18.7325573818,89651.3343070946,43121.0053658922,3.7307419814,3.6649698765,0.0910482728
205,18.8236056547,89651.4198854928,43121.0364484555,3.7343176463,3.6403059697,0.0909228331
206,18.9145284878,89651.5023114556,43121.0748271246,3.7327322311,3.6239247083,0.0913378215
207,19.0058663093,89651.5822041576,43121.1190962312,3.7267029060,3.6152981948,0.0919249651
208,19.0977912744,89651.6602796283,43121.1676185980,3.7165638687,3.6130878672,0.0924130896
209,19.1902043640,89651.7372538974,43121.2187570477,3.7024163520,3.6153696383,0.0926396702
210,19.2828440341,89651.8138429943,43121.2708744030,3.6846749385,3.6198736944,0.0925457544
211,19.3753897885,89651.8907629486,43121.3223334866,3.6644800237,3.6248345933,0.0921823780
212,19.4675721665,89651.9687013931,43121.3715593912,3.6437324784,3.6281460709,0.0918328448
213,19.5594050113,89652.0477203312,43121.4183491209,3.6253323639,3.6287873723,0.0916386177
214,19.6510436290,89652.1272710431,43121.4638389053,3.6269143676,3.6280014466,0.0915482660
215,19.7425918950,89652.2067794422,43121.5092206139,3.6285790592,3.6271568993,0.0915441133
216,19.8341360083,89652.2858342636,43121.5553796855,3.6294024804,3.6273057185,0.0915938660
217,19.9257298743,89652.3645502105,43121.6022116831,3.6296325214,3.6265238657,0.0916817539
218,20.0174116283,89652.4431479938,43121.6494126626,3.6298435714,3.6235324841,0.0918031505
219,20.1092147788,89652.5218483244,43121.6966786801,3.6307553113,3.6208149371,0.0919580165
220,20.2011727952,89652.6008719131,43121.7437057916,3.6332310088,3.6184667216,0.0921143450
221,20.2932871402,89652.6802859566,43121.7903797914,3.6379419254,3.6169429691,0.0919802575
222,20.3852673977,89652.7588764140,43121.8381700391,3.6433732997,3.6186558440,0.0915471436
223,20.4768145414,89652.8347921150,43121.8893333644,3.6465311174,3.6265565453,0.0912272027
224,20.5680417440,89652.9063020304,43121.9459790570,3.6438809682,3.6428514849,0.0914300105
225,20.6594717545,89652.9734775710,43122.0080023878,3.6340081203,3.6662376618,0.0918577698
226,20.7513295244,89653.0377454151,43122.0736338902,3.6172936049,3.6928379387,0.0921579580
227,20.8434874823,89653.1005652901,43122.1410635018,3.5944411954,3.7188043483,0.0921572289
228,20.9356447112,89653.1633969233,43122.2084811604,3.5670085213,3.7409540492,0.0918568426
229,21.0275015538,89653.2277000423,43122.2740768037,3.5376785299,3.7571306353,0.0914439072
230,21.1189454610,89653.2948283385,43122.3361717311,3.5318065030,3.7663255062,0.0912431465
231,21.2101886075,89653.3650576917,43122.3944224799,3.5483557833,3.7697918535,0.0912873178
232,21.3014759253,89653.4380357203,43122.4492639035,3.5723606355,3.7697232954,0.0914947823
233,21.3929707076,89653.5134022119,43122.5011405565,3.6028019180,3.7677844798,0.0917932677
234,21.4847639753,89653.5907969542,43122.5504969933,3.6380699608,3.7649022054,0.0921216315
235,21.5768856068,89653.6698597349,43122.5977777686,3.6761152714,3.7613487525,0.0924301175
236,21.6693157243,89653.7502303415,43122.6434274368,3.7175848789,3.7569936510,0.0926802114
237,21.7619959357,89653.8315485616,43122.6878905526,3.7679454547,3.7515927104,0.0928443157
238,21.8548402515,89653.9134541831,43122.7316116703,3.8130452585,3.7450255689,0.0929054036
239,21.9477456551,89653.9955869934,43122.7750353447,3.8512302769,3.7374498794,0.0928567627
240,22.0406024178,89654.0775867802,43122.8186061301,3.8814635446,3.7293790966,0.0927018875
241,22.1333043053,89654.1590933312,43122.8627685812,3.9033596779,3.7217037917,0.0924545450
242,22.2257588503,89654.2397464340,43122.9079672525,3.9171785728,3.7156717458,0.0921390019
243,22.3178978521,89654.3191858763,43122.9546466986,3.9237712000,3.7128316609,0.0917903648
244,22.4096882169,89654.3970514456,43123.0032514738,3.9244637014,3.7149388269,0.0914549405
245,22.5011431574,89654.4729829297,43123.0542261329,3.9208723752,3.7238228728,0.0911904722
246,22.5923336296,89654.5466201161,43123.1080152304,3.9146606453,3.7412281184,0.0910660472
247,22.6833996768,89654.6176027925,43123.1650633207,3.9072743005,3.7686517085,0.0911510492
248,22.7745507261,89654.6856041267,43123.2257620219,3.8997690437,3.8071517350,0.0913957102
249,22.8659464363,89654.7506101170,43123.2900068432,3.8931626194,3.8567468832,0.0917040375
250,22.9576504739,89654.8127778045,43123.3574220427,3.8881428895,3.9063722235,0.0920210598
251,23.0496715337,89654.8722659700,43123.4276291194,3.8848491939,3.9649202545,0.0922985242
252,23.1419700579,89654.9292333942,43123.5002495722,3.8830293952,4.0312431641,0.0924941870
253,23.2344642449,89654.9838388579,43123.5749049000,3.8822199712,4.1039894956,0.0925714599
254,23.3270357048,89655.0362411418,43123.6512166018,3.8819029740,4.1818527947,0.0925055751
255,23.4195412799,89655.0865976932,43123.7288149210,3.8816089853,4.2636550084,0.0923932534
256,23.5119345333,89655.1350416440,43123.8074895478,3.8808593344,4.3294441618,0.0923280785
257,23.6042626118,89655.1816848913,43123.8871694171,3.8791948325,4.3631788785,0.0923050204
258,23.6965676322,89655.2266386187,43123.9677881443,3.8762656313,4.3997644044,0.0923159809
259,23.7888836131,89655.2700140097,43124.0492793450,3.8718105656,4.4386985273,0.0923533666
260,23.8812369797,89655.3119222477,43124.1315766348,3.8656320018,4.4795334274,0.0924101126
261,23.9736470923,89655.3524745161,43124.2146136291,3.8575759032,4.5218522176,0.0924797000
262,24.0661267923,89655.3917819985,43124.2983239436,3.8475191484,4.5652538653,0.0925561655
263,24.1586829578,89655.4299558782,43124.3826411938,3.8353634110,4.6093458379,0.0926341053
264,24.2513170631,89655.4671073388,43124.4674989951,3.8210336318,4.6325973096,0.0927086764
265,24.3440257395,89655.5033475637,43124.5528309632,3.8044789384,4.6401233864,0.0927755929
266,24.4368013324,89655.5387877364,43124.6385707136,3.7856742918,4.6486596598,0.0928311219
267,24.5296324543,89655.5735390403,43124.7246518617,3.7646219897,4.6579052112,0.0928720779
268,24.6225045321,89655.6077126589,43124.8110080233,3.7413525615,4.6675852460,0.0928958162
269,24.7154003483,89655.6414197757,43124.8975728137,3.7159249226,4.6774505681,0.0929002279
270,24.8083005762,89655.6747715741,43124.9842798485,3.6884259189,4.6872773799,0.0928837349
271,24.9011843112,89655.7078792376,43125.0710627433,3.6589694336,4.6968673011,0.0928452862
272,24.9940295974,89655.7408539497,43125.1578551136,3.6276952094,4.7060475674,0.0927843563
273,25.0868139537,89655.7738068937,43125.2445905750,3.5947675104,4.7146713951,0.0927009447
274,25.1795148985,89655.8068492533,43125.3312027429,3.5603736830,4.7226184923,0.0925955780
275,25.2721104765,89655.8400922117,43125.4176252329,3.5247226660,4.7131987111,0.0924693133
276,25.3645797898,89655.8736469526,43125.5037916606,3.4890479242,4.7042688700,0.0923237435
277,25.4569035333,89655.9076246594,43125.5896356415,3.4560074734,4.6959425419,0.0921610048
278,25.5490645381,89655.9421365155,43125.6750907911,3.4225958172,4.6882210307,0.0919837849
279,25.6410483230,89655.9772937043,43125.7600907250,3.3890848967,4.6811343176,0.0917953326
280,25.7328436555,89656.0132074095,43125.8445690587,3.3557646693,4.6747395381,0.0915994673
281,25.8244431228,89656.0499888143,43125.9284594077,3.3229444586,4.6691168334,0.0914005892
282,25.9158437120,89656.0877491023,43126.0116953876,3.3040602620,4.6643599094,0.0912036876
283,26.0070473996,89656.1265994570,43126.0942106140,3.2979571514,4.6605569595,0.0910143476
284,26.0980617472,89656.1666510618,43126.1759387023,3.2939480051,4.6577555243,0.0908387531
285,26.1889005002,89656.2080151001,43126.2568132680,3.2923554823,4.6559033482,0.0906836861
286,26.2795841863,89656.2508027555,43126.3367679269,3.2934696684,4.6547580392,0.0905565190
287,26.3701407053,89656.2951252113,43126.4157362943,3.2975025701,4.6537645275,0.0904652002
288,26.4606059055,89656.3410936512,43126.4936519858,3.3045270468,4.6519128951,0.0904182290
289,26.5510241345,89656.3888192584,43126.5704486169,3.3176394585,4.6476103055,0.0904246215
290,26.6414487561,89656.4384132165,43126.6460598032,3.3632470934,4.6386264012,0.0904938622
291,26.7319426183,89656.4899867089,43126.7204191603,3.4081990638,4.6221855273,0.0906361558
292,26.8225787741,89656.5436495988,43126.7934616616,3.4504315415,4.5952658375,0.0909167850
293,26.9134955591,89656.5992347808,43126.8654071225,3.4875211024,4.5554626500,0.0914265373
294,27.0049220965,89656.6559586469,43126.9371093870,3.5167082605,4.5020582411,0.0921414886
295,27.0970635850,89656.7129543965,43127.0095078569,3.5361250565,4.4359180441,0.0930672646
296,27.1901308497,89656.7693533696,43127.0835394148,3.5453658150,4.3597692165,0.0938673804
297,27.2839982301,89656.8240520131,43127.1598227256,3.5455878432,4.2070748053,0.0938726142
298,27.3778708442,89656.8754851447,43127.2383510687,3.5392969829,4.0385405242,0.0931571729
299,27.4710280171,89656.9220337777,43127.3190448332,3.5301346965,3.8754333763,0.0919569023
300,27.5629849194,89656.9620789257,43127.4018244079,3.5220036426,3.7279070677,0.0905962734
301,27.6535811928,89656.9940016022,43127.4866101820,3.5178354006,3.6041498596,0.0895079417
302,27.7430891345,89657.0162013309,43127.5733214481,3.5183402902,3.5094485510,0.0893074390
303,27.8323965735,89657.0283060243,43127.6618047520,3.5488473777,3.4446840585,0.0900574113
304,27.9224539848,89657.0319185936,43127.7517896767,3.5804347579,3.4060663993,0.0912581651
305,28.0137121500,89657.0288204203,43127.8429952359,3.6013478578,3.3879087958,0.0924942192
306,28.1062063691,89657.0207928855,43127.9351404434,3.6039299531,3.3839349862,0.0934743298
307,28.1996806989,89657.0096173706,43128.0279443129,3.5826018078,3.3883650025,0.0940218327
308,28.2937025316,89656.9970752569,43128.1211258583,3.5356054350,3.3966976888,0.0940632834
309,28.3877658150,89656.9849479256,43128.2144040932,3.4656658045,3.4060373760,0.0936221632
310,28.4813879781,89656.9750167581,43128.3074980315,3.3881545276,3.4149184238,0.0928197900
311,28.5742077681,89656.9690631356,43128.4001266869,3.3391225321,3.4226764807,0.0918825925
312,28.6660903607,89656.9688684394,43128.4920090732,3.2948311447,3.4285349825,0.0911518459
313,28.7572422066,89656.9762103959,43128.5828647537,3.2604433603,3.4307195422,0.0910531054
314,28.8482953120,89656.9917841554,43128.6725761020,3.2385508657,3.4270641970,0.0915012152
315,28.9397965273,89657.0136973452,43128.7614146326,3.2276394406,3.4167621966,0.0920375444
316,29.0318340717,89657.0396791480,43128.8497087745,3.2248196456,3.3990145416,0.0923551426
317,29.1241892142,89657.0674587467,43128.9377869571,3.2385737478,3.3737080497,0.0923213971
318,29.2165106113,89657.0947653243,43129.0259776096,3.2619562975,3.3421857281,0.0919721701
319,29.3084827814,89657.1193280634,43129.1146091611,3.2788497639,3.3074145152,0.0915281103
320,29.4000108917,89657.1390938153,43129.2039775560,3.2884333588,3.2733390977,0.0913257529
321,29.4913366445,89657.1537963127,43129.2941120650,3.2921803623,3.2400710391,0.0913757441
322,29.5827123887,89657.1640456294,43129.3849111736,3.2922988661,3.2067603456,0.0915860402
323,29.6742984289,89657.1704578733,43129.4762724668,3.2904190135,3.1790440356,0.0918765032
324,29.7661749321,89657.1736491528,43129.5680935296,3.2874699365,3.1571737652,0.0921802827
325,29.8583552148,89657.1742355759,43129.6602719470,3.2838227142,3.1406790611,0.0924439938
326,29.9507992086,89657.1728332509,43129.7527053040,3.2795559348,3.1286273016,0.0926274576
327,30.0434266662,89657.1700582858,43129.8452911855,3.2747110520,3.1198827107,0.0927032811
328,30.1361299473,89657.1665267887,43129.9379271766,3.2694614188,3.1132933779,0.0926565001
329,30.2287864474,89657.1628546612,43130.0305108819,3.2641806971,3.1077925977,0.0925112843
330,30.3212977316,89657.1594507638,43130.1229595228,3.2592282807,3.1026395210,0.0923470581
331,30.4136447897,89657.1561280288,43130.2152467840,3.2545126672,3.0978046069,0.0921774798
332,30.5058222695,89657.1525928208,43130.3073564473,3.2499300397,3.0934738716,0.0920046479
333,30.5978269175,89657.1485515042,43130.3992722947,3.2454197132,3.0899320668,0.0918335019
334,30.6896604194,89657.1437104435,43130.4909781081,3.2409354258,3.0875488197,0.0916718479
335,30.7813322672,89657.1377760032,43130.5824576692,3.2363902034,3.0757505821,0.0915303800
336,30.8728626472,89657.1304545478,43130.6736947601,3.2316037981,3.0604858040,0.0914226866
337,30.9642853338,89657.1214524418,43130.7646731626,3.2262407966,3.0473854825,0.0913652306
338,31.0556505644,89657.1104760497,43130.8553766585,3.2197498147,3.0369680949,0.0913772878
339,31.1470278522,89657.0972317359,43130.9457890298,3.2113274956,3.0296615070,0.0914802567
340,31.2385081089,89657.0814338397,43131.0358948778,3.1999415064,3.0257522853,0.0916589745
341,31.3301670834,89657.0631834969,43131.1257185528,3.1848007480,3.0250085453,0.0918378701
342,31.4220049535,89657.0431338764,43131.2153411342,3.1656797952,3.0265649599,0.0919725739
343,31.5139775274,89657.0219804853,43131.3048480524,3.1425911820,3.0295163944,0.0920379385
344,31.6060154660,89657.0004188310,43131.3943247376,3.1159173448,3.0330472506,0.0920247713
345,31.6980402372,89656.9791444206,43131.4838566201,3.0865179967,3.0364838195,0.0919397113
346,31.7899799485,89656.9588527613,43131.5735291302,3.0557272525,3.0392788724,0.0918052899
347,31.8817852384,89656.9402393603,43131.6634276984,3.0252299288,3.0409189429,0.0916601333
348,31.9734453717,89656.9239997249,43131.7536377548,3.0048451747,3.0407826103,0.0915591741
349,32.0650045458,89656.9108293622,43131.8442447297,2.9934983278,3.0380159066,0.0915736112
350,32.1565781570,89656.9014230200,43131.9353339552,2.9868304771,3.0315046434,0.0917482110
351,32.2483263680,89656.8958937758,43132.0269154035,2.9850224494,3.0205736902,0.0919281679
352,32.3402545359,89656.8927358685,43132.1187893154,2.9864992885,3.0062579159,0.0919663842
353,32.4322209201,89656.8901641537,43132.2107197353,2.9894038540,2.9901708657,0.0918284208
354,32.5240493409,89656.8863934873,43132.3024707077,2.9919243422,2.9733498022,0.0915850046
355,32.6156343455,89656.8796387251,43132.3938062773,2.9922200064,2.9576806217,0.0914136455
356,32.7070479911,89656.8681348732,43132.4844931891,2.9882951078,2.9467790936,0.0915202029
357,32.7985681939,89656.8513961021,43132.5744696364,2.9791763453,2.9416386731,0.0917794382
358,32.8903476321,89656.8309607125,43132.6639451087,2.9657403796,2.9409701365,0.0919808751
359,32.9823285073,89656.8085460572,43132.7531530938,2.9490872561,2.9431228443,0.0920121000
360,33.0743406073,89656.7858694888,43132.8423270799,2.9306287088,2.9464076515,0.0918583384
361,33.1661989457,89656.7646483600,43132.9317005549,2.9122462911,2.9491967781,0.0916020811
362,33.2578010268,89656.7466000235,43133.0215070068,2.8962226225,2.9498911716,0.0914281731
363,33.3492291999,89656.7331415653,43133.1119391954,2.8847023038,2.9470694299,0.0914783274
364,33.4407075273,89656.7239706870,43133.2029566628,2.8779835003,2.9407539442,0.0916628835
365,33.5323704108,89656.7181741508,43133.2944360834,2.8754556005,2.9312411590,0.0918785376
366,33.6242489484,89656.7148379870,43133.3862540320,2.8761931672,2.9186000288,0.0920504526
367,33.7162994010,89656.7130482258,43133.4782870835,2.8790812528,2.9029144644,0.0921319987
368,33.8084313997,89656.7118908975,43133.5704118130,2.8830029710,2.8848224451,0.0921042221
369,33.9005356219,89656.7104520321,43133.6625047954,2.8869892924,2.8658407304,0.0919755449
370,33.9925111668,89656.7078176600,43133.7544426056,2.8902614747,2.8464560740,0.0917818905
371,34.0842930573,89656.7030738114,43133.8461018186,2.8921518696,2.8282638876,0.0915871483
372,34.1758802056,89656.6953065164,43133.9373590093,2.8919434796,2.8129621674,0.0914842259
373,34.2673644314,89656.6837075433,43134.0281049591,2.8888104594,2.8020208927,0.0915364287
374,34.3589008601,89656.6684921285,43134.1183679578,2.8826531823,2.7956078827,0.0916784038
375,34.4505792639,89656.6504496602,43134.2082534353,2.8736797114,2.7930103043,0.0918350081
376,34.5424142720,89656.6303758760,43134.2978676747,2.8619783569,2.7932792854,0.0919525063
377,34.6343667783,89656.6090665137,43134.3873169591,2.8477117593,2.7953735551,0.0919984208
378,34.7263651991,89656.5873173108,43134.4767075716,2.8312976783,2.7983030150,0.0919612385
379,34.8183264376,89656.5659240050,43134.5661457953,2.8135074599,2.8012234523,0.0918502741
380,34.9101767117,89656.5456823341,43134.6557379133,2.7954563206,2.8034522391,0.0916957814
381,35.0018724932,89656.5273880358,43134.7455902087,2.7784986954,2.8044073507,0.0915497431
382,35.0934222363,89656.5118233386,43134.8358071454,2.7640526676,2.8035135260,0.0914839865
383,35.1849062227,89656.4992787863,43134.9264269776,2.7529716140,2.8005755441,0.0915095782
384,35.2764158010,89656.4894249251,43135.0174044711,2.7453082075,2.7958411498,0.0915948164
385,35.3680106173,89656.4818926970,43135.1086890586,2.7408592127,2.7894110169,0.0917110034
386,35.4597216207,89656.4763130435,43135.2002301730,2.7392237183,2.7812504140,0.0918340605
387,35.5515556812,89656.4723169065,43135.2919772468,2.7398629121,2.7754398915,0.0919445540
388,35.6435002352,89656.4695352277,43135.3838797128,2.7421749079,2.7730655410,0.0920276631
389,35.7355278983,89656.4675989487,43135.4758870038,2.7455616169,2.7700777012,0.0920731240
390,35.8276010223,89656.4661390115,43135.5679485525,2.7494739330,2.7666669793,0.0920751754
391,35.9196761977,89656.4647863576,43135.6600137916,2.7534314523,2.7630941075,0.0920325234
392,36.0117087211,89656.4631719288,43135.7520321538,2.7570203656,2.7596873694,0.0919509244
393,36.1036596455,89656.4609471086,43135.8439561587,2.7598977331,2.7568048085,0.0918658889
394,36.1955255344,89656.4580058031,43135.9357749491,2.7619931278,2.7545880203,0.0917975177
395,36.2873230520,89656.4544007372,43136.0275016505,2.7634037187,2.7530258609,0.0917449533
396,36.3790680053,89656.4501873907,43136.1191498046,2.7642223495,2.7520971815,0.0917070841
397,36.4707750895,89656.4454212430,43136.2107329533,2.7645272579,2.7517663955,0.0916828961
398,36.5624579855,89656.4401577739,43136.3022646381,2.7643800072,2.7519822898,0.0916714742
399,36.6541294597,89656.4344524631,43136.3937584008,2.7638285543,2.7526806429,0.0916720042
400,36.7458014639,89656.4283607901,43136.4852277829,2.7629146226,2.7537885791,0.0916837738
401,36.8374852376,89656.4219382347,43136.5766863263,2.7616743138,2.7552293905,0.0917061733
402,36.9291914109,89656.4152402764,43136.6681475725,2.7601447505,2.7569273989,0.0917386277
403,37.0209300385,89656.4083227656,43136.7596250225,2.7583693982,2.7588125063,0.0917727052
404,37.1127027437,89656.4012845103,43136.8511274398,2.7564451356,2.7607827941,0.0917926564
405,37.2044954001,89656.3943067435,43136.9426544988,2.7545653630,2.7626694488,0.0917971378
406,37.2962925379,89656.3875800301,43137.0342048448,2.7529490900,2.7643111294,0.0917877146
407,37.3880802525,89656.3812949349,43137.1257771229,2.7518290827,2.7655607734,0.0917671326
408,37.4798473851,89656.3756420226,43137.2173699786,2.7514435346,2.7662772103,0.0917393230
409,37.5715867081,89656.3708118580,43137.3089820569,2.7520219716,2.7702013998,0.0917094075
410,37.6632961155,89656.3669950058,43137.4006120032,2.7537679870,2.7734125278,0.0916837018
411,37.7549798174,89656.3643820308,43137.4922584627,2.7568443254,2.7755818092,0.0916697229
412,37.8466495403,89656.3631631254,43137.5839200815,2.7613671774,2.7765384870,0.0916759939
413,37.9383255342,89656.3633628064,43137.6755958580,2.7672512816,2.7762401169,0.0916979159
414,38.0300234501,89656.3645799453,43137.7672856957,2.7739769854,2.7750482262,0.0917209500
415,38.1217444001,89656.3663460040,43137.8589896417,2.7809861574,2.7733952259,0.0917366853
416,38.2134810854,89656.3681924445,43137.9507077429,2.7877831643,2.7717394288,0.0917438939
417,38.3052249793,89656.3696507287,43138.0424400463,2.7939499894,2.7705707011,0.0917485248
418,38.3969735042,89656.3702523188,43138.1341865988,2.7991338224,2.7703914951,0.0917637020
419,38.4887372061,89656.3695286766,43138.2259474474,2.8030044920,2.7716781518,0.0918097118
420,38.5805469179,89656.3670112642,43138.3177226391,2.8052037783,2.7748414872,0.0919129062
421,38.6724598241,89656.3622465323,43138.4095119613,2.8053288245,2.7801981913,0.0920511628
422,38.7645109869,89656.3553600755,43138.5013051707,2.8035059005,2.7874389729,0.0921334660
423,38.8566444530,89656.3472277715,43138.5930790297,2.8006171634,2.7955368548,0.0921189957
424,38.9487634487,89656.3387754351,43138.6848094356,2.7976774470,2.8035485454,0.0919980790
425,39.0407615276,89656.3309288813,43138.7764722859,2.7958328445,2.8107362357,0.0917886806
426,39.1325502082,89656.3246139250,43138.8680434780,2.7963376752,2.8165591005,0.0915367497
427,39.2240869579,89656.3207563813,43138.9594989091,2.8004435626,2.8205604296,0.0913167996
428,39.3154037574,89656.3202820650,43139.0508144769,2.8092284466,2.8240053637,0.0912321809
429,39.4066359383,89656.3241099071,43139.1419663197,2.8234271686,2.8271334258,0.0913719301
430,39.4980078684,89656.3324749876,43139.2329545335,2.8426809485,2.8270993603,0.0916422848
431,39.5896501532,89656.3443577296,43139.3238231683,2.8650293171,2.8249226819,0.0919086710
432,39.6815588243,89656.3586041564,43139.4146209829,2.8882554950,2.8215064688,0.0920821884
433,39.7736410127,89656.3740602913,43139.5053967358,2.9103336485,2.8177220352,0.0921178750
434,39.8657588877,89656.3895721577,43139.5961991856,2.9297164054,2.8146072593,0.0920138367
435,39.9577727243,89656.4039857788,43139.6870770909,2.9454807239,2.8134521061,0.0918111396
436,40.0495838639,89656.4161471779,43139.7780792103,2.9572681633,2.8157338565,0.0915944918
437,40.1411783558,89656.4249023784,43139.8692543022,2.9650373511,2.8229310403,0.0914928153
438,40.2326711710,89656.4291521440,43139.9606483652,2.9687779848,2.8362413512,0.0916075326
439,40.3242787036,89656.4288297814,43140.0522553306,2.9691833051,2.8554258592,0.0918563005
440,40.4161350042,89656.4247890806,43140.1440227141,2.9673794546,2.8788656277,0.0921304160
441,40.5082654202,89656.4179160670,43140.2358964059,2.9640799068,2.9045577559,0.0923479796
442,40.6006133998,89656.4090967662,43140.3278222960,2.9597496230,2.9303867990,0.0924533590
443,40.6930667588,89656.3992172035,43140.4197462746,2.9548621501,2.9545883992,0.0924164510
444,40.7854832098,89656.3891634045,43140.5116142316,2.9501250689,2.9840319030,0.0922321621
445,40.8777153719,89656.3798213946,43140.6033720574,2.9466092257,3.0071663989,0.0919203856
446,40.9696357575,89656.3720771993,43140.6949656419,2.9457541360,3.0238618586,0.0915265241
447,41.0611622815,89656.3668168441,43140.7863408752,2.9492549348,3.0346947671,0.0911223852
448,41.1522846667,89656.3649263545,43140.8774436476,2.9588626071,3.0406606597,0.0908070144
449,41.2430916811,89656.3672917559,43140.9682198490,2.9761497838,3.0428031553,0.0907027764
450,41.3337944575,89656.3746016520,43141.0586275868,3.0021069054,3.0420511742,0.0908490465
451,41.4246435040,89656.3865636727,43141.1486856753,3.0362245729,3.0397373356,0.0911642646
452,41.5158077686,89656.4025813353,43141.2384317483,3.0771587082,3.0368229946,0.0915670659
453,41.6073748345,89656.4220580644,43141.3279034455,3.1231473455,3.0336763443,0.0919886896
454,41.6993635240,89656.4443972847,43141.4171384063,3.1722168142,3.0302655779,0.0923731446
455,41.7917366687,89656.4690024210,43141.5061742706,3.2224193651,3.0263855428,0.0926769033
456,41.8844135720,89656.4952768979,43141.5950486778,3.2720401979,3.0218529055,0.0928683954
457,41.9772819673,89656.5226241401,43141.6837992677,3.3197317449,3.0166334728,0.0929275059
458,42.0702094733,89656.5504475723,43141.7724636798,3.3645593463,3.0108952518,0.0928464656
459,42.1630559389,89656.5781558933,43141.8610792266,3.3903183887,3.0049966670,0.0926852765
460,42.2557412154,89656.6054072166,43141.9496677465,3.4035938883,2.9992026551,0.0925290720
461,42.3482702874,89656.6322119655,43142.0382292200,3.4156620448,2.9935278423,0.0923837471
462,42.4406540344,89656.6586071889,43142.1267619761,3.4267531409,2.9880085208,0.0922488612
463,42.5329028956,89656.6846299358,43142.2152643435,3.4371005466,2.9826924060,0.0921240124
464,42.6250269080,89656.7103172550,43142.3037346510,3.4469109173,2.9776172734,0.0920088383
465,42.7170357463,89656.7357061955,43142.3921712272,3.4563518778,2.9728022540,0.0919030161
466,42.8089387624,89656.7608338061,43142.4805724011,3.4655519105,2.9682474003,0.0918062637
467,42.9007450261,89656.7857371357,43142.5689365014,3.4746068187,2.9639373294,0.0917183401
468,42.9924633661,89656.8104532333,43142.6572618569,3.4835883462,2.9598459553,0.0916390456
469,43.0841024117,89656.8350191478,43142.7455467964,3.4925523594,2.9559407366,0.0915682228
470,43.1756706345,89656.8594719280,43142.8337896485,3.5015453298,2.9521858346,0.0915057560
471,43.2671763905,89656.8838486230,43142.9219887422,3.5106088843,2.9485441882,0.0914515724
472,43.3586279628,89656.9081862814,43143.0101424061,3.5197827217,2.9449787536,0.0914056417
473,43.4500336045,89656.9325219524,43143.0982489692,3.5291063432,2.9527118813,0.0913679765
474,43.5414015810,89656.9568926848,43143.1863067600,3.5386200144,2.9661176794,0.0913386324
475,43.6327402134,89656.9813355274,43143.2743141075,3.5483652731,2.9792632583,0.0913177079
476,43.7240579213,89657.0058875292,43143.3622693404,3.5372786883,2.9921154677,0.0913053447
477,43.8153632660,89657.0305857392,43143.4501707874,3.5261532144,3.0046429040,0.0913017270
478,43.9066649930,89657.0554672061,43143.5380167774,3.5150872795,3.0168156401,0.0913070821
479,43.9979720751,89657.0805689790,43143.6258056391,3.5041261090,3.0286047502,0.0913216797
480,44.0892937548,89657.1059281066,43143.7135357014,3.4933150022,3.0564677546,0.0913458316
481,44.1806395864,89657.1315816380,43143.8012052929,3.4826980351,3.0945891466,0.0913798918
482,44.2720194781,89657.1575666220,43143.8888127425,3.4723161212,3.1316525398,0.0914242554
483,44.3634437335,89657.1839201075,43143.9763563789,3.4622041932,3.1675367855,0.0914793588
484,44.4549230924,89657.2106791435,43144.0638345309,3.4523882305,3.2020500772,0.0915456785
485,44.5464687709,89657.2378807788,43144.1512455274,3.4428840043,3.2348923561,0.0916237308
486,44.6380925017,89657.2655620624,43144.2385876970,3.4337014236,3.2656176883,0.0917140707
487,44.7298065725,89657.2937600430,43144.3258593685,3.4248609262,3.2936136361,0.0918172913
488,44.8216238638,89657.3225117698,43144.4130588708,3.4146899011,3.3181253639,0.0919340227
489,44.9135578865,89657.3518542915,43144.5001845326,3.3979515282,3.3383560915,0.0920649306
490,45.0056228170,89657.3818246570,43144.5872346827,3.3814130482,3.3536634235,0.0922107156
491,45.0978335326,89657.4124599154,43144.6742076498,3.3656239698,3.3638354966,0.0923721114
492,45.1902056441,89657.4437971153,43144.7611017628,3.3515564666,3.3693740906,0.0925151568
493,45.2827208008,89657.4759804224,43144.8478386580,3.3407230089,3.3715219524,0.0922718928
494,45.3749926936,89657.5103914919,43144.9334539632,3.3193035265,3.3707560341,0.0915916987
495,45.4665843923,89657.5492066998,43145.0164143086,3.2916053934,3.3670095967,0.0909164936
496,45.5575008859,89657.5945964554,43145.0951898053,3.2770039468,3.3600571781,0.0908730671
497,45.6483739530,89657.6473703332,43145.1691683978,3.2769737064,3.3504854361,0.0914334523
498,45.7398074053,89657.7060927365,43145.2392523158,3.2892628943,3.3403445167,0.0921546846
499,45.8319620899,89657.7691181326,43145.3064853831,3.2963680763,3.3307743688,0.0927081678
500,45.9246702577,89657.8348009890,43145.3719114234,3.2868231877,3.3222303546,0.0928949768
501,46.0175652346,89657.9014957729,43145.4365742607,3.2823587643,3.3150480375,0.0926610712
502,46.1102263057,89657.9676475671,43145.5014588832,3.2797876308,3.3097550112,0.0923017479
503,46.2025280536,89658.0328104386,43145.5668302289,3.2775853426,3.3060472446,0.0920064611
504,46.2945345147,89658.0972812369,43145.6324709560,3.2754720808,3.3031947833,0.0917703909
505,46.3863049056,89658.1613704780,43145.6981548491,3.2734898662,3.3007793677,0.0915897946
506,46.4778947002,89658.2253886779,43145.7636556930,3.2719017911,3.2985836336,0.0914656354
507,46.5693603355,89658.2896463526,43145.8287472723,3.2711329823,3.2965031707,0.0914036228
508,46.6607639583,89658.3544540181,43145.8932033717,3.2717390371,3.2945000703,0.0914142062
509,46.7521781645,89658.4201221905,43145.9567977758,3.2743861685,3.2925799002,0.0915125114
510,46.8436906759,89658.4869613856,43146.0193042694,3.2798293988,3.2907741371,0.0917179840
511,46.9354086599,89658.5552817939,43146.0804966742,3.2759296726,3.2891199599,0.0919891952
512,47.0273978551,89658.6252985049,43146.1401596628,3.2566589067,3.2877155157,0.0921879210
513,47.1195857761,89658.6969999204,43146.1981037719,3.2409081476,3.2868064022,0.0923005996
514,47.2118863757,89658.7703413881,43146.2541433097,3.2293148778,3.2900595184,0.0923366576
515,47.3042230333,89658.8452782556,43146.3080925844,3.2224596989,3.2916215026,0.0923064851
516,47.3965295184,89658.9217658705,43146.3597659041,3.2208374219,3.2920477124,0.0922215134
517,47.4887510318,89658.9997595804,43146.4089775770,3.2248226398,3.2918395080,0.0920942913
518,47.5808453231,89659.0792147329,43146.4555419111,3.2346251026,3.2922955247,0.0919385559
519,47.6727838790,89659.1600866758,43146.4992732148,3.2502405229,3.2931901010,0.0917692928
520,47.7645531718,89659.2423307566,43146.5399857961,3.2714135075,3.2918398334,0.0916036685
521,47.8561568403,89659.3259014412,43146.5774980975,3.2954180240,3.2890002499,0.0915125433
522,47.9476693836,89659.4106884314,43146.6119322648,3.3184776942,3.2872705966,0.0915536263
523,48.0392230099,89659.4964735516,43146.6439163178,3.3443545058,3.2850559717,0.0916754019
524,48.1308984118,89659.5830284120,43146.6741261744,3.3715140350,3.2824729075,0.0918326411
525,48.2227310529,89659.6701246231,43146.7032377526,3.3985855545,3.2796726495,0.0919969269
526,48.3147279798,89659.7575337951,43146.7319269706,3.4244599576,3.2769191161,0.0921565940
527,48.4068845738,89659.8450276833,43146.7608692811,3.4483237662,3.2746219799,0.0923112330
528,48.4991958068,89659.9324396215,43146.7905427843,3.4698300099,3.2731207295,0.0924541008
529,48.5916499077,89660.0197599224,43146.8209224785,3.4893354047,3.2723271439,0.0925814630
530,48.6842313707,89660.1070035491,43146.8519043586,3.5073630854,3.2721246938,0.0926913194
531,48.7769226901,89660.1941854650,43146.8833844193,3.5244360774,3.2724156452,0.0927820269
532,48.8697047170,89660.2813206335,43146.9152586554,3.5410225176,3.2731009639,0.0928522946
533,48.9625570116,89660.3684240180,43146.9474230617,3.5575123263,3.2740742678,0.0929011789
534,49.0554581905,89660.4555105817,43146.9797736330,3.5742179159,3.2752243986,0.0929280803
535,49.1483862708,89660.5425952879,43147.0122063641,3.5913886510,3.2764411130,0.0929327413
536,49.2413190120,89660.6296931001,43147.0446172497,3.6099814004,3.2776203776,0.0929152448
537,49.3342342568,89660.7168189816,43147.0769022846,3.6295199366,3.3102450277,0.0928760146
538,49.4271102714,89660.8039878957,43147.1089574637,3.6501148930,3.3458014200,0.0928158168
539,49.5199260882,89660.8912148058,43147.1406787817,3.6719403846,3.3794099663,0.0927357619
540,49.6126618502,89660.9785146752,43147.1719622334,3.6951795288,3.4109463184,0.0926373086
541,49.7052991588,89661.0659024672,43147.2027038136,3.7200300807,3.4403154203,0.0925222681
542,49.7978214269,89661.1533931451,43147.2327995170,3.7467084285,3.4674478890,0.0923928098
543,49.8902142366,89661.2410016724,43147.2621453385,3.7754526938,3.4922984281,0.0922514664
544,49.9824657031,89661.3287430124,43147.2906372728,3.8065254409,3.5148454095,0.0921011410
545,50.0745668441,89661.4166321284,43147.3181713147,3.8402163495,3.5350909621,0.0919451122
546,50.1665119563,89661.5046839837,43147.3446434591,3.8608611764,3.5530612255,0.0917870403
547,50.2582989965,89661.5929135417,43147.3699497007,3.8537468632,3.5688067507,0.0916309720
548,50.3499299686,89661.6813357658,43147.3939860342,3.8485009596,3.5824027995,0.0914813435
549,50.4414113121,89661.7699656191,43147.4166484545,3.8454210815,3.5939494591,0.0913429817
550,50.5327542937,89661.8588180653,43147.4378329563,3.8448223188,3.6035714374,0.0912211026
551,50.6239753963,89661.9479080674,43147.4574355345,3.8470369367,3.6114173709,0.0911213064
552,50.7150967027,89662.0372505890,43147.4753521838,3.8524130304,3.6176581946,0.0910495679
553,50.8061462706,89662.1268605933,43147.4914788990,3.8570621044,3.6224839450,0.0910122219
554,50.8971584925,89662.2167530436,43147.5057116749,3.8256553991,3.6260985730,0.0910159431
555,50.9881744356,89662.3069429034,43147.5179465063,3.7976850626,3.6287125168,0.0910677186
556,51.0792421543,89662.3974451359,43147.5280793879,3.7734906683,3.6305330554,0.0911748140
557,51.1704169682,89662.4882747045,43147.5360063146,3.7533932490,3.6317523044,0.0913447308
558,51.2617616990,89662.5794465726,43147.5416232811,3.7376845003,3.6325329678,0.0915671507
559,51.3533288497,89662.6709572841,43147.5448377417,3.7053274192,3.6330014726,0.0917601868
560,51.4450890364,89662.7627141989,43147.5456126357,3.6741862593,3.6332661138,0.0918989706
561,51.5369880071,89662.8545977214,43147.5439276729,3.6481158775,3.6333540841,0.0919848757
562,51.6289728828,89662.9464882500,43147.5397625663,3.6271474259,3.6331662337,0.0920196632
563,51.7209925460,89663.0382661832,43147.5330970293,3.6112037848,3.6324535318,0.0920054843
564,51.8129980302,89663.1298119197,43147.5239107750,3.5983987507,3.6308147060,0.0919448909
565,51.9049429211,89663.2210058579,43147.5121835166,3.5878725028,3.6277303158,0.0918429805
566,51.9967859016,89663.3117325146,43147.4979074237,3.5816883403,3.6226510693,0.0917597659
567,52.0885456675,89663.4020091213,43147.4814760840,3.5790159872,3.6154973791,0.0917286764
568,52.1802743439,89663.4920109566,43147.4637611267,3.5785621944,3.6068350247,0.0917151350
569,52.2719894789,89663.5819225329,43147.4456621087,3.5790891149,3.5974655096,0.0917073035
570,52.3636967824,89663.6719283620,43147.4280785869,3.5794642276,3.5883768657,0.0917209208
571,52.4554177032,89663.7622129561,43147.4119101180,3.5786542955,3.5806607253,0.0917909301
572,52.5472086334,89663.8529294104,43147.3979065550,3.5689843363,3.5790630918,0.0918174342
573,52.6390260676,89663.9438048216,43147.3847878331,3.5550882853,3.5814626368,0.0916860129
574,52.7307120805,89664.0342595338,43147.3698121863,3.5434242595,3.5820740678,0.0915703818
575,52.8222824624,89664.1237444054,43147.3503804444,3.5367481690,3.5780648058,0.0916863183
576,52.9139687806,89664.2122657418,43147.3264983599,3.5351362465,3.5691854389,0.0918446280
577,53.0058134087,89664.3002562783,43147.3001715450,3.5365923197,3.5572482432,0.0918731947
578,53.0976866034,89664.3881596529,43147.2734567431,3.5390560128,3.5442561315,0.0917447853
579,53.1894313886,89664.4764195035,43147.2484106978,3.5404581013,3.5322374618,0.0915800155
580,53.2810114042,89664.5654486870,43147.2269466876,3.5388215455,3.5234285437,0.0915675966
581,53.3725790008,89664.6552969932,43147.2092858090,3.5340779368,3.5185435768,0.0916732550
582,53.4642522557,89664.7457774644,43147.1945457277,3.5289268730,3.5169243144,0.0918071509
583,53.5560594067,89664.8366990833,43147.1818251863,3.5216582811,3.5177381081,0.0919070195
584,53.6479664262,89664.9278708323,43147.1702229270,3.5129049731,3.5200292006,0.0919385321
585,53.7399049582,89665.0191016939,43147.1588376925,3.5033961862,3.5228069228,0.0918950050
586,53.8317999632,89665.1102006506,43147.1467682251,3.4940431143,3.5251166746,0.0917973107
587,53.9235972739,89665.2009766847,43147.1331132673,3.4859286892,3.5260459282,0.0916944155
588,54.0152916894,89665.2912409357,43147.1169815954,3.4802080182,3.5246832318,0.0916623403
589,54.1069540298,89665.3809418279,43147.0981206683,3.4773571229,3.5207017334,0.0917007811
590,54.1986548108,89665.4702452361,43147.0772895731,3.4767248960,3.5147251513,0.0917558297
591,54.2904106405,89665.5593362956,43147.0553370015,3.4774738338,3.5074283805,0.0917950713
592,54.3822057118,89665.6484001416,43147.0331116453,3.4813345770,3.4995193692,0.0918107973
593,54.4740165091,89665.7376219094,43147.0114621962,3.4858918308,3.4917993579,0.0918173001
594,54.5658338092,89665.8271527576,43146.9910993912,3.4890114469,3.4850374835,0.0918210070
595,54.6576548163,89665.9169798834,43146.9720682378,3.4907272846,3.4793894713,0.0918140712
596,54.7494688875,89666.0070410898,43146.9542131889,3.4912940564,3.4748389379,0.0917900332
597,54.8412589207,89666.0972741697,43146.9373786565,3.4909438705,3.4713700514,0.0917433380
598,54.9330022587,89666.1876169161,43146.9214090529,3.4898670831,3.4689046221,0.0916693237
599,55.0246715824,89666.2780071219,43146.9061487903,3.4882134178,3.4673123899,0.0915642191
600,55.1162358015,89666.3683825890,43146.8914422899,3.4861058128,3.4664227293,0.0914399148
601,55.2076757163,89666.4586989366,43146.8771518952,3.4836363527,3.4660624896,0.0913404566
602,55.2990161729,89666.5489668330,43146.8631953231,3.4808356662,3.4661141696,0.0912738843
603,55.3902900572,89666.6392075453,43146.8495009521,3.4777324393,3.4664750563,0.0912396333
604,55.4815296905,89666.7294423407,43146.8359971605,3.4743682944,3.4670500661,0.0912372872
605,55.5727669777,89666.8196924863,43146.8226123266,3.4707975949,3.4677531724,0.0912665789
606,55.6640335566,89666.9099792493,43146.8092748287,3.4670866380,3.4685068892,0.0913273924
607,55.7553609490,89667.0003238969,43146.7959130452,3.4633132731,3.4692407583,0.0914197621
608,55.8467807111,89667.0907476961,43146.7824553543,3.4679634878,3.4698890455,0.0915438729
609,55.9383245840,89667.1812719141,43146.7688301345,3.4733865389,3.4703876193,0.0917000582
610,56.0300246422,89667.2719178181,43146.7549657640,3.4789833439,3.4706708244,0.0918887983
611,56.1219134405,89667.3627066752,43146.7407906212,3.4846981005,3.4706717257,0.0921107168
612,56.2140241573,89667.4536597525,43146.7262330844,3.4904448837,3.4703334246,0.0923665778
613,56.3063907351,89667.5447983172,43146.7112215319,3.4961450557,3.4696435398,0.0926572805
614,56.3990480155,89667.6361436365,43146.6956843421,3.5018099561,3.4687041469,0.0929838546
615,56.4920318701,89667.7277169775,43146.6795498933,3.5076731381,3.4678394772,0.0932978871
616,56.5853297572,89667.8195191055,43146.6629106318,3.5141880824,3.4678784035,0.0932974253
617,56.6786271825,89667.9114256214,43146.6468606501,3.5213288245,3.4710504420,0.0928985283
618,56.7715257107,89668.0032649008,43146.6328719650,3.5291948570,3.4803437569,0.0921950160
619,56.8637207268,89668.0948652324,43146.6224172902,3.5381319903,3.4990627837,0.0913522662
620,56.9550729929,89668.1860549049,43146.6169693396,3.5482056728,3.5301689284,0.0906131731
621,57.0456861660,89668.2766622068,43146.6180008269,3.5585040568,3.5752279110,0.0903014570
622,57.1359876230,89668.3665186389,43146.6269548623,3.5665716068,3.6345524255,0.0906820155
623,57.2266696384,89668.4556067867,43146.6438820548,3.5696315633,3.7053462323,0.0914518342
624,57.3181214726,89668.5441221796,43146.6668703825,3.5657046875,3.7814112193,0.0921932877
625,57.4103147604,89668.6322763891,43146.6938599665,3.5528151487,3.8558363695,0.0926380579
626,57.5029528183,89668.7202809868,43146.7227909283,3.5299276356,3.9223413240,0.0926600046
627,57.5956128229,89668.8083475443,43146.7516033893,3.4976799983,3.9763120543,0.0922699450
628,57.6878827679,89668.8966864853,43146.7782487315,3.4585124151,4.0150748205,0.0917314079
629,57.7796141758,89668.9854259082,43146.8014859003,3.4154415870,4.0332164926,0.0913312750
630,57.8709454508,89669.0745579082,43146.8214079573,3.3708417542,4.0427258042,0.0910715857
631,57.9620170364,89669.1640618415,43146.8382329280,3.3270299331,4.0463931360,0.0909310147
632,58.0529480511,89669.2539170641,43146.8521788381,3.3068744588,4.0467162227,0.0908891587
633,58.1438372099,89669.3441029320,43146.8634637132,3.3303314965,4.0455805848,0.0909267890
634,58.2347639988,89669.4345988013,43146.8723055787,3.3580653784,4.0441907759,0.0910260431
635,58.3257900419,89669.5253840281,43146.8789224602,3.3893415648,4.0431689995,0.0911705624
636,58.4169606043,89669.6164379685,43146.8835323833,3.4233462892,4.0427241154,0.0913455801
637,58.5083061844,89669.7077399784,43146.8863533736,3.4592601467,4.0428195734,0.0915379718
638,58.5998441563,89669.7992694140,43146.8876034567,3.4963036837,4.0433048813,0.0917362749
639,58.6915804312,89669.8910056313,43146.8875006581,3.5381812795,4.0440033040,0.0919306867
640,58.7835111179,89669.9829279864,43146.8862630034,3.5849010812,4.0447631736,0.0921130486
641,58.8756241665,89670.0750158354,43146.8841085181,3.6303007709,4.0454844693,0.0922768227
642,58.9679009892,89670.1672485342,43146.8812552278,3.6738117653,4.0461308168,0.0924170649
643,59.0603180541,89670.2596054390,43146.8779211581,3.7149316230,4.0467338154,0.0925304008
644,59.1528484548,89670.3520659059,43146.8743243345,3.7532249671,4.0473939198,0.0926150042
645,59.2454634590,89670.4446092908,43146.8706827827,3.7883258569,4.0482801395,0.0926705826
646,59.3381340416,89670.5372149499,43146.8672145282,3.8199402470,4.0496297669,0.0926983696
647,59.4308324112,89670.6298622391,43146.8641375965,3.8478475055,4.0517488988,0.0927011233
648,59.5235335345,89670.7225305147,43146.8616700132,3.8719002482,4.0550145306,0.0926831324
649,59.6162166669,89670.8151991326,43146.8600298039,3.8920220275,4.0598793963,0.0926502256
650,59.7088668926,89670.9078474489,43146.8594349942,3.9082037443,4.0668813417,0.0926097844
651,59.8014766769,89671.0004548197,43146.8601036096,3.9213773519,4.0766600878,0.0925707536
652,59.8940474305,89671.0930006010,43146.8622536757,3.9306357467,4.0752293049,0.0925436473
653,59.9865910779,89671.1854641488,43146.8661032180,3.9359455656,4.0539937719,0.0925405439
654,60.0791316217,89671.2778248194,43146.8718702622,3.9376096454,4.0355554397,0.0925750632
655,60.1717066849,89671.3700619686,43146.8797728338,3.9361115739,4.0209510124,0.0926623213
656,60.2643690063,89671.4621549526,43146.8900289583,3.9322012194,4.0114522787,0.0928188520
657,60.3571878583,89671.5540831274,43146.9028566614,3.9277961020,4.0085848194,0.0930593996
658,60.4502472579,89671.6458221713,43146.9184771504,3.9243718255,4.0140547041,0.0931986658
659,60.5434459237,89671.7370938012,43146.9373313508,3.9226528185,4.0126536376,0.0929729242
660,60.6364188478,89671.8272056542,43146.9602184341,3.9231406123,3.9518711395,0.0924836713
661,60.7289025192,89671.9154272467,43146.9879705526,3.9254901035,3.9045516116,0.0919040875
662,60.8208066067,89672.0010280951,43147.0214198585,3.9280122396,3.8662192449,0.0914510371
663,60.9122576438,89672.0832777156,43147.0613985041,3.9274734349,3.8199630907,0.0913855930
664,61.0036432368,89672.1614545360,43147.1087240931,3.9195264004,3.7923867710,0.0918330737
665,61.0954763106,89672.2358394129,43147.1625776308,3.9016039351,3.7809137771,0.0921060587
666,61.1875823692,89672.3086205639,43147.2190261037,3.8758530477,3.7837501566,0.0917209944
667,61.2793033636,89672.3821999359,43147.2737875576,3.8466915642,3.7925936944,0.0909785781
668,61.3702819417,89672.4589235536,43147.3226811988,3.8201630207,3.7971891633,0.0907850116
669,61.4610669533,89672.5396445205,43147.3642268826,3.8015500871,3.7956523893,0.0912070110
670,61.5522739643,89672.6235982560,43147.3998708042,3.7931977565,3.7889750675,0.0918511530
671,61.6441251173,89672.7099392547,43147.4312055493,3.7911492033,3.7775934516,0.0924249840
672,61.7365501013,89672.7978220113,43147.4598237037,3.7937528375,3.7615168331,0.0927478792
673,61.8292979805,89672.8864010204,43147.4873178530,3.7989358732,3.7409793168,0.0927455447
674,61.9220435252,89672.9748307766,43147.5152805829,3.8047007857,3.7170447078,0.0924462721
675,62.0144897973,89673.0622657747,43147.5453044792,3.8094192216,3.6918419921,0.0919971085
676,62.1064869058,89673.1479268315,43147.5788552068,3.8119447381,3.6682195329,0.0916839885
677,62.1981708943,89673.2316572821,43147.6162071194,3.8125365274,3.6480649819,0.0915641575
678,62.2897350518,89673.3136412492,43147.6569824073,3.8119321478,3.6324218243,0.0915853590
679,62.3813204108,89673.3940663357,43147.7007965994,3.8104142978,3.6218723722,0.0916997161
680,62.4730201269,89673.4731201449,43147.7472652252,3.8077831913,3.6164176479,0.0918651617
681,62.5648852886,89673.5509902799,43147.7960038137,3.8035003189,3.6155444053,0.0920457453
682,62.6569310340,89673.6278643438,43147.8466278943,3.7969127644,3.6184012826,0.0922117190
683,62.7491427530,89673.7039299397,43147.8987529962,3.7874708331,3.6239958926,0.0923394877
684,62.8414822407,89673.7793746708,43147.9519946486,3.7748828240,3.6313542874,0.0924114944
685,62.9338937351,89673.8543861401,43148.0059683807,3.7591872696,3.6394892073,0.0924160947
686,63.0263098298,89673.9291519509,43148.0602897217,3.7407509254,3.6405398157,0.0923474601
687,63.1186572899,89674.0038597062,43148.1145742010,3.7202131481,3.6417924680,0.0922086948
688,63.2108659847,89674.0786889851,43148.1684539042,3.6983816052,3.6427210320,0.0920528712
689,63.3029188559,89674.1536928317,43148.2218220040,3.6758603704,3.6431523628,0.0919191544
690,63.3948380103,89674.2288234641,43148.2747797139,3.6530275535,3.6431780274,0.0918071051
691,63.4866451154,89674.3040303012,43148.3274340224,3.6425530278,3.6429112765,0.0917156148
692,63.5783607302,89674.3792627618,43148.3798919184,3.6450280318,3.6424697494,0.0916440147
693,63.6700047449,89674.4544702650,43148.4322603907,3.6475374218,3.6419722887,0.0915920795
694,63.7615968243,89674.5296022297,43148.4846464280,3.6499570123,3.6415393908,0.0915600293
695,63.8531568536,89674.6046080748,43148.5371570190,3.6521741059,3.6412936420,0.0915485309
696,63.9447053846,89674.6794372192,43148.5898991526,3.6540849348,3.6413582661,0.0915586965
697,64.0362640811,89674.7540390819,43148.6429798175,3.6555897364,3.6418539091,0.0915918645
698,64.1278559455,89674.8283641346,43148.6965041688,3.6565892684,3.6428930314,0.0916393784
699,64.2194953239,89674.9024112435,43148.7504930690,3.6570750895,3.6444832394,0.0916860857
700,64.3111814096,89674.9762468404,43148.8048496964,3.6571665091,3.6464896743,0.0917291895
701,64.4029105991,89675.0499423780,43148.8594684839,3.6569877235,3.6487636784,0.0917674631
702,64.4946780622,89675.1235693092,43148.9142438641,3.6566621594,3.6511583581,0.0918002120
703,64.5864782742,89675.1971990869,43148.9690702697,3.6563178308,3.6535345729,0.0918272518
704,64.6783055260,89675.2709031228,43149.0238421537,3.6560894363,3.6557660772,0.0918464674
705,64.7701519934,89675.3447479830,43149.0784563477,3.6561240343,3.6649437390,0.0918538879
706,64.8620058813,89675.4187908987,43149.1328142666,3.6565745761,3.6755222752,0.0918501591
707,64.9538560403,89675.4930880392,43149.1868178466,3.6576067397,3.6851943255,0.0918368811
708,65.0456929215,89675.5676955734,43149.2403690237,3.6593997833,3.6939219144,0.0918160692
709,65.1375089907,89675.6426696706,43149.2933697342,3.6621428751,3.7016938739,0.0917901553
710,65.2292991460,89675.7180664999,43149.3457219141,3.6660285935,3.7085225306,0.0917619907
711,65.3210611367,89675.7939422303,43149.3973274998,3.6712427462,3.7144379659,0.0917348475
712,65.4127959842,89675.8703530311,43149.4480884273,3.6779501541,3.7194782715,0.0917124191
713,65.5045084032,89675.9473550714,43149.4979066328,3.6862772733,3.7236751738,0.0916988200
714,65.5962072232,89676.0250045203,43149.5466840525,3.6962944568,3.7270361750,0.0916985830
715,65.6879058062,89676.1033575469,43149.5943226225,3.6969386884,3.7295266992,0.0917166315
716,65.7796224378,89676.1824698119,43149.6407251012,3.6984624160,3.7310584247,0.0917531302
717,65.8713755680,89676.2623289796,43149.6859041919,3.7016875022,3.7316150319,0.0917935684
718,65.9631691363,89676.3427870216,43149.7300920033,3.7061935438,3.7313911795,0.0918256584
719,66.0549947947,89676.4236797999,43149.7735466918,3.7115171743,3.7305874835,0.0918408963
720,66.1468356911,89676.5048431765,43149.8165264141,3.7172149799,3.7294076632,0.0918338341
721,66.2386695252,89676.5861130135,43149.8592893267,3.7228915759,3.7280833474,0.0918020667
722,66.3304715919,89676.6673251728,43149.9020935862,3.7282148760,3.7268885509,0.0917462269
723,66.4222178188,89676.7483155165,43149.9451973491,3.7329154830,3.7261408385,0.0916699926
724,66.5138878114,89676.8289199066,43149.9888587720,3.7367669090,3.7261926352,0.0915801045
725,66.6054679159,89676.9089742051,43150.0333360114,3.7395636475,3.7274219551,0.0914864143
726,66.6969543302,89676.9883143600,43150.0788871236,3.7411095256,3.7302340852,0.0914360937
727,66.7883904239,89677.0669071087,43150.1256176177,3.7414214965,3.7348874389,0.0915300884
728,66.8799205123,89677.1451133699,43150.1731732462,3.7411659632,3.7374477581,0.0917717739
729,66.9716922862,89677.2233680255,43150.2211134939,3.7412430068,3.7265755282,0.0921551579
730,67.0638474441,89677.3021059578,43150.2689978458,3.7427672580,3.7154854059,0.0926150206
731,67.1564624647,89677.3815596958,43150.3165861378,3.7468764028,3.7044327220,0.0927971516
732,67.2492596162,89677.4609393141,43150.3646505482,3.7536182638,3.6954709219,0.0926148565
733,67.3418744728,89677.5391326952,43150.4142822598,3.7627358000,3.6913873138,0.0921646019
734,67.4340390747,89677.6150276013,43150.4665725752,3.7736793931,3.6949262642,0.0916213112
735,67.5256603858,89677.6875117944,43150.5226127966,3.7849514231,3.6737273120,0.0912429665
736,67.6169033524,89677.7554730367,43150.5834942263,3.7934502949,3.6358457658,0.0913694394
737,67.7082727918,89677.8178167097,43150.6502897418,3.7942484890,3.6124492810,0.0921568506
738,67.8004296424,89677.8745745482,43150.7228943758,3.7827661654,3.6028974275,0.0930113702
739,67.8934410126,89677.9275651207,43150.7993346415,3.7571679346,3.6033880292,0.0934174007
740,67.9868584133,89677.9787655940,43150.8774712033,3.7176831726,3.6100504454,0.0931502163
741,68.0800086296,89678.0301531351,43150.9551647256,3.6674876974,3.6196939870,0.0922468272
742,68.1722554568,89678.0837049109,43151.0302758728,3.6126447382,3.6297166415,0.0910119525
743,68.2632674092,89678.1413980884,43151.1006653093,3.5608514307,3.6373220745,0.0900432967
744,68.3533107060,89678.2052098345,43151.1641936994,3.5197100814,3.6384717519,0.0902130731
745,68.4435237791,89678.2768618337,43151.2190060115,3.4950317397,3.6277512769,0.0915263644
746,68.5350501435,89678.3549930136,43151.2666777444,3.4863783494,3.6032705867,0.0925419255
747,68.6275920689,89678.4361985314,43151.3110587295,3.4893774352,3.5668225400,0.0925101089
748,68.7201021778,89678.5170369286,43151.3560395453,3.4996826088,3.5225427009,0.0915478051
749,68.8116499829,89678.5940669017,43151.4055105858,3.5135175097,3.4725697386,0.0906627724
750,68.9023127553,89678.6646694783,43151.4623877735,3.5285929553,3.4244695165,0.0906854529
751,68.9929982082,89678.7289678953,43151.5263374798,3.5461079413,3.3866866334,0.0913565421
752,69.0843547503,89678.7876562941,43151.5963495477,3.5663039447,3.3621281818,0.0923370406
753,69.1766917910,89678.8414288158,43151.6714138200,3.5870438259,3.3515976737,0.0933439351
754,69.2700357261,89678.8909796020,43151.7505201397,3.6041645565,3.3536930217,0.0941531716
755,69.3641888977,89678.9370027938,43151.8326583497,3.6125805696,3.3654336745,0.0945951879
756,69.4587840856,89678.9801925326,43151.9168182929,3.6076974226,3.3717802500,0.0945480052
757,69.5533320908,89679.0212429597,43152.0019898123,3.5866710712,3.3711874782,0.0939397603
758,69.6472718511,89679.0608538003,43152.0871699735,3.5491936413,3.3739915311,0.0930307473
759,69.7403025984,89679.0999156534,43152.1716027372,3.4975501398,3.3780165467,0.0921880112
760,69.8324906096,89679.1395528943,43152.2548344531,3.4361792242,3.3815825712,0.0914754130
761,69.9239660226,89679.1809041736,43152.3364299363,3.3709801039,3.3832921205,0.0909838876
762,70.0149499102,89679.2251081420,43152.4159540017,3.3498403832,3.3817267556,0.0908541538
763,70.1058040640,89679.2733034501,43152.4929714644,3.3412222302,3.3752817036,0.0912249080
764,70.1970289720,89679.3261736549,43152.5673134126,3.3396052792,3.3627855869,0.0917665285
765,70.2887955005,89679.3815989721,43152.6404511592,3.3431759023,3.3465400695,0.0921014138
766,70.3808969142,89679.4363930994,43152.7144800322,3.3490896020,3.3220783691,0.0923019980
767,70.4731989123,89679.4878508541,43152.7911074314,3.3554563160,3.2988171775,0.0924279634
768,70.5656268756,89679.5351897871,43152.8704922778,3.3630961863,3.2809146965,0.0924771243
769,70.6581039999,89679.5781056334,43152.9524083852,3.3733125813,3.2707847278,0.0924746922
770,70.7505786921,89679.6162941280,43153.0366295677,3.3867380182,3.2706194401,0.0924504239
771,70.8430291161,89679.6494510059,43153.1229296392,3.4027823430,3.2818180227,0.0924387335
772,70.9354678496,89679.6772720021,43153.2110824136,3.4192321002,3.3002950730,0.0924787069
773,71.0279465565,89679.6994528515,43153.3008617049,3.4321501470,3.2718154243,0.0926186858
774,71.1205652424,89679.7157500061,43153.3920352960,3.4362473518,3.2561717019,0.0929100848
775,71.2134753272,89679.7269133487,43153.4842722931,3.4265523341,3.2509712602,0.0931985684
776,71.3066738956,89679.7345034127,43153.5771612811,3.3994293345,3.2528344609,0.0932954910
777,71.3999693865,89679.7401044180,43153.6702884918,3.3530736217,3.2587446349,0.0930967897
778,71.4930661762,89679.7453005843,43153.7632401572,3.2884237573,3.2665036093,0.0925821350
779,71.5856483113,89679.7516761313,43153.8556025095,3.2154130863,3.2748962429,0.0918152516
780,71.6774635629,89679.7608152787,43153.9469617806,3.1590360184,3.2834591697,0.0909479937
781,71.7684115566,89679.7743022464,43154.0369042026,3.1048941920,3.2918250326,0.0902263155
782,71.8586378721,89679.7937212541,43154.1250160074,3.0585322538,3.2988059285,0.0899929018
783,71.9486307739,89679.8206565214,43154.2108834270,3.0242930712,3.3016019186,0.0906123452
784,72.0392431191,89679.8562134890,43154.2942278879,3.0043980484,3.2961162452,0.0917548889
785,72.1309980080,89679.8986696532,43154.3755693518,2.9967951777,3.2801486204,0.0927119829
786,72.2237099909,89679.9452679103,43154.4557199239,2.9977373079,3.2529359027,0.0930905531
787,72.3168005440,89679.9932496135,43154.5354921448,3.0138776287,3.2154461873,0.0927644026
788,72.4095649466,89680.0398561162,43154.6156985554,3.0414946417,3.1710599510,0.0918615297
789,72.5014264762,89680.0823287719,43154.6971516963,3.0594880643,3.1252433041,0.0907759377
790,72.5922024139,89680.1179089336,43154.7806641082,3.0679949855,3.0844243947,0.0902035038
791,72.6824059177,89680.1441142910,43154.8669772089,3.0674329456,3.0543909292,0.0907352309
792,72.7731411487,89680.1618218894,43154.9559677876,3.0606838686,3.0410080638,0.0917998057
793,72.8649409544,89680.1741479814,43155.0469363084,3.0515637744,3.0374550772,0.0927879543
794,72.9577289087,89680.1842495066,43155.1391727635,3.0428994498,3.0390074729,0.0934481245
795,73.0511770332,89680.1952827981,43155.2319672593,3.0371278251,3.0416240054,0.0938924111
796,73.1450694443,89680.2095960099,43155.3247622852,3.0359618910,3.0422208808,0.0943357707
797,73.2394052149,89680.2271346154,43155.4174533578,3.0389325552,3.0404343401,0.0947587274
798,73.3341639423,89680.2473996219,43155.5100197984,3.0452993159,3.0365348417,0.0951187360
799,73.4292826783,89680.2698920365,43155.6024409281,3.0543421933,3.0308129410,0.0953816517
800,73.5246643300,89680.2941128664,43155.6946960683,3.0652602842,3.0234786410,0.0955213003
801,73.6201856303,89680.3195631187,43155.7867645399,3.1253798028,3.0146649477,0.0955190781
802,73.7157047085,89680.3457438006,43155.8786256644,3.1976927662,3.0045051401,0.0953636447
803,73.8110683532,89680.3721559192,43155.9702587628,3.2623803598,2.9932301892,0.0950507524
804,73.9061191056,89680.3983004818,43156.0616431564,3.3170954226,2.9812481963,0.0945832364
805,74.0007023421,89680.4236784955,43156.1527581663,3.3602127828,2.9691943005,0.0939711785
806,74.0946735206,89680.4477909675,43156.2435831138,3.3908589156,2.9579576119,0.0932322468
807,74.1879057674,89680.4701389049,43156.3340973200,3.4089176959,2.9486960546,0.0923921991
808,74.2802979665,89680.4902233149,43156.4242801062,3.4150275785,2.9428440934,0.0914855194
809,74.3717834859,89680.5075452047,43156.5141107936,3.4105644231,2.9421072288,0.0905561252
810,74.4623396110,89680.5216055814,43156.6035687033,3.3975815463,2.9484248952,0.0896580402
811,74.5519976513,89680.5319054522,43156.6926331566,3.3786679485,2.9638741025,0.0888558663
812,74.6408535176,89680.5379458243,43156.7812834747,3.3566914681,2.9904851011,0.0882248172
813,74.7290783348,89680.5392277049,43156.8694989787,3.3344226966,3.0299560986,0.0878500141
814,74.8169283490,89680.5352521010,43156.9572589899,3.3140895604,3.0832921834,0.0878247234
815,74.9047530724,89680.5255200199,43157.0445428294,3.2969695177,3.1504473086,0.0882472629
816,74.9930003353,89680.5095327619,43157.1313298502,3.2831492036,3.2300947413,0.0891567119
817,75.0821570472,89680.4871964542,43157.2176432828,3.2719437184,3.3157904414,0.0903058205
818,75.1724628677,89680.4596252331,43157.3036372883,3.2629638298,3.4034106316,0.0914382898
819,75.2639011575,89680.4281575678,43157.3894903423,3.2556033918,3.4899585197,0.0923847153
820,75.3562858728,89680.3941319278,43157.4753809206,3.2493104637,3.5703234384,0.0930406528
821,75.4493265256,89680.3588867824,43157.5614874988,3.2439477760,3.6405665032,0.0933610246
822,75.5426875502,89680.3237606010,43157.6479885525,3.2399514839,3.6983420682,0.0933566652
823,75.6360442154,89680.2900918529,43157.7350625574,3.2382970645,3.7429266223,0.0931321211
824,75.7291763365,89680.2590112193,43157.8228554170,3.2401286971,3.7751120975,0.0929387851
825,75.8221151216,89680.2306210547,43157.9113518369,3.2457320011,3.7975307991,0.0928257132
826,75.9149408348,89680.2047061760,43158.0004867464,3.2550545618,3.8132944012,0.0927746432
827,76.0077154780,89680.1810513081,43158.0901950607,3.2679053200,3.8251961519,0.0927687385
828,76.1004842164,89680.1594411761,43158.1804116945,3.2839180452,3.8354615956,0.0927927083
829,76.1932769247,89680.1396605048,43158.2710715630,3.3025767346,3.8456902803,0.0928328710
830,76.2861097957,89680.1214940194,43158.3621095811,3.3250057874,3.8569277358,0.0928771870
831,76.3789869827,89680.1047264448,43158.4534606638,3.3884537830,3.8697992948,0.0929152698
832,76.4719022524,89680.0891425060,43158.5450597260,3.4512525508,3.8846529830,0.0929383813
833,76.5648406337,89680.0745269281,43158.6368416828,3.5124591192,3.9016816720,0.0929394197
834,76.6577800534,89680.0606644360,43158.7287414492,3.5712462910,3.9210140789,0.0929129039
835,76.7506929573,89680.0473397547,43158.8206939401,3.6268947150,3.9427762434,0.0928549587
836,76.8435479160,89680.0343376093,43158.9126340704,3.6787848668,3.9671306822,0.0927633059
837,76.9363112219,89680.0214427247,43159.0044967553,3.7263926988,3.9943005437,0.0926372608
838,77.0289484826,89680.0084398260,43159.0962169096,3.7692897315,4.0245850591,0.0924777380
839,77.1214262207,89679.9951136381,43159.1877294483,3.8071466334,4.0583708478,0.0922872658
840,77.2137134864,89679.9812488860,43159.2789692865,3.8397388677,4.0961419372,0.0920700080
841,77.3057834944,89679.9666302948,43159.3698713391,3.8669531577,4.1384900590,0.0918317946
842,77.3976152890,89679.9510425894,43159.4603705211,3.8887937607,4.1861259059,0.0915801555
843,77.4891954445,89679.9342704949,43159.5504017474,3.9053883501,4.2398907627,0.0913243563
844,77.5805198008,89679.9160987363,43159.6398999331,3.9169923248,4.3007677214,0.0910754308
845,77.6715952316,89679.8963120385,43159.7287999932,3.9239900467,4.3698908687,0.0908462023
846,77.7624414339,89679.8746951265,43159.8170368426,3.9268909022,4.4485501569,0.0906512890
847,77.8530927228,89679.8510327254,43159.9045453962,3.9263174674,4.5381894071,0.0905070810
848,77.9435998039,89679.8251095602,43159.9912605692,3.9229826128,4.5125677677,0.0904316813
849,78.0340314852,89679.7967103558,43160.0771172764,3.9176540797,4.4166079541,0.0904447976
850,78.1244762828,89679.7656198373,43160.1620504329,3.9111079548,4.3263397387,0.0905675763
851,78.2150438591,89679.7316227297,43160.2459949536,3.9040759290,4.2429054990,0.0908223694
852,78.3058662285,89679.6945037580,43160.3288857536,3.8971936514,4.1672754302,0.0912230512
853,78.3970892797,89679.6540598303,43160.4106533131,3.8909645969,4.1002206422,0.0916470850
854,78.4887363647,89679.6102698603,43160.4911618637,3.8858296005,4.0196095203,0.0919866424
855,78.5807230071,89679.5632527207,43160.5702246929,3.8821134846,3.9489888790,0.0922359094
856,78.6729589165,89679.5131308755,43160.6476537806,3.8799149622,3.8884718515,0.0923932452
857,78.7653521617,89679.4600267893,43160.7232611068,3.8790678322,3.8379629315,0.0924583830
858,78.8578105447,89679.4040629261,43160.7968586516,3.8790948609,3.7971972449,0.0924324154
859,78.9502429601,89679.3453617503,43160.8682583951,3.8791689388,3.7657311523,0.0923178004
860,79.0425607604,89679.2840457260,43160.9372723172,3.8781134681,3.7429335390,0.0921183874
861,79.1346791479,89679.2202373177,43161.0037123979,3.8744773330,3.7280040786,0.0918823928
862,79.2265615407,89679.1541610200,43161.0675582826,3.8668841045,3.7198604769,0.0917568234
863,79.3183183641,89679.0864876068,43161.1295229805,3.8548882143,3.7230661529,0.0917051585
864,79.4100235226,89679.0180098366,43161.1905199565,3.8386457920,3.7303879731,0.0916777443
865,79.5017012669,89678.9495204706,43161.2514626800,3.8188665717,3.7375825737,0.0916726690
866,79.5933739359,89678.8818121726,43161.3132644973,3.7968534880,3.7433724979,0.0917102942
867,79.6850842301,89678.8155081437,43161.3766250041,3.7741449171,3.7471004157,0.0917543395
868,79.7768385696,89678.7507141346,43161.4415911122,3.7517939670,3.7491708394,0.0917902579
869,79.8686288275,89678.6874374782,43161.5080855947,3.7320296653,3.7502344865,0.0918145660
870,79.9604433935,89678.6256855074,43161.5760312246,3.7169622376,3.7508849381,0.0918238700
871,80.0522672635,89678.5654673161,43161.6453521632,3.7052027088,3.7515243062,0.0918112095
872,80.1440784730,89678.5069189872,43161.7160726792,3.6973921774,3.7520842596,0.0917858014
873,80.2358642744,89678.4503867873,43161.7883827319,3.6940968139,3.7518145393,0.0917812442
874,80.3276455186,89678.3962367193,43161.8624878391,3.6908240146,3.7494632839,0.0918380816
875,80.4194836002,89678.3448347858,43161.9385935187,3.6812307964,3.7433406000,0.0919992047
876,80.5114828049,89678.2965008793,43162.0168730636,3.6773765335,3.7315665733,0.0922125080
877,80.6036953129,89678.2507366943,43162.0969279573,3.6781562737,3.7133667669,0.0923165482
878,80.6960118611,89678.2063412721,43162.1778686242,3.6817492160,3.6893568800,0.0922295812
879,80.7882414423,89678.1620908209,43162.2587895314,3.6866100470,3.6610333097,0.0919458605
880,80.8801873028,89678.1167615487,43162.3387851459,3.6914933986,3.6308091034,0.0915343143
881,80.9717216171,89678.0691296638,43162.4169499348,3.6952303517,3.6017674413,0.0911406534
882,81.0628622705,89678.0179713742,43162.4923783653,3.6963534024,3.5771525756,0.0909891872
883,81.1538514578,89677.9620808091,43162.5641786224,3.6927877901,3.5598381961,0.0912636018
884,81.2451150596,89677.9013276326,43162.6322821948,3.6831267592,3.5507009078,0.0917135834
885,81.3368286430,89677.8372487553,43162.6978968186,3.6677080791,3.5479168388,0.0920467371
886,81.4288753801,89677.7715245258,43162.7623400298,3.6472644586,3.5497037217,0.0921241413
887,81.5209995214,89677.7058352930,43162.8269293640,3.6232626050,3.5744297265,0.0919546419
888,81.6129541633,89677.6418614055,43162.8929823570,3.5981212500,3.5928842121,0.0917026971
889,81.7046568604,89677.5811333985,43162.9616954841,3.5748519988,3.6041785578,0.0916119584
890,81.7962688188,89677.5238861105,43163.0332182003,3.5598216535,3.6096026768,0.0916791868
891,81.8879480055,89677.4696907083,43163.1071636644,3.5521955292,3.6112805597,0.0918301162
892,81.9797781217,89677.4181129769,43163.1831406864,3.5492814038,3.6109194996,0.0920013784
893,82.0717795001,89677.3687187013,43163.2607580759,3.5506148870,3.6096430022,0.0921411132
894,82.1639206133,89677.3210736663,43163.3396246428,3.5553377414,3.6080548744,0.0922088624
895,82.2561294756,89677.2747436570,43163.4193491970,3.5623872188,3.6064273236,0.0921752813
896,82.3483047569,89677.2292944583,43163.4995405482,3.5706840165,3.6049050525,0.0920295413
897,82.4403342982,89677.1843014151,43163.5798216950,3.5792775909,3.6036407631,0.0918597305
898,82.5321940287,89677.1394591290,43163.6599926340,3.5875831088,3.6026953116,0.0917299809
899,82.6239240095,89677.0945431818,43163.7399735510,3.5953111124,3.6021119091,0.0916427312
900,82.7155667408,89677.0493306988,43163.8196869223,3.6022910769,3.6020190454,0.0916009469
901,82.8071676877,89677.0035988052,43163.8990552245,3.6054465168,3.6025973960,0.0916090000
902,82.8987766877,89676.9571290503,43163.9780031236,3.6059372948,3.6040464462,0.0916519148
903,82.9904286025,89676.9099336717,43164.0565694632,3.6056075112,3.6063196913,0.0916956780
904,83.0821242805,89676.8623638068,43164.1349608231,3.6048709976,3.6090077252,0.0917322203
905,83.1738565008,89676.8147976679,43164.2133971838,3.6041630237,3.6116674105,0.0917619199
906,83.2656184207,89676.7676134676,43164.2920985254,3.6039117712,3.6138767276,0.0917914100
907,83.3574098307,89676.7211894180,43164.3712848284,3.6045433430,3.6152272789,0.0918333169
908,83.4492431475,89676.6758986084,43164.4511728791,3.6064907836,3.6153370222,0.0918776999
909,83.5411208474,89676.6316957220,43164.5317186212,3.6097345911,3.6143532414,0.0918675165
910,83.6329883639,89676.5878134587,43164.6124278992,3.6134733726,3.6133266594,0.0917875994
911,83.7247759633,89676.5434129552,43164.6927619436,3.6168943122,3.6134405289,0.0916586142
912,83.8164345775,89676.4976553486,43164.7721819851,3.6192142899,3.6158800197,0.0915338202
913,83.9079683977,89676.4497017756,43164.8501492544,3.6195899968,3.6144441597,0.0914962877
914,83.9994646854,89676.3989023347,43164.9262477923,3.6172417281,3.6162280871,0.0915729896
915,84.0910376750,89676.3455685479,43165.0006864892,3.6123184138,3.6216035110,0.0917002015
916,84.1827378765,89676.2903169445,43165.0738724666,3.6055256949,3.6295739174,0.0918224240
917,84.2745603005,89676.2337641776,43165.1462129262,3.6033352010,3.6390322652,0.0919022534
918,84.3664625539,89676.1765269000,43165.2181150697,3.6007860656,3.6488888309,0.0919202009
919,84.4583827548,89676.1192217649,43165.2899860989,3.5984587650,3.6581872406,0.0918745228
920,84.5502572776,89676.0624654253,43165.3622332154,3.5970275749,3.6661616939,0.0917816502
921,84.6420389279,89676.0068690913,43165.4352600527,3.5972502701,3.6722267134,0.0916923500
922,84.7337312779,89675.9527476091,43165.5092759443,3.5995737500,3.6762531563,0.0916447416
923,84.8253760195,89675.8999730330,43165.5841999244,3.6039003755,3.6786527009,0.0916315992
924,84.9170076188,89675.8483812011,43165.6599272831,3.6100317693,3.6798187928,0.0916438285
925,85.0086514472,89675.7978079513,43165.7363533108,3.6177030857,3.6800497149,0.0916735533
926,85.1003250005,89675.7480891217,43165.8133732976,3.6266048526,3.6795535553,0.0917141347
927,85.1920391352,89675.6990605504,43165.8908825337,3.6364234761,3.6784785660,0.0917601787
928,85.2837993140,89675.6505580752,43165.9687763095,3.6468855178,3.6769522145,0.0918075395
929,85.3756068534,89675.6024175343,43166.0469499152,3.6564802309,3.6751161444,0.0918533173
930,85.4674601707,89675.5544747656,43166.1252986409,3.6528640800,3.6731518751,0.0918958561
931,85.5593560267,89675.5065656072,43166.2037177769,3.6494119442,3.6712997355,0.0919347397
932,85.6512907664,89675.4585258970,43166.2821026135,3.6458994216,3.6698785549,0.0919707887
933,85.7432615552,89675.4101914771,43166.3603484430,3.6421943774,3.6693130380,0.0919933389
934,85.8352548940,89675.3615591059,43166.4384360020,3.6384936725,3.6699856284,0.0919565664
935,85.9272114604,89675.3132137580,43166.5166583609,3.6358535493,3.6717745036,0.0918589456
936,86.0190704060,89675.2658747750,43166.5953799373,3.6356770296,3.6745351144,0.0917299123
937,86.1108003183,89675.2202614988,43166.6749651484,3.6394694088,3.6781228320,0.0916203004
938,86.2024206187,89675.1770932710,43166.7557784120,3.6153115460,3.6821358813,0.0916024667
939,86.2940230854,89675.1370894335,43166.8381841453,3.5967366612,3.6855598259,0.0917151306
940,86.3857382160,89675.1009482820,43166.9224781685,3.5851096903,3.6864905764,0.0918215832
941,86.4775597991,89675.0692788869,43167.0086654793,3.5682574624,3.6822069382,0.0919440739
942,86.5695038730,89675.0426666773,43167.0966740188,3.5517037418,3.6693013848,0.0921662699
943,86.6616701430,89675.0215646650,43167.1863920571,3.5454741126,3.6445086499,0.0922971533
944,86.7539672963,89675.0041998357,43167.2770409799,3.5476073251,3.6078616727,0.0918811045
945,86.8458484008,89674.9869511250,43167.3672885248,3.5546706413,3.5630914408,0.0909108539
946,86.9367592547,89674.9661414687,43167.4557856521,3.5637030055,3.5143155084,0.0899168082
947,87.0266760629,89674.9386672320,43167.5414022318,3.5725139684,3.4688227626,0.0895573397
948,87.1162334026,89674.9043843466,43167.6241379609,3.5815666479,3.4308673662,0.0897646728
949,87.2059980754,89674.8641007704,43167.7043559761,3.5911766482,3.4025721692,0.0903436824
950,87.2963417577,89674.8186249137,43167.7824195874,3.6001664365,3.3847368494,0.0911234832
951,87.3874652410,89674.7687651870,43167.8586921044,3.6060690138,3.3766977876,0.0919622374
952,87.4794274783,89674.7153300009,43167.9335368369,3.6057959758,3.3766614226,0.0927481411
953,87.5721756194,89674.6591277657,43168.0073170947,3.5965042609,3.3822674520,0.0933982925
954,87.6655739119,89674.6009668920,43168.0803961875,3.5763659674,3.3911358186,0.0938567762
955,87.7594306882,89674.5416557903,43168.1531374252,3.5450447017,3.4012475048,0.0940928386
956,87.8535235268,89674.4820028710,43168.2259041174,3.5038127593,3.4111118831,0.0940996390
957,87.9476231658,89674.4228165446,43168.2990595740,3.4553411378,3.4197391946,0.0938937933
958,88.0415169592,89674.3649052215,43168.3729671047,3.4315526989,3.4264728809,0.0935157375
959,88.1350326966,89674.3090773124,43168.4479900193,3.4187559884,3.4307626680,0.0930307752
960,88.2280634719,89674.2561412275,43168.5244916275,3.4094592156,3.4319757479,0.0925308963
961,88.3205943682,89674.2068985972,43168.6028314649,3.4050206786,3.4293360908,0.0921402256
962,88.4127345938,89674.1611389862,43168.6828057056,3.4054760388,3.4231429563,0.0917921599
963,88.5045267536,89674.1165738014,43168.7630537269,3.4084139484,3.4161303917,0.0913901972
964,88.5959169509,89674.0706591828,43168.8420728129,3.4111312238,3.4114822390,0.0911055669
965,88.6870225177,89674.0209627943,43168.9184304797,3.4137572320,3.4139286661,0.0911863627
966,88.7782088805,89673.9668623346,43168.9918341105,3.4160717096,3.4239207557,0.0915263780
967,88.8697352584,89673.9092048750,43169.0629164234,3.4149584896,3.4395743640,0.0919689957
968,88.9617042541,89673.8488799478,43169.1323368766,3.4117991520,3.4594820173,0.0924001910
969,89.0541044451,89673.7867770855,43169.2007549283,3.4076342874,3.4820019556,0.0927476484
970,89.1468520935,89673.7237854501,43169.2688297412,3.4032866891,3.5054320670,0.0930002147
971,89.2398523082,89673.6605715359,43169.3370429436,3.3992419733,3.5284732165,0.0932099203
972,89.3330622284,89673.5972025763,43169.4053983692,3.3952882871,3.5508214821,0.0933862701
973,89.4264484986,89673.5336460182,43169.4738202909,3.3912035473,3.5725373817,0.0935294873
974,89.5199779859,89673.4698693085,43169.5422329818,3.3868743140,3.5938578295,0.0936399758
975,89.6136179617,89673.4058398939,43169.6105607151,3.3822607747,3.6155851329,0.0937183206
976,89.7073362823,89673.3415252216,43169.6787277639,3.3773607561,3.6378104855,0.0937652888
977,89.8011015710,89673.2768927383,43169.7466584012,3.3721846229,3.6606638267,0.0937818311
978,89.8948834022,89673.2119098909,43169.8142769001,3.3667423487,3.6844467229,0.0937690848
979,89.9886524870,89673.1465441264,43169.8815075338,3.3610393584,3.7094210851,0.0937283771
980,90.0823808641,89673.0807628917,43169.9482745752,3.3550771465,3.7358191685,0.0936612291
981,90.1760420932,89673.0145336336,43170.0145022976,3.3488556758,3.7638561215,0.0935693611
982,90.2696114542,89672.9478237990,43170.0801149740,3.3547277926,3.7937417590,0.0934546973
983,90.3630661516,89672.8806008349,43170.1450368775,3.3846404592,3.8108806455,0.0933193726
984,90.4563855242,89672.8128321882,43170.2091922811,3.4122622084,3.8157632702,0.0931657379
985,90.5495512621,89672.7444853056,43170.2725054581,3.4375817596,3.8222619372,0.0929963673
986,90.6425476294,89672.6755276343,43170.3349006814,3.4606078636,3.8305751411,0.0928140642
987,90.7353616937,89672.6059266209,43170.3963022242,3.4813673169,3.8409156399,0.0926218679
988,90.8279835615,89672.5356497125,43170.4566343596,3.4999040576,3.8535119434,0.0924230596
989,90.9204066211,89672.4646643559,43170.5158213606,3.5162787371,3.8686099973,0.0922211677
990,91.0126277888,89672.3929379981,43170.5737875003,3.5305686479,3.8864749717,0.0920199726
991,91.1046477613,89672.3204380859,43170.6304570519,3.5428676378,3.9073931344,0.0918235094
992,91.1964712708,89672.2471320663,43170.6857542885,3.5532859700,3.8764803945,0.0916360702
993,91.2881073410,89672.1729873860,43170.7396034830,3.5619501433,3.8341756835,0.0914622026
994,91.3795695436,89672.0979714921,43170.7919289087,3.5690026363,3.7945601102,0.0913067075
995,91.4708762511,89672.0220518314,43170.8426548386,3.5746013508,3.7578855793,0.0911746326
996,91.5620508837,89671.9451958509,43170.8917055458,3.5789183518,3.7244091421,0.0910712627
997,91.6531221464,89671.8673709974,43170.9390053034,3.5821372763,3.6943918868,0.0910021069
998,91.7441242533,89671.7885447178,43170.9844783845,3.5844486291,3.6680960232,0.0909728799
999,91.8350971333,89671.7086844590,43171.0280490622,3.5860422745,3.6457796015,0.0909894802
1000,91.9260866135,89671.6277576679,43171.0696416096,3.5870968165,3.6238534327,0.0910579619
1001,92.0171445754,89671.5457317915,43171.1091802997,3.5877662044,3.6032158456,0.0911845025
1002,92.1083290779,89671.4625742765,43171.1465894058,3.5881645541,3.5872186740,0.0913753570
1003,92.1997044349,89671.3782525806,43171.1817932047,3.5883505923,3.5760089888,0.0916068987
1004,92.2913113336,89671.2927717265,43171.2147302275,3.5883384603,3.5696532490,0.0917836924
1005,92.3830950260,89671.2062586329,43171.2453852570,3.5881422391,3.5680702327,0.0918823253
1006,92.4749773514,89671.1188648998,43171.2737524409,3.5877027243,3.5710905330,0.0918991282
1007,92.5668764796,89671.0307421270,43171.2998259270,3.5868687622,3.5623857585,0.0918309738
1008,92.6587074535,89670.9420419144,43171.3235998633,3.5854028410,3.5460216361,0.0917008998
1009,92.7504083533,89670.8528988019,43171.3451070834,3.5830286363,3.5341264702,0.0916178198
1010,92.8420261730,89670.7633693759,43171.3645571934,3.5795725524,3.5261690904,0.0915985699
1011,92.9336247429,89670.6734879695,43171.3822102609,3.5749019091,3.5215512491,0.0916274965
1012,93.0252522394,89670.5832889145,43171.3983263580,3.5689324458,3.5196800053,0.0916911199
1013,93.1169433593,89670.4928065424,43171.4131655562,3.5616772671,3.5199967994,0.0917781956
1014,93.2087215549,89670.4020751848,43171.4269879274,3.5532869925,3.5220047103,0.0918797438
1015,93.3006012988,89670.3111291733,43171.4400535433,3.5440731381,3.5252898017,0.0919890579
1016,93.3925903566,89670.2200028396,43171.4526224758,3.5421881211,3.5295348330,0.0921017010
1017,93.4846920577,89670.1287305152,43171.4649547965,3.5546071874,3.5345261758,0.0922046871
1018,93.5768967447,89670.0373459055,43171.4772249812,3.5667302056,3.5359720153,0.0922368617
1019,93.6691336065,89669.9458791427,43171.4891190960,3.5779337923,3.5295596242,0.0921824580
1020,93.7613160645,89669.8543590936,43171.5001502419,3.5876585378,3.5246228448,0.0920549469
1021,93.8533710115,89669.7628146234,43171.5098313185,3.5956190762,3.5219405172,0.0918754766
1022,93.9452464881,89669.6712745976,43171.5176752249,3.6017765286,3.5223429183,0.0916730359
1023,94.0369195239,89669.5797678813,43171.5231948606,3.6062402580,3.5266176709,0.0914846372
1024,94.1284041611,89669.4883233399,43171.5259031249,3.6091181570,3.5354035486,0.0913554078
1025,94.2197595689,89669.3969698387,43171.5253129171,3.6103628247,3.5491151110,0.0913396596
1026,94.3110992285,89669.3057321777,43171.5209975215,3.6097313697,3.5678819241,0.0914718811
1027,94.4025711095,89669.2145776102,43171.5133850424,3.6075716815,3.5908467978,0.0916773167
1028,94.4942484262,89669.1234307090,43171.5035375656,3.6046766568,3.5933507823,0.0918771874
1029,94.5861256137,89669.0322150388,43171.4925321539,3.6017926523,3.5889116480,0.0920310549
1030,94.6781566685,89668.9408541644,43171.4814458703,3.5997330273,3.5855357792,0.0921355900
1031,94.7702922586,89668.8492770758,43171.4713165170,3.5994341126,3.5819705952,0.0921808581
1032,94.8624731167,89668.7575473035,43171.4622083076,3.6010734861,3.5781496633,0.0921230892
1033,94.9545962059,89668.6658685722,43171.4531709525,3.6040618313,3.5752873891,0.0919588423
1034,95.0465550482,89668.5744511634,43171.4432067147,3.6080183413,3.5749268339,0.0917195964
1035,95.1382746446,89668.4835053585,43171.4313178570,3.6127597347,3.5788583055,0.0914710186
1036,95.2297456632,89668.3932414390,43171.4165066422,3.6181569502,3.5494299769,0.0913135921
1037,95.3210592552,89668.3038696864,43171.3977753332,3.6239125673,3.5205185583,0.0913645825
1038,95.4124238377,89668.2155807961,43171.3742687644,3.6294567711,3.4994111362,0.0915838695
1039,95.5040077072,89668.1284294448,43171.3461218798,3.6346318782,3.4867199739,0.0918575626
1040,95.5958652698,89668.0424126029,43171.3138896796,3.6390707820,3.4821469728,0.0921108505
1041,95.6879761203,89667.9575270317,43171.2781286872,3.6418680507,3.4578823841,0.0922799595
1042,95.7802560799,89667.8737694924,43171.2393954257,3.6417858126,3.4394443523,0.0923132077
1043,95.8725692876,89667.7911353858,43171.1982453013,3.6375042529,3.4273661105,0.0922558444
1044,95.9648251320,89667.7095499475,43171.1551760885,3.6278007241,3.4203190244,0.0922046209
1045,96.0570297529,89667.6288357794,43171.1106012618,3.6116973073,3.4170140520,0.0921446442
1046,96.1491743971,89667.5488073331,43171.0649276014,3.5886402759,3.4162829950,0.0920571862
1047,96.2412315834,89667.4692790604,43171.0185618879,3.5585595263,3.4171343749,0.0919299540
1048,96.3331615374,89667.3900654132,43170.9719109016,3.5218796208,3.4187745999,0.0917570795
1049,96.4249186169,89667.3109808430,43170.9253814227,3.4794978247,3.4205997697,0.0915391391
1050,96.5164577560,89667.2318398018,43170.8793802317,3.4327315880,3.4221615686,0.0912832172
1051,96.6077409731,89667.1524567412,43170.8343141090,3.4100982667,3.4231087564,0.0910030139
1052,96.6987439870,89667.0726461129,43170.7905898348,3.4006246751,3.4231080537,0.0907204621
1053,96.7894644492,89666.9922225328,43170.7486106730,3.3931123612,3.4217579682,0.0905633606
1054,96.8800278098,89666.9110123745,43170.7085278527,3.3880277815,3.4187310898,0.0907044525
1055,96.9707322623,89666.8288614318,43170.6700763207,3.3853041587,3.4138770182,0.0911471048
1056,97.0618793672,89666.7456173168,43170.6329520423,3.3846992543,3.4069030311,0.0918792233
1057,97.1537585904,89666.6611276420,43170.5968509826,3.3859125055,3.3974400283,0.0928900470
1058,97.2466486374,89666.5752400196,43170.5614691067,3.3887514681,3.3852347649,0.0941699423
1059,97.3408185797,89666.4878027001,43170.5265020769,3.3933783771,3.3704106951,0.0954164003
1060,97.4362349800,89666.3990537242,43170.4914605481,3.4002868182,3.3541394151,0.0958323907
1061,97.5320673707,89666.3102825687,43170.4553561293,3.4100516573,3.3395379992,0.0953334241
1062,97.6274007948,89666.2229542204,43170.4171171264,3.4242704020,3.3310795412,0.0940454214
1063,97.7214462162,89666.1385336662,43170.3756718453,3.4456453692,3.3344184331,0.0921860178
1064,97.8136322341,89666.0584858931,43170.3299485921,3.4774206713,3.3559870115,0.0900864473
1065,97.9037186814,89665.9842758878,43170.2788756726,3.5221326289,3.3852642979,0.0882166219
1066,97.9919353032,89665.9173686373,43170.2213813928,3.5797349801,3.4382799033,0.0872046767
1067,98.0791399800,89665.8591894146,43170.1564211458,3.6456929883,3.5205016156,0.0877581578
1068,98.1668981378,89665.8096527934,43170.0839807053,3.7117079145,3.6280909799,0.0895645002
1069,98.2564626379,89665.7667298767,43170.0053713998,3.7989655756,3.7512460871,0.0918247750
1070,98.3482874129,89665.7282637745,43169.9219918562,3.8793112015,3.8778748665,0.0939880590
1071,98.4422754719,89665.6920975963,43169.8352407018,3.9025119964,3.9962406590,0.0957582354
1072,98.5380337073,89665.6560744520,43169.7465165635,3.8592290136,4.0972964855,0.0970626873
1073,98.6350963946,89665.6180418546,43169.6572154616,3.7529259699,4.1759491712,0.0981050065
1074,98.7332014012,89665.5765569510,43169.5683132958,3.6297245641,4.2317877583,0.0991528042
1075,98.8323542053,89665.5316622387,43169.4799066027,3.5284015286,4.2688408346,0.1002101768
1076,98.9325643821,89665.4835868412,43169.3919814318,3.4182569627,4.2924690115,0.1012550358
1077,99.0338194179,89665.4325598817,43169.3045238325,3.3056975761,4.3078242473,0.1022677368
1078,99.1360871547,89665.3788104836,43169.2175198545,3.1952875671,4.3190841856,0.1032309165
1079,99.2393180712,89665.3225677703,43169.1309555471,3.0897875752,4.3292129091,0.1041293146
1080,99.3434473858,89665.2640608651,43169.0448169599,3.0157015740,4.3400694449,0.1049495966
1081,99.4483969823,89665.2035188914,43168.9590901423,3.0381486936,4.3526714353,0.1056801823
1082,99.5540771647,89665.1411709727,43168.8737611440,3.0625687860,4.3674780494,0.1063110884
1083,99.6603882530,89665.0772462321,43168.7888160143,3.0884543718,4.3846237772,0.1068337853
1084,99.7672220384,89665.0119737932,43168.7042408027,3.1153400733,4.4040840603,0.1072410732
1085,99.8744631115,89664.9455827792,43168.6200215589,3.1428023503,4.4257795960,0.1075269743
1086,99.9819900859,89664.8783023135,43168.5361443322,3.1704541295,4.4496360677,0.1076866455
1087,100.0896767314,89664.8103615196,43168.4525951722,3.1979385988,4.4756157774,0.1077163068
1088,100.1973930382,89664.7419895207,43168.3693601284,3.2383659261,4.5037328387,0.1076131894
1089,100.3050062276,89664.6734154402,43168.2864252502,3.3235721312,4.5340603350,0.1073755000
1090,100.4123817276,89664.6048684015,43168.2037765872,3.4047173543,4.5667345222,0.1070024038
1091,100.5193841314,89664.5365775280,43168.1214001889,3.4811588636,4.6019590816,0.1064940238
1092,100.6258781552,89664.4687719430,43168.0392821048,3.5522852558,4.6400109822,0.1058514602
1093,100.7317296153,89664.4016807698,43167.9574083843,3.6175253175,4.6812485149,0.1050768273
1094,100.8368064426,89664.3355331319,43167.8757650770,3.6851008973,4.7261228118,0.1041733121
1095,100.9409797548,89664.2705581526,43167.7943382323,3.7655037191,4.7751937450,0.1031452549
1096,101.0441250097,89664.2069849552,43167.7131138998,3.8342617811,4.8291513190,0.1019982534
1097,101.1461232630,89664.1450426633,43167.6320781290,3.8908563348,4.8821692003,0.1007392947
1098,101.2468625578,89664.0849604000,43167.5512169694,3.9349449108,4.9322486615,0.0993769163
1099,101.3462394741,89664.0269672887,43167.4705164704,3.9663791718,4.9889941173,0.0979213983
1100,101.4441608723,89663.9712924529,43167.3899626815,3.9852216057,5.0537600097,0.0963849910
1101,101.5405458634,89663.9181650158,43167.3095416524,3.9917607830,5.1370170535,0.0947821775
1102,101.6353280408,89663.8678141010,43167.2292394324,3.9865247990,5.2354108447,0.0931299699
1103,101.7284580108,89663.8204688316,43167.1490420710,3.9702923596,5.3496566050,0.0914482372
1104,101.8199062480,89663.7763583311,43167.0689356179,3.9441007092,5.4450728402,0.0897600519
1105,101.9096662999,89663.7357117229,43166.9889061223,3.9092497169,5.4245037367,0.0880920386
1106,101.9977583385,89663.6987581302,43166.9089396340,3.8673039873,5.4141451593,0.0864746947
1107,102.0842330332,89663.6657266766,43166.8290222023,3.8200890874,5.3856870972,0.0849426359
1108,102.1691756691,89663.6368464852,43166.7491398767,3.7696794182,5.2517538611,0.0835347050
1109,102.2527103740,89663.6123466796,43166.6692787068,3.7432899881,5.1321950377,0.0822938611
1110,102.3350042351,89663.5924563830,43166.5894247421,3.7230578945,5.0172816335,0.0812667559
1111,102.4162709910,89663.5774047189,43166.5095640321,3.7086490191,4.7853805099,0.0805029033
1112,102.4967738943,89663.5674208105,43166.4296826261,3.7021175178,4.5838903376,0.0800533800
1113,102.5768272743,89663.5627337813,43166.3497665739,3.7049439634,4.4035907882,0.0799690502
1114,102.6567963244,89663.5635727547,43166.2698019248,3.7639424803,4.2476108029,0.0802984079
1115,102.7370947324,89663.5701668539,43166.1897747283,3.8591934479,4.0329879615,0.0810852434
1116,102.8181799757,89663.5827452023,43166.1096710340,3.9555294529,3.7999387736,0.0823664331
1117,102.9005464088,89663.6015369234,43166.0294768914,4.0386584378,3.6212861166,0.0841701935
1118,102.9847166023,89663.6267711404,43165.9491783499,4.0903682768,3.5440269583,0.0865150780
1119,103.0712316804,89663.6586769768,43165.8687614590,4.0925683833,3.5245026082,0.0894098580
1120,103.1606415383,89663.6974835559,43165.7882122683,4.0332004841,3.5203218107,0.0926330721
1121,103.2532746105,89663.7428673815,43165.7074583556,3.9119314460,3.5295094809,0.0940576248
1122,103.3473322353,89663.7897635361,43165.6259256169,3.7458154486,3.5469658418,0.0926701587
1123,103.4400023940,89663.8306944742,43165.5427846726,3.5617645573,3.5658423674,0.0898809261
1124,103.5298833201,89663.8581635518,43165.4572041219,3.4818781241,3.5785282872,0.0890434759
1125,103.6189267961,89663.8662021838,43165.3685242426,3.4396875892,3.5772444459,0.0914323422
1126,103.7103591383,89663.8597991578,43165.2773163785,3.4176797592,3.5637244302,0.0932866986
1127,103.8036458368,89663.8487259482,43165.1846892110,3.4183622659,3.5448836841,0.0931259491
1128,103.8967717859,89663.8427739694,43165.0917536616,3.4463043424,3.5296937856,0.0925405810
1129,103.9893123669,89663.8503391101,43164.9995228220,3.4627458250,3.5283255783,0.0931689072
1130,104.0824812742,89663.8690713988,43164.9082564720,3.4706615300,3.5421351789,0.0931643683
1131,104.1756456425,89663.8916301211,43164.8178645279,3.4787615961,3.5678956047,0.0916052113
1132,104.2672508538,89663.9106470325,43164.7282549758,3.5011698084,3.6011192732,0.0892879643
1133,104.3565388180,89663.9187538884,43164.6393358021,3.5455053171,3.6343013590,0.0887377755
1134,104.4452765935,89663.9104734801,43164.5509852071,3.6124309739,3.6573553227,0.0906919111
1135,104.5359685046,89663.8886838618,43164.4629497866,3.6758041854,3.6644101872,0.0930193846
1136,104.6289878892,89663.8585699402,43164.3749398006,3.7316051979,3.6499746731,0.0943298935
1137,104.7233177827,89663.8253166981,43164.2866655082,3.7853481009,3.6100567859,0.0941521263
1138,104.8174699091,89663.7941044779,43164.1978374709,3.8285266920,3.5454000598,0.0931363757
1139,104.9106062847,89663.7685830745,43164.1082660333,3.8565825820,3.4610939181,0.0924317665
1140,105.0030380513,89663.7486692109,43164.0180049148,3.8712630768,3.3630311885,0.0920820579
1141,105.0951201092,89663.7337211902,43163.9271442409,3.8764101336,3.3450338903,0.0919856653
1142,105.1871057744,89663.7230973159,43163.8357741369,3.8760754481,3.3708391630,0.0920515016
1143,105.2791572761,89663.7161558912,43163.7439847280,3.8735290012,3.4027039533,0.0922011364
1144,105.3713584125,89663.7122552195,43163.6518661397,3.8708725485,3.4386003435,0.0923698488
1145,105.4637282612,89663.7107536040,43163.5595084973,3.8691710981,3.4761239654,0.0925069247
1146,105.5562351859,89663.7110093480,43163.4670019261,3.8688463706,3.5404426973,0.0925755332
1147,105.6488107191,89663.7123807549,43163.3744365515,3.8566584487,3.6574631185,0.0925524517
1148,105.7413631708,89663.7142261279,43163.2819024987,3.8383867636,3.7551289857,0.0924278321
1149,105.8337910029,89663.7159037705,43163.1894898932,3.8166889160,3.8303181909,0.0922051207
1150,105.9259961236,89663.7167719857,43163.0972888603,3.7926496548,3.8818851591,0.0919011837
1151,106.0178973073,89663.7161890771,43163.0053895252,3.7678584153,3.9106261505,0.0915466234
1152,106.1094439306,89663.7135133479,43162.9138820134,3.7442802379,3.9190097735,0.0911862047
1153,106.2006301354,89663.7081031013,43162.8228564501,3.7086978586,3.9107028712,0.0908792365
1154,106.2915093719,89663.6993166407,43162.7324029608,3.6689646679,3.8899751544,0.0906988811
1155,106.3822082529,89663.6865223663,43162.6426110148,3.6357180363,3.8611010593,0.0906869638
1156,106.4728952167,89663.6694415262,43162.5535471595,3.6106152406,3.8281532893,0.0908091751
1157,106.5637043918,89663.6482320214,43162.4652495764,3.5880730159,3.7947024842,0.0910386613
1158,106.6547430531,89663.6230788489,43162.3777546865,3.5716168676,3.7632986060,0.0913516181
1159,106.7460946712,89663.5941670060,43162.2910989107,3.5643555157,3.7355013772,0.0917254513
1160,106.8378201225,89663.5616814898,43162.2053186703,3.5659180740,3.7120508359,0.0921389348
1161,106.9299590573,89663.5258072976,43162.1204503862,3.5757321015,3.6930849286,0.0925723001
1162,107.0225313574,89663.4867294264,43162.0365304795,3.5931267846,3.6783507987,0.0930072681
1163,107.1155386256,89663.4446328737,43161.9535953714,3.6174095454,3.6673786556,0.0934270377
1164,107.2089656633,89663.3997026364,43161.8716814828,3.6336527309,3.6596076088,0.0938162401
1165,107.3027819034,89663.3521237118,43161.7908252347,3.6092620425,3.6544666712,0.0941608711
1166,107.3969427745,89663.3020810971,43161.7110630484,3.5913171968,3.6517379092,0.0944482082
1167,107.4913909827,89663.2497597895,43161.6324313448,3.5790806108,3.6511212797,0.0946667196
1168,107.5860577023,89663.1953447861,43161.5549665451,3.5719049123,3.6497692244,0.0948059700
1169,107.6808636723,89663.1390210843,43161.4787050701,3.5692186564,3.6504017032,0.0948565277
1170,107.7757202000,89663.0809736810,43161.4036833412,3.5705095918,3.6515974419,0.0948098734
1171,107.8705300734,89663.0213875737,43161.3299377792,3.5753068587,3.6531116609,0.0946583154
1172,107.9651883888,89662.9604477594,43161.2575048053,3.5831634588,3.6547361366,0.0943949088
1173,108.0595832977,89662.8983392353,43161.1864208405,3.5936412105,3.6562875192,0.0940133823
1174,108.1535966799,89662.8352469986,43161.1167223059,3.6063016605,3.6575970623,0.0935080705
1175,108.2471047504,89662.7713560466,43161.0484456225,3.6207071333,3.6585044543,0.0928813757
1176,108.3399861261,89662.7068503366,43160.9816177590,3.6364302029,3.6588641850,0.0922787428
1177,108.4322648689,89662.6418928229,43160.9160747368,3.6529871858,3.6586680836,0.0918298695
1178,108.5240947384,89662.5766269561,43160.8514752664,3.6512996228,3.6580488978,0.0915302415
1179,108.6156249799,89662.5111954477,43160.7874713382,3.6482829266,3.6571843931,0.0913737463
1180,108.7069987262,89662.4457410093,43160.7237149425,3.6457651166,3.6562999977,0.0913581832
1181,108.7983569093,89662.3804063524,43160.6598580694,3.6432652187,3.6556685382,0.0914853207
1182,108.8898422301,89662.3153341690,43160.5955527442,3.6403336121,3.6556063855,0.0917156962
1183,108.9815579263,89662.2505866851,43160.5305948173,3.6367172827,3.6563147460,0.0919022683
1184,109.0734601946,89662.1859622379,43160.4652518166,3.6327416825,3.6575281996,0.0920105056
1185,109.1654707002,89662.1212051510,43160.3998878139,3.6289215533,3.6589507957,0.0920415407
1186,109.2575122409,89662.0560597482,43160.3348668811,3.6258848774,3.6603883792,0.0920027621
1187,109.3495150030,89661.9902703530,43160.2705530900,3.6243938864,3.6617648700,0.0919078606
1188,109.4414228636,89661.9235812891,43160.2073105126,3.6253425268,3.6631151499,0.0917769315
1189,109.5331997951,89661.8557368802,43160.1455032207,3.6297229664,3.6645459996,0.0916366020
1190,109.6248363972,89661.7864814499,43160.0854952862,3.6385630817,3.6661663436,0.0915201346
1191,109.7163565317,89661.7155593218,43160.0276507810,3.6369301100,3.6679990588,0.0914670745
1192,109.8078236062,89661.6427195617,43159.9723281359,3.6107021741,3.6699023124,0.0914993909
1193,109.8993229971,89661.5678848646,43159.9196792361,3.5901265802,3.6717743304,0.0915937076
1194,109.9909167047,89661.4911974639,43159.8695948090,3.5754219996,3.6736137719,0.0917287178
1195,110.0826454225,89661.4128136754,43159.8219488295,3.5665425844,3.6752316728,0.0918855529
1196,110.1745309755,89661.3328898151,43159.7766152724,3.5632339429,3.6762972186,0.0920467589
1197,110.2665777344,89661.2515821990,43159.7334681127,3.5650936792,3.6764227169,0.0921963099
1198,110.3587740443,89661.1690471430,43159.6923813255,3.5716398345,3.6752450073,0.0923195910
1199,110.4510936353,89661.0854409630,43159.6532288855,3.5823721334,3.6724873380,0.0924033579
1200,110.5434969931,89661.0009199750,43159.6158847677,3.5871611234,3.6679939822,0.0924359690
1201,110.6359329622,89660.9156399974,43159.5802233911,3.5792553838,3.6617371991,0.0924324860
1202,110.7283654482,89660.8297140328,43159.5461573804,3.5748055909,3.6537420085,0.0924327371
1203,110.8207981853,89660.7431799507,43159.5136664044,3.5735439879,3.6440096853,0.0924398338
1204,110.9132380190,89660.6560680113,43159.4827369219,3.5752709375,3.6325821028,0.0924525211
1205,111.0056905401,89660.5684084750,43159.4533553914,3.5798371217,3.6195237293,0.0924695790
1206,111.0981601191,89660.4802316017,43159.4255082718,3.5871325389,3.6048990742,0.0924898234
1207,111.1906499425,89660.3915676520,43159.3991820216,3.5970757457,3.5887581749,0.0925121064
1208,111.2831620489,89660.3024468859,43159.3743630997,3.6096048074,3.5746640358,0.0925353167
1209,111.3756973656,89660.2128995637,43159.3510379648,3.6246705533,3.5861957441,0.0925583796
1210,111.4682557452,89660.1229559456,43159.3291930755,3.6422320860,3.5973902078,0.0925802570
1211,111.5608360022,89660.0326462918,43159.3088148905,3.6486897096,3.6082134732,0.0925999475
1212,111.6534359497,89659.9420008627,43159.2898898685,3.6479335994,3.6186419714,0.0926164861
1213,111.7460524358,89659.8510499184,43159.2724044683,3.6495739410,3.6286579448,0.0926289436
1214,111.8386813793,89659.7598237191,43159.2563451485,3.6535569740,3.6382467381,0.0926364265
1215,111.9313178058,89659.6683525251,43159.2416983679,3.6598341826,3.6473953463,0.0926380766
1216,112.0239558823,89659.5766665967,43159.2284505852,3.6683618129,3.6560917265,0.0926330701
1217,112.1165889525,89659.4847961939,43159.2165882590,3.6791005189,3.6643245461,0.0926206176
1218,112.2092095701,89659.3927715772,43159.2060978481,3.6920150312,3.6720831713,0.0925999630
1219,112.3018095331,89659.3006230067,43159.1969658111,3.7070737637,3.6793577893,0.0925703831
1220,112.3943799162,89659.2083807426,43159.1891786069,3.7242482458,3.6861396135,0.0925311871
1221,112.4869111033,89659.1160750452,43159.1827226940,3.7385652711,3.6924211281,0.0924817156
1222,112.5793928189,89659.0237361747,43159.1775845312,3.7245419194,3.6981962628,0.0924213404
1223,112.6718141592,89658.9313943914,43159.1737505772,3.7126563890,3.7034603520,0.0923494634
1224,112.7641636226,89658.8390799554,43159.1712072906,3.7028579552,3.7082097336,0.0922655165
1225,112.8564291392,89658.7468231271,43159.1699411303,3.6950983612,3.7124407851,0.0921689606
1226,112.9485980997,89658.6546541665,43159.1699385549,3.6893298134,3.7161482964,0.0920592849
1227,113.0406573846,89658.5626033341,43159.1711860231,3.6855027615,3.7193232830,0.0919360068
1228,113.1325933914,89658.4707008900,43159.1736699936,3.6835640171,3.7219506542,0.0917988312
1229,113.2243922226,89658.3789769293,43159.1773768055,3.6834559333,3.7240076173,0.0916698546
1230,113.3160620773,89658.2874380734,43159.1822757956,3.6851000936,3.7254824301,0.0915931801
1231,113.4076552574,89658.1960433378,43159.1883018188,3.6883834126,3.7263963461,0.0915717617
1232,113.4992270191,89658.1047459765,43159.1953855571,3.6931981005,3.7267753436,0.0916030878
1233,113.5908301069,89658.0134992432,43159.2034576922,3.6994573661,3.7266545585,0.0916847853
1234,113.6825148922,89657.9222563918,43159.2124489058,3.7071091058,3.7260903213,0.0918146320
1235,113.7743295241,89657.8309706762,43159.2222898798,3.7126109787,3.7251742571,0.0919905685
1236,113.8663200926,89657.7395953501,43159.2329112959,3.6962520384,3.7240484927,0.0922105310
1237,113.9585306237,89657.6480838940,43159.2442442312,3.6808079175,3.7229204805,0.0924304475
1238,114.0509610712,89657.5564452089,43159.2563164732,3.6663122248,3.7219756262,0.0925558147
1239,114.1435168859,89657.4648156967,43159.2693783010,3.6531418789,3.7212537965,0.0925822529
1240,114.2360991388,89657.3733496239,43159.2837111676,3.6418236993,3.7208475287,0.0925222647
1241,114.3286214034,89657.2822012567,43159.2995965260,3.6330044399,3.7209132407,0.0923914626
1242,114.4210128660,89657.1915248615,43159.3173158293,3.6274293235,3.7216191521,0.0922087095
1243,114.5132215756,89657.1014747047,43159.3371505305,3.6258835813,3.7230521207,0.0919962646
1244,114.6052178401,89657.0122050525,43159.3593820825,3.6290912547,3.7250807417,0.0917799113
1245,114.6969977515,89656.9238701715,43159.3842919385,3.6375786711,3.7271901180,0.0915890416
1246,114.7885867931,89656.8366243280,43159.4121615514,3.6515312414,3.7283308878,0.0914566572
1247,114.8800434503,89656.7506217882,43159.4432723743,3.6706944477,3.7268510247,0.0914192497
1248,114.9714627000,89656.6660168186,43159.4779058601,3.6873561044,3.7205835100,0.0915139381
1249,115.0629766382,89656.5829140723,43159.5162299313,3.6974800557,3.7072494272,0.0916978218
1250,115.1546744599,89656.5009603745,43159.5573648548,3.7106625916,3.6859073064,0.0918316859
1251,115.2465061459,89656.4195553190,43159.5998651546,3.7245725771,3.6689817247,0.0918401407
1252,115.3383462866,89656.3380960872,43159.6422798336,3.7372329346,3.6675062407,0.0917283530
1253,115.4300746396,89656.2559798644,43159.6831579047,3.7470972406,3.6687795799,0.0915941989
1254,115.5216688385,89656.1727412490,43159.7213787130,3.7533238071,3.6739748069,0.0915505258
1255,115.6132193643,89656.0884146599,43159.7570231397,3.7565266690,3.6829834267,0.0915828282
1256,115.7048021926,89656.0031481240,43159.7904451726,3.7575590449,3.6952881203,0.0916607287
1257,115.7964629213,89655.9170896681,43159.8219987992,3.7570764941,3.7101893384,0.0917586582
1258,115.8882215795,89655.8303873190,43159.8520380073,3.7555014472,3.7263866111,0.0918559335
1259,115.9800775130,89655.7431891037,43159.8809167843,3.7530775136,3.7400303826,0.0919367589
1260,116.0720142719,89655.6556430488,43159.9089891180,3.7499693889,3.7538334590,0.0919901892
1261,116.1640044611,89655.5678971814,43159.9366089960,3.7463633005,3.7670653523,0.0920100860
1262,116.2560145471,89655.4800995281,43159.9641304060,3.7425383043,3.7791718583,0.0919950842
1263,116.3480096313,89655.3923981159,43159.9919073354,3.7388959548,3.7898052745,0.0919485828
1264,116.4399582141,89655.3049409716,43160.0202937721,3.7359474076,3.7988126741,0.0918787598
1265,116.5318369739,89655.2178761221,43160.0496437035,3.7342636341,3.8061850866,0.0917986068
1266,116.6236355807,89655.1313515941,43160.0803111174,3.7344005019,3.8119755909,0.0917259676
1267,116.7153615483,89655.0455154146,43160.1126500014,3.7368183903,3.8162031270,0.0916835574
1268,116.8070451057,89654.9605156103,43160.1470143431,3.7418233143,3.8187682618,0.0916973783
1269,116.8987424841,89654.8764740994,43160.1836944962,3.7494878866,3.8194788725,0.0917589147
1270,116.9905013987,89654.7932476883,43160.2223346685,3.7590740225,3.8186958388,0.0918162672
1271,117.0823176659,89654.7105387724,43160.2622027278,3.7694304030,3.8171118465,0.0918347200
1272,117.1741523860,89654.6280478272,43160.3025618627,3.7795200194,3.8154434918,0.0918003396
1273,117.2659527256,89654.5454753284,43160.3426752618,3.7885198141,3.8144965253,0.0917197879
1274,117.3576725135,89654.4625217514,43160.3818061136,3.7958409626,3.8146795304,0.0916203897
1275,117.4492929032,89654.3788875718,43160.4192176067,3.8010620724,3.8112734347,0.0915505552
1276,117.5408434585,89654.2942861037,43160.4542046867,3.8038351003,3.8109276136,0.0915592647
1277,117.6324027232,89654.2086696841,43160.4866535332,3.8043510328,3.8139102076,0.0916293403
1278,117.7240320635,89654.1222020517,43160.5169732391,3.8031737846,3.8197316848,0.0917263000
1279,117.8157583635,89654.0350542339,43160.5455909252,3.8006813729,3.8276915585,0.0918225107
1280,117.9075808742,89653.9473972579,43160.5729337127,3.7947968522,3.8369667939,0.0918973578
1281,117.9994782320,89653.8594021510,43160.5994287222,3.7838706204,3.8464556336,0.0919371919
1282,118.0914154239,89653.7712399404,43160.6255030749,3.7711267427,3.8438630228,0.0919352630
1283,118.1833506869,89653.6830816533,43160.6515838916,3.7569068856,3.8420582590,0.0918916806
1284,118.2752423674,89653.5950983170,43160.6780982933,3.7417945428,3.8406139743,0.0918134144
1285,118.3670557819,89653.5074609588,43160.7054734009,3.7265774383,3.8391677514,0.0917143375
1286,118.4587701193,89653.4203406059,43160.7341363353,3.7121696050,3.8373716455,0.0916152920
1287,118.5503854113,89653.3339082856,43160.7645142174,3.6995147096,3.8348254127,0.0915458688
1288,118.6419312801,89653.2483037613,43160.7969566513,3.6894107547,3.8310993343,0.0915313460
1289,118.7334626260,89653.1634886759,43160.8313715984,3.6820516424,3.8260928052,0.0915608859
1290,118.8250235119,89653.0793616826,43160.8675108406,3.6773069628,3.8197319251,0.0916181415
1291,118.9166416535,89652.9958213620,43160.9051259797,3.6748978073,3.8118396612,0.0916891199
1292,119.0083307734,89652.9127662947,43160.9439686174,3.6744326679,3.8021958923,0.0917622126
1293,119.1000929859,89652.8300950614,43160.9837903556,3.6754577249,3.7906039818,0.0918281977
1294,119.1919211836,89652.7477062426,43161.0243427960,3.6775078752,3.7769497334,0.0918802292
1295,119.2838014128,89652.6654984189,43161.0653775404,3.6801485394,3.7612446413,0.0919138215
1296,119.3757152343,89652.5833701710,43161.1066461904,3.6830030200,3.7436513618,0.0919268354
1297,119.4676420697,89652.5012200794,43161.1479003480,3.6857635963,3.7244921829,0.0919194693
1298,119.5595615389,89652.4189467248,43161.1888916148,3.6881861836,3.7042410715,0.0918942584
1299,119.6514557973,89652.3364486878,43161.2293715926,3.6900695916,3.6852710666,0.0918560802
1300,119.7433118775,89652.2536245489,43161.2690918832,3.6912229507,3.6783064640,0.0918121655
1301,119.8351240430,89652.1703728888,43161.3078040884,3.6914292444,3.6724743428,0.0917721097
1302,119.9268961527,89652.0865922881,43161.3452598098,3.6904172559,3.6681687325,0.0917479051
1303,120.0186440578,89652.0021835071,43161.3812158356,3.6878603741,3.6657151209,0.0917487972
1304,120.1103928551,89651.9171791485,43161.4157426483,3.6837317315,3.6650397532,0.0917575289
1305,120.2021503839,89651.8318167815,43161.4493984117,3.6785343443,3.6655046202,0.0917542476
1306,120.2939046315,89651.7463516788,43161.4827834110,3.6728607806,3.6664193560,0.0917327792
1307,120.3856374107,89651.6610391129,43161.5164979314,3.6673695829,3.6671028237,0.0917008562
1308,120.4773382670,89651.5761343565,43161.5511422580,3.6627775587,3.6668780508,0.0916801474
1309,120.5690184143,89651.4918898380,43161.5873100685,3.6598179546,3.6650607650,0.0916954866
1310,120.6607139009,89651.4083712135,43161.6251611137,3.6587347875,3.6614113483,0.0917293683
1311,120.7524432693,89651.3253449674,43161.6641600814,3.6589902094,3.6564273177,0.0917552350
1312,120.8441985042,89651.2425506841,43161.7037091624,3.6599565958,3.6506864024,0.0917603676
1313,120.9359588718,89651.1597279480,43161.7432105477,3.6610031125,3.6448112468,0.0917459443
1314,121.0277048161,89651.0766163433,43161.7820664282,3.6615073707,3.6394866270,0.0917270378
1315,121.1194318539,89650.9929555432,43161.8196791918,3.6608494399,3.6354470282,0.0917273349
1316,121.2111591887,89650.9085844539,43161.8556711806,3.6586333996,3.6332018270,0.0917420895
1317,121.3029012783,89650.8236312797,43161.8903059778,3.6551320005,3.6325370702,0.0917509273
1318,121.3946522055,89650.7382766578,43161.9239633868,3.6507078760,3.6335420217,0.0917393405
1319,121.4863915460,89650.6527012254,43161.9570232105,3.6457005884,3.6379372743,0.0917004523
1320,121.5780919983,89650.5670771800,43161.9898484418,3.6404313729,3.6426034241,0.0916550762
1321,121.6697470745,89650.4814678760,43162.0225852721,3.6349996556,3.6473298849,0.0916196591
1322,121.7613667336,89650.3958609890,43162.0552291511,3.6303686376,3.6520935517,0.0915945731
1323,121.8529613067,89650.3102426637,43162.0877724793,3.6270920375,3.6568962611,0.0915798569
1324,121.9445411637,89650.2245990450,43162.1202076572,3.6236650851,3.6617567460,0.0915755539
1325,122.0361167176,89650.1389162775,43162.1525270853,3.6200871370,3.6667032524,0.0915817121
1326,122.1276984297,89650.0531805061,43162.1847231641,3.6163606844,3.6717668248,0.0915983842
1327,122.2192968139,89649.9673778754,43162.2167882941,3.6124871719,3.6769767755,0.0916256273
1328,122.3109224413,89649.8814945304,43162.2487148759,3.6084647614,3.6823583193,0.0916635031
1329,122.4025859444,89649.7955166156,43162.2804953099,3.6042873870,3.6879316241,0.0917120776
1330,122.4942980220,89649.7094302761,43162.3121219967,3.5999444268,3.6937115262,0.0917714211
1331,122.5860694431,89649.6232216563,43162.3435873367,3.5954205189,3.6997073799,0.0918416082
1332,122.6779110513,89649.5368769013,43162.3748837305,3.5906953479,3.7059228425,0.0919227174
1333,122.7698337687,89649.4503821556,43162.4060035786,3.5857434790,3.7123556826,0.0920148313
1334,122.8618486000,89649.3637235641,43162.4369392815,3.5805344787,3.7189978789,0.0921180366
1335,122.9539666366,89649.2768872716,43162.4676832397,3.5750336336,3.7258363607,0.0922305751
1336,123.0461972117,89649.1898630519,43162.4982326124,3.5692092301,3.7328487393,0.0923346710
1337,123.1385318827,89649.1026754180,43162.5286301116,3.5630845816,3.7399557255,0.0924200671
1338,123.2309519498,89649.0153681996,43162.5589437786,3.5567160103,3.7445400395,0.0924863532
1339,123.3234383030,89648.9279854340,43162.5892419274,3.5501649662,3.7353231080,0.0925334282
1340,123.4159717312,89648.8405711589,43162.6195928718,3.5435000479,3.7263376595,0.0925613932
1341,123.5085331244,89648.7531694115,43162.6500649257,3.5367986819,3.7175365703,0.0925705517
1342,123.6011036761,89648.6658242292,43162.6807264028,3.5301480196,3.7088741237,0.0925614093
1343,123.6936650854,89648.5785796496,43162.7116456172,3.5236451449,3.7003074627,0.0925346750
1344,123.7861997604,89648.4914797101,43162.7428908825,3.5173968230,3.6917979686,0.0924912627
1345,123.8786910231,89648.4045684480,43162.7745305127,3.5115190487,3.6833124512,0.0924322930
1346,123.9711233160,89648.3178899008,43162.8066328216,3.5061366092,3.6748241000,0.0923590955
1347,124.0634824115,89648.2314881059,43162.8392661231,3.5013827927,3.6663131884,0.0922732121
1348,124.1557556236,89648.1454071008,43162.8724987310,3.4973992957,3.6577675334,0.0921763995
1349,124.2479320232,89648.0596909229,43162.9063989592,3.4943363156,3.6491827344,0.0920706329
1350,124.3400026561,89647.9743836095,43162.9410351215,3.4923527873,3.6411353500,0.0919581090
1351,124.4319607651,89647.8895291982,43162.9764755318,3.4916166911,3.6543965183,0.0918412489
1352,124.5238020140,89647.8051717263,43163.0127885039,3.4923053083,3.6662592834,0.0917227017
1353,124.6155247157,89647.7213552313,43163.0500423517,3.4946052170,3.6767620973,0.0916053459
1354,124.7071300616,89647.6381237506,43163.0883053890,3.4987116882,3.6859586042,0.0914922916
1355,124.7986223532,89647.5555213217,43163.1276459297,3.5048269812,3.6939180064,0.0913868804
1356,124.8900092336,89647.4735919818,43163.1681322876,3.5131569047,3.7007244125,0.0912926852
1357,124.9813019187,89647.3923797686,43163.2098327767,3.5239050251,3.7064742181,0.0912135074
1358,125.0725154261,89647.3119287193,43163.2528157106,3.5372641980,3.7112705145,0.0911533729
1359,125.1636687990,89647.2322828715,43163.2971494033,3.5534057752,3.7152138825,0.0911165250
1360,125.2547853240,89647.1534862626,43163.3429021687,3.5724678542,3.7183898218,0.0911074157
1361,125.3458927397,89647.0755829299,43163.3901423206,3.5945450347,3.7208543707,0.0911306939
1362,125.4370234336,89646.9986169087,43163.4389381704,3.6196828391,3.7226207268,0.0911970401
1363,125.5282204737,89646.9226064902,43163.4893298006,3.6478430268,3.7236882765,0.0913267981
1364,125.6195472718,89646.8474802836,43163.5412589556,3.6788226103,3.7241350968,0.0915180562
1365,125.7110653281,89646.7731473816,43163.5946459794,3.7088910422,3.7240209065,0.0917642760
1366,125.8028296040,89646.6995168771,43163.6494112160,3.7154179632,3.7233723600,0.0920593581
1367,125.8948889621,89646.6264978627,43163.7054750095,3.7241717318,3.7222010234,0.0923976712
1368,125.9872866333,89646.5539994312,43163.7627577040,3.7349454479,3.7205211416,0.0927719418
1369,126.0800585752,89646.4819349739,43163.8211815620,3.7475611610,3.7183596541,0.0931413293
1370,126.1731999044,89646.4102929143,43163.8807023358,3.7619421575,3.7156972703,0.0934740516
1371,126.2666739561,89646.3391254583,43163.9413042461,3.7781034304,3.7124815737,0.0937698127
1372,126.3604437687,89646.2684868416,43164.0029724194,3.7960906010,3.7086836519,0.0940293704
1373,126.4544731391,89646.1984312998,43164.0656919822,3.8159721787,3.7042951421,0.0942535326
1374,126.5487266717,89646.1290130688,43164.1294480612,3.8378333755,3.6993224033,0.0944431597
1375,126.6431698314,89646.0602863842,43164.1942257830,3.8617709520,3.6937811514,0.0945991669
1376,126.7377689983,89645.9923054817,43164.2600102741,3.8878897921,3.6876923612,0.0947225271
1377,126.8324915253,89645.9251245971,43164.3267866612,3.9000502242,3.6810796718,0.0948142737
1378,126.9273057991,89645.8587979660,43164.3945400708,3.8932774359,3.6739681267,0.0948755042
1379,127.0221813032,89645.7933798242,43164.4632556296,3.8885553296,3.6663838774,0.0949073825
1380,127.1170886858,89645.7289244074,43164.5329184640,3.8859537580,3.6583544444,0.0949111435
1381,127.2119998293,89645.6654859514,43164.6035137008,3.8855505865,3.6717108177,0.0948880958
1382,127.3068879251,89645.6031186917,43164.6750264665,3.8874315465,3.6967358098,0.0948396260
1383,127.4017275511,89645.5418768642,43164.7474418877,3.8916905582,3.7198989005,0.0947672023
1384,127.4964947534,89645.4818147046,43164.8207450909,3.8984303582,3.7412262880,0.0946723787
1385,127.5911671322,89645.4229864485,43164.8949212029,3.8857615661,3.7607501924,0.0945567993
1386,127.6857239315,89645.3654463317,43164.9699553501,3.8595943615,3.7785087086,0.0944222019
1387,127.7801461334,89645.3092485899,43165.0458326592,3.8359976572,3.7945458033,0.0942704230
1388,127.8744165564,89645.2544474588,43165.1225382567,3.8150536254,3.8089113996,0.0941034015
1389,127.9685199580,89645.2010971741,43165.2000572692,3.7968520344,3.8216614953,0.0939231831
1390,128.0624431410,89645.1492519716,43165.2783748234,3.7814909803,3.8328582607,0.0937319240
1391,128.1561750651,89645.0989660869,43165.3574760458,3.7808705614,3.8425701324,0.0935318954
1392,128.2497069605,89645.0502937558,43165.4373460631,3.7853817614,3.8508720468,0.0933254865
1393,128.3430324470,89645.0032892140,43165.5179700017,3.7932337569,3.8578457625,0.0931152078
1394,128.4361476548,89644.9580066972,43165.5993329883,3.8045993033,3.8635803871,0.0929036940
1395,128.5290513488,89644.9145004411,43165.6814201495,3.8196669177,3.8681733022,0.0926937060
1396,128.6217450547,89644.8728246814,43165.7642166119,3.8324187503,3.8717316327,0.0924881323
1397,128.7142331870,89644.8330336539,43165.8477075020,3.8230397569,3.8743742526,0.0922899894
1398,128.8065231764,89644.7951815942,43165.9318779465,3.8175237264,3.8762339210,0.0921024216
1399,128.8986255981,89644.7593227381,43166.0167130720,3.8160279552,3.8774583371,0.0919286989
1400,128.9905542969,89644.7255113213,43166.1021980050,3.8187020785,3.8782080771,0.0917722139
1401,129.0823265108,89644.6938015795,43166.1883178721,3.8256691482,3.8786488443,0.0916364775
1402,129.1739629884,89644.6642477484,43166.2750578000,3.8166468770,3.8789353273,0.0915251126
1403,129.2654881009,89644.6369040638,43166.3624029151,3.8105752671,3.8791856895,0.0914418455
1404,129.3569299464,89644.6118247613,43166.4503383442,3.8088964505,3.8794491875,0.0913904962
1405,129.4483204426,89644.5890640766,43166.5388492137,3.8114600196,3.8796739149,0.0913749664
1406,129.5396954090,89644.5686762456,43166.6279206504,3.8179955716,3.8796852070,0.0914019518
1407,129.6310973607,89644.5506693302,43166.7175312959,3.8280838125,3.8792319911,0.0914828191
1408,129.7225801799,89644.5347250663,43166.8076139615,3.8409230097,3.8782959799,0.0915972882
1409,129.8141774680,89644.5203845720,43166.8980817095,3.8555863076,3.8769525511,0.0917200730
1410,129.9058975411,89644.5071884142,43166.9888475247,3.8636051145,3.8752887741,0.0918331198
1411,129.9977306609,89644.4946771602,43167.0798243922,3.8611958344,3.8734545509,0.0919255965
1412,130.0896562573,89644.4823913770,43167.1709252968,3.8595077762,3.8716930906,0.0919938351
1413,130.1816500924,89644.4698716317,43167.2620632234,3.8578778170,3.8703483683,0.0920411806
1414,130.2736912730,89644.4566625084,43167.3531516310,3.8557283012,3.8698552738,0.0920646897
1415,130.3657559627,89644.4426656621,43167.4441461109,3.8529273993,3.8703795690,0.0920406214
1416,130.4577965841,89644.4284158530,43167.5350769579,3.8500824499,3.8715445220,0.0919621955
1417,130.5497587796,89644.4145128074,43167.6259821322,3.8479867024,3.8730108849,0.0918360346
1418,130.6415948142,89644.4015562514,43167.7168995942,3.8475572844,3.8745366015,0.0916805330
1419,130.7332753472,89644.3901459111,43167.8078673042,3.8498039894,3.8759385281,0.0915260036
1420,130.8248013508,89644.3808815128,43167.8989232226,3.8557590847,3.8770171789,0.0914148063
1421,130.9162161571,89644.3743627827,43167.9901053095,3.8428561516,3.8774637220,0.0914000922
1422,131.0076162493,89644.3711434556,43168.0814486879,3.8300796746,3.8768332563,0.0915013364
1423,131.0991175857,89644.3711539103,43168.1729500237,3.8222594908,3.8751128844,0.0916686937
1424,131.1907862794,89644.3738757925,43168.2645782987,3.8190349141,3.8726125637,0.0918546464
1425,131.2826409258,89644.3787808678,43168.3563018850,3.8198814270,3.8696379055,0.0920213942
1426,131.3746623200,89644.3853409019,43168.4480891551,3.8242094768,3.8665949477,0.0921405171
1427,131.4668028371,89644.3930276607,43168.5399084811,3.8127791651,3.8640562647,0.0921881820
1428,131.5589910191,89644.4014822547,43168.6317081583,3.8025245971,3.8625757263,0.0921428539
1429,131.6511338730,89644.4110546780,43168.7233524394,3.7951816293,3.8620370316,0.0920184514
1430,131.7431523244,89644.4222803842,43168.8146835891,3.7913462794,3.8619970205,0.0918451871
1431,131.8349975116,89644.4356948278,43168.9055438725,3.7916078521,3.8616800521,0.0916635805
1432,131.9266610920,89644.4518334630,43168.9957755546,3.7964448048,3.8598333390,0.0915246587
1433,132.0181857508,89644.4712317441,43169.0852209001,3.8061372552,3.8547005603,0.0914900913
1434,132.1096758420,89644.4944171511,43169.1737244238,3.7974784797,3.8441746459,0.0916102175
1435,132.2012860596,89644.5211648441,43169.2613428744,3.7908927934,3.8268744546,0.0917846029
1436,132.2930706625,89644.5498911786,43169.3485163281,3.7878918394,3.8031856500,0.0918974142
1437,132.3849680767,89644.5788699106,43169.4357250882,3.7862385499,3.7922104290,0.0919445466
1438,132.4769126233,89644.6067888048,43169.5233283700,3.7841817929,3.7914092167,0.0919823174
1439,132.5688949406,89644.6336698503,43169.6112951598,3.7814527878,3.7920522933,0.0920101667
1440,132.6609051073,89644.6598032939,43169.6995159844,3.7781525813,3.7936555596,0.0920201232
1441,132.7529252306,89644.6854793828,43169.7878813710,3.7744554584,3.7958117667,0.0920073485
1442,132.8449325790,89644.7109883638,43169.8762818464,3.7705997146,3.7981761644,0.0919701256
1443,132.9369027046,89644.7366204840,43169.9646079378,3.7668956856,3.8004712629,0.0919098572
1444,133.0288125618,89644.7626659903,43170.0527501720,3.7637447456,3.8025045080,0.0918310754
1445,133.1206436373,89644.7894151298,43170.1405990761,3.7616565544,3.8041855244,0.0917414613
1446,133.2123850985,89644.8171581495,43170.2280451771,3.7612544693,3.8308109689,0.0916518694
1447,133.3040369679,89644.8461852963,43170.3149790020,3.7632652002,3.8528284697,0.0915763479
1448,133.3956133158,89644.8767868172,43170.4012910777,3.7684939696,3.8671498607,0.0915321413
1449,133.4871454571,89644.9092529592,43170.4868719313,3.7777895299,3.8746917661,0.0915396570
1450,133.5786851141,89644.9438739694,43170.5716120898,3.7920051527,3.8766022725,0.0916223778
1451,133.6703074919,89644.9809400946,43170.6554020801,3.8119627887,3.8741058150,0.0917892228
1452,133.7620967147,89645.0206956230,43170.7381351411,3.8097107169,3.8683987111,0.0919674723
1453,133.8540641869,89645.0631475938,43170.8197185102,3.7774684976,3.8606773456,0.0921277018
1454,133.9461918887,89645.1082267144,43170.9000639291,3.7509777181,3.8519507008,0.0922676220
1455,134.0384595107,89645.1558636557,43170.9790831413,3.7305070975,3.8429648230,0.0923853674
1456,134.1308448781,89645.2059890885,43171.0566878904,3.7162110682,3.8351440245,0.0924794757
1457,134.2233243539,89645.2585336839,43171.1327899202,3.7081698197,3.8427051037,0.0925488815
1458,134.3158732354,89645.3134281126,43171.2073009741,3.7064310372,3.8514111683,0.0925929114
1459,134.4084661468,89645.3706030456,43171.2801327960,3.7110482996,3.8613750778,0.0926112808
1460,134.5010774275,89645.4299891538,43171.3511971293,3.7221134941,3.8727900332,0.0926040922
1461,134.5936815197,89645.4915171082,43171.4204057179,3.7397816185,3.8859410450,0.0925718351
1462,134.6862533548,89645.5551175795,43171.4876703052,3.7642852447,3.9011979299,0.0925153877
1463,134.7787687425,89645.6207212388,43171.5529026349,3.7959327985,3.9189775722,0.0924360192
1464,134.8712047617,89645.6882587569,43171.6160144507,3.7935998657,3.9396583042,0.0923348586
1465,134.9635396202,89645.7576627368,43171.6769144809,3.7713199763,3.9634243847,0.0922050213
1466,135.0557446415,89645.8289082384,43171.7354451946,3.7562272103,3.9899648494,0.0920506388
1467,135.1477952803,89645.9020117055,43171.7913844759,3.7485007759,4.0181629028,0.0918912304
1468,135.2396865107,89645.9769912994,43171.8445075287,3.7481435056,4.0458181723,0.0917485872
1469,135.3314350979,89646.0538651813,43171.8945895566,3.7548639064,4.0693617870,0.0916462942
1470,135.4230813921,89646.1326515127,43171.9414057635,3.7679826056,4.0837654152,0.0916120522
1471,135.5146934443,89646.2133552853,43171.9847609156,3.7864053150,4.0828477322,0.0916887366
1472,135.6063821810,89646.2957244270,43172.0250368255,3.8081686183,4.0606032475,0.0918272148
1473,135.6982093958,89646.3792729498,43172.0631403913,3.8307399994,4.0124365067,0.0919441214
1474,135.7901535172,89646.4635063384,43172.0999976524,3.8329364052,3.9360990065,0.0919908681
1475,135.8821443853,89646.5479300777,43172.1365346482,3.8284568776,3.8328125817,0.0919548161
1476,135.9740992014,89646.6320496525,43172.1736774179,3.8266852005,3.7076482359,0.0918591037
1477,136.0659583051,89646.7153705475,43172.2123520011,3.8264348461,3.6710475896,0.0917628512
1478,136.1577211563,89646.7973982476,43172.2534844371,3.8261590809,3.6474026589,0.0917614268
1479,136.2494825832,89646.8776382375,43172.2980007652,3.8235337346,3.6283577046,0.0919859592
1480,136.3414685423,89646.9555960021,43172.3468270248,3.8152414513,3.6159569784,0.0925954286
1481,136.4340639710,89647.0307908345,43172.4008608159,3.7972447373,3.6116500868,0.0934167393
1482,136.5274807102,89647.1034096598,43172.4596246941,3.7671141148,3.6151544841,0.0937800243
1483,136.6212607345,89647.1745910181,43172.5206812840,3.7258573711,3.6244624234,0.0934165863
1484,136.7146773208,89647.2455463007,43172.5814431674,3.6768922069,3.6384843584,0.0923337213
1485,136.8070110421,89647.3174868987,43172.6393229260,3.6262354149,3.6574964587,0.0907919083
1486,136.8978029503,89647.3916242031,43172.6917331416,3.5301800010,3.6826859143,0.0893336474
1487,136.9871365977,89647.4691696051,43172.7360863960,3.4371413340,3.7148430316,0.0887994647
1488,137.0759360625,89647.5512512612,43172.7699677578,3.3643437297,3.7527270699,0.0896783685
1489,137.1656144309,89647.6378054690,43172.7934321752,3.3150854016,3.7941820779,0.0913042274
1490,137.2569186583,89647.7278776852,43172.8083806798,3.2740092265,3.8352737392,0.0929924265
1491,137.3499110847,89647.8204919392,43172.8167587073,3.2526615821,3.8694504309,0.0942550674
1492,137.4441661522,89647.9146722600,43172.8205116932,3.2456351446,3.8895960919,0.0947764954
1493,137.5389426475,89648.0094426770,43172.8215850731,3.2473270168,3.8902028979,0.0944213501
1494,137.6333639977,89648.1038635907,43172.8218721396,3.2528383450,3.8687802944,0.0936758610
1495,137.7270398587,89648.1975374198,43172.8224891343,3.2591105751,3.8252892581,0.0929568534
1496,137.8199967121,89648.2904827030,43172.8239557382,3.2647413348,3.7619987245,0.0922890294
1497,137.9122857415,89648.3827286186,43172.8267763793,3.2691478837,3.6834553893,0.0916951887
1498,138.0039809302,89648.4743043445,43172.8314554859,3.2722093185,3.5954694331,0.0912069738
1499,138.0951879040,89648.5652390591,43172.8384974861,3.2738958564,3.5041345236,0.0908648311
1500,138.1860527351,89648.6555619402,43172.8484068081,3.2739416437,3.4150541624,0.0907176666
1501,138.2767704017,89648.7453021662,43172.8616878799,3.2716349016,3.3328422252,0.0908220645
1502,138.3675924662,89648.8344889151,43172.8788451298,3.2657914993,3.2609092596,0.0912169899
1503,138.4588094561,89648.9231687092,43172.9002094312,3.2552813980,3.2544843509,0.0916809792
1504,138.5504904353,89649.0115353870,43172.9246375338,3.2411695433,3.2537485258,0.0919583350
1505,138.6424487703,89649.0998571226,43172.9502423456,3.2241366312,3.2555871422,0.0919769577
1506,138.7344257279,89649.1884026608,43172.9751310662,3.2061081403,3.2580106371,0.0917832850
1507,138.8262090129,89649.2774407461,43172.9974108949,3.1894996440,3.2591526949,0.0915471967
1508,138.9177562096,89649.3672246561,43173.0152921348,3.1768794553,3.2572253023,0.0915136775
1509,139.0092698871,89649.4577721327,43173.0285551523,3.1691849293,3.2518169935,0.0916545547
1510,139.1009244418,89649.5489174828,43173.0382030832,3.1658536106,3.2434587564,0.0918450728
1511,139.1927695146,89649.6404901701,43173.0452713446,3.1659569832,3.2324925137,0.0919954872
1512,139.2847650018,89649.7323196588,43173.0507953535,3.1683070761,3.2192290046,0.0920524729
1513,139.3768174747,89649.8242354127,43173.0558105270,3.1716043308,3.2041591101,0.0919985733
1514,139.4688160480,89649.9160669398,43173.0613520169,3.1751188227,3.1880848950,0.0918778878
1515,139.5606939358,89650.0076917687,43173.0681664874,3.1773763961,3.1721918918,0.0917841588
1516,139.6524780946,89650.0991270040,43173.0761620824,3.1784133825,3.1688162612,0.0917240286
1517,139.7442021232,89650.1904149682,43173.0850954479,3.1784901889,3.1662547324,0.0916898930
1518,139.8358920162,89650.2815979835,43173.0947232298,3.1778808024,3.1643389906,0.0916761059
1519,139.9275681221,89650.3727183725,43173.1048020742,3.1768498803,3.1628798901,0.0916789979
1520,140.0192471200,89650.4638184575,43173.1150886272,3.1756488985,3.1616605233,0.0916966580
1521,140.1109437780,89650.5549398893,43173.1253434677,3.1745183684,3.1604471419,0.0917199581
1522,140.2026637361,89650.6460975851,43173.1354837450,3.1735403937,3.1591545931,0.0917368442
1523,140.2944005803,89650.7372713669,43173.1456321484,3.1725920577,3.1579043998,0.0917465385
1524,140.3861471188,89650.8284386741,43173.1559253223,3.1715372351,3.1568345133,0.0917496949
1525,140.4778968137,89650.9195769459,43173.1664999112,3.1702345481,3.1560842513,0.0917475930
1526,140.5696444067,89651.0106636217,43173.1774925593,3.1685290908,3.1557894468,0.0917421384
1527,140.6613865452,89651.1016761407,43173.1890399112,3.1662457089,3.1560764964,0.0917358641
1528,140.7531224093,89651.1925919424,43173.2012786111,3.1650905682,3.1570604170,0.0917319309
1529,140.8448543402,89651.2833884660,43173.2143453035,3.1649078747,3.1588523647,0.0917341068
1530,140.9365884470,89651.3740437657,43173.2283725267,3.1638110724,3.1615735119,0.0917415556
1531,141.0283300026,89651.4645860665,43173.2431578160,3.1620364857,3.1650408840,0.0917397154
1532,141.1200697179,89651.5551301378,43173.2579208279,3.1604274783,3.1685275198,0.0917289400
1533,141.2117986579,89651.6457993236,43173.2718239636,3.1598788570,3.1740215205,0.0917332883
1534,141.3035319462,89651.7367169678,43173.2840296240,3.1612248366,3.1790652779,0.0918002359
1535,141.3953321821,89651.8280064145,43173.2937002103,3.1651891693,3.1817879424,0.0919864306
1536,141.4873186126,89651.9197663237,43173.3001517579,3.1722290408,3.1815832642,0.0921978369
1537,141.5795164496,89652.0118828543,43173.3040229233,3.1814307551,3.1791336603,0.0922876334
1538,141.6718040830,89652.1041337339,43173.3066272470,3.1968759751,3.1758484503,0.0922003643
1539,141.7640044473,89652.1962958227,43173.3092836665,3.2148485882,3.1732790409,0.0919384139
1540,141.8559428612,89652.2881459810,43173.3133111194,3.2293005630,3.1731143512,0.0915618322
1541,141.9475046934,89652.3794610691,43173.3200285434,3.2399223439,3.1770409054,0.0911899251
1542,142.0386946184,89652.4700179475,43173.3307548762,3.2466058828,3.1864996948,0.0910028875
1543,142.1296975059,89652.5595948175,43173.3468019908,3.2490525305,3.2024604340,0.0911811525
1544,142.2208786584,89652.6481548906,43173.3685071982,3.2474786626,3.2243963711,0.0915707778
1545,142.3124494363,89652.7360336221,43173.3942469711,3.2435865090,3.2452198007,0.0919189941
1546,142.4043684303,89652.8236110966,43173.4221626911,3.2390062528,3.2629525720,0.0920908919
1547,142.4964593222,89652.9112673990,43173.4503957395,3.2353160422,3.2796635359,0.0920692189
1548,142.5885285412,89652.9993826140,43173.4770874979,3.2341678165,3.2935635789,0.0919530433
1549,142.6804815844,89653.0883368263,43173.5003793477,3.2372178239,3.3032900473,0.0919566267
1550,142.7724382111,89653.1784944945,43173.5184795152,3.2458917438,3.3076859190,0.0922186560
1551,142.8646568671,89653.2698113634,43173.5313445826,3.2595742893,3.3072591130,0.0924788751
1552,142.9571357422,89653.3618050355,43173.5408053771,3.2756194382,3.3042537806,0.0925113244
1553,143.0496470665,89653.4539715921,43173.5487847867,3.2915357898,3.3009923593,0.0922207946
1554,143.1418678611,89653.5458071146,43173.5572056993,3.3054572771,3.3000043611,0.0916374730
1555,143.2335053341,89653.6368076842,43173.5679910028,3.3162829045,3.3040770202,0.0909197606
1556,143.3244250947,89653.7264693825,43173.5830635851,3.3234176799,3.3160088489,0.0903612176
1557,143.4147863124,89653.8142895000,43173.6043421335,3.3261808993,3.3427356115,0.0903460002
1558,143.5051323125,89653.9000437048,43173.6327783094,3.3241603500,3.3856388305,0.0908407145
1559,143.5959730270,89653.9841399439,43173.6671273704,3.3181552438,3.4358681818,0.0915245149
1560,143.6874975419,89654.0670734755,43173.7058412717,3.3083841791,3.4886248254,0.0921547999
1561,143.7796523418,89654.1493395581,43173.7473719687,3.2975535541,3.5389294693,0.0925807747
1562,143.8722331166,89654.2314334500,43173.7901714169,3.2915850607,3.5825602868,0.0927389820
1563,143.9649720985,89654.3138504096,43173.8326915715,3.2874369465,3.6167897032,0.0926499761
1564,144.0576220747,89654.3970856952,43173.8733843880,3.2868293947,3.6406383289,0.0924180842
1565,144.1500401588,89654.4816345653,43173.9107018217,3.2918637050,3.6545855029,0.0922440475
1566,144.2422842063,89654.5678845730,43173.9434111545,3.3043631593,3.6602322380,0.0922959557
1567,144.3345801620,89654.6557417418,43173.9716894381,3.3243715155,3.6606734160,0.0925163688
1568,144.4270965308,89654.7449775772,43173.9961075497,3.3509909383,3.6588006625,0.0928227177
1569,144.5199192485,89654.8353635787,43174.0172363844,3.3827508121,3.6566111399,0.0931452352
1570,144.6130644837,89654.9266712458,43174.0356468372,3.4177328004,3.6552477645,0.0934271758
1571,144.7064916595,89655.0186720779,43174.0519098034,3.4537984644,3.6552364341,0.0936245570
1572,144.8001162165,89655.1111375746,43174.0665961779,3.5107850647,3.6567888806,0.0937057034
1573,144.8938219199,89655.2038392353,43174.0802768561,3.5654600064,3.6600773445,0.0936507984
1574,144.9874727183,89655.2965485594,43174.0935227329,3.6117981533,3.6654391288,0.0934515778
1575,145.0809242961,89655.3890370466,43174.1069047035,3.6484127518,3.6735072605,0.0931112445
1576,145.1740355406,89655.4810761963,43174.1209936630,3.6746740885,3.6559759371,0.0926446390
1577,145.2666801795,89655.5724375078,43174.1363605067,3.6907576372,3.6291531738,0.0920786610
1578,145.3587588405,89655.6628924808,43174.1535761294,3.6976425902,3.6032634716,0.0914528907
1579,145.4502117312,89655.7522126147,43174.1732114265,3.6970271479,3.5805451226,0.0908203033
1580,145.5410320345,89655.8401694090,43174.1958372930,3.6911208917,3.5633476732,0.0902478898
1581,145.6312799242,89655.9265343631,43174.2220246240,3.6822967221,3.5538416630,0.0898168988
1582,145.7210968230,89656.0110789765,43174.2523443147,3.6726387806,3.5536708930,0.0896223140
1583,145.8107191370,89656.0935747489,43174.2873672601,3.6634907404,3.5636335848,0.0897711117
1584,145.9004902487,89656.1737931797,43174.3276643549,3.6551509845,3.5835151836,0.0903364063
1585,145.9908266550,89656.2516636893,43174.3734557302,3.6472181326,3.6117914693,0.0911075117
1586,146.0819341667,89656.3277251631,43174.4236078078,3.6399323104,3.6369641335,0.0918168839
1587,146.1737510506,89656.4026634933,43174.4766604876,3.6335123430,3.6563030180,0.0923033998
1588,146.2660544504,89656.4771645719,43174.5311536697,3.6282831449,3.6756788835,0.0924926585
1589,146.3585471089,89656.5519142910,43174.5856272539,3.6249896632,3.6927370983,0.0923929539
1590,146.4509400628,89656.6275985426,43174.6386211402,3.6248568470,3.7059502993,0.0920963369
1591,146.5430363997,89656.7048969625,43174.6886879912,3.6294114165,3.7144239799,0.0918349780
1592,146.6348713777,89656.7841142297,43174.7351453669,3.6393759643,3.7183612070,0.0917474068
1593,146.7266187845,89656.8649740862,43174.7784959176,3.6539547739,3.7191525668,0.0917688149
1594,146.8183875994,89656.9471503293,43174.8193441789,3.6719161718,3.7179331707,0.0918357044
1595,146.9102233038,89657.0303167565,43174.8582946860,3.6917658969,3.7154403622,0.0918999932
1596,147.0021232969,89657.1141471649,43174.8959519742,3.7119394540,3.7121470217,0.0919291112
1597,147.0940524081,89657.1983153522,43174.9329205791,3.7310242152,3.7084609028,0.0919059067
1598,147.1859583148,89657.2824951154,43174.9698050358,3.7479629060,3.7048939592,0.0918285550
1599,147.2777868698,89657.3663602522,43175.0072098797,3.7621258884,3.7021428498,0.0917105680
1600,147.3694974378,89657.4495845597,43175.0457396463,3.7732674248,3.7010697435,0.0915809181
1601,147.4610783559,89657.5318418354,43175.0859988708,3.7813872110,3.7026106451,0.0914856619
1602,147.5525640178,89657.6128434688,43175.1285237074,3.7866277099,3.7075796906,0.0914687943
1603,147.6440328121,89657.6926090812,43175.1732896253,3.7896688221,3.7160092154,0.0915168913
1604,147.7355497034,89657.7713093084,43175.2199973938,3.7912904414,3.7274271340,0.0916047564
1605,147.8271544598,89657.8491158219,43175.2683458978,3.7920293975,3.7410636770,0.0917110978
1606,147.9188655576,89657.9262002932,43175.3180340226,3.7922130718,3.7473423277,0.0918186233
1607,148.0106841809,89658.0027343938,43175.3687606530,3.7920343075,3.7549149052,0.0919140394
1608,148.1025982203,89658.0788897952,43175.4202246742,3.7916349291,3.7631261354,0.0919880226
1609,148.1945862429,89658.1548381690,43175.4721249711,3.7911747913,3.7713911675,0.0920351840
1610,148.2866214269,89658.2307511866,43175.5241604288,3.7886218112,3.7792307972,0.0920540409
1611,148.3786754678,89658.3068005196,43175.5760299323,3.7827386026,3.7862795216,0.0920470035
1612,148.4707224713,89658.3831577946,43175.6274324361,3.7771002855,3.7922728421,0.0920209862
1613,148.5627434575,89658.4599620983,43175.6781173534,3.7721359306,3.7970820656,0.0919837253
1614,148.6547271828,89658.5372625823,43175.7279735556,3.7681489637,3.8007904109,0.0919386784
1615,148.7466658612,89658.6150929914,43175.7769138049,3.7654273356,3.8035265317,0.0918890266
1616,148.8385548877,89658.6934870704,43175.8248508634,3.7642471954,3.8054099563,0.0918382427
1617,148.9303931304,89658.7724785640,43175.8716974935,3.7648493316,3.8065266010,0.0917900928
1618,149.0221832232,89658.8521012172,43175.9173664572,3.7603649599,3.8069037805,0.0917486370
1619,149.1139318602,89658.9323887746,43175.9617705168,3.7478990320,3.8064846598,0.0917182275
1620,149.2056500877,89659.0133749810,43176.0048224345,3.7377345608,3.8051070247,0.0917035057
1621,149.2973535934,89659.0950935814,43176.0464349726,3.7300088226,3.8024966297,0.0917093953
1622,149.3890629888,89659.1775783204,43176.0865208931,3.7247693143,3.7982870043,0.0917410255
1623,149.4808040143,89659.2608620782,43176.1249946693,3.7219946772,3.7920732687,0.0917870972
1624,149.5725911115,89659.3448389197,43176.1620454628,3.7223137080,3.7837937204,0.0917953739
1625,149.6643864854,89659.4291126248,43176.1984368531,3.7293269943,3.7741409708,0.0917408451
1626,149.7561273304,89659.5132505410,43176.2350045124,3.7358156479,3.7640412346,0.0916301450
1627,149.8477574755,89659.5968200157,43176.2725841130,3.7408994361,3.7545640397,0.0915067091
1628,149.9392641846,89659.6794472344,43176.3119061240,3.7438806444,3.7467452263,0.0914598085
1629,150.0307239930,89659.7611970054,43176.3529167506,3.7449627929,3.7407315250,0.0914957637
1630,150.1222197567,89659.8423322157,43176.3952080313,3.7447119764,3.7362118073,0.0915921138
1631,150.2138118706,89659.9231167188,43176.4383702761,3.7436394989,3.7327885925,0.0917339741
1632,150.3055458447,89660.0038143682,43176.4819937950,3.7422153720,3.7299927268,0.0919142181
1633,150.3974600628,89660.0846890173,43176.5256688979,3.7408954788,3.7272932709,0.0921334531
1634,150.4895935159,89660.1660045198,43176.5689858950,3.7401449899,3.7241264058,0.0923965577
1635,150.5819900736,89660.2480122838,43176.6115517324,3.7404350927,3.7199428750,0.0926284704
1636,150.6746185440,89660.3306569856,43176.6533833808,3.7417778824,3.7147307204,0.0927323521
1637,150.7673508962,89660.4135647331,43176.6949236569,3.7437371656,3.7090826609,0.0926969535
1638,150.8600478496,89660.4963468210,43176.7366351793,3.7459640707,3.7037451827,0.0925262669
1639,150.9525741165,89660.5786145440,43176.7789805665,3.7482373127,3.6996263048,0.0922355834
1640,151.0448097000,89660.6599791967,43176.8224224373,3.7504245356,3.6977729138,0.0918518002
1641,151.1366615002,89660.7400520738,43176.8674234101,3.7523600805,3.6992650822,0.0914139020
1642,151.2280754022,89660.8184444700,43176.9144461036,3.7536400820,3.7050269005,0.0909735052
1643,151.3190489075,89660.8947676799,43176.9639531364,3.7533870277,3.7155990787,0.0905952889
1644,151.4096441963,89660.9686329981,43177.0164071270,3.7500905227,3.7307500331,0.0903593392
1645,151.5000035355,89661.0396689342,43177.0722525024,3.7416770439,3.7461717031,0.0903909642
1646,151.5903944997,89661.1081535145,43177.1312473214,3.7267347839,3.7645228610,0.0906566094
1647,151.6810511091,89661.1751972786,43177.1922698954,3.7157690833,3.7831081596,0.0910274178
1648,151.7720785269,89661.2419652888,43177.2541409193,3.7115572079,3.7997752700,0.0914587622
1649,151.8635372892,89661.3096226077,43177.3156810882,3.7098164742,3.8133048517,0.0919963135
1650,151.9555336027,89661.3793342977,43177.3757110972,3.7127937449,3.8233279663,0.0927733084
1651,152.0483069111,89661.4522654212,43177.4330516412,3.7225779947,3.8298254158,0.0940049766
1652,152.1423118877,89661.5295810405,43177.4865234154,3.7405457353,3.8324217869,0.0959362402
1653,152.2382481280,89661.6123502908,43177.5350312849,3.7668521391,3.8299512667,0.0980676467
1654,152.3363157746,89661.7000860805,43177.5788456036,3.7985106926,3.8222121850,0.0995615742
1655,152.4358773488,89661.7910383392,43177.6193449084,3.8302825629,3.8100569746,0.1001200710
1656,152.5359974198,89661.8834205212,43177.6579397406,3.8572754868,3.7947301742,0.0996011159
1657,152.6355985357,89661.9754460808,43177.6960406417,3.8762554500,3.7789072644,0.0979857669
1658,152.7335843026,89662.0653284724,43177.7350581532,3.8869422266,3.7677452729,0.0953794737
1659,152.8289637763,89662.1512811501,43177.7764028165,3.8929903588,3.7696808909,0.0920342419
1660,152.9209980182,89662.2315175683,43177.8214851732,3.9021364729,3.7966541964,0.0883928209
1661,153.0093908391,89662.3042511813,43177.8717157646,3.9248340216,3.8497531817,0.0851481455
1662,153.0945389845,89662.3676954434,43177.9285051323,3.9708956330,3.9264814728,0.0832834500
1663,153.1778224345,89662.4200638089,43177.9932638177,4.0446480914,4.0611158871,0.0840043084
1664,153.2618267429,89662.4595880322,43178.0673891143,4.1601933686,4.2549657340,0.0877154748
1665,153.3495422177,89662.4863911737,43178.1509091486,4.3442556156,4.4990031401,0.0921206980
1666,153.4416629157,89662.5041074333,43178.2413102390,4.5166184247,4.6926758706,0.0953345207
1667,153.5369974363,89662.5167526850,43178.3358023997,4.6532742780,4.8649114901,0.0965039402
1668,153.6335013765,89662.5283213231,43178.4316104218,4.7370335822,5.0231635197,0.0962415135
1669,153.7297428901,89662.5413426391,43178.5269669856,4.7603063408,5.1551650304,0.0958958055
1670,153.8256386956,89662.5559673807,43178.6217410456,4.7238155561,5.2578634497,0.0955864155
1671,153.9212251111,89662.5721285711,43178.7159513357,4.6368712779,5.3333830517,0.0953101258
1672,154.0165352370,89662.5897592336,43178.8096165898,4.5131677173,5.3820639536,0.0950637968
1673,154.1115990338,89662.6087923914,43178.9027555417,4.3666329811,5.4091846219,0.0948443790
1674,154.2064434128,89662.6291610677,43178.9953869254,4.2088531792,5.4282777865,0.0946489229
1675,154.3010923357,89662.6507982858,43179.0875294748,4.0481503405,5.4426082931,0.0944745886
1676,154.3955669243,89662.6736370689,43179.1792019236,3.8903611127,5.4544860999,0.0943186534
1677,154.4898855777,89662.6976104402,43179.2704230059,3.7904688023,5.4653931287,0.0941785187
1678,154.5840640964,89662.7226514229,43179.3612114554,3.6945653802,5.4761978293,0.0940517159
1679,154.6781158123,89662.7486930403,43179.4515860062,3.6029497086,5.4873642746,0.0939359108
1680,154.7720517231,89662.7756683157,43179.5415653919,3.5155882945,5.4991151256,0.0938289083
1681,154.8658806314,89662.8035102722,43179.6311683467,3.4322828052,5.5115418678,0.0937286548
1682,154.9596092862,89662.8321519330,43179.7204136042,3.3527657854,5.5246712807,0.0936332412
1683,155.0532425275,89662.8615263215,43179.8093198985,3.2767503474,5.5385020984,0.0935409047
1684,155.1467834322,89662.8915664608,43179.8979059634,3.2039548004,5.5530248215,0.0934500305
1685,155.2402334627,89662.9222053742,43179.9861905327,3.1341127339,5.5682312347,0.0933591525
1686,155.3335926152,89662.9533760848,43180.0741923404,3.1119853459,5.5841190408,0.0932669548
1687,155.4268595700,89662.9850116160,43180.1619301204,3.1273330102,5.6006940648,0.0931722718
1688,155.5200318418,89663.0170449909,43180.2494226065,3.1429051941,5.6179707030,0.0930740888
1689,155.6131059307,89663.0494092328,43180.3366885326,3.1585961259,5.6359722187,0.0929715429
1690,155.7060774735,89663.0820373649,43180.4237466326,3.1743041380,5.6547310441,0.0928639227
1691,155.7989413962,89663.1148624105,43180.5106156404,3.1899318845,5.6742890932,0.0927506694
1692,155.8916920656,89663.1478173927,43180.5973142899,3.2053865782,5.6930796052,0.0926313772
1693,155.9843234428,89663.1808353349,43180.6838613149,3.2475423679,5.6996679786,0.0925057939
1694,156.0768292367,89663.2138492601,43180.7702754494,3.3025334275,5.7065496076,0.0923738216
1695,156.1692030583,89663.2467921918,43180.8565754272,3.3559491120,5.7137948547,0.0922355180
1696,156.2614385763,89663.2795971530,43180.9427799822,3.4076463421,5.7214840665,0.0920910975
1697,156.3535296738,89663.3121971671,43181.0289078483,3.4574921565,5.7297078433,0.0919409322
1698,156.4454706060,89663.3445252572,43181.1149777594,3.5053648030,5.7385673469,0.0917855536
1699,156.5372561596,89663.3765144466,43181.2010084494,3.5511547678,5.7481746507,0.0916256545
1700,156.6288818140,89663.4080977585,43181.2870186520,3.5947657302,5.7586531358,0.0914620901
1701,156.7203439042,89663.4392082162,43181.3730271014,3.6361154286,5.7701379383,0.0912958805
1702,156.8116397847,89663.4697788428,43181.4590525312,3.6751364261,5.7827764494,0.0911282118
1703,156.9027679965,89663.4997426616,43181.5451136755,3.7117767631,5.7905042800,0.0909604386
1704,156.9937284351,89663.5290326959,43181.6312292680,3.7460004842,5.7812746847,0.0907940850
1705,157.0845225201,89663.5575819688,43181.7174180427,3.7777880293,5.7728834138,0.0906308466
1706,157.1751533667,89663.5853235037,43181.8036987335,3.8071364768,5.7655128174,0.0904725912
1707,157.2656259579,89663.6121903236,43181.8900900742,3.8340596292,5.7593564379,0.0903213599
1708,157.3559473178,89663.6381154519,43181.9766107987,3.8585879325,5.7546192561,0.0901793668
1709,157.4461266846,89663.6630319118,43182.0632796410,3.8807682194,5.7515179530,0.0900489987
1710,157.5361756833,89663.6868727265,43182.1501153348,3.9006632697,5.7502811809,0.0899328139
1711,157.6261084971,89663.7095709193,43182.2371366141,3.9183511524,5.7511498424,0.0898335391
1712,157.7159420362,89663.7310595134,43182.3243622128,3.9339243297,5.7080594703,0.0897540663
1713,157.8056961025,89663.7512715319,43182.4118108647,3.9474884922,5.6507167400,0.0896974477
1714,157.8953935502,89663.7701399982,43182.4995013038,3.9591610442,5.5951829190,0.0896668888
1715,157.9850604390,89663.7875979354,43182.5874522639,3.9690691301,5.5417246710,0.0896657405
1716,158.0747261795,89663.8035783669,43182.6756824789,3.9773470788,5.4906053311,0.0896974887
1717,158.1644236683,89663.8180143158,43182.7642106826,3.9841331803,5.4420828938,0.0897657423
1718,158.2541894105,89663.8308388053,43182.8530556091,3.9895658526,5.3569990146,0.0898742189
1719,158.3440636294,89663.8419848587,43182.9422359921,3.9937795726,5.2597232764,0.0900267287
1720,158.4340903581,89663.8513854992,43183.0317705655,3.9969014972,5.1660559590,0.0902271561
1721,158.5243175142,89663.8589737501,43183.1216780632,3.9990502070,5.0761328243,0.0904794393
1722,158.6147969535,89663.8646826346,43183.2119772192,4.0003383313,4.9900459455,0.0907875477
1723,158.7055845012,89663.8684451758,43183.3026867673,4.0008810033,4.9078542426,0.0911554589
1724,158.7967399601,89663.8701943972,43183.3938254413,4.0008114544,4.8067983462,0.0915871323
1725,158.8883270924,89663.8698633217,43183.4854119752,4.0003037050,4.6883173628,0.0920788779
1726,158.9804059703,89663.8673806507,43183.5774573775,3.9995946956,4.5744532129,0.0924927098
1727,159.0728986801,89663.8625930906,43183.6698260986,3.9989120496,4.4654169311,0.0927147279
1728,159.1656134080,89663.8552739979,43183.7622514829,3.9985082121,4.3617076126,0.0927600637
1729,159.2583734716,89663.8451941433,43183.8544622520,3.9987573511,4.2640037305,0.0926513556
1730,159.3510248272,89663.8321242972,43183.9461871277,4.0001354401,4.1731641963,0.0924145922
1731,159.4434394194,89663.8158352299,43184.0371548315,4.0031594781,4.0901960216,0.0920795252
1732,159.5355189447,89663.7960977120,43184.1270940852,4.0082842501,4.0161794646,0.0916800793
1733,159.6271990240,89663.7726825139,43184.2157336104,4.0157618877,3.9500135733,0.0912547231
1734,159.7184537470,89663.7453604060,43184.3028021289,4.0254838712,3.8867077427,0.0908480949
1735,159.8093018420,89663.7139059000,43184.3880311756,4.0368436002,3.8352239070,0.0905776225
1736,159.8998794645,89663.6783289921,43184.4713293708,4.0489171849,3.7955053021,0.0905381791
1737,159.9904176436,89663.6390111558,43184.5528846872,4.0606389050,3.7666444637,0.0906783476
1738,160.0810959912,89663.5963665893,43184.6329097062,4.0705372060,3.7473593859,0.0909411283
1739,160.1720371196,89663.5508094903,43184.7116170093,4.0768933825,3.7361285263,0.0912766193
1740,160.2633137389,89663.5027540568,43184.7892191777,4.0779787263,3.7313158934,0.0916424660
1741,160.3549562049,89663.4526144867,43184.8659287930,4.0722884252,3.7312994032,0.0920039776
1742,160.4469601825,89663.4008049781,43184.9419584366,4.0587365924,3.7345799129,0.0923340393
1743,160.5392942218,89663.3477397286,43185.0175206899,4.0367929364,3.7398585927,0.0926129225
1744,160.6319071443,89663.2938329364,43185.0928281343,4.0065552386,3.7460789779,0.0928280740
1745,160.7247352183,89663.2394987994,43185.1680933511,3.9687581904,3.7524344988,0.0929739352
1746,160.8177091535,89663.1851515153,43185.2435289220,3.9247206368,3.7583436374,0.0930518239
1747,160.9107609774,89663.1312052823,43185.3193474281,3.8762355930,3.7633963440,0.0930698897
1748,161.0038308672,89663.0780742982,43185.3957614511,3.8254144692,3.7672795344,0.0930431382
1749,161.0968740053,89663.0261727609,43185.4729835722,3.7745087318,3.7696961866,0.0929938677
1750,161.1898678731,89662.9758851795,43185.5512077282,3.8071739362,3.7702390622,0.0929422085
1751,161.2828100816,89662.9271483576,43185.6303466967,3.8472600300,3.7677058143,0.0928722378
1752,161.3756823194,89662.8795526704,43185.7100956973,3.8862296546,3.7638454298,0.0927624556
1753,161.4684447750,89662.8326794777,43185.7901442887,3.9221689449,3.7590515606,0.0925999091
1754,161.5610446841,89662.7861101396,43185.8701820292,3.9534052918,3.7537963143,0.0923802982
1755,161.6534249823,89662.7394260162,43185.9498984774,3.9786862706,3.7487185697,0.0921080287
1756,161.7455330109,89662.6922084673,43186.0289831916,3.9973186978,3.7446905959,0.0917963403
1757,161.8373293512,89662.6440388532,43186.1071257304,4.0092390272,3.7428452385,0.0914674988
1758,161.9287968500,89662.5944985337,43186.1840156522,4.0149971903,3.7445534305,0.0911530077
1759,162.0199498577,89662.5431688688,43186.2593425154,4.0156483311,3.7513496584,0.0908937651
1760,162.1108436228,89662.4896312186,43186.3327958785,4.0125615572,3.7648121831,0.0907400478
1761,162.2015836707,89662.4334669431,43186.4040653000,4.0071726796,3.7864161524,0.0907511742
1762,162.2923348449,89662.3742574023,43186.4728403383,4.0007254682,3.8173891570,0.0909823265
1763,162.3833171714,89662.3116289029,43186.5388362078,3.9941032719,3.8585520644,0.0913439702
1764,162.4746611415,89662.2456793927,43186.6020373391,3.9881569396,3.9097745953,0.0917193950
1765,162.5663805365,89662.1767885729,43186.6625889895,3.9834771981,3.9681073402,0.0920579361
1766,162.6584384726,89662.1053399249,43186.7206385743,3.9801829221,4.0313794994,0.0923161475
1767,162.7507546201,89662.0317169299,43186.7763335086,3.9780692309,4.1014441176,0.0924563914
1768,162.8432110116,89661.9563030693,43186.8298212075,3.9767742291,4.1770868482,0.0924463650
1769,162.9356573766,89661.8794818242,43186.8812490863,3.9759218658,4.2572238310,0.0922586836
1770,163.0279160601,89661.8016365547,43186.9307645253,3.9752195695,4.3409710714,0.0919317284
1771,163.1198477886,89661.7230635514,43186.9784900514,3.9744331222,4.4277542344,0.0916228926
1772,163.2114706812,89661.6438189092,43187.0244796278,3.9732632603,4.5174527974,0.0913582735
1773,163.3028289547,89661.5639176559,43187.0687754951,3.9714945921,4.6101393855,0.0911355764
1774,163.3939645311,89661.4833748193,43187.1114198941,3.9689988742,4.6832730532,0.0909524903
1775,163.4849170214,89661.4022054272,43187.1524550654,3.9657019334,4.7573585651,0.0908066981
1776,163.5757237196,89661.3204245074,43187.1919232498,3.9615558066,4.8345212413,0.0906958863
1777,163.6664196058,89661.2380470876,43187.2298666878,3.9565191147,4.9148097330,0.0906177541
1778,163.7570373599,89661.1550881956,43187.2663276204,3.9505458012,4.9982354198,0.0905700225
1779,163.8476073824,89661.0715628592,43187.3013482880,3.9435806157,5.0847706976,0.0905504420
1780,163.9381578244,89660.9874861062,43187.3349709314,3.9355590520,5.1743529506,0.0905568000
1781,164.0287146244,89660.9028729644,43187.3672377913,3.9264095357,5.2236699369,0.0905869274
1782,164.1193015519,89660.8177384615,43187.3981911084,3.9160564141,5.2498421572,0.0906387050
1783,164.2099402568,89660.7320976253,43187.4278731233,3.9044228220,5.2782890991,0.0907100678
1784,164.3006503246,89660.6459654836,43187.4563260768,3.8914329822,5.3088669227,0.0907990105
1785,164.3914493351,89660.5593570642,43187.4835922095,3.8770139104,5.3414328077,0.0909035909
1786,164.4823529260,89660.4722873948,43187.5097137622,3.8610966405,5.3758452088,0.0910219331
1787,164.5733748591,89660.3847715032,43187.5347329755,3.8436171096,5.4119640277,0.0911522304
1788,164.6645270895,89660.2968244173,43187.5586920901,3.8245168313,5.4496507300,0.0912927470
1789,164.7558198364,89660.2084611648,43187.5816333468,3.8037434342,5.4632975732,0.0914418202
1790,164.8472616567,89660.1196967734,43187.6035989861,3.7812510596,5.4530948921,0.0915978611
1791,164.9388595177,89660.0305462710,43187.6246312488,3.7570006857,5.4447261305,0.0917593553
1792,165.0306188731,89659.9410246853,43187.6447723756,3.7309603920,5.4380487421,0.0919248638
1793,165.1225437369,89659.8511470441,43187.6640646071,3.7031055670,5.4329269963,0.0920930224
1794,165.2146367593,89659.7609283752,43187.6825501841,3.6734190600,5.4292316172,0.0922625421
1795,165.3068993014,89659.6703837064,43187.7002713472,3.6418912808,5.4268394446,0.0924322084
1796,165.3993315098,89659.5795280654,43187.7172703372,3.6085202481,5.4256331173,0.0926008809
1797,165.4919323907,89659.4883764801,43187.7335893947,3.5733115903,5.4255007787,0.0927674924
1798,165.5846998831,89659.3969439782,43187.7492707604,3.5362785006,5.4174764031,0.0929310480
1799,165.6776309311,89659.3052455874,43187.7643566750,3.5270532756,5.3962093443,0.0930906247
1800,165.7707215558,89659.2132963356,43187.7788893792,3.5342389497,5.3762032727,0.0932453695
1801,165.8639669253,89659.1211112506,43187.7929111137,3.5411877967,5.3573533995,0.0933944996
1802,165.9573614249,89659.0287053600,43187.8064641191,3.5479148897,5.3395611445,0.0935373003
1803,166.0508987252,89658.9360936918,43187.8195906362,3.5544377565,5.3227337757,0.0936731245
1804,166.1445718496,89658.8432912737,43187.8323329057,3.5607763769,5.3067840797,0.0938013917
1805,166.2383732413,89658.7503131334,43187.8447331682,3.5669531017,5.2916298784,0.0939215871
1806,166.3322948284,89658.6571742988,43187.8568336644,3.5729924344,5.2771932114,0.0940332607
1807,166.4263280892,89658.5638897976,43187.8686766351,3.5789206627,5.2633991304,0.0941360264
1808,166.5204641155,89658.4704746576,43187.8803043209,3.5847651087,5.2501734835,0.0942295612
1809,166.6146936767,89658.3769439065,43187.8917589624,3.5905526736,5.2374388283,0.0943136049
1810,166.7090072816,89658.2833125722,43187.9030828005,3.6300550721,5.2251075054,0.0943879591
1811,166.8033952408,89658.1895956825,43187.9143180757,3.6866661985,5.2130703501,0.0944524872
1812,166.8978477279,89658.0958082651,43187.9255070288,3.7435227214,5.2011797505,0.0945071134
1813,166.9923548414,89658.0019653478,43187.9366919005,3.8000566337,5.1892276058,0.0945518230
1814,167.0869066644,89657.9080819583,43187.9479149314,3.8553130496,5.1769224949,0.0945866619
1815,167.1814933263,89657.8141731245,43187.9592183623,3.9078351192,5.1579872397,0.0946117366
1816,167.2761050629,89657.7202538742,43187.9706444337,3.9556024163,5.0973683979,0.0946272140
1817,167.3707322769,89657.6263392350,43187.9822353866,3.9960949499,5.0295268234,0.0946333219
1818,167.4653655989,89657.5324442349,43187.9940334614,4.0265612259,4.9521941057,0.0946303489
1819,167.5599959477,89657.4385839015,43188.0060808989,4.0445374002,4.8636708724,0.0946150536
1820,167.6546110013,89657.3447756194,43188.0184103178,4.0485701718,4.7635240517,0.0943076018
1821,167.7489186031,89657.2512208583,43188.0303027708,4.0381711356,4.6540481007,0.0932675930
1822,167.8421861962,89657.1584341143,43188.0397613141,4.0138805806,4.5262879033,0.0916051119
1823,167.9337913080,89657.0669603294,43188.0446647019,3.9786962877,4.3041269416,0.0896334210
1824,168.0234247291,89656.9773444459,43188.0428916886,3.9374958961,4.0954223800,0.0878622607
1825,168.1112869898,89656.8901114302,43188.0323951254,3.8956676535,3.9112316407,0.0870054990
1826,168.1982924887,89656.8053768833,43188.0126463682,3.8588530208,3.7753432291,0.0871603047
1827,168.2854527934,89656.7228730639,43187.9845387448,3.8648451347,3.6893296477,0.0880384049
1828,168.3734911983,89656.6423174671,43187.9490203472,3.9306444411,3.6313855843,0.0893645571
1829,168.4628557554,89656.5634275881,43187.9070392676,3.9965933498,3.5976930321,0.0909017157
1830,168.5537574711,89656.4859209219,43187.8595435981,4.0543664953,3.5831316019,0.0924572318
1831,168.6462147029,89656.4095149637,43187.8074814307,4.0955749748,3.5822802776,0.0938820267
1832,168.7400967296,89656.3339272087,43187.7518008577,4.1132295545,3.5901555183,0.0950664884
1833,168.8351632180,89656.2588751518,43187.6934499711,4.1027979659,3.6026284296,0.0959356466
1834,168.9310988646,89656.1840762883,43187.6333768630,4.0627544770,3.6165828100,0.0964450210
1835,169.0275438856,89656.1092481132,43187.5725296256,3.9946436747,3.6299041095,0.0965777644
1836,169.1241216501,89656.0341081217,43187.5118563510,3.9027307014,3.6413627976,0.0963433127
1837,169.2204649628,89655.9583738089,43187.4523051312,3.7933267330,3.6504180623,0.0957775566
1838,169.3162425194,89655.8817626698,43187.3948240585,3.6739010965,3.6569485078,0.0949444378
1839,169.4111869572,89655.8039921998,43187.3403612249,3.6449984705,3.6609272676,0.0939387363
1840,169.5051256935,89655.7247798937,43187.2898647225,3.6243258954,3.6620935423,0.0929325446
1841,169.5980582381,89655.6439189425,43187.2440611809,3.6102323254,3.6599351662,0.0922362717
1842,169.6902945098,89655.5616630362,43187.2023299493,3.6024213467,3.6547751723,0.0918183286
1843,169.7821128384,89655.4784390440,43187.1635437070,3.5995649802,3.6470415722,0.0915603674
1844,169.8736732059,89655.3946741476,43187.1265742193,3.6000452097,3.6370326236,0.0913889015
1845,169.9650621074,89655.3107955289,43187.0902932512,3.6022072031,3.6252277281,0.0912772942
1846,170.0563394016,89655.2272303696,43187.0535725679,3.6045532997,3.6124976658,0.0912449144
1847,170.1475843160,89655.1443986749,43187.0153031968,3.6132786441,3.5992093730,0.0912953408
1848,170.2388796568,89655.0625096241,43186.9749420445,3.6266725075,3.5859479515,0.0913837857
1849,170.3302634424,89654.9815324930,43186.9325899430,3.6362064951,3.5743334000,0.0914971448
1850,170.4217605873,89654.9014235348,43186.8883826772,3.6430091316,3.5648376879,0.0916258350
1851,170.5133864223,89654.8221390033,43186.8424560324,3.6480372292,3.5577760957,0.0917609802
1852,170.6051474025,89654.7436351518,43186.7949457938,3.6519925251,3.5532651484,0.0918944174
1853,170.6970418199,89654.6658682337,43186.7459877464,3.6553223282,3.5512417220,0.0920186942
1854,170.7890605141,89654.5887945025,43186.6957176754,3.6582692184,3.5515132301,0.0921270589
1855,170.8811875730,89654.5123702117,43186.6442713659,3.6609364763,3.5538130607,0.0922134476
1856,170.9734010206,89654.4365516147,43186.5917846031,3.6633477783,3.5578465142,0.0922724673
1857,171.0656734879,89654.3612949650,43186.5383931722,3.6654921582,3.5633226136,0.0922993790
1858,171.1579728668,89654.2865565161,43186.4842328581,3.6673535926,3.5699730514,0.0922900802
1859,171.2502629470,89654.2122925214,43186.4294394462,3.6689283203,3.5775614660,0.0922410890
1860,171.3425040360,89654.1384592344,43186.3741487216,3.6702337149,3.5858857981,0.0921495305
1861,171.4346535665,89654.0650129085,43186.3184964693,3.6713116298,3.5947755648,0.0920142021
1862,171.5266677686,89653.9919106572,43186.2626155760,3.6722253470,3.6040881608,0.0918689289
1863,171.6185366975,89653.9191376904,43186.2065442339,3.6729679189,3.6137916508,0.0917563107
1864,171.7102930082,89653.8467128972,43186.1502071246,3.6734393992,3.6239728008,0.0916799182
1865,171.8019729264,89653.7746571551,43186.0935222286,3.6735443629,3.6347185620,0.0916410281
1866,171.8936139545,89653.7029913415,43186.0364075266,3.6731915952,3.6460994973,0.0916411087
1867,171.9852550632,89653.6317363336,43185.9787809993,3.6767527708,3.6581631037,0.0916798364
1868,172.0769348996,89653.5609089350,43185.9205686980,3.6798441556,3.6709224814,0.0917329730
1869,172.1686678727,89653.4904745460,43185.8617985084,3.6824225927,3.6842526093,0.0917814006
1870,172.2604492733,89653.4203633762,43185.8025680317,3.6846023314,3.6979362863,0.0918225625
1871,172.3522718358,89653.3505049508,43185.7429762253,3.6864939208,3.7117483701,0.0918547190
1872,172.4441265549,89653.2808287950,43185.6831220465,3.6882055432,3.7254684007,0.0918766123
1873,172.5360031672,89653.2112644337,43185.6231044530,3.6898474822,3.7388907590,0.0918874646
1874,172.6278906318,89653.1417413922,43185.5630224020,3.6915369426,3.7518320254,0.0918869764
1875,172.7197776082,89653.0721891955,43185.5029748511,3.6934021953,3.7641355443,0.0918753262
1876,172.8116529344,89653.0025373687,43185.4430607577,3.6955854779,3.7756736727,0.0918531703
1877,172.9035061047,89652.9327154370,43185.3833790793,3.6970644692,3.7863485502,0.0918216442
1878,172.9953277489,89652.8626529254,43185.3240287733,3.6967599581,3.7960920758,0.0917823645
1879,173.0871101134,89652.7922793591,43185.2651087972,3.6971414842,3.8048652441,0.0917374305
1880,173.1788475438,89652.7215242631,43185.2067181083,3.6984095935,3.8126563289,0.0916894275
1881,173.2705369713,89652.6503171626,43185.1489556643,3.7007700693,3.8194768814,0.0916414287
1882,173.3621783999,89652.5785875827,43185.0919204224,3.7044248521,3.8253544540,0.0915969971
1883,173.4537753970,89652.5062650484,43185.0357113402,3.7095606829,3.8303215546,0.0915601860
1884,173.5453355830,89652.4332790850,43184.9804273752,3.7163368759,3.8344014955,0.0915355373
1885,173.6368711203,89652.3595592174,43184.9261674847,3.7248662505,3.8375931930,0.0915281457
1886,173.7283992660,89652.2850455361,43184.8730156950,3.7297860556,3.8398762622,0.0915408369
1887,173.8199401029,89652.2097690890,43184.8209274878,3.7364083270,3.8413419891,0.0915693669
1888,173.9115094698,89652.1338073373,43184.7697927517,3.7445062177,3.8421149712,0.0916085222
1889,174.0031179920,89652.0572381132,43184.7195008511,3.7538214678,3.8422795763,0.0916536895
1890,174.0947716815,89651.9801392492,43184.6699411501,3.7640784032,3.8418907569,0.0917008612
1891,174.1864725427,89651.9025885776,43184.6210030129,3.7749979764,3.8409878302,0.0917466358
1892,174.2782191785,89651.8246639307,43184.5725758036,3.7863100095,3.8396077730,0.0917882167
1893,174.3700073952,89651.7464431409,43184.5245488865,3.7977622838,3.8377961198,0.0918234094
1894,174.4618308046,89651.6680040407,43184.4768116257,3.8091262725,3.8356147133,0.0918506199
1895,174.5536814246,89651.5894244622,43184.4292533853,3.8202002490,3.8331465027,0.0918688513
1896,174.6455502758,89651.5107822379,43184.3817635297,3.8308108849,3.8304980893,0.0918777027
1897,174.7374279785,89651.4321552001,43184.3342314229,3.8405093832,3.8278007550,0.0918773681
1898,174.8293053466,89651.3536211811,43184.2865464291,3.8482763684,3.8252103906,0.0918686361
1899,174.9211739826,89651.2752580135,43184.2385979125,3.8553428007,3.8229061946,0.0918528909
1900,175.0130268735,89651.1971435293,43184.1902752373,3.8616564843,3.8210873509,0.0918321136
1901,175.1048589871,89651.1193555612,43184.1414677677,3.8671930451,3.8199662969,0.0918088838
1902,175.1966678709,89651.0419719413,43184.0920648678,3.8719487975,3.8197570372,0.0917863815
1903,175.2884542524,89650.9650705020,43184.0419559019,3.8759272769,3.8206576770,0.0917683878
1904,175.3802226402,89650.8887290758,43183.9910302341,3.8791194757,3.8228284581,0.0917592848
1905,175.4719819250,89650.8130254949,43183.9391772285,3.8814811782,3.8263699880,0.0917640523
1906,175.5637459773,89650.7380375917,43183.8862862494,3.8829146164,3.8313099363,0.0917882622
1907,175.6555342396,89650.6638431979,43183.8322466619,3.8832637763,3.8376080301,0.0918320416
1908,175.7473662811,89650.5904522564,43183.7770479884,3.8824513616,3.8450651421,0.0918677818
1909,175.8392340629,89650.5176198016,43183.7210558204,3.8808480901,3.8530434438,0.0918746384
1910,175.9311087014,89650.4450410508,43183.6647239989,3.8789701359,3.8608791746,0.0918450574
1911,176.0229537587,89650.3724112212,43183.6085063645,3.8774053034,3.8680417552,0.0917812062
1912,176.1147349650,89650.2994255301,43183.5528567579,3.8768118735,3.8741475605,0.0916949970
1913,176.2064299620,89650.2257791947,43183.4982290200,3.8778731319,3.8789197278,0.0916081505
1914,176.2980381125,89650.1511674321,43183.4450769915,3.8812177412,3.8821009156,0.0915522584
1915,176.3895903710,89650.0752854597,43183.3938545131,3.8812943629,3.8833506571,0.0915663142
1916,176.4811566852,89649.9978994854,43183.3449075940,3.8768979655,3.8823017200,0.0916471015
1917,176.5728037868,89649.9192398865,43183.2978771919,3.8753947147,3.8779001678,0.0917413746
1918,176.6645451613,89649.8397235635,43183.2521209445,3.8759421448,3.8699531069,0.0918106219
1919,176.7563557833,89649.7597679224,43183.2069957214,3.8776710531,3.8605369744,0.0918356547
1920,176.8481914379,89649.6797903696,43183.1618583918,3.8797700284,3.8503213553,0.0918164644
1921,176.9400079024,89649.6002083114,43183.1160658254,3.8815142748,3.8402083709,0.0917721975
1922,177.0317800999,89649.5214391538,43183.0689748915,3.8822197672,3.8312769049,0.0917412270
1923,177.1235213269,89649.4439003032,43183.0199424596,3.8811439102,3.8246579335,0.0917763338
1924,177.2152976607,89649.3679203517,43182.9684648681,3.8775520905,3.8212339031,0.0918757458
1925,177.3071734065,89649.2933141194,43182.9148452564,3.8714719880,3.8207646990,0.0919830419
1926,177.3991564484,89649.2197121071,43182.8596762091,3.8631371667,3.8225042919,0.0920561505
1927,177.4912125989,89649.1467445779,43182.8035506843,3.8527827195,3.8256287918,0.0920690327
1928,177.5832816316,89649.0740417948,43182.7470616400,3.8408137604,3.8293624467,0.0920114948
1929,177.6752931264,89649.0012340208,43182.6908020345,3.8279350160,3.8330798127,0.0918891136
1930,177.7671822400,89648.9279515190,43182.6353648257,3.8151813923,3.8363261972,0.0917233225
1931,177.8589055625,89648.8538245522,43182.5813429719,3.7988969988,3.8387283845,0.0915516254
1932,177.9504571879,89648.7784833836,43182.5293294311,3.7806827173,3.8398161894,0.0914278106
1933,178.0418849984,89648.7015582762,43182.4799171614,3.7662311666,3.8388273791,0.0914219323
1934,178.1333069307,89648.6226794932,43182.4336991207,3.7567367882,3.8345996522,0.0915945249
1935,178.2249014556,89648.5416734033,43182.3909490284,3.7526546897,3.8260117604,0.0918346481
1936,178.3167361037,89648.4591298765,43182.3506977082,3.7527213708,3.8133225989,0.0919927159
1937,178.4087288196,89648.3758245661,43182.3116735485,3.7552472031,3.7974067508,0.0919990238
1938,178.5007278435,89648.2925331257,43182.2726049379,3.7586243560,3.7796565850,0.0918558008
1939,178.5925836443,89648.2100312085,43182.2322202649,3.7613376608,3.7620212133,0.0916372116
1940,178.6842208559,89648.1290944681,43182.1892479179,3.7618123831,3.7466683320,0.0914905416
1941,178.7757113975,89648.0504984424,43182.1424164761,3.7582027848,3.7355367125,0.0915980209
1942,178.8673094184,89647.9746544287,43182.0910561508,3.7490043166,3.7305831686,0.0918582282
1943,178.9591676466,89647.9008024286,43182.0364318323,3.7346467857,3.7307172547,0.0920339849
1944,179.0512016315,89647.8279474662,43181.9801965335,3.7087923030,3.7343149395,0.0920066752
1945,179.1432083067,89647.7550945656,43181.9240032675,3.6789925239,3.7399421963,0.0917783219
1946,179.2349866286,89647.6812487508,43181.8695050471,3.6479400231,3.7465033907,0.0914717980
1947,179.3264584266,89647.6054150460,43181.8183548855,3.6192499923,3.7531130137,0.0913238986
1948,179.4177823252,89647.5266944292,43181.7720610527,3.5967583690,3.7588593931,0.0914650792
1949,179.5092474044,89647.4450459109,43181.7308375138,3.5825062473,3.7636691557,0.0917874703
1950,179.6010348747,89647.3608801841,43181.6942168893,3.5619350599,3.7671797647,0.0921839457
1951,179.6932188203,89647.2746119803,43181.6617257082,3.5473983865,3.7678447902,0.0925619701
1952,179.7857807905,89647.1866560308,43181.6328904995,3.5407493788,3.7632267577,0.0928439390
1953,179.8786247295,89647.0974275442,43181.6072336449,3.5404149658,3.7506120608,0.0930004239
1954,179.9716251533,89647.0073717560,43181.5840165421,3.5444035347,3.7280045702,0.0930121573
1955,180.0646373106,89646.9169812656,43181.5620889192,3.5506070164,3.6949683297,0.0928304073
1956,180.1574677178,89646.8267528443,43181.5402642428,3.5574619349,3.6527283815,0.0924526817
1957,180.2499203995,89646.7371832633,43181.5173559799,3.5640149286,3.6041796920,0.0919292170
1958,180.3418496165,89646.6487692939,43181.4921775974,3.5696457550,3.5534857654,0.0913648628
1959,180.4332144793,89646.5620077074,43181.4635425621,3.5735442812,3.5080777803,0.0909214151
1960,180.5241358944,89646.4773952750,43181.4302643408,3.5741540786,3.4761846613,0.0908181659
1961,180.6149540603,89646.3954287680,43181.3911564006,3.5689050097,3.4540117222,0.0913069342
1962,180.7062609944,89646.3165383053,43181.3451862895,3.5546643702,3.4433592281,0.0921068786
1963,180.7983678731,89646.2400527834,43181.2938672673,3.5311644446,3.4426834987,0.0924101924
1964,180.8907780655,89646.1643968783,43181.2408028942,3.5014452534,3.4481045813,0.0919621380
1965,180.9827402035,89646.0879684941,43181.1896586188,3.4701138875,3.4558599320,0.0910247448
1966,181.0737649482,89646.0091655350,43181.1440998897,3.4402310104,3.4621409503,0.0903997795
1967,181.1641647277,89645.9266458314,43181.1071862249,3.4151731870,3.4631311337,0.0907208146
1968,181.2548855423,89645.8406542536,43181.0782774935,3.4006368771,3.4578408667,0.0915406881
1969,181.3464262304,89645.7520345274,43181.0553375349,3.3953464427,3.4456746429,0.0923801250
1970,181.4388063554,89645.6616314835,43181.0363276124,3.3969560408,3.4256896988,0.0929318164
1971,181.5317381718,89645.5702899528,43181.0192089890,3.4025869090,3.4021549754,0.0930511161
1972,181.6247892879,89645.4788547663,43181.0019429278,3.4094029336,3.3773672002,0.0927468568
1973,181.7175361447,89645.3881707546,43180.9824906921,3.4148539408,3.3517765724,0.0921806927
1974,181.8097168374,89645.2990827487,43180.9588135449,3.4165164498,3.3290670190,0.0916743322
1975,181.9013911696,89645.2124355793,43180.9288727494,3.4117796392,3.3131206839,0.0916802182
1976,181.9930713878,89645.1288514023,43180.8912038263,3.3983493045,3.3068885960,0.0920254615
1977,182.0850968494,89645.0473574060,43180.8484555617,3.3783005351,3.3084602001,0.0919508874
1978,182.1770477368,89644.9662852925,43180.8050703324,3.3560645908,3.3240859165,0.0913388638
1979,182.2683866006,89644.8839638785,43180.7654979576,3.3367945246,3.3411465631,0.0908131440
1980,182.3591997447,89644.7990598577,43180.7332747615,3.3213344667,3.3492726633,0.0909475627
1981,182.4501473074,89644.7116901999,43180.7080160588,3.3074938193,3.3503776050,0.0914823608
1982,182.5416296682,89644.6223609137,43180.6882853474,3.3009251848,3.3471159752,0.0921201433
1983,182.6337498114,89644.5315780127,43180.6726461126,3.3005201606,3.3413817374,0.0926448944
1984,182.7263947058,89644.4398475100,43180.6596618397,3.3045025888,3.3343698187,0.0929200139
1985,182.8193147197,89644.3476754192,43180.6478960137,3.3107546156,3.3269347816,0.0928839910
1986,182.9121987107,89644.2555677536,43180.6359121200,3.3171755909,3.3199747130,0.0925534926
1987,183.0047522033,89644.1640203780,43180.6223023063,3.3219239447,3.3146165538,0.0921522218
1988,183.0969044251,89644.0732349711,43180.6064895940,3.3242819990,3.3113842401,0.0918664178
1989,183.1887708429,89643.9830806877,43180.5888361550,3.3246696644,3.3099730668,0.0916795964
1990,183.2804504393,89643.8934088308,43180.5697545809,3.3235894299,3.3100555330,0.0915707114
1991,183.3720211507,89643.8040707032,43180.5496574631,3.3214797093,3.3112569320,0.0915246814
1992,183.4635458322,89643.7149176078,43180.5289573932,3.3181397907,3.3131435445,0.0915325464
1993,183.5550783786,89643.6258008475,43180.5080669626,3.3145407813,3.3152531384,0.0915903914
1994,183.6466687700,89643.5365739302,43180.4873943473,3.3110755929,3.3171392231,0.0916663173
1995,183.7383350872,89643.4471560705,43180.4672161391,3.3080453692,3.3185342154,0.0917236923
1996,183.8300587796,89643.3575417862,43180.4476581284,3.3056402446,3.3193756792,0.0917627877
1997,183.9218215673,89643.2677297305,43180.4288378240,3.3040794843,3.3239206297,0.0917864688
1998,184.0136080361,89643.1777185566,43180.4108727343,3.3036015393,3.3303223465,0.0917980406
1999,184.1054060768,89643.0875069180,43180.3938803681,3.3044460288,3.3356438923,0.0918012520
2000,184.1972073287,89642.9970934677,43180.3779782340,3.3068389914,3.3399630502,0.0918002993
2001,184.2890076281,89642.9064768590,43180.3632838407,3.3109810289,3.3433332058,0.0917998296
2002,184.3808074577,89642.8156557452,43180.3499146968,3.3170372450,3.3457726361,0.0918012030
2003,184.4726086607,89642.7246356517,43180.3379646572,3.3251040857,3.3472801191,0.0917911659
2004,184.5643998266,89642.6334513761,43180.3274268196,3.3351229949,3.3479073145,0.0917641285
2005,184.6561639551,89642.5421455087,43180.3182674593,3.3352320302,3.3476800588,0.0917183858
2006,184.7478823410,89642.4507606402,43180.3104528514,3.3290311722,3.3465739564,0.0916523297
2007,184.8395346707,89642.3593393491,43180.3039492310,3.3247046282,3.3445252463,0.0915823920
2008,184.9311170627,89642.2679091313,43180.2986719407,3.3220786894,3.3414988437,0.0915566830
2009,185.0226737457,89642.1764528351,43180.2943856732,3.3208145202,3.3376098576,0.0915769048
2010,185.1142506506,89642.0849450866,43180.2908273781,3.3205479063,3.3330318627,0.0916368008
2011,185.2058874514,89641.9933605119,43180.2877340048,3.3209332585,3.3279929552,0.0917323575
2012,185.2976198089,89641.9016737374,43180.2848425028,3.3216566361,3.3280703930,0.0918618141
2013,185.3894816231,89641.8098593890,43180.2818898216,3.3224465461,3.3446519175,0.0920256578
2014,185.4815072808,89641.7178920929,43180.2786129107,3.3230869262,3.3609684464,0.0922196231
2015,185.5737269039,89641.6257518905,43180.2747864265,3.3234733156,3.3767721672,0.0923453643
2016,185.6660722682,89641.5334959965,43180.2707223990,3.3231597815,3.3914298869,0.0923266646
2017,185.7583989328,89641.4412391225,43180.2671332209,3.3188550968,3.4041839167,0.0921728222
2018,185.8505717550,89641.3490973530,43180.2647408436,3.3165332712,3.4146252320,0.0919118010
2019,185.9424835560,89641.2571867723,43180.2642672184,3.3173302654,3.4226776518,0.0915889485
2020,186.0340725045,89641.1656234649,43180.2664342965,3.3222829511,3.4284589714,0.0912676218
2021,186.1253401263,89641.0745235152,43180.2719640293,3.3321630785,3.4320597587,0.0910296565
2022,186.2163697828,89640.9840030012,43180.2815783371,3.3473577106,3.4333200670,0.0909922865
2023,186.3073620692,89640.8940986223,43180.2956068384,3.3674760603,3.4321007313,0.0912043907
2024,186.3985664599,89640.8045694661,43180.3130071563,3.3905130902,3.4293024842,0.0915413090
2025,186.4901077689,89640.7151139669,43180.3324371564,3.4141942557,3.4259168956,0.0919120742
2026,186.5820198431,89640.6254305589,43180.3525547042,3.4296046225,3.4229126172,0.0922885204
2027,186.6743083635,89640.5352176766,43180.3720176653,3.4409424174,3.4213631794,0.0927041677
2028,186.7670125311,89640.4441738007,43180.3894840721,3.4495101411,3.4224589254,0.0932018258
2029,186.8602143569,89640.3521139237,43180.4040291527,3.4547010797,3.4269956920,0.0936670745
2030,186.9538814314,89640.2592207192,43180.4160447014,3.4572834560,3.4343443144,0.0940195673
2031,187.0479009988,89640.1657492117,43180.4261815803,3.4582054637,3.4831197349,0.0942169490
2032,187.1421179478,89640.0719544254,43180.4350906519,3.4583209631,3.5400159819,0.0942321321
2033,187.2363500799,89639.9780913848,43180.4434227782,3.4584767084,3.5899017220,0.0940526727
2034,187.3304027526,89639.8844151142,43180.4518288216,3.4596524062,3.6298607522,0.0936805181
2035,187.4240832707,89639.7911806380,43180.4609596444,3.4631034024,3.6579565638,0.0931321847
2036,187.5172154553,89639.6986429807,43180.4714661088,3.4704668463,3.6734601287,0.0924393675
2037,187.6096548228,89639.6070571665,43180.4839990771,3.4838038632,3.6769341186,0.0916499224
2038,187.7013047452,89639.5166782198,43180.4992094115,3.5044968783,3.6701496711,0.0908290754
2039,187.7921338205,89639.4277611651,43180.5177479743,3.4937778899,3.6558185003,0.0900605844
2040,187.8821944049,89639.3405610267,43180.5402656277,3.4929396756,3.6371422674,0.0894474048
2041,187.9716418097,89639.2553328289,43180.5674132340,3.5043746201,3.6172264229,0.0891112067
2042,188.0607530164,89639.1723315961,43180.5998416555,3.5296902058,3.5984688695,0.0891899105
2043,188.1499429269,89639.0918121061,43180.6382011635,3.5694074862,3.5820815557,0.0897759872
2044,188.2397189141,89639.0138557865,43180.6827268878,3.6201359871,3.5769229373,0.0906777874
2045,188.3303967015,89638.9380671854,43180.7325119163,3.6805888094,3.5894819656,0.0916530286
2046,188.4220497301,89638.8639695593,43180.7864546587,3.7469174815,3.5956180336,0.0925249152
2047,188.5145746452,89638.7910861645,43180.8434535244,3.8149820121,3.5931655217,0.0931693892
2048,188.6077440345,89638.7189402576,43180.9024069230,3.8811530082,3.5809705309,0.0935108284
2049,188.7012548628,89638.6470550951,43180.9622132640,3.9224578285,3.5591837904,0.0935357003
2050,188.7947905632,89638.5749811601,43181.0218310057,3.9279578974,3.5291413331,0.0934390117
2051,188.8882295748,89638.5025732973,43181.0808898773,3.9328526908,3.5207783381,0.0933428574
2052,188.9815724322,89638.4298770946,43181.1394402927,3.9369684375,3.5167255386,0.0932477293
2053,189.0748201616,89638.3569410755,43181.1975391407,3.9403486899,3.5129075096,0.0931524285
2054,189.1679725901,89638.2838137636,43181.2552433104,3.9431300774,3.5093303487,0.0930559313
2055,189.2610285214,89638.2105436825,43181.3126096906,3.9454685866,3.5060124302,0.0929573904
2056,189.3539859118,89638.1371793559,43181.3696951703,3.9475051818,3.5029535864,0.0928561350
2057,189.4468420468,89638.0637693071,43181.4265566384,3.9493575446,3.5001283393,0.0927516724
2058,189.5395937192,89637.9903620601,43181.4832509839,3.9511245980,3.4974908380,0.0926436883
2059,189.6322374075,89637.9170061382,43181.5398350957,3.9528946710,3.4949830767,0.0925320478
2060,189.7247694553,89637.8437500651,43181.5963658628,3.9547527892,3.4925422088,0.0924167963
2061,189.8171862516,89637.7706423644,43181.6529001740,3.9567857530,3.4901056954,0.0922981610
2062,189.9094844126,89637.6977315598,43181.7094949183,3.9590852100,3.4876144553,0.0921765516
2063,190.0016609642,89637.6250661747,43181.7662069847,3.9617493956,3.4850146489,0.0920525619
2064,190.0937135262,89637.5526947327,43181.8230932621,3.9648841009,3.4978135087,0.0919269713
2065,190.1856404974,89637.4806657576,43181.8802106393,3.9654604026,3.5233267127,0.0918007457
2066,190.2774412432,89637.4090277729,43181.9376160055,3.9641421579,3.5473846050,0.0916750397
2067,190.3691162829,89637.3378293021,43181.9953662494,3.9634986225,3.5699474245,0.0915511972
2068,190.4606674800,89637.2671188689,43182.0535182600,3.9636674391,3.5909873357,0.0914307526
2069,190.5520982326,89637.1969449969,43182.1121289263,3.9647950435,3.6104885162,0.0913154320
2070,190.6434136646,89637.1273562097,43182.1712551372,3.9670369030,3.6284473561,0.0912071534
2071,190.7346208180,89637.0584010309,43182.2309537816,3.9705577630,3.6448725907,0.0911080267
2072,190.8257288447,89636.9901279839,43182.2912817485,3.9755318732,3.6597853732,0.0910203525
2073,190.9167491973,89636.9225855926,43182.3522959268,3.9821431396,3.6732192829,0.0909466215
2074,191.0076958188,89636.8558223805,43182.4140532054,3.9905851171,3.6852202435,0.0908895108
2075,191.0985853295,89636.7898868711,43182.4766104733,3.9703862207,3.6958462612,0.0908518808
2076,191.1894372103,89636.7248275881,43182.5400246195,3.9457703181,3.7051668267,0.0908367698
2077,191.2802739801,89636.6606930550,43182.6043525327,3.9228714242,3.7132617508,0.0908473878
2078,191.3711213679,89636.5975317955,43182.6696511021,3.9018963213,3.7202192035,0.0908871071
2079,191.4620084749,89636.5353923332,43182.7359772165,3.8830522411,3.7261328696,0.0909594529
2080,191.5529679279,89636.4743231916,43182.8033877648,3.8665443798,3.7310982212,0.0910680909
2081,191.6440360188,89636.4143728943,43182.8719396360,3.8525732332,3.7352082572,0.0912168124
2082,191.7352528312,89636.3555899650,43182.9416897191,3.8413322341,3.7385493144,0.0914039501
2083,191.8266567813,89636.2980239954,43183.0126886010,3.8085231625,3.7412000740,0.0915843788
2084,191.9182411601,89636.2417338643,43183.0849320753,3.7783357535,3.7432483890,0.0917349880
2085,192.0099761481,89636.1867832285,43183.1583877467,3.7512553895,3.7447780916,0.0918572150
2086,192.1018333632,89636.1332357841,43183.2330229874,3.7274036238,3.7458541624,0.0919528333
2087,192.1937861965,89636.0811552272,43183.3088051696,3.7068910152,3.7465154158,0.0920237519
2088,192.2858099484,89636.0306052539,43183.3857016657,3.6898120901,3.7467609361,0.0920720199
2089,192.3778819683,89635.9816495602,43183.4636798480,3.6705337084,3.7465287598,0.0920998312
2090,192.4699817995,89635.9343518424,43183.5427070888,3.6546630862,3.7456682667,0.0921095289
2091,192.5620913284,89635.8887757964,43183.6227507603,3.6424218405,3.7439121329,0.0921036108
2092,192.6541949392,89635.8449851184,43183.7037782349,3.6337253933,3.7408584222,0.0920847329
2093,192.7462796720,89635.8030435045,43183.7857568848,3.6284057599,3.7359760300,0.0920588931
2094,192.8383385651,89635.7629669669,43183.8686345714,3.6261757530,3.7286955810,0.0920421873
2095,192.9303807524,89635.7244024042,43183.9522081244,3.6263241135,3.7188307052,0.0920184241
2096,193.0223991765,89635.6868245087,43184.0362039108,3.6279910547,3.7064737107,0.0919669527
2097,193.1143661293,89635.6497070040,43184.1203479019,3.6304206567,3.6919198340,0.0918784895
2098,193.2062446188,89635.6125236140,43184.2043660687,3.6330107119,3.6757440624,0.0917551886
2099,193.2979998074,89635.5747480625,43184.2879843821,3.6353181217,3.6588211452,0.0916107039
2100,193.3896105113,89635.5358540732,43184.3709288133,3.6370060010,3.6422722470,0.0914702998
2101,193.4810808111,89635.4953153698,43184.4529253332,3.6377370959,3.6273450321,0.0913709508
2102,193.5724517618,89635.4526056764,43184.5336999129,3.6370416079,3.6137805852,0.0913608702
2103,193.6638126320,89635.4072145721,43184.6129870888,3.6342232826,3.6035851826,0.0914638015
2104,193.7552764335,89635.3591207683,43184.6907856300,3.6288549328,3.5975195141,0.0916238977
2105,193.8469003311,89635.3088732289,43184.7674023606,3.6209261566,3.5949431468,0.0917865513
2106,193.9386868825,89635.2570531178,43184.8431614993,3.6103712797,3.5949899360,0.0919128518
2107,194.0305997343,89635.2042415989,43184.9183872647,3.5982817146,3.5967280497,0.0919785191
2108,194.1225782534,89635.1510198358,43184.9934038756,3.5853463732,3.5992859660,0.0919736950
2109,194.2145519484,89635.0979689925,43185.0685355507,3.5711601374,3.6019337871,0.0919028288
2110,194.3064547772,89635.0456702327,43185.1441065085,3.5566541671,3.6040907049,0.0917847108
2111,194.3982394880,89634.9947047203,43185.2204409679,3.5429772382,3.6052576672,0.0916526290
2112,194.4898921170,89634.9456536191,43185.2978631474,3.5313492053,3.6049032156,0.0915557906
2113,194.5814479076,89634.8990606353,43185.3766765767,3.5228673476,3.6023927615,0.0915487909
2114,194.6729966985,89634.8548770221,43185.4568575559,3.5177672938,3.5975587960,0.0916117877
2115,194.7646084862,89634.8125810331,43185.5381211331,3.5155318900,3.5905841179,0.0917017046
2116,194.8563101907,89634.7716377359,43185.6201750728,3.5154627621,3.5815720284,0.0917872684
2117,194.9480974591,89634.7315121974,43185.7027271400,3.5167894050,3.5706655249,0.0918494505
2118,195.0399469096,89634.6916694851,43185.7854850993,3.5187714751,3.5581723019,0.0918813944
2119,195.1318283040,89634.6515746661,43185.8681567156,3.5207715299,3.5446386319,0.0918883585
2120,195.2237166626,89634.6106928077,43185.9504497535,3.5222775578,3.5308535955,0.0918877033
2121,195.3156043658,89634.5684891443,43186.0320720593,3.5228767252,3.5172629834,0.0919019156
2122,195.4075062815,89634.5245670552,43186.1127988342,3.5312066949,3.5042897321,0.0919303032
2123,195.4994365846,89634.4789182262,43186.1925946051,3.5447862955,3.4933641850,0.0919678393
2124,195.5914044239,89634.4316020667,43186.2714569187,3.5555216231,3.4848543118,0.0920113576
2125,195.6834157815,89634.3826779864,43186.3493833218,3.5642771357,3.4790178905,0.0920578118
2126,195.7754735934,89634.3322053947,43186.4263713612,3.5717176992,3.4759953571,0.0921042758
2127,195.8675778692,89634.2802437012,43186.5024185836,3.5783082518,3.4758257563,0.0921479447
2128,195.9597258139,89634.2268523154,43186.5775225357,3.5843428546,3.4784735778,0.0921861336
2129,196.0519119474,89634.1720906469,43186.6516807645,3.5899859146,3.4838563752,0.0922162765
2130,196.1441282239,89634.1160181052,43186.7248908165,3.5953130164,3.4918672244,0.0922359240
2131,196.2363641479,89634.0586940998,43186.7971502386,3.6003445107,3.4955755517,0.0922427406
2132,196.3286068885,89634.0001780404,43186.8684565776,3.6050698782,3.4944431002,0.0922345018
2133,196.4208413903,89633.9405293363,43186.9388073802,3.6094636194,3.4957006096,0.0922090905
2134,196.5130504809,89633.8798073973,43187.0082001932,3.6134945581,3.4992279988,0.0921644938
2135,196.6052149746,89633.8180716327,43187.0766325634,3.6171306492,3.5049098858,0.0920987984
2136,196.6973137730,89633.7553814522,43187.1441020374,3.6203409674,3.5126350403,0.0920101875
2137,196.7893239605,89633.6917962653,43187.2106061621,3.6230960657,3.5222953008,0.0918969364
2138,196.8812208968,89633.6273754815,43187.2761424843,3.6253675452,3.5337846650,0.0917590703
2139,196.9729799671,89633.5621775272,43187.3407099199,3.6271278477,3.5469990385,0.0916383394
2140,197.0646183065,89633.4962351464,43187.4043431475,3.6283590037,3.5618343785,0.0915792425
2141,197.1561975490,89633.4295535711,43187.4671151570,3.6290540005,3.5781891974,0.0915819788
2142,197.2477795278,89633.3621366836,43187.5291008176,3.6292092286,3.5959719706,0.0916445222
2143,197.3394240499,89633.2939883660,43187.5903749985,3.6288269266,3.6151064855,0.0917649160
2144,197.4311889659,89633.2251125006,43187.6510125692,3.6279187627,3.6082604861,0.0919412857
2145,197.5231302517,89633.1555129696,43187.7110883988,3.6265094302,3.6017169217,0.0921718463
2146,197.6153020980,89633.0851936551,43187.7706773513,3.6246395649,3.5964325551,0.0924363880
2147,197.7077384859,89633.0141582346,43187.8298250888,3.6223456703,3.5923369123,0.0926726336
2148,197.8004111195,89632.9424097012,43187.8884797133,3.6196092934,3.5894546550,0.0928689381
2149,197.8932800576,89632.8699509055,43187.9465689772,3.6164134020,3.5878451309,0.0930268061
2150,197.9863068637,89632.7967846980,43188.0040206328,3.6127554279,3.5875859613,0.0931478520
2151,198.0794547157,89632.7229139291,43188.0607624325,3.6086446773,3.5887718687,0.0932338046
2152,198.1726885202,89632.6483414494,43188.1167221286,3.6040997885,3.5915130064,0.0932865138
2153,198.2659750341,89632.5730701094,43188.1718274735,3.5991466296,3.5959332476,0.0933079566
2154,198.3592829907,89632.4971027596,43188.2260062196,3.6191508536,3.6021688205,0.0933002432
2155,198.4525832338,89632.4204422505,43188.2791861192,3.6399575444,3.6103675349,0.0932656241
2156,198.5458488579,89632.3430914327,43188.3312949247,3.6589089147,3.6206886898,0.0932064967
2157,198.6390553547,89632.2650531565,43188.3822603884,3.6760234560,3.6333036212,0.0931254125
2158,198.7321807671,89632.1863302725,43188.4320102627,3.6913362445,3.6483967782,0.0930250832
2159,198.8252058503,89632.1069256313,43188.4804722999,3.7048964538,3.6488281809,0.0929083881
2160,198.9181142385,89632.0268420833,43188.5275742523,3.7167659968,3.6368222004,0.0927783805
2161,199.0108926189,89631.9460824790,43188.5732438725,3.7270190683,3.6273170600,0.0926382929
2162,199.1035309119,89631.8646496690,43188.6174089126,3.7357424406,3.6204952917,0.0924915433
2163,199.1960224552,89631.7825465038,43188.6599971251,3.7430364138,3.6165505143,0.0923417391
2164,199.2883641942,89631.6997758338,43188.7009362623,3.7490162682,3.6156874324,0.0921926802
2165,199.3805568745,89631.6163405095,43188.7401540766,3.7538137813,3.6181202646,0.0920483620
2166,199.4726052365,89631.5322433815,43188.7775783203,3.7575779034,3.6240683207,0.0919129747
2167,199.5645182112,89631.4474873003,43188.8131367458,3.7604730446,3.6337471023,0.0917909023
2168,199.6563091135,89631.3620751164,43188.8467571054,3.7626728128,3.6452194702,0.0916867183
2169,199.7479958318,89631.2760096802,43188.8783671515,3.7643471322,3.6445697422,0.0916051795
2170,199.8396010113,89631.1892938424,43188.9078946364,3.7656418457,3.6479425042,0.0915512160
2171,199.9311522273,89631.1019304533,43188.9352673126,3.7666523347,3.6553884556,0.0915299189
2172,200.0226821462,89631.0139223636,43188.9604129323,3.7673958231,3.6668649703,0.0915465237
2173,200.1142286698,89630.9252724236,43188.9832592480,3.7677895672,3.6822251545,0.0916041147
2174,200.2058327845,89630.8359971425,43189.0037833314,3.7676934951,3.7011727284,0.0916860992
2175,200.2975188837,89630.7461821958,43189.0222120085,3.7671269701,3.7230786028,0.0917681495
2176,200.3892870332,89630.6559351016,43189.0388509765,3.7661193903,3.7472003685,0.0918308727
2177,200.4811179059,89630.5653633865,43189.0540059624,3.7646686876,3.7437844972,0.0918583528
2178,200.5729762587,89630.4745745768,43189.0679826937,3.7627829428,3.7384011038,0.0918380925
2179,200.6648143512,89630.3836761991,43189.0810868976,3.7605140539,3.7347442343,0.0917613172
2180,200.7565756684,89630.2927752737,43189.0936232889,3.7579766019,3.7322542974,0.0916594994
2181,200.8482351678,89630.2019273376,43189.1057935943,3.7552439651,3.7305365632,0.0915997979
2182,200.9398349657,89630.1110927991,43189.1176092444,3.7522487607,3.7294515886,0.0915897708
2183,201.0314247365,89630.0202217860,43189.1290611044,3.7489528319,3.7289295306,0.0916296027
2184,201.1230543392,89629.9292644263,43189.1401400396,3.7453565185,3.7289399869,0.0917194810
2185,201.2147738202,89629.8381708477,43189.1508369150,3.7414882448,3.7294845409,0.0918595947
2186,201.3066334150,89629.7468911781,43189.1611425958,3.7373978613,3.7305917403,0.0920501333
2187,201.3986835482,89629.6553755453,43189.1710479473,3.7331536746,3.7321903898,0.0922750216
2188,201.4909585698,89629.5635883352,43189.1805235827,3.7531287093,3.7315163073,0.0924603948
2189,201.5834189646,89629.4715595430,43189.1894469233,3.7777712775,3.7316671342,0.0925872810
2190,201.6760062456,89629.3793380238,43189.1976686020,3.8003185480,3.7328867191,0.0926590070
2191,201.7686652525,89629.2869726346,43189.2050392495,3.8205234080,3.7354522009,0.0926795882
2192,201.8613448407,89629.1945122321,43189.2114094961,3.8382191205,3.7396764073,0.0926537469
2193,201.9539985876,89629.1020056732,43189.2166299725,3.8533203623,3.7459098470,0.0925869360
2194,202.0465855236,89629.0095018148,43189.2205513092,3.8658224925,3.7545420202,0.0924853657
2195,202.1390708893,89628.9170495135,43189.2230241366,3.8757997272,3.7660014898,0.0923560317
2196,202.2314269210,89628.8246976264,43189.2238990854,3.8834027697,3.7807535205,0.0922067424
2197,202.3236336634,89628.7324950102,43189.2230267860,3.8888556514,3.7992931011,0.0920461450
2198,202.4156798084,89628.6404905216,43189.2202578690,3.8924497122,3.8221302304,0.0918837463
2199,202.5075635547,89628.5487330177,43189.2154429649,3.8945309276,3.8497639779,0.0917299268
2200,202.5992934815,89628.4572713552,43189.2084327042,3.8954760574,3.8452549165,0.0915959440
2201,202.6908894255,89628.3661543909,43189.1990777175,3.8956544345,3.8355986822,0.0914939219
2202,202.7823833474,89628.2754309816,43189.1872286353,3.8953765042,3.8307641114,0.0914368220
2203,202.8738201694,89628.1851499842,43189.1727360880,3.8948365331,3.8309999895,0.0914383934
2204,202.9652585628,89628.0953602556,43189.1554507063,3.8940627198,3.8363896570,0.0915112813
2205,203.0567698442,89628.0061063084,43189.1352505202,3.8929174146,3.8468163087,0.0916349906
2206,203.1484048348,89627.9173798351,43189.1123467115,3.8914102395,3.8616781079,0.0917631746
2207,203.2401680094,89627.8291373158,43189.0871725581,3.8896259459,3.8725707788,0.0918624328
2208,203.3320304422,89627.7413345904,43189.0601653743,3.8875711384,3.8625050174,0.0919060627
2209,203.4239365049,89627.6539274988,43189.0317624748,3.8852426783,3.8555908370,0.0918736447
2210,203.5158101495,89627.5668718810,43189.0024011740,3.8826880992,3.8509833858,0.0917749667
2211,203.6075851162,89627.4801245456,43188.9724421302,3.8799693096,3.8479745539,0.0916977567
2212,203.6992828729,89627.3936460800,43188.9419469901,3.8769610176,3.8462199654,0.0916644341
2213,203.7909473070,89627.3073979929,43188.9109045040,3.8735619130,3.8455265490,0.0916749581
2214,203.8826222651,89627.2213417929,43188.8793034220,3.8697481348,3.8457752316,0.0917292776
2215,203.9743515426,89627.1354389886,43188.8471324943,3.8655541247,3.8461813251,0.0918273314
2216,204.0661788740,89627.0496510888,43188.8143804711,3.8610561457,3.8413107927,0.0919620968
2217,204.1581409708,89626.9639495985,43188.7810295819,3.8563514188,3.8372919261,0.0920794238
2218,204.2502203946,89626.8783848067,43188.7470106652,3.8514881423,3.8342238931,0.0921557226
2219,204.3423761172,89626.7930443281,43188.7122302119,3.8464991275,3.8322830529,0.0921939019
2220,204.4345700192,89626.7080160013,43188.6765945670,3.8553058788,3.8316829021,0.0921975075
2221,204.5267675267,89626.6233876647,43188.6400100752,3.8678914131,3.8326709656,0.0921705794
2222,204.6189381062,89626.5392471568,43188.6023830816,3.8787871999,3.8355252613,0.0921176662
2223,204.7110557724,89626.4556823161,43188.5636199311,3.8880164610,3.8405489095,0.0920438395
2224,204.8030996119,89626.3727809812,43188.5236269685,3.8956674052,3.8391398748,0.0919547081
2225,204.8950543200,89626.2906309905,43188.4823105388,3.9018844645,3.8341625872,0.0918564312
2226,204.9869107512,89626.2093201825,43188.4395769868,3.9068542384,3.8319083928,0.0917557292
2227,205.0786664804,89626.1289363958,43188.3953326575,3.9107837311,3.8326783947,0.0916598905
2228,205.1703263709,89626.0495674688,43188.3494838958,3.9138699859,3.8367177842,0.0915767735
2229,205.2619031444,89625.9713012400,43188.3019370466,3.9162632399,3.8441829782,0.0915148018
2230,205.3534179461,89625.8942255480,43188.2525984548,3.9180294781,3.8551129569,0.0914832872
2231,205.4449012333,89625.8184245758,43188.2013792743,3.9191270585,3.8694071865,0.0914972830
2232,205.5363985164,89625.7438634712,43188.1483472605,3.9195849222,3.8866397624,0.0915536410
2233,205.6279521573,89625.6703649135,43188.0937575986,3.9195498140,3.9012831150,0.0916330198
2234,205.7195851771,89625.5977431921,43188.0378765115,3.9190951287,3.9079328440,0.0917187897
2235,205.8113039668,89625.5258125964,43187.9809702220,3.9182528040,3.9159820984,0.0917978195
2236,205.9031017863,89625.4543874159,43187.9233049528,3.9170624307,3.9247669052,0.0918604631
2237,205.9949622494,89625.3832819402,43187.8651469267,3.9156129567,3.9337031924,0.0919005336
2238,206.0868627830,89625.3123104585,43187.8067623666,3.9140691020,3.9423146370,0.0919152799
2239,206.1787780629,89625.2412872605,43187.7484174951,3.9126789772,3.9502402432,0.0919053728
2240,206.2706834357,89625.1700266356,43187.6903785351,3.9117639592,3.9572219255,0.0918749033
2241,206.3625583390,89625.0983428732,43187.6329117093,3.9116956496,3.9630764062,0.0918319756
2242,206.4543903145,89625.0260573256,43187.5762732830,3.9128548750,3.9676709018,0.0917940890
2243,206.5461844035,89624.9531106268,43187.5205513493,3.9138739599,3.9710806835,0.0917690964
2244,206.6379534999,89624.8795427298,43187.4656939742,3.9158008115,3.9735250794,0.0917547967
2245,206.7297082966,89624.8053966158,43187.4116449549,3.9190054499,3.9751835642,0.0917488967
2246,206.8214571933,89624.7307152659,43187.3583480880,3.9234066015,3.9761859499,0.0917492635
2247,206.9132064567,89624.6555416612,43187.3057471706,3.9288932451,3.9766176768,0.0917539264
2248,207.0049603832,89624.5799187830,43187.2537859996,3.9353348298,3.9765306240,0.0917610780
2249,207.0967214612,89624.5038896122,43187.2024083718,3.9425915810,3.9759551330,0.0917690747
2250,207.1884905359,89624.4274971301,43187.1515580841,3.9402822307,3.9749106373,0.0917764370
2251,207.2802669729,89624.3507843178,43187.1011789335,3.9379844553,3.9734134104,0.0917818495
2252,207.3720488224,89624.2737941564,43187.0512147169,3.9363654110,3.9714814878,0.0917841606
2253,207.4638329830,89624.1965696271,43187.0016092311,3.9353113012,3.9691375405,0.0917823825
2254,207.5556153655,89624.1191537110,43186.9523062731,3.9347133730,3.9664107292,0.0917756901
2255,207.6473910556,89624.0415893892,43186.9032496397,3.9344691735,3.9633384824,0.0917635671
2256,207.7391546227,89623.9639196160,43186.8543828967,3.9344831659,3.9599689286,0.0917495615
2257,207.8309041842,89623.8861865982,43186.8056431800,3.9346622086,3.9563682167,0.0917378009
2258,207.9226419851,89623.8084317155,43186.7569605103,3.9349144725,3.9526230577,0.0917283578
2259,208.0143703429,89623.7306963048,43186.7082645398,3.9351528262,3.9488355349,0.0917212901
2260,208.1060916329,89623.6530217029,43186.6594849205,3.9352920826,3.9451195316,0.0917168729
2261,208.1978085058,89623.5754492466,43186.6105513043,3.9352462892,3.9415944806,0.0917155991
2262,208.2895241049,89623.4980202727,43186.5613933433,3.9349284846,3.9383778839,0.0917169361
2263,208.3812410410,89623.4208217754,43186.5118717481,3.9348845240,3.9356610977,0.0917321341
2264,208.4729731752,89623.3452804614,43186.4598304731,3.9322765621,3.9360378633,0.0917201888
2265,208.5646933640,89623.2691302720,43186.4087057072,3.9307924606,3.9353829908,0.0917270670
2266,208.6564204310,89623.1918553781,43186.3592846026,3.9313663830,3.9308402080,0.0917583276
2267,208.7481787586,89623.1137317419,43186.3111567711,3.9334811822,3.9230461129,0.0917889475
2268,208.8399677061,89623.0350353257,43186.2639118248,3.9366064868,3.9139281690,0.0918019228
2269,208.9317696289,89622.9560420918,43186.2171393753,3.9402153696,3.9038199755,0.0917882468
2270,209.0235578756,89622.8770280024,43186.1704290347,3.9430268723,3.8931214589,0.0917468858
2271,209.1153047615,89622.7982690197,43186.1233704148,3.9432617908,3.8823359242,0.0916847830
2272,209.2069895445,89622.7200411060,43186.0755531275,3.9429259199,3.8720754023,0.0916173147
2273,209.2986068592,89622.6426131338,43186.0265772001,3.9416252205,3.8630182753,0.0915711630
2274,209.3901780222,89622.5660831190,43185.9762936568,3.9392349206,3.8555658633,0.0915552480
2275,209.4817332702,89622.4903737784,43185.9248110463,3.9358808189,3.8497811527,0.0915630470
2276,209.5732963173,89622.4153998499,43185.8722496382,3.9316311279,3.8456485376,0.0915882503
2277,209.6648845676,89622.3410760714,43185.8187297021,3.9264903305,3.8430738921,0.0916252542
2278,209.7565098217,89622.2673171811,43185.7643715077,3.9204218892,3.8418922352,0.0916691688
2279,209.8481789905,89622.1940379169,43185.7092953247,3.9133769590,3.8418886716,0.0917158222
2280,209.9398948127,89622.1211530167,43185.6536214227,3.9053212019,3.8428232385,0.0917617608
2281,210.0316565734,89622.0485772185,43185.5974700714,3.8962556573,3.8444529908,0.0918042478
2282,210.1234608213,89621.9762252604,43185.5409615403,3.8862304381,3.8465482153,0.0918412617
2283,210.2153020829,89621.9040118803,43185.4842160993,3.8753542545,3.8489023231,0.0918714926
2284,210.3071735756,89621.8318518162,43185.4273540178,3.8683853879,3.8513359586,0.0918943410
2285,210.3990679166,89621.7596598061,43185.3704955656,3.8660435740,3.8536957930,0.0919099155
2286,210.4909778321,89621.6873505879,43185.3137610124,3.8638328616,3.8558486817,0.0919190323
2287,210.5828968643,89621.6148388997,43185.2572706277,3.8619269893,3.8576729705,0.0919232150
2288,210.6748200793,89621.5420394794,43185.2011446812,3.8605035264,3.8590508601,0.0919246955
2289,210.7667447749,89621.4688670651,43185.1455034426,3.8597430291,3.8598675501,0.0919264144
2290,210.8586711893,89621.3952363947,43185.0904671816,3.8598399694,3.8600221147,0.0919217995
2291,210.9505929888,89621.3211512783,43185.0360519929,3.8608887398,3.8595869617,0.0918637513
2292,211.0424567401,89621.2470048972,43184.9818185808,3.8624493829,3.8592959009,0.0917372240
2293,211.1341939642,89621.1732968000,43184.9272032471,3.8639989873,3.8601269981,0.0915561629
2294,211.2257501271,89621.1005265376,43184.8716422906,3.8773044626,3.8631339290,0.0913543384
2295,211.3171044655,89621.0291760968,43184.8145920518,3.8977035137,3.8654931850,0.0911882085
2296,211.4082926740,89620.9594408098,43184.7558359533,3.9119365049,3.8635560983,0.0910778583
2297,211.4993705323,89620.8912824758,43184.6954238869,3.9215171774,3.8651542666,0.0910184730
2298,211.5903890053,89620.8246560939,43184.6334135034,3.9279424333,3.8704994068,0.0910048425
2299,211.6813938478,89620.7595166633,43184.5698624535,3.9325097211,3.8796776277,0.0910318551
2300,211.7724257030,89620.6958191831,43184.5048283880,3.9362263755,3.8926525841,0.0910945222
2301,211.8635202252,89620.6335186525,43184.4383689578,3.9397948146,3.9092903122,0.0911879988
2302,211.9547082240,89620.5725700707,43184.3705418136,3.9436497262,3.9293925762,0.0913076007
2303,212.0460158247,89620.5129284367,43184.3014046062,3.9480195187,3.9527277403,0.0914488186
2304,212.1374646432,89620.4545487497,43184.2310149865,3.9529902123,3.9790533196,0.0916073282
2305,212.2290719714,89620.3973860090,43184.1594306051,3.9585592639,4.0081292341,0.0917789986
2306,212.3208509701,89620.3413952136,43184.0867091130,3.9646750064,4.0397236996,0.0919598971
2307,212.4128108672,89620.2865313626,43184.0129081608,3.9712625660,4.0736145591,0.0921462922
2308,212.5049571594,89620.2327494554,43183.9380853995,3.9782393639,4.1095884584,0.0923346549
2309,212.5972918143,89620.1800044908,43183.8622984797,3.9855236000,4.1474394308,0.0925216577
2310,212.6898134720,89620.1282514683,43183.7856050523,3.9930386382,4.1869674848,0.0927041734
2311,212.7825176454,89620.0774453868,43183.7080627680,4.0007150145,4.2006146727,0.0928792712
2312,212.8753969166,89620.0275412456,43183.6297292777,4.0084911231,4.2100023715,0.0930442137
2313,212.9684411302,89619.9784940438,43183.5506622322,4.0163132903,4.2209239875,0.0931964522
2314,213.0616375824,89619.9302587805,43183.4709192822,4.0241353507,4.2332040218,0.0933336220
2315,213.1549712044,89619.8827904549,43183.3905580785,4.0319177488,4.2466769692,0.0934535373
2316,213.2484247417,89619.8360440662,43183.3096362720,4.0396261267,4.2611885880,0.0935541864
2317,213.3419789281,89619.7899746134,43183.2282115133,4.0472292456,4.2765988745,0.0936337264
2318,213.4356126545,89619.7445370958,43183.1463414534,4.0546961483,4.2927875550,0.0936904784
2319,213.5293031329,89619.6996865125,43183.0640837430,4.0619926512,4.3096628979,0.0937229231
2320,213.6230260560,89619.6553778627,43182.9814960328,4.0690776438,4.3166070484,0.0937296962
2321,213.7167557522,89619.6115661454,43182.8986359738,4.0759002320,4.3158467109,0.0937095847
2322,213.8104653370,89619.5682063600,43182.8155612166,4.0823994703,4.3157824534,0.0936615236
2323,213.9041268606,89619.5252535054,43182.7323294121,4.0885095815,4.3163586294,0.0935845923
2324,213.9977114529,89619.4826625808,43182.6489982111,4.0941744522,4.3175695140,0.0934780131
2325,214.0911894660,89619.4403885855,43182.5656252643,4.0993753548,4.3194835652,0.0933411388
2326,214.1845306047,89619.3983866159,43182.4822681846,4.1041741074,4.3222772785,0.0931612603
2327,214.2776918650,89619.3567348608,43182.3989366077,4.1086377536,4.3264079729,0.0929055497
2328,214.3705974147,89619.3158753663,43182.3154983499,4.1126418426,4.2844850690,0.0925801454
2329,214.4631775601,89619.2763170868,43182.2317951490,4.1162383211,4.2397035960,0.0922072234
2330,214.5553847835,89619.2385689763,43182.1476687429,4.1197372542,4.1958277040,0.0918185001
2331,214.6472032836,89619.2031399890,43182.0629608695,4.1236543939,4.1544935512,0.0914555201
2332,214.7386588037,89619.1705390791,43181.9775132666,4.1285838225,4.1175803382,0.0911698209
2333,214.8298286246,89619.1412752009,43181.8911676722,4.1350050599,4.0832658602,0.0910228121
2334,214.9208514367,89619.1158573085,43181.8037658240,4.1430611884,4.0428151680,0.0910847566
2335,215.0119361933,89619.0947921577,43181.7151504060,4.1523674647,4.0117592535,0.0913590369
2336,215.1032952301,89619.0782801984,43181.6252959191,4.1622422002,3.9907949238,0.0916922245
2337,215.1949874547,89619.0659039665,43181.5344427798,4.1720840571,3.9794204574,0.0919947722
2338,215.2869822269,89619.0571716812,43181.4428633863,4.1809228988,3.9830920065,0.0922022600
2339,215.3791844869,89619.0515915621,43181.3508301368,4.1875522269,3.9951698276,0.0922609185
2340,215.4714454054,89619.0486718284,43181.2586154296,4.1907535470,4.0124058010,0.0921382358
2341,215.5635836411,89619.0479280343,43181.1664801960,4.1894680144,4.0331813231,0.0919645020
2342,215.6555481431,89619.0489804165,43181.0745217156,4.1827548751,4.0560947351,0.0918418146
2343,215.7473899577,89619.0515272803,43180.9827152213,4.1698814204,4.0799922938,0.0917585087
2344,215.8391484664,89619.0552687991,43180.8910330259,4.1504539683,4.0773818463,0.0917028621
2345,215.9308513285,89619.0599051464,43180.7994474419,4.1244132779,4.0580744316,0.0916660574
2346,216.0225173859,89619.0651364956,43180.7079307819,4.0920280965,4.0418273401,0.0916422149
2347,216.1141596008,89619.0706630202,43180.6164553585,4.0538984069,4.0279213379,0.0916284099
2348,216.2057880107,89619.0761848935,43180.5249934844,4.0109633491,4.0157158747,0.0916246802
2349,216.2974126909,89619.0814022890,43180.4335174722,3.9644986171,4.0045881098,0.0916340288
2350,216.3890467196,89619.0860153802,43180.3419996345,3.9160855625,3.9938650382,0.0916624196
2351,216.4807091393,89619.0897243405,43180.2504122839,3.8863907803,3.9827610918,0.0917187652
2352,216.5724279045,89619.0922293432,43180.1587277331,3.8833070936,3.9703437287,0.0918148977
2353,216.6642428022,89619.0932305619,43180.0669182947,3.8818964866,3.9555552710,0.0919642672
2354,216.7562070694,89619.0924390898,43179.9749574333,3.8824831527,3.9373226048,0.0921135610
2355,216.8483206304,89619.0900894614,43179.8828738443,3.8848979801,3.9152484489,0.0921457619
2356,216.9404663923,89619.0871596918,43179.7907746701,3.8883464078,3.8900299358,0.0920349330
2357,217.0325013253,89619.0846844300,43179.6987730289,3.8921570782,3.8620487834,0.0917962866
2358,217.1242976120,89619.0836983247,43179.6069820390,3.8958194028,3.8329398474,0.0914801451
2359,217.2157777571,89619.0852360246,43179.5155148185,3.8988555502,3.8056048209,0.0911728704
2360,217.3069506274,89619.0903321787,43179.4244844856,3.9006108784,3.7822748317,0.0910020645
2361,217.3979526919,89619.0998650225,43179.3339831010,3.9002052810,3.7648257566,0.0910708675
2362,217.4890235594,89619.1135427132,43179.2439451996,3.8974638211,3.7535372625,0.0913078831
2363,217.5803314424,89619.1305434119,43179.1542339642,3.8923741976,3.7476826349,0.0916207536
2364,217.6719521960,89619.1500426583,43179.0647122245,3.8848144316,3.7461540936,0.0919406664
2365,217.7638928624,89619.1712159920,43178.9752428104,3.8748692028,3.7476532530,0.0922224273
2366,217.8561152896,89619.1932389526,43178.8856885514,3.8630870974,3.7467843374,0.0924440332
2367,217.9485593228,89619.2152870798,43178.7959122775,3.8505922606,3.7436704058,0.0926062305
2368,218.0411655533,89619.2365359131,43178.7057768183,3.8390420185,3.7402826391,0.0927175029
2369,218.1338830562,89619.2563603185,43178.6152034872,3.8302791466,3.7358858631,0.0926982047
2370,218.2265812610,89619.2753637342,43178.5244740689,3.8250890175,3.7312767684,0.0924926317
2371,218.3190738927,89619.2946172629,43178.4340075637,3.8237862317,3.7280247426,0.0921117932
2372,218.4111856859,89619.3151929211,43178.3442232403,3.8264890921,3.7279641470,0.0916093003
2373,218.5027949863,89619.3381627254,43178.2555403670,3.8328769130,3.7330696004,0.0910829375
2374,218.5938779238,89619.3645986921,43178.1683782126,3.8419278249,3.7302077520,0.0906764328
2375,218.6845543566,89619.3955728378,43178.0831560455,3.8517360896,3.7011507323,0.0905842338
2376,218.7751385904,89619.4319486069,43178.0001963756,3.8597878446,3.6811835533,0.0909118288
2377,218.8660504191,89619.4730840222,43177.9191233331,3.8647928457,3.6698082533,0.0914740492
2378,218.9575244683,89619.5176762265,43177.8392544594,3.8665237289,3.6653125431,0.0920929819
2379,219.0496174502,89619.5644195310,43177.7599059823,3.8658529877,3.6646076397,0.0926650990
2380,219.1422825492,89619.6120082468,43177.6803941298,3.8652478983,3.6433113787,0.0931589933
2381,219.2354415425,89619.6591396489,43177.6000372448,3.8688543747,3.6234048851,0.0935182985
2382,219.3289598410,89619.7052215153,43177.5186607510,3.8813229981,3.6040573804,0.0935396744
2383,219.4224995154,89619.7512892358,43177.4372516863,3.9059352869,3.5870827810,0.0931971108
2384,219.5156966262,89619.7986051493,43177.3569590603,3.9450592388,3.5752081589,0.0925792369
2385,219.6082758632,89619.8484315946,43177.2789318826,3.9987957505,3.5714642844,0.0918691712
2386,219.7001450344,89619.9020309106,43177.2043191629,4.0628297182,3.5784629526,0.0913504532
2387,219.7914954876,89619.9606654362,43177.1342699108,4.1261892928,3.5328347058,0.0914078488
2388,219.8829033364,89620.0255975104,43177.0699331361,4.1702513691,3.4959088902,0.0925120376
2389,219.9754153740,89620.0980891337,43177.0124575618,4.1710836242,3.4776972484,0.0947123190
2390,220.0701276930,89620.1782529325,43176.9620176101,4.1081300587,3.4772167736,0.0961567744
2391,220.1662844674,89620.2624844289,43176.9156367921,3.9776342947,3.4890137897,0.0956903197
2392,220.2619747871,89620.3464290978,43176.8697028194,3.7941538438,3.5075878651,0.0932725500
2393,220.3552473371,89620.4257324141,43176.8206034038,3.5865738792,3.5277413617,0.0898075245
2394,220.4450548616,89620.4960398527,43176.7647262570,3.4325824117,3.5427135764,0.0873810121
2395,220.5324358737,89620.5529968885,43176.6984590906,3.3639946577,3.5422898437,0.0890748784
2396,220.6215107521,89620.5932734011,43176.6190101353,3.3325810424,3.5143361284,0.0932088248
2397,220.7147195769,89620.6219455848,43176.5303208411,3.3363854199,3.4577116660,0.0944140799
2398,220.8091336568,89620.6482110121,43176.4396337648,3.3679399663,3.3816229215,0.0916029355
2399,220.9007365923,89620.6812955998,43176.3542141661,3.4205537852,3.2863631155,0.0879174508
2400,220.9886540431,89620.7300328377,43176.2810420417,3.4870791057,3.2004208319,0.0887204368
2401,221.0773744799,89620.7962749564,43176.2220225735,3.5643071206,3.1426120593,0.0926017035
2402,221.1699761834,89620.8758692934,43176.1746958685,3.6481105805,3.0851426304,0.0964967922
2403,221.2664729756,89620.9644674229,43176.1364597290,3.8020567577,3.0376470041,0.0985095706
2404,221.3649825462,89621.0577209188,43176.1047119575,3.9404188993,3.0156351254,0.0978508804
2405,221.4628334266,89621.1515343008,43176.0768939030,3.9830662062,3.0101578178,0.0960794165
2406,221.5589128431,89621.2440095871,43176.0508252300,3.8913630973,3.0139290348,0.0941196579
2407,221.6530325010,89621.3343785534,43176.0245200989,3.6626799204,3.0223861699,0.0920359815
2408,221.7450684825,89621.4218822614,43175.9959942689,3.4508834019,3.0333969750,0.0900393008
2409,221.8351077833,89621.5057617726,43175.9632634991,3.2675218244,3.0464321457,0.0885123512
2410,221.9236201346,89621.5852581485,43175.9243435486,3.0834781911,3.0609540544,0.0880133317
2411,222.0116334663,89621.6596124831,43175.8772502424,3.0004517220,3.0745666848,0.0890338957
2412,222.1006673620,89621.7284587856,43175.8207947625,2.9661089081,3.0826683314,0.0909156166
2413,222.1915829786,89621.7928025162,43175.7565644451,2.9490616305,3.0809121537,0.0928039558
2414,222.2843869345,89621.8539481805,43175.6867519680,2.9452913910,3.0644061664,0.0941771657
2415,222.3785641001,89621.9132002843,43175.6135500095,2.9502038578,3.0293818692,0.0947445465
2416,222.4733086466,89621.9718633333,43175.5391512475,2.9600074841,2.9752616879,0.0944128704
2417,222.5677215171,89622.0312418331,43175.4657483603,2.9725640137,2.9003012174,0.0932728429
2418,222.6609943600,89622.0926402896,43175.3955340258,2.9874853389,2.8088418632,0.0916099752
2419,222.7526043351,89622.1573632085,43175.3307009222,3.0054201134,2.7169739165,0.0899349743
2420,222.8425393094,89622.2267150954,43175.2734417275,3.0266755102,2.6350911449,0.0890151816
2421,222.9315544909,89622.3019611739,43175.2258840759,3.0496945458,2.5715012764,0.0895422048
2422,223.0210966958,89622.3831937720,43175.1882135113,3.0721985035,2.5234955342,0.0909929780
2423,223.1120896737,89622.4691596954,43175.1583876490,3.0918061210,2.4861708476,0.0925764319
2424,223.2046661057,89622.5585317373,43175.1342415547,3.1049934569,2.4651814689,0.0937492714
2425,223.2984153770,89622.6499826911,43175.1136102940,3.1088084178,2.4555935924,0.0941971405
2426,223.3926125175,89622.7421853504,43175.0943289325,3.1023436949,2.4524926572,0.0938069888
2427,223.4864195063,89622.8338157117,43175.0742384362,3.0872561349,2.4514888840,0.0929252647
2428,223.5793447710,89622.9240784802,43175.0521536577,3.0661009766,2.4402317078,0.0921837507
2429,223.6715285217,89623.0132915075,43175.0289398763,3.0398944061,2.4240909296,0.0916129502
2430,223.7631414719,89623.1019134703,43175.0057217721,3.0092919712,2.4090931984,0.0912069911
2431,223.8543484631,89623.1904030449,43174.9836240253,2.9741662874,2.3960010921,0.0910076238
2432,223.9453560869,89623.2792189080,43174.9637713160,2.9332755463,2.3857995091,0.0911039607
2433,224.0364600476,89623.3688188584,43174.9472855482,2.8843892081,2.3795833858,0.0914926060
2434,224.1279526536,89623.4594155417,43174.9345130025,2.8256730444,2.3776854731,0.0918342689
2435,224.2197869225,89623.5506422691,43174.9239670481,2.7576140670,2.3795805498,0.0919595155
2436,224.3117464380,89623.6420486900,43174.9138963624,2.6818681357,2.3921940232,0.0918394029
2437,224.4035858409,89623.7331844537,43174.9025496228,2.6012054516,2.4029787467,0.0915527302
2438,224.4951385711,89623.8236052596,43174.8881976101,2.5192916889,2.4103498363,0.0913448138
2439,224.5864833848,89623.9131445952,43174.8701260198,2.4391018849,2.4138429417,0.0913467581
2440,224.6778301429,89624.0020235901,43174.8490368169,2.3932735078,2.4144229288,0.0914853152
2441,224.7693154582,89624.0904921618,43174.8257371446,2.3861978920,2.4130545476,0.0916981604
2442,224.8610136186,89624.1788002277,43174.8010341466,2.3809099780,2.4105940084,0.0919465203
2443,224.9529601388,89624.2671977054,43174.7757349660,2.3765194528,2.4078408312,0.0922151812
2444,225.0451753201,89624.3559345122,43174.7506467465,2.3720739268,2.4056044247,0.0925122386
2445,225.1376875587,89624.4452605658,43174.7265766311,2.3666290631,2.4047614719,0.0928188210
2446,225.2305063797,89624.5352929089,43174.7040042867,2.3596746424,2.4059521615,0.0929482375
2447,225.3234546172,89624.6256321576,43174.6821366165,2.3522240134,2.4086067883,0.0928310022
2448,225.4162856194,89624.7157534822,43174.6598713563,2.3458233057,2.4119862465,0.0924841047
2449,225.5087697242,89624.8051320533,43174.6361062418,2.3421946841,2.4154490691,0.0919716106
2450,225.6007413348,89624.8932430412,43174.6097390089,2.3430946546,2.4182657893,0.0914067748
2451,225.6921481096,89624.9795616163,43174.5796673933,2.3504078259,2.4193150569,0.0909544783
2452,225.7831025879,89625.0635629492,43174.5447891309,2.4189928033,2.4167641880,0.0908318180
2453,225.8739344059,89625.1447222102,43174.5040019574,2.4938059852,2.4079255480,0.0912478130
2454,225.9651822189,89625.2227490583,43174.4566947238,2.5712769507,2.3900187637,0.0918882164
2455,226.0570704353,89625.2985385645,43174.4047390208,2.6445923621,2.3630035867,0.0922429539
2456,226.1493133892,89625.3733595202,43174.3507891633,2.7068027462,2.3284634047,0.0921030715
2457,226.2414164607,89625.4484808576,43174.2974997606,2.7530569982,2.2902152542,0.0915362797
2458,226.3329527403,89625.5251715089,43174.2475254221,2.7813969462,2.2979059667,0.0909015263
2459,226.4238542666,89625.6046234584,43174.2033612376,2.7927345729,2.3165793835,0.0907206990
2460,226.5145749656,89625.6871260218,43174.1656309811,2.7915932356,2.3478981568,0.0910245295
2461,226.6055994951,89625.7723822524,43174.1337430504,2.7838191009,2.3917180381,0.0916649151
2462,226.6972644102,89625.8600852558,43174.1070852212,2.7740974542,2.4470899537,0.0925067722
2463,226.7897711824,89625.9499281376,43174.0850452693,2.7654499204,2.5335665207,0.0934328655
2464,226.8832040479,89626.0416040037,43174.0670109704,2.7593507086,2.6478224854,0.0943448974
2465,226.9775489454,89626.1348059597,43174.0523701002,2.7561720157,2.7663781305,0.0951630471
2466,227.0727119924,89626.2292271112,43174.0405104345,2.7556937620,2.8848113112,0.0958247181
2467,227.1685367106,89626.3245605640,43174.0308197491,2.7575194313,2.9987170221,0.0962830495
2468,227.2648197601,89626.4204994238,43174.0226858195,2.7613514875,3.1039792629,0.0965055402
2469,227.3613253003,89626.5167367962,43174.0154964216,2.7671471634,3.1969753049,0.0964729929
2470,227.4577982932,89626.6129657869,43174.0086393311,2.7751984076,3.2747343275,0.0961788831
2471,227.5539771763,89626.7088795017,43174.0015023237,2.7861766109,3.3582656389,0.0956292094
2472,227.6496063857,89626.8041710463,43173.9934731752,2.8011696906,3.4250725152,0.0948428464
2473,227.7444492320,89626.8985335262,43173.9839396613,2.8187401202,3.4589943553,0.0938524045
2474,227.8383016366,89626.9916600472,43173.9722895577,2.8402557561,3.4618352960,0.0927055634
2475,227.9310072000,89627.0832437151,43173.9579106402,2.8710613854,3.4375853381,0.0914667879
2476,228.0224739879,89627.1729776354,43173.9401906845,2.9141463020,3.3920671714,0.0902192224
2477,228.1126932103,89627.2605549139,43173.9185174662,2.9728630359,3.3387689593,0.0890663729
2478,228.2017595833,89627.3456686563,43173.8922787612,2.9980584487,3.3034169944,0.0881329236
2479,228.2898925068,89627.4280119683,43173.8608623453,3.0320544142,3.2685149367,0.0875637442
2480,228.3774562511,89627.5072779555,43173.8236559940,3.0840137347,3.2372716716,0.0875199689
2481,228.4649762200,89627.5831597237,43173.7800474832,3.1164656228,3.2113018403,0.0881551134
2482,228.5531313333,89627.6554227819,43173.7295561529,3.0939302619,3.1905431657,0.0893445529
2483,228.6424758863,89627.7244638277,43173.6728482775,3.0876889281,3.1745810887,0.0907222226
2484,228.7331981089,89627.7910049827,43173.6111814601,3.0937265479,3.1625639984,0.0920163034
2485,228.8252144123,89627.8557710707,43173.5458182140,3.1080005383,3.1532694290,0.0930385081
2486,228.9182529203,89627.9194869154,43173.4780210525,3.1161461327,3.1457152435,0.0936750169
2487,229.0119279372,89627.9828773408,43173.4090524890,3.1148340454,3.1395204920,0.0938788890
2488,229.1058068262,89628.0466671705,43173.3401750368,3.1149178923,3.1350060714,0.0936659381
2489,229.1994727643,89628.1115810742,43173.2726510183,3.1143231608,3.1331248201,0.0931773615
2490,229.2926501258,89628.1779281064,43173.2072286061,3.1121265136,3.1346785821,0.0926308786
2491,229.3852810045,89628.2446975305,43173.1430232817,3.1099069261,3.1387752028,0.0920138377
2492,229.4772948422,89628.3106172357,43173.0788271853,3.1100108763,3.1444039734,0.0913599442
2493,229.5686547864,89628.3744151115,43173.0134324573,3.0894904998,3.1506891435,0.0908055107
2494,229.6594602971,89628.4348190472,43172.9456312380,3.0524639045,3.1566074949,0.0905915975
2495,229.7500518945,89628.4905596285,43172.8742181781,3.0235031977,3.1606139810,0.0909171983
2496,229.8409690929,89628.5409978024,43172.7985747543,3.0044093336,3.1611829123,0.0915171164
2497,229.9324862093,89628.5869309204,43172.7194196454,2.9944481161,3.1578657263,0.0921140054
2498,230.0246002147,89628.6293554229,43172.6376568691,2.9910502297,3.1498454045,0.0925183123
2499,230.1171185271,89628.6692677504,43172.5541904433,2.9858920880,3.1361620186,0.0926016565
2500,230.2097201836,89628.7076643431,43172.4699243858,2.9846837002,3.1162732506,0.0923297407
2501,230.3020499243,89628.7455074598,43172.3857063382,2.9853740761,3.0904026654,0.0919794748
2502,230.3940293991,89628.7834865147,43172.3019339372,2.9865953410,3.0592154812,0.0916989051
2503,230.4857283042,89628.8221602454,43172.2187892937,2.9874648165,3.0239801421,0.0915060059
2504,230.5772343101,89628.8620865707,43172.1364531675,2.9872985942,2.9865300750,0.0914290626
2505,230.6686633727,89628.9038234092,43172.0551063188,2.9854882069,2.9753687973,0.0914929748
2506,230.7601563475,89628.9478066190,43171.9748788815,2.9815298973,2.9711500805,0.0916240928
2507,230.8517804403,89628.9937223418,43171.8955900375,2.9765526349,2.9692732297,0.0917509016
2508,230.9435313418,89629.0409722558,43171.8169409843,2.9754661820,2.9691308861,0.0918410121
2509,231.0353723540,89629.0889574945,43171.7386326938,2.9737996056,2.9700258247,0.0918768282
2510,231.1272491822,89629.1370791919,43171.6603661377,2.9721517584,2.9712224274,0.0918558056
2511,231.2191049878,89629.1847448893,43171.5818456287,2.9711172592,2.9719941624,0.0918094858
2512,231.3109144737,89629.2316947072,43171.5029488842,2.9709387518,2.9720103446,0.0917713984
2513,231.4026858721,89629.2781564604,43171.4238079021,2.9713346944,2.9715137470,0.0917389409
2514,231.4944248129,89629.3243968267,43171.3445749431,2.9720003844,2.9669965872,0.0917097298
2515,231.5861345428,89629.3706824836,43171.2654022678,2.9726474269,2.9603380709,0.0916844639
2516,231.6778190067,89629.4172801088,43171.1864421371,2.9730002560,2.9539958868,0.0916669284
2517,231.7694859350,89629.4644563799,43171.1078468115,2.9727906813,2.9483014392,0.0916637942
2518,231.8611497292,89629.5124731109,43171.0297657978,2.9717542073,2.9436069166,0.0916761295
2519,231.9528258587,89629.5614389945,43170.9522618949,2.9697888234,2.9400977527,0.0916959464
2520,232.0445218052,89629.6112824239,43170.8752958040,2.9669762400,2.9377437702,0.0917196654
2521,232.1362414706,89629.6619214472,43170.7988223685,2.9633814988,2.9364812126,0.0917444240
2522,232.2279858946,89629.7132741126,43170.7227964315,2.9590422070,2.9362193565,0.0917676489
2523,232.3197535435,89629.7652584683,43170.6471728363,2.9539747858,2.9368423670,0.0917870554
2524,232.4115405989,89629.8177925625,43170.5719064263,2.9497862624,2.9382159539,0.0918006466
2525,232.5033412455,89629.8707944434,43170.4969520445,2.9496182774,2.9401963360,0.0918067120
2526,232.5951479575,89629.9241821591,43170.4222645343,2.9490499340,2.9426397851,0.0918039299
2527,232.6869518874,89629.9778721723,43170.3477974676,2.9481426714,2.9454097402,0.0917939075
2528,232.7787457948,89630.0317363493,43170.2734686583,2.9470290204,2.9483297768,0.0917786157
2529,232.8705244106,89630.0855969151,43170.1991561174,2.9459235750,2.9511826365,0.0917581777
2530,232.9622825883,89630.1392734968,43170.1247357723,2.9450628530,2.9561047056,0.0917341128
2531,233.0540167010,89630.1925857211,43170.0500835508,2.9446961891,2.9606297084,0.0917095091
2532,233.1457262101,89630.2453532151,43169.9750753803,2.9450740473,2.9644564929,0.0916890260
2533,233.2374152361,89630.2973956055,43169.8995871886,2.9464326022,2.9674425319,0.0916788954
2534,233.3290941316,89630.3485325193,43169.8234949031,2.9489791386,2.9694290610,0.0916863015
2535,233.4207804331,89630.3986160464,43169.7466963471,2.9528448476,2.9702671673,0.0917088211
2536,233.5124892542,89630.4477761218,43169.6692767446,2.9577919298,2.9701109639,0.0917344674
2537,233.6042237215,89630.4962837720,43169.5914164827,2.9633944964,2.9692627422,0.0917548026
2538,233.6959785241,89630.5444111316,43169.5132966962,2.9692338020,2.9680250105,0.0917649102
2539,233.7877434343,89630.5924303356,43169.4350985198,2.9775485650,2.9667245379,0.0917633672
2540,233.8795068015,89630.6406135187,43169.3570030883,2.9861088509,2.9657344039,0.0917522406
2541,233.9712590421,89630.6892328160,43169.2791915365,2.9936370609,2.9654855196,0.0917370898
2542,234.0629961319,89630.7385603621,43169.2018449992,2.9999849031,2.9664625726,0.0917269717
2543,234.1547231036,89630.7888682920,43169.1251446111,3.0050826514,2.9691820314,0.0917344412
2544,234.2464575447,89630.8404287396,43169.0492715069,3.0088986426,2.9741527546,0.0917620500
2545,234.3382195947,89630.8934820952,43168.9744008500,3.0114115621,2.9817932223,0.0917756126
2546,234.4299952073,89630.9481527622,43168.9006859855,3.0126233066,2.9922942163,0.0917751611
2547,234.5217703685,89631.0045386602,43168.8282752770,3.0124219836,3.0049050157,0.0917725116
2548,234.6135428800,89631.0627377090,43168.7573170879,3.0105280093,3.0182997709,0.0917810488
2549,234.7053239289,89631.1228351482,43168.6879480838,3.0065231824,3.0341102075,0.0918153075
2550,234.7971392364,89631.1845965410,43168.6200100160,3.0003268156,3.0515031732,0.0918500818
2551,234.8889893182,89631.2474513785,43168.5530345958,2.9923151104,3.0692094848,0.0918499256
2552,234.9808392438,89631.3108131900,43168.4865388088,2.9840610199,3.0860814198,0.0917975526
2553,235.0726367964,89631.3740955045,43168.4200396409,2.9829114252,3.1012169425,0.0916944521
2554,235.1643312485,89631.4367118513,43168.3530540778,2.9830852200,3.1140029099,0.0915609498
2555,235.2558921983,89631.4980757595,43168.2850991053,2.9855143030,3.1240817467,0.0914367086
2556,235.3473289068,89631.5576110195,43168.2157000815,2.9911432169,3.1312653544,0.0913759905
2557,235.4387048973,89631.6150803456,43168.1446589090,3.0004249950,3.1358270520,0.0913879916
2558,235.5300928890,89631.6706548686,43168.0721107360,3.0131662401,3.1384673777,0.0914536545
2559,235.6215465435,89631.7245300302,43167.9982105473,3.0289940318,3.1397414003,0.0915551166
2560,235.7131016601,89631.7769012720,43167.9231133276,3.0473997437,3.1400088793,0.0916765708
2561,235.8047782309,89631.8279640356,43167.8469740617,3.0677822223,3.1394633220,0.0918043046
2562,235.8965825355,89631.8779137629,43167.7699477345,3.0870424851,3.1381874337,0.0919267066
2563,235.9885092420,89631.9269458955,43167.6921893308,3.0889199242,3.1362135415,0.0920342544
2564,236.0805434964,89631.9752558750,43167.6138538352,3.0919819323,3.1335742484,0.0921194913
2565,236.1726629877,89632.0230391432,43167.5350962327,3.0958027079,3.1303367985,0.0921769998
2566,236.2648399875,89632.0704911418,43167.4560715080,3.1000063734,3.1266207852,0.0922033782
2567,236.3570433657,89632.1178073124,43167.3769346459,3.1042709528,3.1226019910,0.0921972240
2568,236.4492405897,89632.1651830967,43167.2978406311,3.1083228877,3.1185061373,0.0921591261
2569,236.5413997157,89632.2128139365,43167.2189444486,3.1119254750,3.1145963899,0.0920947578
2570,236.6334944736,89632.2608746735,43167.1403848535,3.1148906980,3.1111321477,0.0920286049
2571,236.7255230785,89632.3093942428,43167.0621856494,3.1172242582,3.1081956539,0.0919698358
2572,236.8174929143,89632.3583385839,43166.9843210093,3.1190091764,3.1057860758,0.0919177425
2573,236.9094106568,89632.4076733877,43166.9067649101,3.1203192421,3.1038923504,0.0918716366
2574,237.0012822934,89632.4573643446,43166.8294913286,3.1212161002,3.1024910267,0.0918308877
2575,237.0931131811,89632.5073771453,43166.7524742415,3.1217500055,3.1015471037,0.0917949241
2576,237.1849081051,89632.5576774805,43166.6756876257,3.1219624734,3.1010167237,0.0917632326
2577,237.2766713377,89632.6082310405,43166.5991054579,3.1218894748,3.1012429706,0.0917353597
2578,237.3684066974,89632.6590035161,43166.5227017150,3.1215642789,3.1033409863,0.0917109112
2579,237.4601176086,89632.7099605979,43166.4464503737,3.1210195561,3.1056719619,0.0916895529
2580,237.5518071616,89632.7610679765,43166.3703254108,3.1202887232,3.1081822901,0.0916710106
2581,237.6434781722,89632.8122913425,43166.2943008031,3.1194067014,3.1108203898,0.0916550702
2582,237.7351332424,89632.8635963864,43166.2183505275,3.1184102960,3.1135368907,0.0916415781
2583,237.8267748205,89632.9149487988,43166.1424485607,3.1173383646,3.1162847121,0.0916304409
2584,237.9184052614,89632.9663142705,43166.0665688794,3.1162318716,3.1190191140,0.0916216259
2585,238.0100268873,89633.0176584920,43165.9906854606,3.1151338641,3.1216977350,0.0916151607
2586,238.1016420480,89633.0689471538,43165.9147722810,3.1140893561,3.1242805811,0.0916111337
2587,238.1932531817,89633.1201459465,43165.8388033174,3.1131450771,3.1267298951,0.0916096937
2588,238.2848628754,89633.1712205609,43165.7627525465,3.1123490410,3.1290098305,0.0916110500
2589,238.3764739254,89633.2221366874,43165.6865939453,3.1117499198,3.1310858815,0.0916154725
2590,238.4680893979,89633.2728600167,43165.6103014904,3.1113962607,3.1329240782,0.0916232914
2591,238.5597126893,89633.3233562393,43165.5338491587,3.1113356546,3.1344900381,0.0916347452
2592,238.6513474345,89633.3735934066,43165.4572126560,3.1116110906,3.1357509581,0.0916480547
2593,238.7429954892,89633.4235714333,43165.3803910264,3.1122239732,3.1367113852,0.0916615620
2594,238.8346570511,89633.4733131055,43165.3034000659,3.1131451592,3.1374017248,0.0916749652
2595,238.9263320163,89633.5228417092,43165.2262559368,3.1143429252,3.1378506109,0.0916880210
2596,239.0180200373,89633.5721805308,43165.1489748015,3.1157841269,3.1380846755,0.0917005126
2597,239.1097205499,89633.6213528564,43165.0715728222,3.1174348605,3.1381291461,0.0917122493
2598,239.2014327992,89633.6703819721,43164.9940661613,3.1192610942,3.1380084977,0.0917230673
2599,239.2931558665,89633.7192911642,43164.9164709810,3.1212291719,3.1377470365,0.0917328285
2600,239.3848886950,89633.7681037188,43164.8388034437,3.1233061507,3.1373693473,0.0917414216
2601,239.4766301166,89633.8168429220,43164.7610797118,3.1254599880,3.1369005951,0.0917487614
2602,239.5683788780,89633.8655320601,43164.6833159474,3.1276596256,3.1363667033,0.0917547888
2603,239.6601336668,89633.9141944193,43164.6055283130,3.1298750181,3.1357944465,0.0917594711
2604,239.7518931379,89633.9628532856,43164.5277329709,3.1320771459,3.1352114897,0.0917628018
2605,239.8436559397,89634.0115319454,43164.4499460833,3.1342380336,3.1346463946,0.0917648006
2606,239.9354207403,89634.0602536847,43164.3721838126,3.1362360040,3.1341285921,0.0917655133
2607,240.0271862536,89634.1090417897,43164.2944623211,3.1381022799,3.1336883089,0.0917650121
2608,240.1189512657,89634.1579195466,43164.2167977711,3.1398510448,3.1333564151,0.0917633953
2609,240.2107146610,89634.2069102416,43164.1392063249,3.1414582873,3.1331641615,0.0917607874
2610,240.3024754484,89634.2560371609,43164.0617041449,3.1429005508,3.1331427823,0.0917573393
2611,240.3942327877,89634.3053235906,43163.9843073933,3.1441544694,3.1333229802,0.0917532279
2612,240.4859860156,89634.3547928169,43163.9070322325,3.1451961820,3.1337343585,0.0917486567
2613,240.5777346723,89634.4044681260,43163.8298948247,3.1460007303,3.1344049225,0.0917438979
2614,240.6694785702,89634.4543708453,43163.7529100119,3.1465439516,3.1353584358,0.0917397762
2615,240.7612183464,89634.5044896071,43163.6760705933,3.1468393535,3.1365774190,0.0917365913
2616,240.8529549377,89634.5547860229,43163.5993511515,3.1469314387,3.1380104291,0.0917340315
2617,240.9446889692,89634.6052208928,43163.5227257221,3.1468646039,3.1396044253,0.0917318393
2618,241.0364208085,89634.6557550172,43163.4461683409,3.1466828890,3.1413066936,0.0917298300
2619,241.1281506385,89634.7063491962,43163.3696530433,3.1464307424,3.1430657779,0.0917278906
2620,241.2198785291,89634.7569642302,43163.2931538652,3.1461536413,3.1448322092,0.0917259809
2621,241.3116045100,89634.8075609193,43163.2166448421,3.1458984284,3.1465560880,0.0917241326
2622,241.4033286426,89634.8581000639,43163.1401000097,3.1457132946,3.1481552884,0.0917224500
2623,241.4950510927,89634.9085424642,43163.0634934036,3.1456474147,3.1496277616,0.0917211096
2624,241.5867722023,89634.9588489205,43162.9867990596,3.1457503214,3.1509318648,0.0917203602
2625,241.6784925625,89635.0089802330,43162.9099910132,3.1460711662,3.1520262220,0.0917205007
2626,241.7702130633,89635.0589001696,43162.8330452519,3.1466544980,3.1528723653,0.0917214894
2627,241.8619345527,89635.1086086924,43162.7559615676,3.1475000609,3.1534737896,0.0917229916
2628,241.9536575443,89635.1581299458,43162.6787556569,3.1485770749,3.1538612051,0.0917247896
2629,242.0453823339,89635.2074885165,43162.6014435069,3.1498528936,3.1540641355,0.0917266970
2630,242.1371090309,89635.2567089909,43162.5240411049,3.1510207233,3.1541107166,0.0917285555
2631,242.2288375864,89635.3058159556,43162.4465644380,3.1521720913,3.1540282109,0.0917302349
2632,242.3205678213,89635.3548339972,43162.3690294937,3.1534250425,3.1538435618,0.0917316335
2633,242.4122994548,89635.4037877023,43162.2914522590,3.1547472193,3.1535838778,0.0917326773
2634,242.5040321321,89635.4527016574,43162.2138487212,3.1561071632,3.1532767867,0.0917333206
2635,242.5957654527,89635.5016004491,43162.1362348676,3.1574744834,3.1529506429,0.0917335459
2636,242.6874989986,89635.5505086639,43162.0586266853,3.1588199016,3.1526345984,0.0917333636
2637,242.7792323622,89635.5994508885,43161.9810401615,3.1601151904,3.1523585524,0.0917328125
2638,242.8709651747,89635.6484517092,43161.9034912837,3.1613330091,3.1521529965,0.0917319595
2639,242.9626971342,89635.6975357129,43161.8259960388,3.1624466466,3.1520487724,0.0917308992
2640,243.0544280334,89635.7467274858,43161.7485704143,3.1634296889,3.1520767790,0.0917297551
2641,243.1461577885,89635.7960515941,43161.6712303838,3.1642556812,3.1522676492,0.0917287507
2642,243.2378865392,89635.8455238140,43161.5939862049,3.1649082539,3.1526410450,0.0917281280
2643,243.3296146672,89635.8951375135,43161.5168335621,3.1653971238,3.1531892668,0.0917278577
2644,243.4213425249,89635.9448825412,43161.4397658509,3.1657354427,3.1538997592,0.0917278779
2645,243.5130704028,89635.9947487455,43161.3627764670,3.1659356142,3.1547593931,0.0917281313
2646,243.6047985341,89636.0447259752,43161.2858588059,3.1660094088,3.1557546169,0.0917285657
2647,243.6965270998,89636.0948040788,43161.2090062633,3.1659681340,3.1568716271,0.0917291335
2648,243.7882562333,89636.1449729049,43161.1322122348,3.1658228101,3.1580965160,0.0917297919
2649,243.8799860252,89636.1952223020,43161.0554701159,3.1655843203,3.1594153755,0.0917305030
2650,243.9717165282,89636.2455421189,43160.9787733023,3.1652635248,3.1608143606,0.0917312336
2651,244.0634477618,89636.2959222039,43160.9021151896,3.1648713425,3.1622797277,0.0917319553
2652,244.1551797171,89636.3463524058,43160.8254891733,3.1644188150,3.1638654629,0.0917326437
2653,244.2469123608,89636.3968225386,43160.7488886275,3.1639172075,3.1662318632,0.0917332057
2654,244.3386455666,89636.4473195277,43160.6723051102,3.1633802251,3.1686157404,0.0917334952
2655,244.4303790618,89636.4978252768,43160.5957270229,3.1628289528,3.1709945606,0.0917334922
2656,244.5221125540,89636.5483211872,43160.5191424513,3.1622868469,3.1733456613,0.0917332050
2657,244.6138457589,89636.5987886602,43160.4425394809,3.1617765290,3.1756469505,0.0917326582
2658,244.7055784171,89636.6492090969,43160.3659061974,3.1613211279,3.1778769942,0.0917318922
2659,244.7973103093,89636.6995638985,43160.2892306864,3.1609443020,3.1800150788,0.0917309633
2660,244.8890412726,89636.7498344664,43160.2125010334,3.1606702265,3.1820412437,0.0917299439
2661,244.9807712165,89636.8000022016,43160.1357053243,3.1605235301,3.1839362774,0.0917289223
2662,245.0725001388,89636.8500485056,43160.0588316445,3.1605291684,3.1856816597,0.0917280027
2663,245.1642281415,89636.8999547794,43159.9818680796,3.1607122124,3.1872594265,0.0917273053
2664,245.2559554468,89636.9497024242,43159.9048027153,3.1610975470,3.1886519329,0.0917269663
2665,245.3476824131,89636.9992728414,43159.8276236373,3.1617094908,3.1898415063,0.0917271378
2666,245.4394095509,89637.0486474321,43159.7503189310,3.1625713831,3.1908100125,0.0917279879
2667,245.5311375389,89637.0978075976,43159.6728766822,3.1637052162,3.1915383997,0.0917296904
2668,245.6228672293,89637.1467357367,43159.5952856176,3.1651302165,3.1920074982,0.0917321395
2669,245.7145993688,89637.1954354231,43159.5175480722,3.1668388344,3.1922217828,0.0917349526
2670,245.8063343215,89637.2439304657,43159.4396793854,3.1687980730,3.1922082613,0.0917378887
2671,245.8980722102,89637.2922454828,43159.3616954169,3.1709729983,3.1919936210,0.0917407431
2672,245.9898129533,89637.3404050931,43159.2836120263,3.1733282359,3.1916036716,0.0917433390
2673,246.0815562923,89637.3884339150,43159.2054450735,3.1758285143,3.1910638262,0.0917455279
2674,246.1733018201,89637.4363565669,43159.1272104180,3.1784391221,3.1903995644,0.0917471892
2675,246.2650490093,89637.4841976674,43159.0489239197,3.1811262319,3.1896368095,0.0917482304
2676,246.3567972397,89637.5319818348,43158.9706014381,3.1838570828,3.1888021947,0.0917485871
2677,246.4485458268,89637.5797336878,43158.8922588329,3.1866000519,3.1879232236,0.0917482228
2678,246.5402940496,89637.6274778446,43158.8139119640,3.1893246566,3.1870283516,0.0917471291
2679,246.6320411788,89637.6752389239,43158.7355766909,3.1920015280,3.1861470183,0.0917453257
2680,246.7237865044,89637.7230415441,43158.6572688734,3.1946023811,3.1853096540,0.0917428600
2681,246.8155293645,89637.7709103237,43158.5790043712,3.1970999980,3.1845476749,0.0917398079
2682,246.9072691724,89637.8188698812,43158.5007990439,3.1994682284,3.1838934723,0.0917362731
2683,246.9990054455,89637.8669448349,43158.4226687513,3.2028591771,3.1833803869,0.0917323872
2684,247.0907378327,89637.9151598035,43158.3446293531,3.2061808624,3.1830426475,0.0917283102
2685,247.1824661430,89637.9635394053,43158.2666967089,3.2092864651,3.1829152323,0.0917242300
2686,247.2741903730,89638.0121082589,43158.1888866785,3.2121548863,3.1830335895,0.0917203625
2687,247.3659107355,89638.0608909827,43158.1112151216,3.2147662451,3.1834331382,0.0917169519
2688,247.4576276874,89638.1099121952,43158.0336978978,3.2171014993,3.1841484765,0.0917142702
2689,247.5493419576,89638.1591965149,43157.9563508669,3.2191417219,3.1852122803,0.0917126178
2690,247.6410545754,89638.2087685603,43157.8791898885,3.2208670178,3.1866539807,0.0917123229
2691,247.7327668983,89638.2586529497,43157.8022308223,3.2222552220,3.1884984664,0.0917137418
2692,247.8244806401,89638.3088743018,43157.7254895281,3.2232806821,3.1907652014,0.0917172552
2693,247.9161978953,89638.3594569469,43157.6489816794,3.2239138935,3.1934678609,0.0917226355
2694,248.0079205308,89638.4103901915,43157.5727003157,3.2241630359,3.1965741426,0.0917281713
2695,248.0996487021,89638.4615952324,43157.4965944605,3.2241146044,3.1999687818,0.0917326737
2696,248.1913813757,89638.5129854285,43157.4206080725,3.2238637800,3.2035286791,0.0917353994
2697,248.2831167751,89638.5644741388,43157.3446851102,3.2235075697,3.2071358330,0.0917359531
2698,248.3748527282,89638.6159747223,43157.2687695321,3.2231469003,3.2106803048,0.0917342878
2699,248.4665870160,89638.6674005380,43157.1928052968,3.2228876787,3.2140617690,0.0917307043
2700,248.5583177203,89638.7186649447,43157.1167363628,3.2228404629,3.2171892119,0.0917258518
2701,248.6500435721,89638.7696813014,43157.0405066887,3.2231188201,3.2199788318,0.0917207274
2702,248.7417642995,89638.8203629672,43156.9640602330,3.2225515111,3.2223506678,0.0917167585
2703,248.8334810580,89638.8706385228,43156.8873508313,3.2199228853,3.2245961817,0.0917151902
2704,248.9251962482,89638.9205099491,43156.8103799475,3.2177980913,3.2268309887,0.0917158324
2705,249.0169120806,89638.9700013227,43156.7331633829,3.2161635497,3.2286472507,0.0917182588
2706,249.1086303394,89639.0191367248,43156.6557169417,3.2149992101,3.2300856290,0.0917220700
2707,249.2003524094,89639.0679402364,43156.5780564280,3.2142789435,3.2311801897,0.0917268938
2708,249.2920793033,89639.1164359387,43156.5001976461,3.2139717351,3.2319595273,0.0917323853
2709,249.3838116885,89639.1646479126,43156.4221564002,3.2140431913,3.2324482984,0.0917382263
2710,249.4755499149,89639.2126002393,43156.3439484943,3.2144569666,3.2326687397,0.0917441265
2711,249.5672940413,89639.2603169999,43156.2655897328,3.2151758849,3.2326419089,0.0917498223
2712,249.6590438636,89639.3078222754,43156.1870959198,3.2161626998,3.2323885664,0.0917550774
2713,249.7507989410,89639.3551401469,43156.1084828594,3.2173805475,3.2319297312,0.0917596828
2714,249.8425586237,89639.4022946956,43156.0297663560,3.2187931972,3.2312870070,0.0917634564
2715,249.9343220802,89639.4493100024,43155.9509622136,3.2203652002,3.2304827791,0.0917662438
2716,250.0260883239,89639.4962101582,43155.8720862420,3.2220620052,3.2295403740,0.0917679364
2717,250.1178562603,89639.5430218309,43155.7931557571,3.2238471280,3.2284871779,0.0917684666
2718,250.2096247270,89639.5897777260,43155.7141916023,3.2256783138,3.2273588023,0.0917677576
2719,250.3013924845,89639.6365114123,43155.6352151255,3.2275137152,3.2261932585,0.0917657761
2720,250.3931582606,89639.6832564586,43155.5562476746,3.2293130708,3.2250301140,0.0917625409
2721,250.4849208015,89639.7300464339,43155.4773105975,3.2310378575,3.2239106213,0.0917581224
2722,250.5766789240,89639.7769149068,43155.3984252423,3.2326514028,3.2228778066,0.0917526427
2723,250.6684315667,89639.8238954464,43155.3196129567,3.2341189471,3.2219765062,0.0917462756
2724,250.7601778424,89639.8710216214,43155.2408950888,3.2354076400,3.2212533299,0.0917392467
2725,250.8519170891,89639.9183270006,43155.1622929865,3.2364864323,3.2207565069,0.0917318335
2726,250.9436489226,89639.9658451529,43155.0838279977,3.2373257835,3.2205355317,0.0917243651
2727,251.0353732876,89640.0136096472,43155.0055214703,3.2378970641,3.2206404885,0.0917172226
2728,251.1270905103,89640.0616540522,43154.9273947522,3.2381715093,3.2211209183,0.0917108392
2729,251.2188013495,89640.1100119368,43154.8494691914,3.2397495410,3.2220241515,0.0917056996
2730,251.3105070491,89640.1587168698,43154.7717661359,3.2418900187,3.2233931751,0.0917023407
2731,251.4022093898,89640.2078024201,43154.6943069334,3.2436276487,3.2252643596,0.0917013509
2732,251.4939107407,89640.2573021566,43154.6171129321,3.2449305387,3.2276656489,0.0917033703
2733,251.5856141110,89640.3072496480,43154.5402054797,3.2457600419,3.2306160021,0.0917088979
2734,251.6773230089,89640.3576596123,43154.4635937479,3.2460930937,3.2341043510,0.0917165935
2735,251.7690396024,89640.4084476741,43154.3872229007,3.2460194492,3.2379977058,0.0917243271
2736,251.8607639295,89640.4594970112,43154.3110171440,3.2456656935,3.2421260098,0.0917306909
2737,251.9524946203,89640.5106907826,43154.2349006713,3.2451607348,3.2462222119,0.0917349119
2738,252.0442295322,89640.5619121475,43154.1587976764,3.2446392365,3.2486747574,0.0917368516
2739,252.1359663838,89640.6130442650,43154.0826323528,3.2442430556,3.2509725614,0.0917370057
2740,252.2277033895,89640.6639702941,43154.0063288944,3.2441198451,3.2529918291,0.0917365040
2741,252.3194398936,89640.7145733939,43153.9298114946,3.2444189784,3.2546152270,0.0917371110
2742,252.4111770045,89640.7647367236,43153.8530043473,3.2452859999,3.2557255196,0.0917411768
2743,252.5029181813,89640.8143480772,43153.7758346829,3.2468519719,3.2562047274,0.0917494044
2744,252.5946675856,89640.8634052947,43153.6983018343,3.2491046752,3.2560558701,0.0917588407
2745,252.6864264263,89640.9120182102,43153.6204785133,3.2518870412,3.2554045918,0.0917670435
2746,252.7781934698,89640.9603016817,43153.5424407234,3.2550294160,3.2543743964,0.0917722434
2747,252.8699657132,89641.0083705677,43153.4642644683,3.2583624519,3.2530865424,0.0917732911
2748,252.9617390043,89641.0563397265,43153.3860257518,3.2643861273,3.2516669965,0.0917696572
2749,253.0535086615,89641.1043240163,43153.3078005774,3.2713558305,3.2502526299,0.0917614315
2750,253.1452700931,89641.1524382955,43153.2296649488,3.2779056502,3.2489952329,0.0917493237
2751,253.2370194167,89641.2007974223,43153.1516948696,3.2839277196,3.2480624349,0.0917346632
2752,253.3287540799,89641.2495162551,43153.0739663436,3.2893412162,3.2476350218,0.0917194008
2753,253.4204734806,89641.2987096522,43152.9965553743,3.2940865646,3.2479004852,0.0917061088
2754,253.5121795895,89641.3484924718,43152.9195379655,3.2981156896,3.2490431471,0.0916979817
2755,253.6038775712,89641.3989795724,43152.8429901208,3.3013790550,3.2512320542,0.0916988350
2756,253.6955764061,89641.4502858121,43152.7669878438,3.3038114209,3.2546089284,0.0917131019
2757,253.7872895081,89641.5025260334,43152.6916071279,3.3053194588,3.2592792844,0.0917430286
2758,253.8790325367,89641.5557532064,43152.6168832940,3.3058486242,3.2652357626,0.0917790498
2759,253.9708115865,89641.6098181936,43152.5427188069,3.3055515921,3.2721956126,0.0918124774
2760,254.0626240640,89641.6645306567,43152.4689890476,3.3046051215,3.2798069646,0.0918375189
2761,254.1544615828,89641.7197002575,43152.3955693975,3.3031765110,3.2877177688,0.0918500770
2762,254.2463116599,89641.7751366576,43152.3223352375,3.3014419100,3.2955974347,0.0918477432
2763,254.3381594031,89641.8306495189,43152.2491619489,3.2996029961,3.3031563285,0.0918297931
2764,254.4299891962,89641.8860485031,43152.1759249128,3.2978984197,3.3101596498,0.0917971856
2765,254.5217863818,89641.9411432718,43152.1024995103,3.2966075544,3.3164335169,0.0917525657
2766,254.6135389475,89641.9957434869,43152.0287611226,3.2960452791,3.3218604658,0.0917002717
2767,254.7052392192,89642.0496588101,43151.9545851307,3.2965477178,3.3263663209,0.0916463431
2768,254.7968855623,89642.1026989030,43151.8798469160,3.2984503779,3.3298970862,0.0915985281
2769,254.8884840904,89642.1546734275,43151.8044218594,3.3020620821,3.3323896309,0.0915662861
2770,254.9800503765,89642.2053920453,43151.7281853422,3.3076400736,3.3337415824,0.0915606243
2771,255.0716110008,89642.2546885530,43151.6510283448,3.3153439366,3.3338160694,0.0915856830
2772,255.1631966839,89642.3026342497,43151.5729953550,3.3249768127,3.3326843952,0.0916308048
2773,255.2548274887,89642.3494354165,43151.4942181045,3.3361177048,3.3305088979,0.0916849350
2774,255.3465124237,89642.3952998901,43151.4148293310,3.3392353221,3.3274041098,0.0917390373
2775,255.4382514610,89642.4404355076,43151.3349617719,3.3394050540,3.3234642554,0.0917860836
2776,255.5300375446,89642.4850501057,43151.2547481647,3.3403804443,3.3187942068,0.0918210463
2777,255.6218585909,89642.5293515214,43151.1743212469,3.3418224590,3.3135347806,0.0918408880
2778,255.7136994789,89642.5735475916,43151.0938137559,3.3434249437,3.3078775061,0.0918445541
2779,255.8055440331,89642.6178461531,43151.0133584294,3.3449190771,3.3020671716,0.0918329686
2780,255.8973770017,89642.6624550428,43150.9330880047,3.3460680268,3.2963934476,0.0918090353
2781,255.9891860370,89642.7075820977,43150.8531352193,3.3466548029,3.2911750879,0.0917787695
2782,256.0809648064,89642.7534126598,43150.7736185412,3.3464941226,3.2867146853,0.0917545821
2783,256.1727193885,89642.7999621197,43150.6945486284,3.3455937356,3.2831071571,0.0917392290
2784,256.2644586174,89642.8471682219,43150.6158868839,3.3440368193,3.2803374632,0.0917308706
2785,256.3561894881,89642.8949683121,43150.5375944577,3.3418880246,3.2783667791,0.0917278225
2786,256.4479173105,89642.9432997358,43150.4596324997,3.3391954928,3.2771334471,0.0917285765
2787,256.5396458870,89642.9920998386,43150.3819621597,3.3359964059,3.2765574885,0.0917318017
2788,256.6313776887,89643.0413059662,43150.3045445878,3.3323233688,3.2765468914,0.0917363447
2789,256.7231140333,89643.0908554642,43150.2273409339,3.3282099667,3.2770037974,0.0917412300
2790,256.8148552634,89643.1406856781,43150.1503123478,3.3236947116,3.2778294951,0.0917456603
2791,256.9066009236,89643.1907339536,43150.0734199796,3.3188233797,3.2789278828,0.0917490156
2792,256.9983499392,89643.2409376363,43149.9966249791,3.3136501613,3.2802075648,0.0917508541
2793,257.0901007932,89643.2912340719,43149.9198884963,3.3082380997,3.2815829178,0.0917509115
2794,257.1818517047,89643.3415606058,43149.8431716811,3.3026591259,3.2829744207,0.0917491011
2795,257.2736008058,89643.3918545838,43149.7664356835,3.2969937573,3.2843083931,0.0917455140
2796,257.3653463198,89643.4420533514,43149.6896416533,3.2913303411,3.2855161722,0.0917404187
2797,257.4570867385,89643.4920942542,43149.6127507405,3.2879395341,3.2865327245,0.0917342616
2798,257.5488210001,89643.5419146380,43149.5357240950,3.2854504942,3.2872947774,0.0917276667
2799,257.6405486668,89643.5914518481,43149.4585228668,3.2832899718,3.2877387030,0.0917214897
2800,257.7322701564,89643.6406465813,43149.3811102716,3.2815422126,3.2878024693,0.0917171967
2801,257.8239873531,89643.6894922920,43149.3034820505,3.2802258523,3.2874822331,0.0917151337
2802,257.9157024868,89643.7380244303,43149.2256598345,3.2793055793,3.2868190939,0.0917148020
2803,258.0074172888,89643.7862796092,43149.1476659719,3.2787400437,3.2858514289,0.0917157444
2804,258.0991330332,89643.8342944420,43149.0695228108,3.2784839591,3.2848008279,0.0917175641
2805,258.1908505973,89643.8821055417,43148.9912526997,3.2784893380,3.2835716258,0.0917199241
2806,258.2825705214,89643.9297495217,43148.9128779866,3.2787068730,3.2821435996,0.0917225478
2807,258.3742930693,89643.9772629950,43148.8344210198,3.2790871791,3.2805513082,0.0917252189
2808,258.4660182881,89644.0246825748,43148.7559041475,3.2795817458,3.2788308346,0.0917277810
2809,258.5577460691,89644.0720448743,43148.6773497181,3.2801435700,3.2770202787,0.0917301381
2810,258.6494762072,89644.1193865066,43148.5987800796,3.2807275192,3.2751600006,0.0917322545
2811,258.7412084617,89644.1667440849,43148.5202175803,3.2812904965,3.2732927064,0.0917341544
2812,258.8329426161,89644.2141542224,43148.4416845686,3.2817914562,3.2714634398,0.0917359223
2813,258.9246785384,89644.2616535323,43148.3632033925,3.2821912785,3.2697194876,0.0917377029
2814,259.0164162412,89644.3092786277,43148.2847964004,3.2824524696,3.2681101567,0.0917397009
2815,259.1081559422,89644.3570661217,43148.2064859404,3.2825386318,3.2666863506,0.0917421815
2816,259.1998981237,89644.4050526276,43148.1282943608,3.2824136595,3.2654998750,0.0917454696
2817,259.2916435933,89644.4532747585,43148.0502440098,3.2820830182,3.2646024569,0.0917499505
2818,259.3833935438,89644.5017691276,43147.9723572357,3.2816775027,3.2640445573,0.0917560693
2819,259.4751496131,89644.5505723480,43147.8946563867,3.2809422583,3.2638741734,0.0917642775
2820,259.5669138906,89644.5997190219,43147.8171625994,3.2798348751,3.2641335471,0.0917738139
2821,259.6586877045,89644.6492035120,43147.7398727672,3.2783559196,3.2648141085,0.0917832401
2822,259.7504709446,89644.6989830242,43147.6627613976,3.2765457955,3.2658602857,0.0917919392
2823,259.8422628838,89644.7490133712,43147.5858021585,3.2744440564,3.2672120790,0.0917994183
2824,259.9340623021,89644.7992503657,43147.5089687180,3.2720892141,3.2688079413,0.0918052711
2825,260.0258675732,89644.8496498203,43147.4322347440,3.2695202322,3.2705861739,0.0918091777
2826,260.1176767508,89644.9001675477,43147.3555739044,3.2667778080,3.2724861983,0.0918109046
2827,260.2094876554,89644.9507593606,43147.2789598674,3.2639052880,3.2744495353,0.0918103048
2828,260.3012979602,89645.0013810716,43147.2023663008,3.2609491955,3.2764204433,0.0918073173
2829,260.3931052775,89645.0519884933,43147.1257668727,3.2579594440,3.2783462624,0.0918019678
2830,260.4849072454,89645.1025374385,43147.0491352510,3.2549893507,3.2801775542,0.0917943679
2831,260.5767016132,89645.1529837197,43146.9724451038,3.2520955619,3.2818681319,0.0917847156
2832,260.6684863288,89645.2032831497,43146.8956700990,3.2493379588,3.2833750435,0.0917732955
2833,260.7602596243,89645.2533915411,43146.8187839047,3.2467795797,3.2846585392,0.0917604787
2834,260.8520201031,89645.3032647065,43146.7417601887,3.2444865612,3.2856820182,0.0917467228
2835,260.9437668259,89645.3528584587,43146.6645726191,3.2425280633,3.2864119103,0.0917325724
2836,261.0354993983,89645.4021286102,43146.5871948638,3.2406132729,3.2868173859,0.0917186586
2837,261.1272180569,89645.4510309738,43146.5096005910,3.2348290802,3.2868697035,0.0917056999
2838,261.2189237568,89645.4995213620,43146.4317634684,3.2295356803,3.2865408958,0.0916945014
2839,261.3106182582,89645.5475555876,43146.3536571643,3.2248162289,3.2858014119,0.0916859552
2840,261.4023042134,89645.5950894632,43146.2752553464,3.2207544254,3.2846163491,0.0916810401
2841,261.4939852535,89645.6420788015,43146.1965316828,3.2174311568,3.2829401505,0.0916808215
2842,261.5856660750,89645.6884794151,43146.1174598416,3.2149197329,3.2807102212,0.0916864504
2843,261.6773525254,89645.7342471168,43146.0380134906,3.2132804962,3.2778407433,0.0916991635
2844,261.7690516890,89645.7793377190,43145.9581662979,3.2125564303,3.2742188660,0.0917202817
2845,261.8607719706,89645.8237070345,43145.8778919314,3.2127720215,3.2697059278,0.0917501050
2846,261.9525220757,89645.8673362423,43145.7971790205,3.2139080705,3.2641754326,0.0917793520
2847,262.0443014277,89645.9103927575,43145.7161260380,3.2157255809,3.2577164822,0.0917990580
2848,262.1361004857,89645.9531269854,43145.6348804055,3.2179013621,3.2505362101,0.0918056418
2849,262.2279061274,89645.9957897127,43145.5535897691,3.2201411888,3.2428873550,0.0917983032
2850,262.3197044306,89646.0386317260,43145.4724017751,3.2221932195,3.2350862161,0.0917790039
2851,262.4114834345,89646.0819038119,43145.3914640698,3.2238500419,3.2275190117,0.0917524713
2852,262.5032359058,89646.1258567571,43145.3109242995,3.2249344706,3.2206308089,0.0917262057
2853,262.5949621115,89646.1707413481,43145.2309301104,3.2252677349,3.2148955205,0.0917104857
2854,262.6866725972,89646.2168083717,43145.1516291487,3.2246251632,3.2107715142,0.0917183649
2855,262.7783909621,89646.2643086145,43145.0731690608,3.2226919413,3.2108279080,0.0917656480
2856,262.8701566101,89646.3134928630,43144.9956974928,3.2190367255,3.2205401669,0.0918624135
2857,262.9620190236,89646.3645256214,43144.9193145065,3.2132185028,3.2322967715,0.0919566661
2858,263.0539756897,89646.4170363308,43144.8438250779,3.2053500985,3.2453153550,0.0919976393
2859,263.1459733290,89646.4704496061,43144.7689212218,3.1999218481,3.2586012538,0.0919625258
2860,263.2379358549,89646.5241896473,43144.6942947242,3.1983888421,3.2712760752,0.0918423005
2861,263.3297781554,89646.5776806542,43144.6196373712,3.1973784911,3.2826501118,0.0916416341
2862,263.4214197895,89646.6303468267,43144.5446409489,3.1976361060,3.2922429493,0.0913790218
2863,263.5127988113,89646.6816123647,43144.4689972430,3.1999505939,3.2997416042,0.0910875248
2864,263.6038863361,89646.7309041324,43144.3923992091,3.2050853281,3.3049118580,0.0908561652
2865,263.6947425013,89646.7779497811,43144.3146718027,3.2133890168,3.3078143178,0.0907764833
2866,263.7855189846,89646.8230498766,43144.2358914034,3.2244591143,3.3090115372,0.0908329192
2867,263.8763519039,89646.8665692646,43144.1561626001,3.2376877841,3.3089726909,0.0910029406
2868,263.9673548445,89646.9088727906,43144.0755899813,3.2523773862,3.3080191180,0.0912684324
2869,264.0586232769,89646.9503253001,43143.9942781358,3.2678162780,3.3063790344,0.0916158668
2870,264.1502391437,89646.9912916386,43143.9123316524,3.2833579647,3.3042545598,0.0920363708
2871,264.2422755145,89647.0321366518,43143.8298551197,3.2924549908,3.3018761218,0.0925257157
2872,264.3348012301,89647.0732251852,43143.7469531265,3.2975267260,3.2995299069,0.0930842450
2873,264.4278854752,89647.1149220843,43143.6637302614,3.3020519048,3.2975572117,0.0937167529
2874,264.5216022281,89647.1575921947,43143.5802911131,3.3057141728,3.2963347827,0.0944058253
2875,264.6160080533,89647.2015145114,43143.4967250319,3.3082971400,3.2961665708,0.0950246877
2876,264.7110327410,89647.2465418962,43143.4130457280,3.3099862534,3.2969357485,0.0955266707
2877,264.8065594117,89647.2923952409,43143.3292434870,3.3110759524,3.2983832191,0.0959064228
2878,264.9024658345,89647.3387953979,43143.2453085875,3.3118469951,3.3306359636,0.0961606704
2879,264.9986265049,89647.3854632196,43143.1612313079,3.3125807924,3.3981034030,0.0962881229
2880,265.0949146278,89647.4321195584,43143.0770019267,3.3135784566,3.4607412097,0.0962894296
2881,265.1912040574,89647.4784852666,43142.9926107224,3.3151796724,3.5173900247,0.0961671757
2882,265.2873712331,89647.5242811966,43142.9080479736,3.3177789887,3.5671451834,0.0959259154
2883,265.3832971485,89647.5692282007,43142.8233039587,3.3218395275,3.6093564649,0.0955722414
2884,265.4788693899,89647.6130471314,43142.7383689563,3.3279055639,3.6436170210,0.0951148910
2885,265.5739842809,89647.6554588410,43142.6532332448,3.3366158328,3.6697502291,0.0945648843
2886,265.6685491652,89647.6961841818,43142.5678871027,3.3487190176,3.6878005296,0.0939356944
2887,265.7624848596,89647.7349440063,43142.4823208086,3.3561965656,3.6980315613,0.0932434412
2888,265.8557283007,89647.7714591667,43142.3965246410,3.3472283787,3.7009321431,0.0925071038
2889,265.9482354045,89647.8054505156,43142.3104888783,3.3427918235,3.6972282156,0.0917487359
2890,266.0399841404,89647.8366389051,43142.2242037991,3.3440295469,3.6878952876,0.0909936666
2891,266.1309778070,89647.8647451877,43142.1376596819,3.3521942000,3.6741603456,0.0902706596
2892,266.2212484666,89647.8894902158,43142.0508468051,3.3685980239,3.6574767975,0.0896119961
2893,266.3108604626,89647.9105948418,43141.9637554474,3.3945047803,3.6394498821,0.0890534357
2894,266.3999138983,89647.9277799179,43141.8763758870,3.4214236868,3.6216929828,0.0886340075
2895,266.4885479058,89647.9407662966,43141.7886984027,3.4266650855,3.6056124563,0.0883955780
2896,266.5769434839,89647.9492748302,43141.7007132729,3.4421751497,3.5921522900,0.0883821532
2897,266.6653256371,89647.9530263711,43141.6124107760,3.4673621022,3.5815688407,0.0886388944
2898,266.7539645314,89647.9517417717,43141.5237811907,3.5008215829,3.5733261815,0.0892094537
2899,266.8431739851,89647.9452538050,43141.4348079761,3.5404062789,3.5662923477,0.0900470779
2900,266.9332210630,89647.9344673645,43141.3454092684,3.5548727861,3.5599718424,0.0909623476
2901,267.0241834105,89647.9208838597,43141.2554668587,3.5578479775,3.5543953318,0.0918172758
2902,267.1160006864,89647.9060111248,43141.1648621464,3.5633080414,3.5498637501,0.0925530887
2903,267.2085537751,89647.8913569937,43141.0734765311,3.5690611794,3.5471055967,0.0931862027
2904,267.3017399778,89647.8784293006,43140.9811914124,3.5733678557,3.5472208773,0.0938054035
2905,267.3955453813,89647.8687358780,43140.8878881901,3.5747070777,3.5514651709,0.0945136755
2906,267.4900590569,89647.8633272165,43140.7935294002,3.5719672294,3.5605386838,0.0951590419
2907,267.5852180988,89647.8615051486,43140.6983878040,3.5655903911,3.5731310046,0.0955797075
2908,267.6807978063,89647.8621536367,43140.6028102964,3.5562607427,3.5873223972,0.0956874906
2909,267.7764852969,89647.8641566433,43140.5071437724,3.5447114206,3.6012546740,0.0954349722
2910,267.8719202690,89647.8663981308,43140.4117351269,3.5320647082,3.6135018352,0.0948136831
2911,267.9667339522,89647.8677620619,43140.3169312546,3.5201615963,3.6234464649,0.0938543163
2912,268.0605882684,89647.8671323990,43140.2230790505,3.5117580927,3.6315236627,0.0926291465
2913,268.1532174150,89647.8633931045,43140.1305254095,3.5104771125,3.6391906891,0.0912564430
2914,268.2444738580,89647.8554281409,43140.0396172264,3.5204267879,3.6485008363,0.0899060195
2915,268.3343798775,89647.8421214708,43139.9507013962,3.5454595014,3.6612446990,0.0888039228
2916,268.4231838003,89647.8223570566,43139.8641248137,3.5838011264,3.6778111361,0.0882325499
2917,268.5114163502,89647.7950188608,43139.7802343737,3.5916930476,3.6961728085,0.0885208302
2918,268.5999371805,89647.7589908459,43139.6993769713,3.6168528288,3.7115414835,0.0899301758
2919,268.6898673563,89647.7137453191,43139.6216577405,3.6564738048,3.7176985913,0.0917479184
2920,268.7816152747,89647.6621703069,43139.5457782397,3.7032180434,3.7117246117,0.0929798997
2921,268.8745951744,89647.6083834042,43139.4699347769,3.7487834784,3.6935025565,0.0934132478
2922,268.9680084222,89647.5561677983,43139.3924779156,3.7865950043,3.6651028432,0.0936632426
2923,269.0616716647,89647.5065974583,43139.3130072644,3.8148545453,3.6281605777,0.0939719281
2924,269.1556435929,89647.4594377646,43139.2317257378,3.8347377808,3.5847095985,0.0943096624
2925,269.2499532553,89647.4144456115,43139.1488401625,3.8482811655,3.5376367630,0.0946489210
2926,269.3446021763,89647.3713778938,43139.0645573651,3.8576784668,3.4897882913,0.0949657822
2927,269.4395679586,89647.3299915060,43138.9790841722,3.8648067152,3.4477417725,0.0952398414
2928,269.5348078000,89647.2900433427,43138.8926274105,3.8710340711,3.4682007577,0.0954540866
2929,269.6302618866,89647.2512902984,43138.8053939066,3.8772441673,3.4899503185,0.0955947613
2930,269.7258566478,89647.2134892678,43138.7175904872,3.8839690652,3.5120919089,0.0956512349
2931,269.8215078827,89647.1763971453,43138.6294239789,3.8915428009,3.5338117745,0.0956158935
2932,269.9171237762,89647.1397708256,43138.5411012084,3.8903244738,3.5875665448,0.0954840620
2933,270.0126078382,89647.1033672032,43138.4528290022,3.8755487663,3.6536636178,0.0952539641
2934,270.1078618023,89647.0669431728,43138.3648141871,3.8593514890,3.7117433007,0.0949267243
2935,270.2027885266,89647.0302556288,43138.2772635898,3.8421422148,3.7610345756,0.0945064151
2936,270.2972949417,89646.9930614658,43138.1903840367,3.8244599330,3.8010214594,0.0940001484
2937,270.3912950901,89646.9551175785,43138.1043823546,3.8069729601,3.8314453321,0.0934182112
2938,270.4847133013,89646.9161808613,43138.0194653702,3.7904837724,3.8523154856,0.0927742399
2939,270.5774875412,89646.8760082089,43137.9358399101,3.7759380458,3.8639254692,0.0920854256
2940,270.6695729668,89646.8343565159,43137.8537128008,3.7644354953,3.8668718265,0.0913727367
2941,270.7609457036,89646.7909826767,43137.7732908691,3.7572377278,3.8620735908,0.0906611375
2942,270.8516068411,89646.7456435860,43137.6947809417,3.7557629962,3.8507831027,0.0899797723
2943,270.9415866134,89646.6980961384,43137.6183898451,3.7615516651,3.8345721506,0.0893620740
2944,271.0309486874,89646.6480972283,43137.5443244059,3.7439488754,3.8152709008,0.0888457442
2945,271.1197944316,89646.5954037505,43137.4727914510,3.7119434722,3.7948352517,0.0884725407
2946,271.2082669722,89646.5397725993,43137.4039978068,3.6897424015,3.7751309052,0.0882878091
2947,271.2965547813,89646.4809606695,43137.3381503001,3.6782936734,3.7576543198,0.0883396978
2948,271.3848944791,89646.4187248557,43137.2754557574,3.6778774917,3.7432538020,0.0886780260
2949,271.4735725051,89646.3528220522,43137.2161210054,3.6880072932,3.7319442459,0.0893528154
2950,271.5629253205,89646.2830091538,43137.1603528709,3.7075090455,3.7228980388,0.0903857137
2951,271.6533110341,89646.2091602716,43137.1082383831,3.7108298435,3.7147989045,0.0914738695
2952,271.7447849036,89646.1322087467,43137.0587820224,3.7049064651,3.7074884064,0.0922547704
2953,271.8370396740,89646.0536503011,43137.0104135069,3.7037697935,3.7016067076,0.0926021838
2954,271.9296418578,89645.9749829258,43136.9615605798,3.7040726245,3.6980617323,0.0926459655
2955,272.0222878233,89645.8972109867,43136.9112137783,3.7035974337,3.6973847746,0.0926547842
2956,272.1149426075,89645.8202927106,43136.8595563700,3.7020315872,3.6988627146,0.0926428652
2957,272.2075854727,89645.7440529528,43136.8069236824,3.6994844005,3.7018013210,0.0925957557
2958,272.3001812285,89645.6683165688,43136.7536510429,3.6961842961,3.7056261265,0.0925035838
2959,272.3926848123,89645.5929084140,43136.7000737789,3.6924257316,3.7098332061,0.0923610295
2960,272.4850458418,89645.5176533438,43136.6465272180,3.6885692176,3.7139924548,0.0921673214
2961,272.5772131633,89645.4423762137,43136.5933466875,3.6850719004,3.7177806021,0.0919262680
2962,272.6691394313,89645.3669018790,43136.5408675149,3.6825201919,3.7401370999,0.0916463253
2963,272.7607857566,89645.2910551953,43136.4894250276,3.6816439374,3.7644721415,0.0913406961
2964,272.8521264527,89645.2146610178,43136.4393545531,3.6833032146,3.7814801090,0.0910274465
2965,272.9431538992,89645.1375442021,43136.3909914189,3.6884477287,3.7917929914,0.0907296160
2966,273.0338835151,89645.0595296035,43136.3446709523,3.6980543025,3.7964322842,0.0904752870
2967,273.1243588022,89644.9804420776,43136.3007284808,3.7130520568,3.7966280619,0.0902975689
2968,273.2146563710,89644.9001064989,43136.2594992952,3.7342483648,3.7936314902,0.0902290961
2969,273.3048854671,89644.8184014501,43136.2212164691,3.7367154736,3.7886587293,0.0902681719
2970,273.3951536390,89644.7353765137,43136.1857876279,3.7146500189,3.7830028599,0.0903954567
2971,273.4855490956,89644.6511152294,43136.1530557697,3.6986254153,3.7776686345,0.0905931381
2972,273.5761422337,89644.5657011366,43136.1228638928,3.6884335098,3.7732961563,0.0908444088
2973,273.6669866425,89644.4792177750,43136.0950549954,3.6836759851,3.7702054037,0.0911335703
2974,273.7581202129,89644.3917486841,43136.0694720757,3.6838266958,3.7684686862,0.0914460977
2975,273.8495663106,89644.3033774035,43136.0459581319,3.6882911740,3.7679901817,0.0917686702
2976,273.9413349808,89644.2141874728,43136.0243561622,3.6964544303,3.7685776111,0.0920891760
2977,274.0334241568,89644.1242624316,43136.0045091649,3.7077140303,3.7699981509,0.0923966972
2978,274.1258208540,89644.0336858194,43135.9862601382,3.7214999996,3.7720169588,0.0926814807
2979,274.2185023348,89643.9425411758,43135.9694520802,3.7372855539,3.7744206223,0.0929349012
2980,274.3114372360,89643.8509120403,43135.9539279892,3.7373093454,3.7770294447,0.0931494191
2981,274.4045866550,89643.7588819526,43135.9395308634,3.7354207380,3.7797024625,0.0933185379
2982,274.4979051929,89643.6665344522,43135.9261037010,3.7351145463,3.7823382518,0.0934367635
2983,274.5913419564,89643.5739530788,43135.9134895003,3.7360303011,3.7848734355,0.0934995669
2984,274.6848415233,89643.4812213718,43135.9015312594,3.7378583324,3.7872800095,0.0935033526
2985,274.7783448759,89643.3884228708,43135.8900719765,3.7403392979,3.7895622163,0.0934454337
2986,274.8717903096,89643.2956411154,43135.8789546499,3.7432634253,3.7917539990,0.0933240145
2987,274.9651143241,89643.2029596452,43135.8680222778,3.7464700066,3.7939189803,0.0931381811
2988,275.0582525052,89643.1104619998,43135.8571178584,3.7498487851,3.7961558072,0.0928880106
2989,275.1511405157,89643.0182314732,43135.8460855209,3.7533463176,3.7986102834,0.0925917624
2990,275.2437322782,89642.9263112503,43135.8349541647,3.7571628729,3.8013100557,0.0922866753
2991,275.3360189534,89642.8346602817,43135.8241407289,3.7619700755,3.8039819216,0.0919818354
2992,275.4280007888,89642.7432268930,43135.8141110996,3.7685663574,3.8064106015,0.0916888260
2993,275.5196896148,89642.6519594096,43135.8053311629,3.7778098259,3.8084795693,0.0914265860
2994,275.6111162008,89642.5608061570,43135.7982668047,3.7905749150,3.8101286729,0.0912214756
2995,275.7023376764,89642.4697154607,43135.7933839110,3.7709145177,3.8112795535,0.0911072460
2996,275.7934449224,89642.3786356461,43135.7911483679,3.7491567792,3.8117454344,0.0911160937
2997,275.8845610160,89642.2875228774,43135.7919267699,3.7318868264,3.8112536333,0.0912233619
2998,275.9757843779,89642.1963728797,43135.7955845939,3.7192992781,3.8098174562,0.0913926640
2999,276.0671770419,89642.1051938301,43135.8018295869,3.7112136335,3.8074194157,0.0915988778
3000,276.1587759197,89642.0139939103,43135.8103694373,3.7072560829,3.8039362109,0.0918198345
3001,276.2505957541,89641.9227813023,43135.8209118339,3.7069278268,3.7992570515,0.0920363460
3002,276.3426321001,89641.8315641876,43135.8331644652,3.7096936841,3.7934061953,0.0922321831
3003,276.4348642833,89641.7403507481,43135.8468350198,3.7150688172,3.7866409730,0.0923940215
3004,276.5272583047,89641.6491491655,43135.8616311864,3.7226889087,3.7795073599,0.0925113732
3005,276.6197696780,89641.5579676217,43135.8772606534,3.7199884097,3.7728488008,0.0925745665
3006,276.7123442445,89641.4668200956,43135.8934525912,3.7088404279,3.7677520686,0.0925432219
3007,276.8048874664,89641.3758333591,43135.9103541208,3.6995387352,3.7650773007,0.0923945316
3008,276.8972819980,89641.2852366213,43135.9284919424,3.6929775741,3.7653890456,0.0921513846
3009,276.9894333826,89641.1952628116,43135.9484065412,3.6902793818,3.7691907701,0.0918491429
3010,277.0812825255,89641.1061448594,43135.9706384025,3.6927112924,3.7767736060,0.0915348154
3011,277.1728173410,89641.0181156941,43135.9957280116,3.7015611205,3.7880318411,0.0912674032
3012,277.2640847442,89640.9314082449,43136.0242158538,3.7146821897,3.8022973505,0.0911179580
3013,277.3552027022,89640.8462553897,43136.0566422862,3.6860904524,3.8182572014,0.0911606854
3014,277.4463633876,89640.7627893647,43136.0932987077,3.6660330552,3.8342938256,0.0913781478
3015,277.5377415354,89640.6808317862,43136.1337081276,3.6540365915,3.8493377289,0.0916840232
3016,277.6294255586,89640.6001445316,43136.1772457787,3.6491746140,3.8626294591,0.0920038680
3017,277.7214294266,89640.5204894785,43136.2232868933,3.6503796463,3.8739757109,0.0922787165
3018,277.8137081431,89640.4416285042,43136.2712067040,3.6480069021,3.8840160323,0.0924647633
3019,277.9061729064,89640.3633234864,43136.3203804433,3.6293487140,3.8942111764,0.0925312748
3020,277.9987041812,89640.2853728705,43136.3702376223,3.6143439421,3.9064294411,0.0924486045
3021,278.0911527858,89640.2080596568,43136.4209269849,3.6031417263,3.9214567767,0.0922294188
3022,278.1833822045,89640.1320102224,43136.4731069544,3.5966352262,3.9382667030,0.0919311335
3023,278.2753133380,89640.0578582227,43136.5274467578,3.5956572669,3.9536300630,0.0916396952
3024,278.3669530332,89639.9862373130,43136.5846156220,3.5975634135,3.9614254805,0.0914699391
3025,278.4584229723,89639.9177811488,43136.6452827740,3.5769113692,3.9526894941,0.0915647919
3026,278.5499877641,89639.8531198878,43136.7101135725,3.5655596854,3.9169319971,0.0919661250
3027,278.6419538892,89639.7921611914,43136.7789743414,3.5628810045,3.8459024203,0.0922716014
3028,278.7342254906,89639.7332099567,43136.8499588491,3.5659418845,3.7382136485,0.0921937340
3029,278.8264192245,89639.6743556377,43136.9209225985,3.5717731650,3.5993771611,0.0917269467
3030,278.9181461712,89639.6136876890,43136.9897210922,3.5776138240,3.5341914818,0.0911325592
3031,279.0092787304,89639.5492955646,43137.0542098329,3.5805026318,3.5053582626,0.0909377732
3032,279.1002165037,89639.4794929312,43137.1124959459,3.5770786713,3.4853724643,0.0914103365
3033,279.1916268401,89639.4047040431,43137.1650551680,3.5661670930,3.4749814148,0.0920696833
3034,279.2836965234,89639.3265112284,43137.2136628868,3.5476717942,3.4723706177,0.0925069466
3035,279.3762034700,89639.2465087337,43137.2601078650,3.5216636752,3.4752012829,0.0925065032
3036,279.4687099732,89639.1662908051,43137.3061788653,3.4892836502,3.4811892464,0.0920353519
3037,279.5607453251,89639.0874516892,43137.3536646506,3.4422069724,3.4885455540,0.0912418055
3038,279.6519871306,89639.0115856323,43137.4043539835,3.3908255205,3.4960262595,0.0904918706
3039,279.7424790012,89638.9400273531,43137.4597452403,3.3429631019,3.5029374625,0.0901909966
3040,279.8326699978,89638.8727718945,43137.5198378285,3.3021297105,3.5101419739,0.0902996610
3041,279.9229696588,89638.8093832903,43137.5841488978,3.2704098648,3.5181809060,0.0906932989
3042,280.0136629577,89638.7494253688,43137.6521953681,3.2486541832,3.5264126131,0.0912597816
3043,280.1049227393,89638.6924619587,43137.7234941594,3.2364687184,3.5331794018,0.0919020407
3044,280.1968247800,89638.6380568883,43137.7975621915,3.2325212576,3.5362609153,0.0925389900
3045,280.2893637699,89638.5857739860,43137.8739163846,3.2349683146,3.5334261592,0.0931053506
3046,280.3824691206,89638.5351770802,43137.9520736584,3.2418461501,3.5229150601,0.0935509035
3047,280.4760200240,89638.4858299995,43138.0315509329,3.2513483642,3.5037558965,0.0938395626
3048,280.5698595866,89638.4372965722,43138.1118651280,3.2619777688,3.4759002913,0.0939485341
3049,280.6638081208,89638.3891406268,43138.1925331638,3.2725930807,3.4402000577,0.0938677194
3050,280.7576758402,89638.3409259917,43138.2730719600,3.2823787959,3.3982637639,0.0935994483
3051,280.8512752884,89638.2922164954,43138.3529984368,3.2907646970,3.3522308332,0.0931585791
3052,280.9444338675,89638.2425759663,43138.4318295139,3.2973208067,3.3045052072,0.0925815551
3053,281.0370154226,89638.1915924401,43138.5091083881,3.3016898112,3.2991139397,0.0920534456
3054,281.1290688682,89638.1393110519,43138.5848744312,3.2987596063,3.2977650094,0.0916938364
3055,281.2207627045,89638.0861846897,43138.6596096256,3.2944917611,3.2978096668,0.0914800981
3056,281.3122428026,89638.0326805393,43138.7338114735,3.2895412569,3.2985901765,0.0913987524
3057,281.4036415550,89637.9792657865,43138.8079774773,3.2845022764,3.2994257640,0.0914390335
3058,281.4950805885,89637.9263678703,43138.8825623772,3.2799564824,3.2996966629,0.0915170220
3059,281.5865976105,89637.8741061317,43138.9576894429,3.2760963607,3.2992416702,0.0915903578
3060,281.6781879683,89637.8224560028,43139.0333271176,3.2729443466,3.2981182079,0.0916577594
3061,281.7698457277,89637.7713921021,43139.1094429695,3.2705332227,3.2963848464,0.0917182459
3062,281.8615639736,89637.7208890484,43139.1860045669,3.2688868124,3.2971827602,0.0917708930
3063,281.9533348666,89637.6709214603,43139.2629794780,3.2680085887,3.3010462916,0.0918148322
3064,282.0451496987,89637.6214639565,43139.3403352711,3.2678796974,3.3043759213,0.0918492496
3065,282.1369989484,89637.5724911557,43139.4180395144,3.2684631033,3.3072410087,0.0918733852
3066,282.2288723336,89637.5239776764,43139.4960597762,3.2697099436,3.3096891141,0.0918865320
3067,282.3207588656,89637.4758981375,43139.5743636247,3.2715653410,3.3117538681,0.0918880347
3068,282.4126469002,89637.4282271574,43139.6529186282,3.2739724505,3.3134614187,0.0918772892
3069,282.5045241895,89637.3809393550,43139.7316923549,3.2768745875,3.3148348491,0.0918537422
3070,282.5963779317,89637.3340093488,43139.8106523731,3.2802157758,3.3158967366,0.0918168895
3071,282.6881948211,89637.2874117575,43139.8897662510,3.2839401856,3.3166702865,0.0917707213
3072,282.7799655424,89637.2411231664,43139.9690078538,3.2879959668,3.3171746655,0.0917347484
3073,282.8717002908,89637.1951289188,43140.0483790908,3.2923513019,3.3174079270,0.0917144007
3074,282.9634146915,89637.1494167954,43140.1278896754,3.2969771874,3.3172352095,0.0917096202
3075,283.0551243118,89637.1039745771,43140.2075493216,3.3018411710,3.3167313410,0.0917203398
3076,283.1468446515,89637.0587899999,43140.2873677074,3.3069087869,3.3159286749,0.0917411747
3077,283.2385858262,89637.0138252801,43140.3673340573,3.3121143064,3.3148543561,0.0917574106
3078,283.3303432369,89636.9689744647,43140.4473829596,3.3173111121,3.3136274398,0.0917661085
3079,283.4221093453,89636.9241203404,43140.5274399780,3.3236766677,3.3123901168,0.0917672633
3080,283.5138766086,89636.8791456935,43140.6074306760,3.3302604960,3.3112961462,0.0917614986
3081,283.6056381072,89636.8339333109,43140.6872806169,3.3363594580,3.3105117057,0.0917500668
3082,283.6973881740,89636.7883659790,43140.7669153645,3.3418834001,3.3102133033,0.0917348502
3083,283.7891230242,89636.7423264845,43140.8462604821,3.3467619688,3.3105822178,0.0917183625
3084,283.8808413867,89636.6956976139,43140.9252415332,3.3509358483,3.3117959109,0.0917037495
3085,283.9725451361,89636.6483621538,43141.0037840815,3.3543447212,3.3140180171,0.0916947898
3086,284.0642399259,89636.6002028908,43141.0818136903,3.3569145650,3.3173895156,0.0916956933
3087,284.1559356192,89636.5511271515,43141.1592712398,3.3585764613,3.3219950380,0.0917066187
3088,284.2476422379,89636.5012117296,43141.2362033825,3.3594326469,3.3276933257,0.0917223819
3089,284.3393646198,89636.4506049560,43141.3127014204,3.3596429798,3.3342404487,0.0917383209
3090,284.4311029407,89636.3994554147,43141.3888568138,3.3593486717,3.3413865770,0.0917507740
3091,284.5228537147,89636.3479116894,43141.4647610227,3.3586826711,3.3488904767,0.0917570768
3092,284.6146107915,89636.2961223640,43141.5405055071,3.3577798188,3.3533434049,0.0917555596
3093,284.7063663512,89636.2442360224,43141.6161817271,3.3567837678,3.3536839421,0.0917455467
3094,284.7981118978,89636.1924012484,43141.6918811428,3.3558495745,3.3539928829,0.0917286615
3095,284.8898405593,89636.1407459953,43141.7676827402,3.3551184838,3.3541070178,0.0917134299
3096,284.9815539892,89636.0892727279,43141.8435896303,3.3545923281,3.3540160542,0.0917026358
3097,285.0732566251,89636.0379367246,43141.9195763935,3.3542159778,3.3537683363,0.0916960184
3098,285.1649526434,89635.9866931791,43141.9956175589,3.3538551013,3.3534138565,0.0916933976
3099,285.2566460411,89635.9354972850,43142.0716876555,3.3535527340,3.3530033396,0.0916946800
3100,285.3483407210,89635.8843042356,43142.1477612122,3.3532603976,3.3525883051,0.0916998582
3101,285.4400405792,89635.8330692246,43142.2238127581,3.3529293884,3.3522213757,0.0917090114
3102,285.5317495906,89635.7817474454,43142.2998168223,3.3525106616,3.3519562428,0.0917223053
3103,285.6234718959,89635.7302940918,43142.3757479336,3.3519540823,3.3518469448,0.0917399914
3104,285.7152118873,89635.6786643571,43142.4515806213,3.3512070513,3.3519464714,0.0917624077
3105,285.8069742950,89635.6268134348,43142.5272894142,3.3502129278,3.3523050948,0.0917899776
3106,285.8987642726,89635.5746965186,43142.6028488414,3.3489100411,3.3529691884,0.0918232103
3107,285.9905874829,89635.5222688020,43142.6782334319,3.3472322717,3.3539814921,0.0918601103
3108,286.0824475932,89635.4695107610,43142.7534322947,3.3451411575,3.3553545518,0.0918864550
3109,286.1743340482,89635.4165392788,43142.8285132024,3.3427595424,3.3569479218,0.0918963102
3110,286.2662303584,89635.3635170362,43142.9035703380,3.3402748280,3.3585796565,0.0918893348
3111,286.3581196932,89635.3106067477,43142.9786979043,3.3378943306,3.3600867176,0.0918663366
3112,286.4499860297,89635.2579711279,43143.0539901039,3.3358515628,3.3613310445,0.0918292703
3113,286.5418153000,89635.2057728913,43143.1295411395,3.3344083842,3.3622013824,0.0917812421
3114,286.6335965421,89635.1541747524,43143.2054452136,3.3338508715,3.3626086475,0.0917265163
3115,286.7253230584,89635.1033394258,43143.2817965289,3.3344776402,3.3624734566,0.0916705216
3116,286.8169935800,89635.0534296260,43143.3586892881,3.3365808321,3.3617060688,0.0916198574
3117,286.9086134374,89635.0046080675,43143.4362176939,3.3404221187,3.3601813442,0.0915822946
3118,287.0001957320,89634.9570374649,43143.5144759487,3.3462084949,3.3577139597,0.0915667714
3119,287.0917625034,89634.9108805233,43143.5935582500,3.3440327204,3.3540410176,0.0915823268
3120,287.1833448302,89634.8662178994,43143.6735118153,3.3393071360,3.3489135458,0.0916249181
3121,287.2749697483,89634.8228485395,43143.7542225596,3.3365823835,3.3448507171,0.0916803635
3122,287.3666501119,89634.7805109772,43143.8355418062,3.3354757346,3.3415127879,0.0917368596
3123,287.4583869715,89634.7389437458,43143.9173208786,3.3355737157,3.3372897142,0.0917855871
3124,287.5501725586,89634.6978853787,43143.9994111003,3.3364611433,3.3323343001,0.0918206999
3125,287.6419932585,89634.6570744094,43144.0816637945,3.3377459141,3.3268436166,0.0918393116
3126,287.7338325701,89634.6162493712,43144.1639302848,3.3390737015,3.3210726272,0.0918414855
3127,287.8256740556,89634.5751487977,43144.2460618945,3.3401306742,3.3153332651,0.0918307339
3128,287.9175047895,89634.5335252723,43144.3279176568,3.3406522871,3.3099660328,0.0918163826
3129,288.0093211721,89634.4912785983,43144.4094373885,3.3405624235,3.3051698994,0.0918026644
3130,288.1011238365,89634.4483964285,43144.4906091120,3.3398923860,3.3010520610,0.0917899824
3131,288.1929138189,89634.4048675907,43144.5714214944,3.3386716564,3.2977129219,0.0917787067
3132,288.2846925256,89634.3606809123,43144.6518632029,3.3369204128,3.2952391942,0.0917692151
3133,288.3764617407,89634.3158252211,43144.7319229044,3.3346470568,3.2937008427,0.0917618942
3134,288.4682236349,89634.2702893447,43144.8115892660,3.3318476986,3.2931513382,0.0917571386
3135,288.5599807735,89634.2240621106,43144.8908509549,3.3285057418,3.2936290016,0.0917553514
3136,288.6517361249,89634.1771323466,43144.9696966380,3.3309179900,3.2951576805,0.0917569433
3137,288.7434930682,89634.1294888801,43145.0481149825,3.3335741050,3.2977459000,0.0917623334
3138,288.8352554016,89634.0811205389,43145.1260946555,3.3356380838,3.3013846570,0.0917719480
3139,288.9270273496,89634.0320161507,43145.2036243240,3.3370885704,3.3060449175,0.0917862215
3140,289.0188135711,89633.9821645428,43145.2806926550,3.3378874082,3.3116764334,0.0918055327
3141,289.1106191037,89633.9315570071,43145.3572898688,3.3379832594,3.3182065978,0.0918273508
3142,289.2024464546,89633.8802643981,43145.4334563353,3.3374065028,3.3254549967,0.0918453102
3143,289.2942917647,89633.8284524122,43145.5092922049,3.3362945498,3.3331250603,0.0918552487
3144,289.3861470135,89633.7762922948,43145.5849011255,3.3347963178,3.3409466036,0.0918544538
3145,289.4780014673,89633.7239552916,43145.6603867451,3.3330766441,3.3528167186,0.0918415182
3146,289.5698429855,89633.6716126481,43145.7358527120,3.3313260672,3.3640359007,0.0918163388
3147,289.6616593243,89633.6194356100,43145.8114026740,3.3297673293,3.3744015893,0.0917801169
3148,289.7534394412,89633.5675954228,43145.8871402793,3.3286568870,3.3837710892,0.0917353620
3149,289.8451748032,89633.5162633322,43145.9631691759,3.3282802481,3.3920602133,0.0916858966
3150,289.9368606999,89633.4656105836,43146.0395930118,3.3289406791,3.3992338256,0.0916368618
3151,290.0284975617,89633.4158084227,43146.1165154351,3.3309419237,3.4052881737,0.0915947219
3152,290.1200922836,89633.3670280950,43146.1940400939,3.3345671170,3.4102265269,0.0915672649
3153,290.2116595485,89633.3194408462,43146.2722706362,3.3400577324,3.4140317546,0.0915635011
3154,290.3032230496,89633.2732096322,43146.3513057525,3.3475877340,3.4166508886,0.0915877128
3155,290.3948107625,89633.2283265034,43146.4311419215,3.3570668520,3.4181672980,0.0916314224
3156,290.4864421848,89633.1846229066,43146.5116795723,3.3681564572,3.4187833919,0.0916854156
3157,290.5781276004,89633.1419240622,43146.5928154097,3.3804646188,3.4186488745,0.0917419117
3158,290.6698695122,89633.1000551906,43146.6744461390,3.3935761042,3.4178715944,0.0917944947
3159,290.7616640069,89633.0588415123,43146.7564684651,3.4068898886,3.4165404719,0.0918381093
3160,290.8535021162,89633.0181082476,43146.8387790931,3.4188125579,3.4147481046,0.0918690541
3161,290.9453711703,89632.9776806171,43146.9212747280,3.4304874936,3.4126093365,0.0918849737
3162,291.0372561440,89632.9373838410,43147.0038520750,3.4416304720,3.4102740326,0.0918848537
3163,291.1291409977,89632.8970431398,43147.0864078389,3.4520171486,3.4079337690,0.0918690175
3164,291.2210100152,89632.8564837340,43147.1688387250,3.4614857506,3.4058226773,0.0918391271
3165,291.3128491424,89632.8155308439,43147.2510414383,3.4699350118,3.4042124445,0.0917981866
3166,291.4046473289,89632.7740096900,43147.3329126838,3.4773161541,3.4034010962,0.0917505482
3167,291.4963978772,89632.7317454927,43147.4143491665,3.4836174666,3.4036954148,0.0917019196
3168,291.5880997967,89632.6885634723,43147.4952475916,3.4888412257,3.4053881562,0.0916593689
3169,291.6797591657,89632.6442888494,43147.5755046640,3.4929752928,3.4087334751,0.0916313262
3170,291.7713904918,89632.5987468444,43147.6550170889,3.4959647843,3.4139262261,0.0916275365
3171,291.8630180284,89632.5517983032,43147.7337027924,3.4977325287,3.4210502032,0.0916507891
3172,291.9546688175,89632.5035742048,43147.8116406104,3.4984446087,3.4298098955,0.0916892692
3173,292.0463580867,89632.4543293303,43147.8889831242,3.4983489311,3.4397210551,0.0917314528
3174,292.1380895395,89632.4043191059,43147.9658832990,3.4976547984,3.4502865414,0.0917687324
3175,292.2298582719,89632.3537989576,43148.0424941001,3.4965612537,3.4610331601,0.0917954109
3176,292.3216536827,89632.3030243115,43148.1189684930,3.4952834238,3.4715415991,0.0918086916
3177,292.4134623743,89632.2522505936,43148.1954594429,3.4940693509,3.4814630046,0.0918086708
3178,292.5052710450,89632.2017332301,43148.2721199152,3.4930885291,3.4905197231,0.0917989383
3179,292.5970699834,89632.1517022701,43148.3490871038,3.4895176032,3.4979989018,0.0917866561
3180,292.6888566394,89632.1022382102,43148.4264052583,3.4865562181,3.5042357712,0.0917741536
3181,292.7806307930,89632.0533669492,43148.5040846964,3.4843085270,3.5095892027,0.0917620544
3182,292.8723928475,89632.0051143057,43148.5821356864,3.4828735044,3.5141532832,0.0917510057
3183,292.9641438531,89631.9575060984,43148.6605684960,3.4823351396,3.5180071093,0.0917416801
3184,293.0558855332,89631.9105681457,43148.7393933935,3.4827561662,3.5212076499,0.0917347757
3185,293.1476203088,89631.8643262662,43148.8186206467,3.4841743020,3.5237862137,0.0917310159
3186,293.2393513247,89631.8188062787,43148.8982605237,3.4866002186,3.5257470780,0.0917311493
3187,293.3310824740,89631.7740340015,43148.9783232925,3.4900173902,3.5270677276,0.0917359495
3188,293.4228184235,89631.7300351450,43149.0588191623,3.4943846960,3.5277013137,0.0917458413
3189,293.5145642648,89631.6867821239,43149.1397294556,3.4995826953,3.5276425355,0.0917577072
3190,293.6063219721,89631.6441082175,43149.2209600813,3.5053271730,3.5270342059,0.0917669470
3191,293.6980889191,89631.6018242838,43149.3024047957,3.5113166459,3.5260462842,0.0917704065
3192,293.7898593256,89631.5597411807,43149.3839573552,3.5172739281,3.5248628750,0.0917664702
3193,293.8816257957,89631.5176697663,43149.4655115159,3.5229598606,3.5236922475,0.0917550591
3194,293.9733808548,89631.4754208985,43149.5469610342,3.5281808865,3.5227710720,0.0917376317
3195,294.0651184865,89631.4328054353,43149.6281996665,3.5328410845,3.5223604611,0.0917171855
3196,294.1568356720,89631.3896342347,43149.7091211689,3.5376203169,3.5227332888,0.0916982598
3197,294.2485339318,89631.3457181548,43149.7896192978,3.5415179885,3.5241548475,0.0916869373
3198,294.3402208690,89631.3008680533,43149.8695878096,3.5444342403,3.5268615404,0.0916908030
3199,294.4319116721,89631.2548972368,43149.9489218337,3.5462392135,3.5310411982,0.0917135961
3200,294.5236252681,89631.2077756469,43150.0276043570,3.5469351802,3.5366498550,0.0917449280
3201,294.6153701962,89631.1597217819,43150.1057577822,3.5467610137,3.5436055908,0.0917747777
3202,294.7071449738,89631.1109762099,43150.1835168912,3.5459461915,3.5541460405,0.0917959717
3203,294.7989409455,89631.0617794994,43150.2610164660,3.5447090621,3.5647154261,0.0918038264
3204,294.8907447719,89631.0123722185,43150.3383912883,3.5432828879,3.5749079695,0.0917961403
3205,294.9825409122,89630.9629949355,43150.4157761402,3.5419364793,3.5843954629,0.0917731896
3206,295.0743141018,89630.9138882188,43150.4933058036,3.5409833864,3.5929403796,0.0917377296
3207,295.1660518315,89630.8652926365,43150.5711150603,3.5407769521,3.6003914002,0.0916950020
3208,295.2577468335,89630.8174487571,43150.6493386922,3.5416923510,3.6066619622,0.0916527442
3209,295.3493995777,89630.7705971487,43150.7281114814,3.5441002371,3.6116963568,0.0916212010
3210,295.4410207787,89630.7249780961,43150.8075680513,3.5483386633,3.6154312958,0.0916124626
3211,295.5326332413,89630.6807292729,43150.8877857860,3.5545741723,3.6178783092,0.0916282294
3212,295.6242614706,89630.6377338639,43150.9687001062,3.5626174106,3.6192743072,0.0916606994
3213,295.7159221700,89630.5958362758,43151.0502248014,3.5721733430,3.6198274226,0.0917025456
3214,295.8076247156,89630.5548809159,43151.1322736609,3.5829010910,3.6196811129,0.0917474842
3215,295.8993721998,89630.5147121910,43151.2147604744,3.5944364628,3.6189332746,0.0917902764
3216,295.9911624762,89630.4751745082,43151.2975990311,3.6059330910,3.6176596220,0.0918267270
3217,296.0829892032,89630.4361122745,43151.3807031206,3.6168021634,3.6159357691,0.0918536797
3218,296.1748428829,89630.3973698969,43151.4639865323,3.6275337832,3.6138546196,0.0918690130
3219,296.2667118959,89630.3587917824,43151.5473630556,3.6378700161,3.6115379706,0.0918716359
3220,296.3585835319,89630.3202223382,43151.6307464800,3.6476013337,3.6091427352,0.0918614862
3221,296.4504450180,89630.2815059710,43151.7140505948,3.6565687676,3.6068626192,0.0918395295
3222,296.5422845475,89630.2424870881,43151.7971891897,3.6646633301,3.6049256737,0.0918077619
3223,296.6340923093,89630.2030100964,43151.8800760539,3.6718219314,3.6035874941,0.0917692127
3224,296.7258615221,89630.1629194028,43151.9626249769,3.6780183290,3.6031195199,0.0917279494
3225,296.8175894715,89630.1220594145,43152.0447497483,3.6832479367,3.6037923954,0.0916890813
3226,296.9092785528,89630.0802745385,43152.1263641573,3.6875068491,3.6058557848,0.0916587617
3227,297.0009373145,89630.0374091817,43152.2073819935,3.6907678479,3.6095179801,0.0916441898
3228,297.0925815043,89629.9933083541,43152.2877173813,3.6929591089,3.6149294766,0.0916521366
3229,297.1842336410,89629.9479249170,43152.3673443729,3.6940727050,3.6220541147,0.0916782955
3230,297.2759119365,89629.9014432292,43152.4463656521,3.6943039744,3.6305338155,0.0917127700
3231,297.3676247065,89629.8540776040,43152.5249005471,3.6938324663,3.6399380764,0.0917474589
3232,297.4593721654,89629.8060423549,43152.6030683861,3.6928098176,3.6498268080,0.0917762393
3233,297.5511484047,89629.7575517950,43152.6809884972,3.6913864815,3.6597825026,0.0917949618
3234,297.6429433666,89629.7088202380,43152.7587802086,3.6897364074,3.6694395784,0.0918014440
3235,297.7347448106,89629.6600619970,43152.8365628485,3.6880739843,3.6785054370,0.0917954663
3236,297.8265402769,89629.6114913856,43152.9144557450,3.6866594748,3.6867693903,0.0917787706
3237,297.9183190474,89629.5633227170,43152.9925782264,3.6857914267,3.6940973971,0.0917550633
3238,298.0100741108,89629.5157703047,43153.0710496207,3.6857870583,3.6992085603,0.0917300204
3239,298.1018041312,89629.4690484619,43153.1499892562,3.6869544806,3.7032673402,0.0917112913
3240,298.1935154225,89629.4233715022,43153.2295164611,3.6895635471,3.7062413613,0.0917084730
3241,298.2852238955,89629.3789505667,43153.3097487769,3.6938203781,3.7079928619,0.0917276983
3242,298.3769515938,89629.3358093427,43153.3906981773,3.6996493592,3.7085363057,0.0917577235
3243,298.4687093173,89629.2936826066,43153.4722139299,3.7075214676,3.7081572393,0.0917856787
3244,298.5604949960,89629.2522804731,43153.5541314138,3.7181203797,3.7071306220,0.0918025410
3245,298.6522975370,89629.2113130570,43153.6362860080,3.7286089207,3.7057258659,0.0918029229
3246,298.7441004599,89629.1704904730,43153.7185130917,3.7385324462,3.7042404568,0.0917850623
3247,298.8358855222,89629.1295228359,43153.8006480438,3.7475454579,3.7030223096,0.0917508193
3248,298.9276363415,89629.0881202604,43153.8825262436,3.7554186823,3.7024729922,0.0917056831
3249,299.0193420246,89629.0459928614,43153.9639830699,3.7620192314,3.7030301333,0.0916587854
3250,299.1110008100,89629.0028507534,43154.0448539019,3.7672684655,3.7051341099,0.0916229145
3251,299.2026237245,89628.9584040513,43154.1249741187,3.7710886665,3.7091894434,0.0916138944
3252,299.2942376189,89628.9124388327,43154.2042224898,3.7734404202,3.7154459068,0.0916355983
3253,299.3858732171,89628.8650791560,43154.2826708415,3.7745903826,3.7236824508,0.0916761860
3254,299.4775494032,89628.8165430442,43154.3604446735,3.7748206195,3.7334958390,0.0917244754
3255,299.5692738786,89628.7670485244,43154.4376694875,3.7743347680,3.7444364713,0.0917713715
3256,299.6610452501,89628.7168136235,43154.5144707854,3.7732878658,3.7560469826,0.0918098652
3257,299.7528551153,89628.6660563684,43154.5909740690,3.7718202925,3.7616362957,0.0918350249
3258,299.8446901402,89628.6149947859,43154.6673048399,3.7700857067,3.7642332202,0.0918439872
3259,299.9365341273,89628.5638469031,43154.7435886001,3.7682671622,3.7668985731,0.0918359494
3260,300.0283700767,89628.5128307469,43154.8199508512,3.7665806768,3.7693503993,0.0918148932
3261,300.1201849699,89628.4621265131,43154.8964953172,3.7652258132,3.7713791599,0.0917939352
3262,300.2119789051,89628.4117535911,43154.9732331519,3.7642336209,3.7729784616,0.0917760362
3263,300.3037549413,89628.3616886514,43155.0501509173,3.7635923974,3.7741977726,0.0917608841
3264,300.3955158253,89628.3119083641,43155.1272351754,3.7632750795,3.7750849289,0.0917481898
3265,300.4872640151,89628.2623893996,43155.2044724881,3.7631267065,3.7756817678,0.0917376878
3266,300.5790017030,89628.2131084278,43155.2818494174,3.7632749986,3.7760230961,0.0917291359
3267,300.6707308389,89628.1640421190,43155.3593525252,3.7636923365,3.7761377428,0.0917223154
3268,300.7624531542,89628.1151671435,43155.4369683735,3.7643478396,3.7760504455,0.0917170310
3269,300.8541701852,89628.0664601712,43155.5146835241,3.7652090416,3.7757837057,0.0917131112
3270,300.9458832965,89628.0178978725,43155.5924845390,3.7662431237,3.7753592080,0.0917104081
3271,301.0375937046,89627.9694569175,43155.6703579801,3.7674176643,3.7747987328,0.0917087973
3272,301.1293025019,89627.9211139764,43155.7482904095,3.7687010192,3.7741246602,0.0917081781
3273,301.2210106799,89627.8728457193,43155.8262683889,3.7700624783,3.7733602117,0.0917084734
3274,301.3127191534,89627.8246288164,43155.9042784804,3.7714723123,3.7725295498,0.0917096301
3275,301.4044287835,89627.7764399380,43155.9823072459,3.7729017813,3.7716578151,0.0917116185
3276,301.4961404019,89627.7282557541,43156.0603412474,3.7743231416,3.7707711463,0.0917144325
3277,301.5878548344,89627.6800529349,43156.1383670466,3.7757096678,3.7698967033,0.0917180900
3278,301.6795729244,89627.6318081507,43156.2163712057,3.7770356897,3.7690626990,0.0917223157
3279,301.7712952402,89627.5834977968,43156.2943397437,3.7782761176,3.7682989601,0.0917258833
3280,301.8630211235,89627.5350971451,43156.3722564594,3.7794048777,3.7676385771,0.0917285637
3281,301.9547496872,89627.4865811801,43156.4501045842,3.7803965470,3.7671163306,0.0917304888
3282,302.0464801759,89627.4379248865,43156.5278673494,3.7812268942,3.7667681066,0.0917318203
3283,302.1382119962,89627.3891032487,43156.6055279864,3.7818727755,3.7666307460,0.0917327495
3284,302.2299447457,89627.3400912515,43156.6830697265,3.7823118495,3.7667416994,0.0917334974
3285,302.3216782431,89627.2908638793,43156.7604758010,3.7825220029,3.7671383779,0.0917343146
3286,302.4134125577,89627.2413961167,43156.8377294413,3.7824803787,3.7678570987,0.0917354813
3287,302.5051480389,89627.1916629484,43156.9148138787,3.7821619570,3.7689315860,0.0917373073
3288,302.5968853463,89627.1416393588,43156.9917123445,3.7815377853,3.7703911434,0.0917401323
3289,302.6886254786,89627.0913003326,43157.0684080701,3.7805731770,3.7722588317,0.0917443254
3290,302.7803698040,89627.0406208544,43157.1448842868,3.7792264307,3.7745502186,0.0917502850
3291,302.8721200890,89626.9895759089,43157.2211242261,3.7785345488,3.7772733833,0.0917577089
3292,302.9638777979,89626.9381640373,43157.2971261775,3.7783569789,3.7826308119,0.0917634111
3293,303.0556412090,89626.8864735694,43157.3729458263,3.7778652341,3.7897595076,0.0917654443
3294,303.1474066534,89626.8346142238,43157.4486525303,3.7771794539,3.7968825735,0.0917629470
3295,303.2391696004,89626.7826957191,43157.5243156476,3.7764257127,3.8038362028,0.0917556077
3296,303.3309252081,89626.7308277739,43157.6000045359,3.7757398188,3.8104773213,0.0917436651
3297,303.4226688731,89626.6791201069,43157.6757885530,3.7752692269,3.8166878301,0.0917279083
3298,303.5143967814,89626.6276824368,43157.7517370569,3.7751721814,3.8223750247,0.0917096776
3299,303.6061064590,89626.5766244823,43157.8279194055,3.7756138671,3.8274677496,0.0916908653
3300,303.6977973243,89626.5260559618,43157.9044049566,3.7767601523,3.8319087656,0.0916739167
3301,303.7894712409,89626.4760865942,43157.9812630680,3.7787702530,3.8356447035,0.0916618772
3302,303.8811331181,89626.4268204978,43158.0585595846,3.7817834563,3.8386222379,0.0916578096
3303,303.9727909277,89626.3782713214,43158.1363035974,3.7858145679,3.8408795756,0.0916612198
3304,304.0644521475,89626.3303794918,43158.2144582638,3.7907731265,3.8425207502,0.0916702853
3305,304.1561224328,89626.2830833333,43158.2929854222,3.7965496042,3.8436305222,0.0916833372
3306,304.2478057700,89626.2363211703,43158.3718469111,3.8030226644,3.8442744483,0.0916988789
3307,304.3395046489,89626.1900313270,43158.4510045689,3.8100650299,3.8445038019,0.0917155864
3308,304.4312202353,89626.1441521278,43158.5304202340,3.8175490576,3.8443613418,0.0917323091
3309,304.5229525444,89626.0986218970,43158.6100557451,3.8246528096,3.8438866742,0.0917480686
3310,304.6147006130,89626.0533789590,43158.6898729403,3.8299209819,3.8431204833,0.0917620597
3311,304.7064626727,89626.0083616382,43158.7698336583,3.8353553808,3.8421074420,0.0917736491
3312,304.7982363219,89625.9635082587,43158.8498997374,3.8408585157,3.8408979754,0.0917823760
3313,304.8900186979,89625.9187571450,43158.9300330162,3.8463409372,3.8395491958,0.0917879511
3314,304.9818066489,89625.8740466214,43159.0101953330,3.8517214539,3.8381253087,0.0917902569
3315,305.0735969058,89625.8293150122,43159.0903485263,3.8569273059,3.8366976719,0.0917893476
3316,305.1653862534,89625.7845006417,43159.1704544345,3.8618942876,3.8353445528,0.0917854490
3317,305.2571717024,89625.7395418343,43159.2504748962,3.8665666571,3.8341504998,0.0917789583
3318,305.3489506607,89625.6943769143,43159.3303717497,3.8708965590,3.8332051796,0.0917704449
3319,305.4407211056,89625.6489442061,43159.4101068334,3.8748426738,3.8326015458,0.0917606500
3320,305.5324817556,89625.6031820340,43159.4896419859,3.8783679197,3.8324333365,0.0917504870
3321,305.6242322425,89625.5570287222,43159.5689390456,3.8814362869,3.8327921155,0.0917410418
3322,305.7159732843,89625.5104225952,43159.6479598509,3.8840091958,3.8337643098,0.0917336442
3323,305.8077069285,89625.4633096313,43159.7266709054,3.8860509885,3.8354198757,0.0917296236
3324,305.8994365521,89625.4156996320,43159.8050776131,3.8875921100,3.8377452805,0.0917286052
3325,305.9911651573,89625.3676341127,43159.8832047074,3.8886902855,3.8406812545,0.0917297420
3326,306.0828948993,89625.3191548185,43159.9610770619,3.8893940172,3.8441611607,0.0917322618
3327,306.1746271611,89625.2703034944,43160.0387195502,3.8897439882,3.8481137015,0.0917354696
3328,306.2663626306,89625.2211218854,43160.1161570458,3.8897754951,3.8524657101,0.0917387476
3329,306.3581013783,89625.1716517368,43160.1934144222,3.8895210560,3.8571447637,0.0917415556
3330,306.4498429339,89625.1219347935,43160.2705165531,3.8890127319,3.8620812727,0.0917434304
3331,306.5415863643,89625.0720128006,43160.3474883118,3.8882839045,3.8672099121,0.0917439861
3332,306.6333303504,89625.0219275032,43160.4243545721,3.8873704360,3.8724704117,0.0917429140
3333,306.7250732644,89624.9717206463,43160.5011402073,3.8863112512,3.8778077800,0.0917399825
3334,306.8168132468,89624.9214339750,43160.5778700912,3.8851484369,3.8807569105,0.0917350371
3335,306.9085482839,89624.8711092343,43160.6545690971,3.8839269655,3.8810469849,0.0917280545
3336,307.0002763384,89624.8207875649,43160.7312617666,3.8826934752,3.8813391178,0.0917206559
3337,307.0919969943,89624.7704918681,43160.8079626246,3.8814755270,3.8816045837,0.0917147276
3338,307.1837117219,89624.7202240141,43160.8846746452,3.8794963470,3.8818396439,0.0917103757
3339,307.2754220976,89624.6699847063,43160.9614001622,3.8758893041,3.8820424923,0.0917076020
3340,307.3671296996,89624.6197746482,43161.0381415092,3.8722976814,3.8822115938,0.0917064088
3341,307.4588361084,89624.5695945430,43161.1149010197,3.8687280840,3.8823454769,0.0917067980
3342,307.5505429064,89624.5194450944,43161.1916810276,3.8651858835,3.8824426328,0.0917087719
3343,307.6422516783,89624.4693270056,43161.2684838662,3.8616752131,3.8825014903,0.0917123329
3344,307.7339640113,89624.4192409802,43161.3453118694,3.8581990343,3.8825204361,0.0917174835
3345,307.8256814948,89624.3691877216,43161.4221673707,3.8547592075,3.8824978635,0.0917242262
3346,307.9174057210,89624.3191679332,43161.4990527037,3.8513565327,3.8824322456,0.0917325638
3347,308.0091382848,89624.2691823183,43161.5759702022,3.8479907730,3.8823222391,0.0917424990
3348,308.1008807837,89624.2192315806,43161.6529221997,3.8446607137,3.8821668360,0.0917540347
3349,308.1926348185,89624.1693164234,43161.7299110298,3.8413643376,3.8819655840,0.0917671741
3350,308.2844019925,89624.1194375501,43161.8069390263,3.8380992013,3.8817188988,0.0917819201
3351,308.3761839127,89624.0695956642,43161.8840085226,3.8348630705,3.8814284869,0.0917980360
3352,308.4679819487,89624.0197931308,43161.9611226400,3.8316566472,3.8810960584,0.0918116677
3353,308.5597936164,89623.9700592035,43162.0382972395,3.8285124595,3.8806962840,0.0918198244
3354,308.6516134408,89623.9204449205,43162.1155585045,3.8254904014,3.8801830274,0.0918226937
3355,308.7434361345,89623.8710019469,43162.1929329152,3.8226554871,3.8795131069,0.0918206635
3356,308.8352567980,89623.8217819477,43162.2704469521,3.8200779745,3.8786473480,0.0918142304
3357,308.9270710284,89623.7728365880,43162.3481270955,3.8178338028,3.8775506001,0.0918040011
3358,309.0188750295,89623.7242175329,43162.4259998256,3.8160045319,3.8761911885,0.0917906918
3359,309.1106657213,89623.6759764474,43162.5040916227,3.8146765941,3.8745394729,0.0917751294
3360,309.2024408507,89623.6281649967,43162.5824289672,3.8139395129,3.8725649894,0.0917582508
3361,309.2941991015,89623.5808348457,43162.6610383395,3.8138825237,3.8702315124,0.0917411041
3362,309.3859402056,89623.5340376597,43162.7399462197,3.8145889498,3.8674894469,0.0917248483
3363,309.4776650539,89623.4878251036,43162.8191790882,3.8161280202,3.8642655368,0.0917107535
3364,309.5693758074,89623.4422488425,43162.8987634254,3.8185448347,3.8604511939,0.0917002005
3365,309.6610760079,89623.3973605415,43162.9787257116,3.8218509351,3.8558927379,0.0916946810
3366,309.7527706889,89623.3532118657,43163.0590924270,3.8260198895,3.8503888205,0.0916957965
3367,309.8444664853,89623.3098544801,43163.1398900520,3.8309932149,3.8437008780,0.0917052470
3368,309.9361717324,89623.2673384713,43163.2211442293,3.8304661403,3.8355818993,0.0917217593
3369,310.0278934917,89623.2255440421,43163.3027904590,3.8308681809,3.8261585080,0.0917343728
3370,310.1196278645,89623.1840322487,43163.3845948975,3.8317928105,3.8159158849,0.0917371792
3371,310.2113650436,89623.1423289420,43163.4663050208,3.8327830768,3.8052342507,0.0917339280
3372,310.3030989716,89623.0999599727,43163.5476683048,3.8334415243,3.7948021230,0.0917378044
3373,310.3948367760,89623.0564512039,43163.6284322311,3.8334112724,3.7854088762,0.0917615619
3374,310.4865983379,89623.0114293919,43163.7083898491,3.8324477391,3.7777893421,0.0917875331
3375,310.5783858710,89622.9648667080,43163.7874902139,3.8306384727,3.7722996105,0.0918082699
3376,310.6701941409,89622.9168091820,43163.8657157380,3.8280604854,3.7691554979,0.0918220307
3377,310.7620161716,89622.8673028436,43163.9430488342,3.8246683116,3.7684700793,0.0918271525
3378,310.8538433240,89622.8163937226,43164.0194719153,3.8202836515,3.7702320400,0.0918220501
3379,310.9456653741,89622.7641278487,43164.0949673940,3.8146080605,3.7743066584,0.0918052142
3380,311.0374705883,89622.7105512516,43164.1695176831,3.8072583545,3.7758167477,0.0917756864
3381,311.1292462747,89622.6557131905,43164.2431081966,3.7978259037,3.7769169131,0.0917494442
3382,311.2209957190,89622.5998022225,43164.3158538094,3.7861249909,3.7797050521,0.0917379822
3383,311.3127337012,89622.5431962401,43164.3880453610,3.7723269158,3.7835008153,0.0917289129
3384,311.4044626141,89622.4862866694,43164.4599862689,3.7681319271,3.7876574594,0.0917158630
3385,311.4961784770,89622.4294649366,43164.5319799506,3.7675428084,3.7915992656,0.0917004850
3386,311.5878789620,89622.3731217231,43164.6043292507,3.7676807156,3.7948200020,0.0916915602
3387,311.6795705222,89622.3175068800,43164.6772287119,3.7688398999,3.7970392444,0.0916926887
3388,311.7712632109,89622.2625640338,43164.7506373818,3.7709376863,3.7983823040,0.0917008722
3389,311.8629640831,89622.2081965870,43164.8244833749,3.7738306883,3.7990188477,0.0917132624
3390,311.9546773456,89622.1543079419,43164.8986948055,3.7773552669,3.7990967725,0.0917274858
3391,312.0464048314,89622.1008015009,43164.9731997880,3.7813275412,3.7987394798,0.0917416441
3392,312.1381464754,89622.0475806664,43165.0479264368,3.7855515848,3.7980537704,0.0917543144
3393,312.2299007898,89621.9945488408,43165.1228028662,3.7898332639,3.7971451069,0.0917645483
3394,312.3216653381,89621.9416094266,43165.1977571906,3.8395235999,3.7961382915,0.0917718719
3395,312.4134372101,89621.8886658261,43165.2727175244,3.8878045029,3.7952035307,0.0917762850
3396,312.5052134951,89621.8356214417,43165.3476119820,3.9294339581,3.7945884907,0.0917782314
3397,312.5969917265,89621.7823792507,43165.4223683386,3.9634726280,3.7946558466,0.0917725059
3398,312.6887642324,89621.7287453236,43165.4968370884,3.9891933895,3.7960440258,0.0917518911
3399,312.7805161235,89621.6743060960,43165.5706935710,4.0060681837,3.7974921177,0.0917329567
3400,312.8722490801,89621.6186177479,43165.6435889976,4.0141173186,3.7981430475,0.0917447973
3401,312.9639938774,89621.5612364590,43165.7151745793,4.0139690034,3.8034318584,0.0918268823
3402,313.0558207597,89621.5017184092,43165.7851015275,4.0067860759,3.8149985868,0.0920275307
3403,313.1478482905,89621.4396218858,43165.8530212462,3.9941159874,3.8345652175,0.0922867096
3404,313.2401350000,89621.3746913387,43165.9186021948,3.9777888093,3.8636877802,0.0924314675
3405,313.3325664676,89621.3070006478,43165.9815430126,3.9597828498,3.8503468976,0.0924578852
3406,313.4250243528,89621.2366574133,43166.0415454284,3.9418907592,3.8397704925,0.0923852585
3407,313.5174096113,89621.1637692354,43166.0983111709,3.9255437994,3.8391641616,0.0922358495
3408,313.6096454608,89621.0884437144,43166.1515419686,3.9116717605,3.8487403182,0.0920351079
3409,313.7016805687,89621.0107884505,43166.2009395502,3.9133248948,3.8680648341,0.0918118694
3410,313.7934924381,89620.9309110440,43166.2462056445,3.9273281416,3.8960031754,0.0916081081
3411,313.8851005463,89620.8489325075,43166.2870904221,3.9339341139,3.9293774560,0.0915643328
3412,313.9766648790,89620.7651868093,43166.3241131862,3.9297142656,3.9666656917,0.0916658468
3413,314.0683307258,89620.6801783590,43166.3584088251,3.9122705565,4.0044188428,0.0917919638
3414,314.1601226897,89620.5944163437,43166.3911294815,3.8804577175,4.0395533554,0.0918708258
3415,314.2519935155,89620.5084099505,43166.4234272983,3.8650112378,4.0698370104,0.0918825874
3416,314.3438761029,89620.4226683665,43166.4564544182,3.8634688551,4.0940725257,0.0918591254
3417,314.4357352283,89620.3377007789,43166.4913629838,3.8650376491,4.1119990610,0.0918831898
3418,314.5276184181,89620.2540006084,43166.5292681554,3.8709601497,4.1239961543,0.0920238260
3419,314.6196422441,89620.1717023614,43166.5704431855,3.8814529831,4.1315100722,0.0922268201
3420,314.7118690642,89620.0905836770,43166.6143242222,3.8955502896,4.1366632787,0.0924291368
3421,314.8042982011,89620.0104068373,43166.6603113913,3.9119522518,4.1411902936,0.0925825992
3422,314.8968808002,89619.9309341248,43166.7078048185,3.9291771892,4.1464002695,0.0926527801
3423,314.9895335803,89619.8519278217,43166.7562046298,3.9457605529,4.1533236343,0.0926186685
3424,315.0821522487,89619.7731502105,43166.8049109508,3.9604724655,4.1520790918,0.0924724206
3425,315.1746246693,89619.6943635733,43166.8533239075,3.9724965525,4.1269757285,0.0922192977
3426,315.2668439670,89619.6153301926,43166.9008436256,3.9815352399,4.0994149710,0.0918778297
3427,315.3587217967,89619.5358123507,43166.9468702309,3.9878262159,4.0710402501,0.0914801824
3428,315.4502019791,89619.4555723299,43166.9908038493,3.9920664616,4.0439732948,0.0910726449
3429,315.5412746239,89619.3743724124,43167.0320446065,3.9952488619,4.0206280111,0.0907160713
3430,315.6319906952,89619.2919748808,43167.0699926283,3.9984288285,4.0034749774,0.0904860217
3431,315.7224767169,89619.2081420172,43167.1040480406,4.0024568370,3.9756549427,0.0904683196
3432,315.8129450365,89619.1226514295,43167.1336432474,4.0077658606,3.9239308708,0.0906698986
3433,315.9036149351,89619.0355116825,43167.1586970895,4.0147062748,3.8829314099,0.0910121794
3434,315.9946271145,89618.9469099756,43167.1795046443,4.0233844382,3.8528994422,0.0914407503
3435,316.0860678648,89618.8570381524,43167.1963707705,4.0333435622,3.8334292237,0.0919072419
3436,316.1779751066,89618.7660880565,43167.2096003267,4.0437312179,3.8236339879,0.0923683641
3437,316.2703434707,89618.6742515313,43167.2194981716,4.0535169222,3.8223359091,0.0927858664
3438,316.3631293372,89618.5817204205,43167.2263691640,4.0616963955,3.8282448007,0.0931263228
3439,316.4562556599,89618.4886865675,43167.2305181626,4.0674467206,3.8400976633,0.0933608161
3440,316.5496164761,89618.3953418160,43167.2322500259,4.0702179196,3.8397308133,0.0934645808
3441,316.6430810568,89618.3018780094,43167.2318696128,4.0697638398,3.8426943943,0.0934166412
3442,316.7364976980,89618.2084869914,43167.2296817818,4.0661251451,3.8493255674,0.0932278271
3443,316.8297255251,89618.1153337332,43167.2259537486,4.0595311977,3.8589030376,0.0930236295
3444,316.9227491546,89618.0224545117,43167.2207724507,4.0501444007,3.8710272671,0.0928423866
3445,317.0155915412,89617.9298471224,43167.2141709202,4.0381519210,3.8854631920,0.0926827029
3446,317.1082742440,89617.8375093542,43167.2061821799,4.0237761268,3.9020555625,0.0925431857
3447,317.2008174297,89617.7454389957,43167.1968392523,4.0072293862,3.9207019020,0.0924224555
3448,317.2932398852,89617.6536338356,43167.1861751600,3.9886853660,3.9413305536,0.0923191493
3449,317.3855590346,89617.5620916626,43167.1742229256,3.9682660212,3.9638846398,0.0922319232
3450,317.4777909577,89617.4708102656,43167.1610155717,3.9460408332,3.9883116566,0.0921594547
3451,317.5699504124,89617.3797874330,43167.1465861208,3.9220340577,3.9932125856,0.0921004456
3452,317.6620508580,89617.2890209538,43167.1309675957,3.8962356644,3.9839499081,0.0920536236
3453,317.7541044817,89617.1985086165,43167.1141930189,3.8686124986,3.9766312946,0.0920177444
3454,317.8461222261,89617.1082482100,43167.0962954129,3.8391177687,3.9711611559,0.0919915932
3455,317.9381138193,89617.0182375229,43167.0773078003,3.8076981625,3.9674493157,0.0919739863
3456,318.0300878056,89616.9284743439,43167.0572632038,3.7742986974,3.9654095161,0.0919637720
3457,318.1220515776,89616.8389564617,43167.0361946460,3.7516829729,3.9649586220,0.0919598320
3458,318.2140114096,89616.7496816651,43167.0141351494,3.7602723918,3.9660161868,0.0919610821
3459,318.3059724917,89616.6606477428,43166.9911177366,3.7685015434,3.9685041967,0.0919664728
3460,318.3979389645,89616.5718524834,43166.9671754302,3.7763664224,3.9723469339,0.0919749900
3461,318.4899139544,89616.4832936758,43166.9423412528,3.7838630400,3.9774709662,0.0919856552
3462,318.5818996096,89616.3949691085,43166.9166482271,3.7909872424,3.9838053495,0.0919975259
3463,318.6738971355,89616.3068765704,43166.8901293755,3.7977343109,3.9912822464,0.0920096957
3464,318.7659068312,89616.2190138500,43166.8628177207,3.8040983061,3.9998383001,0.0920212946
3465,318.8579281257,89616.1313787363,43166.8347462853,3.8100712119,3.9990765460,0.0920314883
3466,318.9499596140,89616.0439690178,43166.8059480919,3.8156420256,3.9820159032,0.0920394789
3467,319.0419990929,89615.9567824832,43166.7764561630,3.8207962627,3.9660834526,0.0920445042
3468,319.1340435971,89615.8698169213,43166.7463035213,3.8255166673,3.9511686309,0.0920458377
3469,319.2260894348,89615.7830701209,43166.7155231893,3.8297862761,3.9371546909,0.0920427881
3470,319.3181322228,89615.6965398705,43166.6841481897,3.8335952582,3.9239242327,0.0920346992
3471,319.4101669221,89615.6102239589,43166.6522115450,3.8369529357,3.9113711743,0.0920209498
3472,319.5021878718,89615.5241201749,43166.6197462778,3.8399057314,3.8994204308,0.0920009526
3473,319.5941888245,89615.4382263071,43166.5867854107,3.8425601119,3.8880545521,0.0919731335
3474,319.6861619580,89615.3525459475,43166.5533499015,3.8450933957,3.8773566266,0.0919195482
3475,319.7780815062,89615.2671928700,43166.5192316441,3.8489753280,3.8677756234,0.0918332671
3476,319.8699147733,89615.1823794589,43166.4840175240,3.8698163218,3.8601078849,0.0917324614
3477,319.9616472347,89615.0983215790,43166.4472871918,3.8833887210,3.8552624590,0.0916432895
3478,320.0532905242,89615.0152350951,43166.4086202977,3.8902697039,3.8542124136,0.0915993084
3479,320.1448898326,89614.9333358229,43166.3675966153,3.8914576257,3.8579346373,0.0916258466
3480,320.2365156792,89614.8527912030,43166.3239175589,3.8882840600,3.8398762524,0.0916990142
3481,320.3282146935,89614.7736296733,43166.2776340691,3.8824006196,3.8218658377,0.0918034986
3482,320.4200181920,89614.6958548587,43166.2288594797,3.8752988699,3.8092889165,0.0919301441
3483,320.5119483361,89614.6194703840,43166.1777071248,3.8681392820,3.8022395959,0.0920702432
3484,320.6040185793,89614.5444798741,43166.1242903381,3.8641055851,3.8006569906,0.0922155503
3485,320.6962341296,89614.4708869537,43166.0687224537,3.8659624642,3.8043621082,0.0923582867
3486,320.7885924163,89614.3986952478,43166.0111168053,3.8673876247,3.8131010054,0.0924911386
3487,320.8810835549,89614.3279083811,43165.9515867270,3.8681184310,3.8265832423,0.0926072482
3488,320.9736908031,89614.2585299784,43165.8902455527,3.8679117883,3.8445098967,0.0927002013
3489,321.0663910044,89614.1905636647,43165.8272066161,3.8665519520,3.8643576955,0.0927640104
3490,321.1591550148,89614.1240130647,43165.7625832514,3.8638491394,3.8530596997,0.0927930964
3491,321.2519481112,89614.0588818033,43165.6964887923,3.8596327382,3.8458998735,0.0927822674
3492,321.3447303786,89613.9951735053,43165.6290365728,3.8553843611,3.8425626532,0.0927266981
3493,321.4374570767,89613.9328917956,43165.5603399267,3.8585380248,3.8427548942,0.0926219074
3494,321.5300789842,89613.8720402989,43165.4905121881,3.8620551452,3.8462007284,0.0924637505
3495,321.6225427347,89613.8126226281,43165.4196666833,3.8658138898,3.8526360439,0.0922704968
3496,321.7148132315,89613.7546225805,43165.3479043041,3.8697138934,3.8453625281,0.0921049876
3497,321.8069182191,89613.6979637406,43165.2752881585,3.8736952977,3.8349540517,0.0919748432
3498,321.8988930623,89613.6425582981,43165.2018742040,3.8777072665,3.8272488105,0.0918751624
3499,321.9907682247,89613.5883184428,43165.1277183980,3.8816995938,3.8219612337,0.0918013432
3500,322.0825695679,89613.5351563644,43165.0528766982,3.8856222419,3.8188162141,0.0917490987
3501,322.1743186665,89613.4829842527,43164.9774050620,3.8894260778,3.8175507538,0.0917144693
3502,322.2660331358,89613.4317142974,43164.9013594471,3.8930645420,3.8179171920,0.0916938324
3503,322.3577269682,89613.3812586883,43164.8247958107,3.8964960381,3.8196877809,0.0916839091
3504,322.4494108773,89613.3315296151,43164.7477701107,3.8996870036,3.8226602991,0.0916817695
3505,322.5410926467,89613.2824392676,43164.6703383043,3.9026157979,3.8266642411,0.0916848352
3506,322.6327774819,89613.2338998355,43164.5925563493,3.9052777249,3.8315669980,0.0916908819
3507,322.7244683639,89613.1858235086,43164.5144802030,3.9076916495,3.8372794656,0.0916980401
3508,322.8161664040,89613.1381224765,43164.4361658230,3.9099086280,3.8437606964,0.0917047823
3509,322.9078711863,89613.0907100214,43164.3576685224,3.9120212487,3.8510226227,0.0917090747
3510,322.9995802611,89613.0436084540,43164.2789792809,3.9140498464,3.8592573077,0.0917110188
3511,323.0912912799,89612.9970404088,43164.1999708754,3.9158464969,3.8689428990,0.0917160827
3512,323.1830073626,89612.9512500180,43164.1205033982,3.9173070592,3.8806320726,0.0917325756
3513,323.2747399382,89612.9064814137,43164.0404369414,3.9183913401,3.8949176809,0.0917713861
3514,323.3665113243,89612.8629787281,43163.9596315972,3.9191075934,3.8971804109,0.0918459580
3515,323.4583572823,89612.8209860933,43163.8779474578,3.9194880951,3.8681667043,0.0919701478
3516,323.5503274301,89612.7807439476,43163.7952487408,3.9195661602,3.8416958460,0.0921089211
3517,323.6424363512,89612.7424043832,43163.7114983310,3.9194713761,3.8183193797,0.0922157761
3518,323.7346521273,89612.7060292246,43163.6267599264,3.9194167082,3.7984390425,0.0922900161
3519,323.8269421434,89612.6716762178,43163.5411017804,3.9195707884,3.7823977098,0.0923334740
3520,323.9192756174,89612.6394031087,43163.4545921459,3.9200548559,3.7704793373,0.0923482072
3521,324.0116238246,89612.6092676431,43163.3672992763,3.9209481420,3.7629147989,0.0923365031
3522,324.1039603277,89612.5813275671,43163.2792914246,3.9222891775,3.7598919042,0.0923008860
3523,324.1962612137,89612.5556406266,43163.1906368441,3.9240671776,3.7615624099,0.0922441243
3524,324.2885053380,89612.5322645675,43163.1014037879,3.9262002164,3.7680404518,0.0921692371
3525,324.3806745751,89612.5112571358,43163.0116605091,3.9285006160,3.7793896172,0.0920795021
3526,324.4727540772,89612.4926760774,43162.9214752610,3.9306323350,3.7955993628,0.0919784620
3527,324.5647325392,89612.4765791382,43162.8309162967,3.9320694806,3.8165552229,0.0918699308
3528,324.6566024700,89612.4630240642,43162.7400518693,3.9320681635,3.7988889072,0.0917584781
3529,324.7483609482,89612.4520665362,43162.6489499984,3.9296664812,3.7826195550,0.0916769538
3530,324.8400379019,89612.4436218026,43162.5576628124,3.9238417065,3.7712555738,0.0916590975
3531,324.9316969995,89612.4373773675,43162.4662166687,3.9136652947,3.7641171919,0.0916856579
3532,325.0233826574,89612.4329999174,43162.3746355691,3.8982246549,3.7604482159,0.0917361422
3533,325.1151187996,89612.4301561388,43162.2829435154,3.8767211080,3.7594736517,0.0917937187
3534,325.2069125183,89612.4285127184,43162.1911645093,3.8485855171,3.7604422709,0.0918452381
3535,325.2987577564,89612.4277363425,43162.0993225526,3.8135804818,3.7626669812,0.0918812259
3536,325.3906389824,89612.4274936978,43162.0074416471,3.7756242157,3.7655558738,0.0918958623
3537,325.4825348447,89612.4274514708,43161.9155457945,3.7679725300,3.7686280141,0.0918869648
3538,325.5744218095,89612.4272763480,43161.8236589966,3.7598703558,3.7715090446,0.0918559804
3539,325.6662777899,89612.4266350159,43161.7318052551,3.7518000890,3.7739035886,0.0918079905
3540,325.7580857804,89612.4251941611,43161.6400085718,3.7443161650,3.7755465592,0.0917517272
3541,325.8498375076,89612.4226204701,43161.5482929485,3.7379855522,3.7761451378,0.0916995927
3542,325.9415371003,89612.4185806293,43161.4566823869,3.7333365814,3.7753348342,0.0916676713
3543,326.0332047716,89612.4127413255,43161.3652008888,3.7308432278,3.7726789261,0.0916752335
3544,326.1248800052,89612.4048358875,43161.2738671464,3.7308979768,3.7677980957,0.0917158383
3545,326.2165958435,89612.3954886608,43161.1826288631,3.7330761323,3.7613156058,0.0917419916
3546,326.3083378351,89612.3859593614,43161.0913831208,3.7484796631,3.7547344773,0.0917460576
3547,326.4000838928,89612.3775213789,43161.0000259123,3.7745351655,3.7499021332,0.0917738567
3548,326.4918577494,89612.3714481029,43160.9084532303,3.7879352914,3.7489919452,0.0919151788
3549,326.5837729283,89612.3689607393,43160.8165717136,3.7898487216,3.7415732234,0.0921449048
3550,326.6759178331,89612.3705342422,43160.7244402446,3.7828564061,3.7003225099,0.0923758441
3551,326.7682936772,89612.3760862830,43160.6322313978,3.7701625087,3.6648430806,0.0925928647
3552,326.8608865419,89612.3855211563,43160.5401204768,3.7687979994,3.6364873805,0.0927846049
3553,326.9536711469,89612.3987431565,43160.4482827851,3.7795791910,3.6161691624,0.0929410685
3554,327.0466122153,89612.4156565782,43160.3568936262,3.7926644922,3.6043779864,0.0930535788
3555,327.1396657941,89612.4361657159,43160.2661283035,3.8077361690,3.6012543586,0.0931147317
3556,327.2327805258,89612.4601748642,43160.1761621206,3.8242158727,3.6066700287,0.0931183501
3557,327.3258988760,89612.4875883175,43160.0871703811,3.8412261711,3.6202752558,0.0930594446
3558,327.4189583205,89612.5183103704,43159.9993283883,3.8575094311,3.6415010557,0.0929341808
3559,327.5118925013,89612.5522453174,43159.9128114459,3.8713452634,3.6695306230,0.0927398571
3560,327.6046323584,89612.5892974531,43159.8277948574,3.8805322638,3.6841576020,0.0924748925
3561,327.6971072509,89612.6293710719,43159.7444539261,3.8825041927,3.6660853112,0.0921482074
3562,327.7892554582,89612.6723449803,43159.6629399070,3.8746489740,3.6550787119,0.0918899024
3563,327.8811453607,89612.7176858544,43159.5830151967,3.8551684826,3.6496140292,0.0917461718
3564,327.9728915324,89612.7645266086,43159.5041272776,3.8234928594,3.6478102661,0.0916590327
3565,328.0645505651,89612.8119905616,43159.4257145782,3.7802810739,3.6479451366,0.0916020174
3566,328.1561525825,89612.8592010325,43159.3472155270,3.7274765949,3.6485041632,0.0915840251
3567,328.2477366076,89612.9052820395,43159.2680689893,3.6680634498,3.6506066559,0.0916280548
3568,328.3393646624,89612.9496921581,43159.1879226120,3.6486968141,3.6525363065,0.0916987359
3569,328.4310633983,89612.9927595336,43159.1069667022,3.6496854316,3.6528453274,0.0917632612
3570,328.5228266594,89613.0349517739,43159.0254785990,3.6517119695,3.6521329195,0.0918034493
3571,328.6146301088,89613.0767364867,43158.9437356416,3.6542222267,3.6509708117,0.0918107964
3572,328.7064409051,89613.1185812796,43158.8620151691,3.6566535292,3.6499086862,0.0917910672
3573,328.7982319724,89613.1608791487,43158.7805505124,3.6585384243,3.6494045275,0.0917691810
3574,328.8900011534,89613.2036975115,43158.6993829672,3.6598056080,3.6495453175,0.0917508737
3575,328.9817520270,89613.2470150024,43158.6185014625,3.6605028175,3.6503227420,0.0917356952
3576,329.0734877223,89613.2908102541,43158.5378949261,3.6606839860,3.6517301854,0.0917232137
3577,329.1652109360,89613.3350618992,43158.4575522859,3.6603990827,3.6499678732,0.0917130156
3578,329.2569239516,89613.3797485703,43158.3774624696,3.6596882170,3.6439566401,0.0917047062
3579,329.3486286578,89613.4248488999,43158.2976144052,3.6585807275,3.6384765369,0.0916979098
3580,329.4403265675,89613.4703415248,43158.2179970218,3.6570975100,3.6335320287,0.0916925924
3581,329.5320191599,89613.5162067355,43158.1385998307,3.6552526502,3.6291135130,0.0916892765
3582,329.6237084364,89613.5624290104,43158.0594138173,3.6530536613,3.6252052094,0.0916878524
3583,329.7153962888,89613.6089934806,43157.9804301963,3.6505070373,3.6217859265,0.0916880954
3584,329.8070843842,89613.6558852772,43157.9016401826,3.6476198336,3.6188314735,0.0916897906
3585,329.8987741748,89613.7030895310,43157.8230349912,3.6465763796,3.6163165183,0.0916927329
3586,329.9904669077,89613.7505913733,43157.7446058369,3.6476802053,3.6142155677,0.0916967268
3587,330.0821636345,89613.7983759351,43157.6663439346,3.6485123944,3.6125034263,0.0917015864
3588,330.1738652209,89613.8464283474,43157.5882404991,3.6490829169,3.6111553617,0.0917071360
3589,330.2655723569,89613.8947337414,43157.5102867455,3.6494021626,3.6101471359,0.0917132092
3590,330.3572855661,89613.9432772479,43157.4324738884,3.6494809386,3.6094549883,0.0917196497
3591,330.4490052158,89613.9920439981,43157.3547931430,3.6493304575,3.6090556100,0.0917263109
3592,330.5407315267,89614.0410191231,43157.2772357239,3.6489623270,3.6089261194,0.0917330560
3593,330.6324645827,89614.0901877538,43157.1997928462,3.6483885451,3.6090440446,0.0917397579
3594,330.7242043407,89614.1395350214,43157.1224557247,3.6476214999,3.6093873136,0.0917462995
3595,330.8159506402,89614.1890460569,43157.0452155743,3.6466739705,3.6099342478,0.0917525733
3596,330.9077032135,89614.2387059914,43156.9680636098,3.6455591287,3.6106635569,0.0917584817
3597,330.9994616952,89614.2884999559,43156.8909910462,3.6442905401,3.6115543364,0.0917639367
3598,331.0912256319,89614.3384130814,43156.8139890983,3.6428821654,3.6125860653,0.0917688602
3599,331.1829944921,89614.3884304990,43156.7370489811,3.6413483615,3.6137386053,0.0917731839
3600,331.2747676760,89614.4385373398,43156.6601619093,3.6397038838,3.6149922012,0.0917768493
3601,331.3665445253,89614.4887187349,43156.5833190980,3.6379638894,3.6163274843,0.0917798072
3602,331.4583243325,89614.5389598152,43156.5065117620,3.6361439439,3.6177254771,0.0917820188
3603,331.5501063513,89614.5892457118,43156.4297311161,3.6342600328,3.6191676031,0.0917834546
3604,331.6418898059,89614.6395615558,43156.3529683753,3.6323285772,3.6206357004,0.0917840949
3605,331.7336739008,89614.6898924782,43156.2762147545,3.6303664542,3.6221120366,0.0917839297
3606,331.8254578305,89614.7402236101,43156.1994614684,3.6283910159,3.6235793229,0.0917829590
3607,331.9172407895,89614.7905400825,43156.1226997321,3.6264200996,3.6250207178,0.0917811922
3608,332.0090219816,89614.8408270265,43156.0459207604,3.6244720170,3.6264198112,0.0917786485
3609,332.1008006302,89614.8910695732,43155.9691157682,3.6225655120,3.6277605788,0.0917753571
3610,332.1925759872,89614.9412528536,43155.8922759704,3.6207196778,3.6290273027,0.0917713565
3611,332.2843473437,89614.9913619987,43155.8153925818,3.6189538367,3.6302044589,0.0917667090
3612,332.3761140526,89615.0413823665,43155.7384569485,3.6172871332,3.6312768479,0.0917618540
3613,332.4678759066,89615.0913057725,43155.6614641476,3.6157311924,3.6322366546,0.0917572441
3614,332.5596331506,89615.1411312617,43155.5844134341,3.6142891018,3.6330842311,0.0917529054
3615,332.6513860560,89615.1908582620,43155.5073042836,3.6129632280,3.6338201233,0.0917488407
3616,332.7431348967,89615.2404862007,43155.4301361718,3.6117556201,3.6344446044,0.0917450531
3617,332.8348799498,89615.2900145054,43155.3529085745,3.6106680168,3.6349576875,0.0917415453
3618,332.9266214951,89615.3394426037,43155.2756209672,3.6097018866,3.6353591662,0.0917383203
3619,333.0183598155,89615.3887699231,43155.1982728258,3.6088584856,3.6356486664,0.0917353812
3620,333.1100951966,89615.4379958911,43155.1208636258,3.6081389172,3.6358256975,0.0917327308
3621,333.2018279274,89615.4871199353,43155.0433928431,3.6075441846,3.6358896954,0.0917303721
3622,333.2935582995,89615.5361414831,43154.9658599533,3.6070752307,3.6358400532,0.0917283082
3623,333.3852866076,89615.5850599622,43154.8882644320,3.6067329652,3.6356761415,0.0917265420
3624,333.4770131496,89615.6338748001,43154.8106057550,3.6065182818,3.6353973196,0.0917250766
3625,333.5687382263,89615.6825854242,43154.7328833980,3.6064320668,3.6350029385,0.0917239152
3626,333.6604621414,89615.7311912622,43154.6550968367,3.6064752001,3.6344923357,0.0917230606
3627,333.7521852020,89615.7796917416,43154.5772455467,3.6066485456,3.6338648175,0.0917225161
3628,333.8439077182,89615.8280862898,43154.4993290038,3.6069529253,3.6331196173,0.0917222847
3629,333.9356300029,89615.8763743345,43154.4213466836,3.6073890597,3.6322558101,0.0917223697
3630,334.0273523726,89615.9245553032,43154.3432980619,3.6079574520,3.6312721540,0.0917227740
3631,334.1190751465,89615.9726286234,43154.2651826143,3.6086581866,3.6301668288,0.0917235008
3632,334.2107986474,89616.0205937227,43154.1869998166,3.6094906193,3.6289370444,0.0917245535
3633,334.3025232008,89616.0684500285,43154.1087491444,3.6104529705,3.6275785414,0.0917259350
3634,334.3942491358,89616.1161969684,43154.0304300734,3.6115419133,3.6260850932,0.0917276487
3635,334.4859767845,89616.1638339700,43153.9520420793,3.6127523768,3.6244482603,0.0917296977
3636,334.5777064822,89616.2113604608,43153.8735846379,3.6140779255,3.6226577966,0.0917320854
3637,334.6694385676,89616.2587758683,43153.7950572248,3.6155121365,3.6207031633,0.0917348148
3638,334.7611733824,89616.3060796201,43153.7164593157,3.6170512285,3.6185764193,0.0917377728
3639,334.8529111552,89616.3532764773,43153.6377937220,3.6196273527,3.6173372310,0.0917389494
3640,334.9446501046,89616.4004587201,43153.5591179900,3.6239336906,3.6163782152,0.0917368267
3641,335.0363869313,89616.4477901752,43153.4805344120,3.6279700123,3.6156301248,0.0917324809
3642,335.1281194122,89616.4954367685,43153.4021465928,3.6315801352,3.6153187907,0.0917282851
3643,335.2198476973,89616.5435644257,43153.3240581372,3.6346212491,3.6156692537,0.0917278642
3644,335.3115755615,89616.5923390724,43153.2463726500,3.6369525811,3.6168948603,0.0917360933
3645,335.4033116549,89616.6419265758,43153.1691937000,3.6384217917,3.6191860586,0.0917562938
3646,335.4950679487,89616.6924141947,43153.0925763534,3.6389460736,3.6226111052,0.0917807719
3647,335.5868487206,89616.7436552895,43153.0164313583,3.6386904269,3.6269343639,0.0918021433
3648,335.6786508639,89616.7954599138,43152.9406427416,3.6378490688,3.6318503492,0.0918155625
3649,335.7704664264,89616.8476381210,43152.8650945304,3.6366078304,3.6370521588,0.0918178037
3650,335.8622842301,89616.8999999649,43152.7896707518,3.6351612694,3.6468490639,0.0918072561
3651,335.9540914862,89616.9523554990,43152.7142554329,3.6337283972,3.6607494739,0.0917839226
3652,336.0458754088,89617.0045147768,43152.6387326007,3.6325623393,3.6734851766,0.0917494200
3653,336.1376248288,89617.0562878519,43152.5629862822,3.6319509265,3.6849173680,0.0917069833
3654,336.2293318121,89617.1074847778,43152.4869005046,3.6322073483,3.6949910409,0.0916614720
3655,336.3209932840,89617.1579156082,43152.4103592948,3.6336522467,3.7037133292,0.0916193759
3656,336.4126126600,89617.2073903967,43152.3332466801,3.6365907705,3.7111223070,0.0915888191
3657,336.5042014791,89617.2557191967,43152.2554466873,3.6412897910,3.7172516206,0.0915793752
3658,336.5957808543,89617.3027580438,43152.1768710624,3.6479072957,3.7221514822,0.0915940390
3659,336.6873748933,89617.3485928670,43152.0975701358,3.6562708229,3.7260795155,0.0916255205
3660,336.7790004138,89617.3933812952,43152.0176374597,3.6660673289,3.7293057726,0.0916664689
3661,336.8706668827,89617.4372809810,43151.9371666010,3.6769431357,3.7320336951,0.0917106413
3662,336.9623775240,89617.4804495767,43151.8562511261,3.6853497195,3.7344156528,0.0917529045
3663,337.0541304285,89617.5230447350,43151.7749846018,3.6930976689,3.7365739294,0.0917892329
3664,337.1459196614,89617.5652241082,43151.6934605946,3.7010701169,3.7386217250,0.0918167046
3665,337.2377363660,89617.6071453490,43151.6117726713,3.7089897394,3.7400847187,0.0918334972
3666,337.3295698632,89617.6489661098,43151.5300143984,3.7166238191,3.7357351679,0.0918388841
3667,337.4214087473,89617.6908440431,43151.4482793427,3.7237873530,3.7312430047,0.0918332327
3668,337.5132419800,89617.7329368013,43151.3666610707,3.7303402075,3.7268243403,0.0918180045
3669,337.6050599845,89617.7754020371,43151.2852531491,3.7361788851,3.7227241784,0.0917957572
3670,337.6968557416,89617.8183974028,43151.2041491445,3.7412238715,3.7192042203,0.0917701474
3671,337.7886258891,89617.8620805511,43151.1234426236,3.7454042976,3.7165288926,0.0917464086
3672,337.8803722976,89617.9065904842,43151.0432162605,3.7486640456,3.7149304856,0.0917313296
3673,337.9721036272,89617.9519274971,43150.9634717178,3.7510879181,3.7144600484,0.0917250645
3674,338.0638286917,89617.9980293730,43150.8841741485,3.7528052199,3.7150704161,0.0917255469
3675,338.1555542386,89618.0448335927,43150.8052885290,3.7539155189,3.7166882349,0.0917308688
3676,338.2472851074,89618.0922776372,43150.7267798356,3.7544913285,3.7192186137,0.0917392896
3677,338.3390243970,89618.1402989873,43150.6486130448,3.7545845187,3.7225519513,0.0917492367
3678,338.4307736336,89618.1888351240,43150.5707531330,3.7542339941,3.7265713484,0.0917593060
3679,338.5225329397,89618.2378235282,43150.4931650766,3.7534729127,3.7307882749,0.0917682619
3680,338.6143012016,89618.2872016806,43150.4158138519,3.7523344367,3.7291408079,0.0917750371
3681,338.7060762387,89618.3369070623,43150.3386644354,3.7508556886,3.7279910319,0.0917787323
3682,338.7978549710,89618.3868771541,43150.2616818034,3.7490800370,3.7272372186,0.0917786159
3683,338.8896335869,89618.4370494369,43150.1848309324,3.7470580198,3.7267828616,0.0917741239
3684,338.9814077109,89618.4873613917,43150.1080767987,3.7448472458,3.7265370049,0.0917648884
3685,339.0731725992,89618.5377507324,43150.0313844974,3.7425113242,3.7264141406,0.0917530420
3686,339.1649256412,89618.5881741778,43149.9547287941,3.7400976427,3.7263543678,0.0917425901
3687,339.2566682313,89618.6386212198,43149.8781011306,3.7376205939,3.7263377946,0.0917339235
3688,339.3484021548,89618.6890845956,43149.8014946007,3.7350933243,3.7263506698,0.0917270340
3689,339.4401291889,89618.7395570427,43149.7249022979,3.7325303544,3.7263809415,0.0917219167
3690,339.5318511056,89618.7900312986,43149.6483173157,3.7299468964,3.7264176166,0.0917185697
3691,339.6235696753,89618.8405001006,43149.5717327477,3.7273584817,3.7264503064,0.0917169945
3692,339.7152866698,89618.8909561863,43149.4951416875,3.7265827475,3.7264689398,0.0917171956
3693,339.8070038654,89618.9413922930,43149.4185372287,3.7269789274,3.7264636209,0.0917191808
3694,339.8987230462,89618.9918011582,43149.3419124649,3.7274079755,3.7264246150,0.0917227870
3695,339.9904458332,89619.0421780941,43149.2652623899,3.7278760761,3.7263456494,0.0917263772
3696,340.0821722104,89619.0925426182,43149.1885998633,3.7283599099,3.7262509545,0.0917290412
3697,340.1739012516,89619.1429275151,43149.1119475368,3.7288205256,3.7261819106,0.0917307996
3698,340.2656320512,89619.1933657057,43149.0353281624,3.7292198643,3.7246426534,0.0917317342
3699,340.3573637855,89619.2438901107,43148.9587644924,3.7295209225,3.7231007274,0.0917319794
3700,340.4490957649,89619.2945336509,43148.8822792790,3.7296873689,3.7216981310,0.0917317218
3701,340.5408274866,89619.3453292472,43148.8058952742,3.7296827120,3.7204806639,0.0917312004
3702,340.6325586870,89619.3963098202,43148.7296352303,3.7294691021,3.7194941493,0.0917307066
3703,340.7242893936,89619.4475082909,43148.6535218995,3.7290060550,3.7187830435,0.0917305842
3704,340.8160199778,89619.4989575799,43148.5775780338,3.7282495687,3.7183892423,0.0917312254
3705,340.9077512031,89619.5506887911,43148.5018251494,3.7271543577,3.7183493842,0.0917326915
3706,340.9994838947,89619.6026793648,43148.4262482552,3.7257378792,3.7186326975,0.0917341194
3707,341.0912180141,89619.6548455112,43148.3507907053,3.7240920057,3.7191334251,0.0917347717
3708,341.1829527858,89619.7071001024,43148.2753935830,3.7223160326,3.7197428588,0.0917342800
3709,341.2746870659,89619.7593560103,43148.1999979716,3.7205149807,3.7203548093,0.0917326377
3710,341.3664197036,89619.8115261071,43148.1245449543,3.7188000475,3.7208654570,0.0917301997
3711,341.4581499033,89619.8635232647,43148.0489756143,3.7172866616,3.7211713786,0.0917276831
3712,341.5498775863,89619.9152603551,43147.9732310349,3.7160909696,3.7211668476,0.0917261665
3713,341.6416037528,89619.9666502505,43147.8972522993,3.7151788331,3.7207426102,0.0917270905
3714,341.7333308433,89620.0176058227,43147.8209804906,3.7146647535,3.7197879332,0.0917322567
3715,341.8250631000,89620.0680399857,43147.7443567207,3.7148097160,3.7181952888,0.0917401349
3716,341.9168032349,89620.1180179363,43147.6674252135,3.7155372194,3.7160476033,0.0917367815
3717,342.0085400164,89620.1680997706,43147.5905652958,3.7161655483,3.7140298133,0.0917239816
3718,342.1002639979,89620.2189459474,43147.5142242511,3.7158769963,3.7111981236,0.0917254803
3719,342.1919894782,89620.2711947600,43147.4388344287,3.7138631907,3.7095938876,0.0917572452
3720,342.2837467234,89620.3248676569,43147.3644125759,3.7097723553,3.7098043179,0.0917825113
3721,342.3755292347,89620.3793031744,43147.2905153242,3.7009376305,3.7110744093,0.0917753513
3722,342.4673045860,89620.4338044266,43147.2166754391,3.6916760411,3.7126171827,0.0917333829
3723,342.5590379690,89620.4876745277,43147.1424256866,3.6829233322,3.7136492956,0.0916772204
3724,342.6507151893,89620.5402165918,43147.0672988323,3.6756874796,3.7133583753,0.0916503705
3725,342.7423655598,89620.5907621702,43146.9908466583,3.6709510369,3.7108903278,0.0916891310
3726,342.8340546908,89620.6392606177,43146.9130340800,3.6688985320,3.7060292692,0.0917583795
3727,342.9258130704,89620.6862596021,43146.8342261129,3.6689124385,3.6991940534,0.0918174671
3728,343.0176305374,89620.7323313285,43146.7548041809,3.6702854059,3.6908209872,0.0918414357
3729,343.1094719731,89620.7780480024,43146.6751497080,3.6723044487,3.6814316909,0.0918207778
3730,343.2012927509,89620.8239818289,43146.5956441182,3.6742986973,3.6717062102,0.0917613822
3731,343.2930541331,89620.8707050134,43146.5166688354,3.6756441962,3.6614683305,0.0916845738
3732,343.3847387070,89620.9187897612,43146.4386052837,3.6757172332,3.6520650003,0.0916272129
3733,343.4763659199,89620.9688081394,43146.3618347946,3.6738221207,3.6450397158,0.0916356236
3734,343.5680015435,89621.0210739351,43146.2865661152,3.6694490249,3.6410030633,0.0916989361
3735,343.6597004795,89621.0751066265,43146.2124772285,3.6629240559,3.6394804475,0.0917664664
3736,343.7514669460,89621.1302734943,43146.1391444182,3.6547048461,3.6397022658,0.0918042924
3737,343.8432712384,89621.1859418192,43146.0661439681,3.6452964566,3.6408481222,0.0917974808
3738,343.9350687191,89621.2414788819,43145.9930521619,3.6351205589,3.6421135959,0.0917500044
3739,344.0268187236,89621.2962519903,43145.9194453014,3.6251261709,3.6427483441,0.0916901100
3740,344.1185088336,89621.3497718251,43145.8449959659,3.6161268131,3.6422250625,0.0916538951
3741,344.2101627287,89621.4020271471,43145.7696977732,3.6083958839,3.6406080615,0.0916419363
3742,344.3018046650,89621.4531062443,43145.6936111758,3.6020891734,3.6401885284,0.0916492839
3743,344.3934539489,89621.5030974049,43145.6167966257,3.5973076283,3.6428141037,0.0916713498
3744,344.4851252987,89621.5520889169,43145.5393145754,3.5940698957,3.6445709783,0.0917039164
3745,344.5768292151,89621.6001690685,43145.4612254769,3.5923126657,3.6456335533,0.0917431412
3746,344.6685723563,89621.6474261476,43145.3825897825,3.5919084659,3.6461047599,0.0917855607
3747,344.7603579170,89621.6939484423,43145.3034679445,3.5926894271,3.6460405541,0.0918280911
3748,344.8521860081,89621.7398242409,43145.2239204152,3.5944689747,3.6454731157,0.0918680279
3749,344.9440540360,89621.7851418312,43145.1440076467,3.5970578719,3.6444285012,0.0919030452
3750,345.0359570812,89621.8299895014,43145.0637900914,3.6002743356,3.6429380890,0.0919311933
3751,345.1278882745,89621.8744555397,43144.9833282014,3.6039494917,3.6410449472,0.0919508974
3752,345.2198391719,89621.9186282340,43144.9026824290,3.6079296580,3.6388066478,0.0919609554
3753,345.3118001273,89621.9625958725,43144.8219132264,3.6120765291,3.6362957167,0.0919605364
3754,345.4037606637,89622.0064467432,43144.7410810459,3.6162659430,3.6335985152,0.0919491807
3755,345.4957098445,89622.0502691287,43144.6602463358,3.6203856616,3.6308130767,0.0919290854
3756,345.5876389299,89622.0941368225,43144.5794590707,3.6243503495,3.6280285640,0.0919076153
3757,345.6795465452,89622.1380776888,43144.4987360255,3.6281372120,3.6252837405,0.0918862800
3758,345.7714328252,89622.1821105122,43144.4180874118,3.6317378367,3.6226095904,0.0918651607
3759,345.8632979859,89622.2262540777,43144.3375234410,3.6351447857,3.6200384052,0.0918443538
3760,345.9551423397,89622.2705271700,43144.2570543250,3.6383501126,3.6176024194,0.0918239708
3761,346.0469663104,89622.3149485738,43144.1766902754,3.6413446215,3.6153331201,0.0918041378
3762,346.1387704482,89622.3595370741,43144.0964415037,3.6441177200,3.6132610815,0.0917849964
3763,346.2305554446,89622.4043114555,43144.0163182215,3.6466576503,3.6114161279,0.0917667031
3764,346.3223221478,89622.4492905028,43143.9363306406,3.6489518937,3.6098276438,0.0917494294
3765,346.4140715771,89622.4944930009,43143.8564889726,3.6509875942,3.6085249004,0.0917333618
3766,346.5058049389,89622.5399377345,43143.7768034290,3.6542587915,3.6075373253,0.0917187020
3767,346.5975236409,89622.5856434884,43143.6972842216,3.6588788012,3.6068946886,0.0917056666
3768,346.6892293074,89622.6316290474,43143.6179415619,3.6631668245,3.6066271976,0.0916944873
3769,346.7809237947,89622.6779131963,43143.5387856616,3.6671119164,3.6067654939,0.0916854106
3770,346.8726092053,89622.7245147199,43143.4598267323,3.6707039417,3.6073405196,0.0916786981
3771,346.9642879034,89622.7714524028,43143.3810749857,3.6739336369,3.6083831912,0.0916746262
3772,347.0559625296,89622.8187450301,43143.3025406333,3.6767925045,3.6099237832,0.0916734861
3773,347.1476360157,89622.8664113863,43143.2242338868,3.6792724229,3.6119909150,0.0916755838
3774,347.2393115995,89622.9144702564,43143.1461649578,3.6813648442,3.6146100716,0.0916812396
3775,347.3309928391,89622.9629404250,43143.0683440581,3.6830594975,3.6178016952,0.0916907886
3776,347.4226836277,89623.0118406770,43142.9907813991,3.6843426608,3.6215790659,0.0917045802
3777,347.5143882079,89623.0611897972,43142.9134871925,3.6851952706,3.6259463961,0.0917229779
3778,347.6061111858,89623.1110065703,43142.8364716500,3.6855913517,3.6308977210,0.0917462926
3779,347.6978574783,89623.1613087145,43142.7597443635,3.6854985765,3.6364159289,0.0917717134
3780,347.7896291918,89623.2120681870,43142.6832883413,3.6849305837,3.6424229992,0.0917940183
3781,347.8814232100,89623.2631948896,43142.6070505418,3.6839680460,3.6487647859,0.0918114031
3782,347.9732346131,89623.3145943038,43142.5309753556,3.6826956532,3.6552826668,0.0918227329
3783,348.0650573460,89623.3661719106,43142.4550071731,3.6812012274,3.6618240402,0.0918272655
3784,348.1568846115,89623.4178331915,43142.3790903848,3.6795798834,3.6682473050,0.0918246500
3785,348.2487092615,89623.4694836277,43142.3031693812,3.6779374977,3.6744258272,0.0918149270
3786,348.3405241885,89623.5210287003,43142.2271885526,3.6763930903,3.6802506185,0.0917985284
3787,348.4323227168,89623.5723738907,43142.1510922897,3.6750799344,3.6856317237,0.0917762779
3788,348.5240989948,89623.6234246801,43142.0748249829,3.6741452821,3.6904983671,0.0917493924
3789,348.6158483872,89623.6740865499,43141.9983310226,3.6737485114,3.6947977425,0.0917194823
3790,348.7075678695,89623.7242649812,43141.9215547993,3.6740573824,3.6991514614,0.0916885533
3791,348.7992564228,89623.7738654553,43141.8444407034,3.6752421050,3.7050918799,0.0916590074
3792,348.8909154302,89623.8227934534,43141.7669331255,3.6774672432,3.7102469873,0.0916336433
3793,348.9825490735,89623.8709544569,43141.6889764560,3.6808821376,3.7146150557,0.0916156561
3794,349.0741647295,89623.9182539470,43141.6105150854,3.6856113534,3.7181823938,0.0916086365
3795,349.1657733660,89623.9645975575,43141.5314934932,3.6917471019,3.7209123426,0.0916158638
3796,349.2573892298,89624.0099464419,43141.4518885612,3.6992819539,3.7228010807,0.0916354233
3797,349.3490246532,89624.0543996002,43141.3717576214,3.7080156527,3.7239695449,0.0916626449
3798,349.4406872981,89624.0980770615,43141.2911702784,3.7168277023,3.7245308024,0.0916934362
3799,349.5323807343,89624.1410988549,43141.2101961372,3.7258069009,3.7245735534,0.0917243393
3800,349.6241050736,89624.1835850095,43141.1289048026,3.7352528353,3.7241730180,0.0917525299
3801,349.7158576035,89624.2256555545,43141.0473658794,3.7449202618,3.7234024120,0.0917758167
3802,349.8076334202,89624.2674305189,43140.9656489725,3.7545849187,3.7223429534,0.0917926389
3803,349.8994260591,89624.3090299320,43140.8838236867,3.7640506151,3.7210911429,0.0918020651
3804,349.9912281242,89624.3505738228,43140.8019596269,3.7731531133,3.7197628526,0.0918037915
3805,350.0830319157,89624.3921822204,43140.7201263979,3.7817609833,3.7184942598,0.0917981417
3806,350.1748300574,89624.4339751540,43140.6383936045,3.7897735662,3.7174399166,0.0917860668
3807,350.2666161242,89624.4760726527,43140.5568308515,3.7971161232,3.7167683983,0.0917691463
3808,350.3583852705,89624.5185947456,43140.4755077439,3.8037324308,3.7166562085,0.0917495894
3809,350.4501348599,89624.5616614619,43140.3944938865,3.8095755497,3.7172809226,0.0917306472
3810,350.5418655071,89624.6053768048,43140.3138497272,3.8146165163,3.7187963383,0.0917167368
3811,350.6335822438,89624.6497497792,43140.2335814336,3.8189265500,3.7212367681,0.0917083691
3812,350.7252906129,89624.6947545170,43140.1536752478,3.8226012679,3.7245838084,0.0917048480
3813,350.8169954610,89624.7403650970,43140.0741173811,3.8257174291,3.7288064967,0.0917055033
3814,350.9087009642,89624.7865555980,43139.9948940453,3.8283329385,3.7338634379,0.0917096921
3815,351.0004106564,89624.8333000989,43139.9159914517,3.8304892824,3.7397059309,0.0917167997
3816,351.0921274561,89624.8805726783,43139.8373958120,3.8322152218,3.7462812070,0.0917262392
3817,351.1838536953,89624.9283474152,43139.7590933377,3.8335307058,3.7535350977,0.0917374521
3818,351.2755911474,89624.9765983882,43139.6810702403,3.8344502949,3.7614138322,0.0917499082
3819,351.3673410556,89625.0252996761,43139.6033127313,3.8349857658,3.7660771291,0.0917631055
3820,351.4591041611,89625.0744253578,43139.5258070224,3.8351478777,3.7606625417,0.0917765706
3821,351.5508807317,89625.1239495120,43139.4485393250,3.8349474534,3.7558667150,0.0917898587
3822,351.6426705904,89625.1738462176,43139.3714958506,3.8343959826,3.7516426480,0.0918025532
3823,351.7344731436,89625.2240895532,43139.2946628108,3.8335059328,3.7479442459,0.0918142659
3824,351.8262874095,89625.2746535977,43139.2180264172,3.8322909062,3.7447265412,0.0918246371
3825,351.9181120466,89625.3255124300,43139.1415728813,3.8307657312,3.7419457735,0.0918333351
3826,352.0099453817,89625.3766401286,43139.0652884146,3.8289465424,3.7395594006,0.0918400567
3827,352.1017854384,89625.4280107726,43138.9891592286,3.8268508825,3.7375260816,0.0918445267
3828,352.1936299651,89625.4795984406,43138.9131715349,3.8244978416,3.7358056556,0.0918464978
3829,352.2854764629,89625.5313772114,43138.8373115451,3.8219082394,3.7343591247,0.0918457511
3830,352.3773222140,89625.5833211638,43138.7615654706,3.8191048317,3.7331486441,0.0918420952
3831,352.4691643091,89625.6354043766,43138.6859195230,3.8161125013,3.7321375173,0.0918353667
3832,352.5609996758,89625.6876009286,43138.6103599139,3.8129583765,3.7312901843,0.0918254301
3833,352.6528251060,89625.7398848986,43138.5348728547,3.8096718166,3.7305721918,0.0918121777
3834,352.7446372837,89625.7922303654,43138.4594445571,3.8062842221,3.7299501389,0.0917955576
3835,352.8364328412,89625.8446115910,43138.3840613256,3.8028284616,3.7293918017,0.0917774984
3836,352.9282103396,89625.8970157025,43138.3087159985,3.7993241949,3.7288801189,0.0917612405
3837,353.0199715801,89625.9494509235,43138.2334121284,3.7957680944,3.7284222333,0.0917471020
3838,353.1117186821,89626.0019274348,43138.1581542618,3.7921546494,3.7280281526,0.0917351045
3839,353.2034537866,89626.0544554169,43138.0829469451,3.7884778447,3.7277084869,0.0917252735
3840,353.2951790601,89626.1070450505,43138.0077947247,3.7847307412,3.7274743493,0.0917176384
3841,353.3868966985,89626.1597065163,43137.9327021470,3.7809051319,3.7273372330,0.0917122326
3842,353.4786089311,89626.2124499949,43137.8576737586,3.7769912399,3.7273088489,0.0917090933
3843,353.5703180243,89626.2652856669,43137.7827141058,3.7729774313,3.7272027893,0.0917082616
3844,353.6620262859,89626.3182237130,43137.7078277350,3.7688499433,3.7272181067,0.0917097826
3845,353.7537360686,89626.3712743137,43137.6330191928,3.7645926725,3.7273762288,0.0917137054
3846,353.8454497739,89626.4244476499,43137.5582930255,3.7601871053,3.7276876553,0.0917200826
3847,353.9371698565,89626.4777539020,43137.4836537796,3.7556124860,3.7281620251,0.0917288861
3848,354.0288987426,89626.5312023173,43137.4091054366,3.7508473822,3.7288070070,0.0917382290
3849,354.1206369716,89626.5847812456,43137.3346393295,3.7458938302,3.7296051997,0.0917460956
3850,354.2123830672,89626.6384584528,43137.2602343332,3.7407779789,3.7305148728,0.0917522577
3851,354.3041353249,89626.6922008339,43137.1858687949,3.7355280980,3.7314934758,0.0917566172
3852,354.3958919422,89626.7459752840,43137.1115210625,3.7301745337,3.7324992344,0.0917591271
3853,354.4876510693,89626.7997486982,43137.0371694833,3.7247504389,3.7334916902,0.0917597912
3854,354.5794108605,89626.8534879715,43136.9627924049,3.7188616556,3.7344321243,0.0917586647
3855,354.6711695252,89626.9071599990,43136.8883681749,3.7128061795,3.7352838328,0.0917558536
3856,354.7629253788,89626.9607316757,43136.8138751408,3.7067900462,3.7360122588,0.0917515152
3857,354.8546768940,89627.0141698968,43136.7392916501,3.7008595012,3.7365849964,0.0917458577
3858,354.9464227517,89627.0674415572,43136.6645960505,3.6950639332,3.7369716741,0.0917391406
3859,355.0381618923,89627.1205135520,43136.5897666894,3.6894557255,3.7371436892,0.0917316745
3860,355.1298935668,89627.1733527763,43136.5147819144,3.6840900719,3.7370737284,0.0917238214
3861,355.2216173882,89627.2259261252,43136.4396200731,3.6790246326,3.7367349920,0.0917159944
3862,355.3133333826,89627.2782004937,43136.3642595129,3.6743188766,3.7361000560,0.0917086581
3863,355.4050420408,89627.3301427769,43136.2886785815,3.6700329902,3.7351393824,0.0917023284
3864,355.4967443692,89627.3817198698,43136.2128556264,3.6662263449,3.7338196184,0.0916975725
3865,355.5884419417,89627.4328986676,43136.1367689950,3.6629556825,3.7321019617,0.0916950088
3866,355.6801369505,89627.4836460731,43136.0603970403,3.6602733277,3.7299409801,0.0916953199
3867,355.7718322704,89627.5339456214,43135.9837290083,3.6582059723,3.7273040928,0.0916985448
3868,355.8635308152,89627.5838324918,43135.9067879705,3.6567122598,3.7242140566,0.0917038888
3869,355.9552347040,89627.6333518584,43135.8296035450,3.6557329288,3.7207007699,0.0917105725
3870,356.0469452765,89627.6825488956,43135.7522053497,3.6552039231,3.7167915312,0.0917179124
3871,356.1386631889,89627.7314687774,43135.6746230024,3.6550580910,3.7125134271,0.0917253204
3872,356.2303885093,89627.7801566780,43135.5968861210,3.6552270503,3.7078954765,0.0917323041
3873,356.3221208133,89627.8286577717,43135.5190243234,3.6556428948,3.7029702574,0.0917384666
3874,356.4138592799,89627.8770172326,43135.4410672276,3.6562395445,3.6977749465,0.0917435065
3875,356.5056027864,89627.9252802348,43135.3630444514,3.6569536829,3.6923518759,0.0917472181
3876,356.5973500045,89627.9734919526,43135.2849856127,3.6577253167,3.6867487898,0.0917494907
3877,356.6890994952,89628.0216975602,43135.2069203295,3.6584980220,3.6810189670,0.0917503092
3878,356.7808498044,89628.0699422316,43135.1288782196,3.6592189116,3.6752212834,0.0917497538
3879,356.8725995582,89628.1182711412,43135.0508889009,3.6598383065,3.6694201683,0.0917480000
3880,356.9643475582,89628.1667294630,43134.9729819914,3.6603090553,3.6636853026,0.0917453187
3881,357.0560928770,89628.2153623713,43134.8951871089,3.6605854543,3.6582998966,0.0917420763
3882,357.1478349533,89628.2642150402,43134.8175338714,3.6606218011,3.6561317471,0.0917387345
3883,357.2395736877,89628.3133326440,43134.7400518967,3.6603707448,3.6542876441,0.0917358505
3884,357.3313095383,89628.3627603567,43134.6627708027,3.6597817309,3.6528332944,0.0917341166
3885,357.4230436549,89628.4125328800,43134.5857133949,3.6588123963,3.6518182073,0.0917339994
3886,357.5147776543,89628.4626274684,43134.5088651103,3.6574842655,3.6512188096,0.0917350492
3887,357.6065127036,89628.5130017814,43134.4321986388,3.6558381290,3.6509835939,0.0917367162
3888,357.6982494197,89628.5636134614,43134.3556866598,3.6539119456,3.6510572615,0.0917385334
3889,357.7899879531,89628.6144201511,43134.2793018525,3.6509344292,3.6513820858,0.0917401171
3890,357.8817280702,89628.6653794930,43134.2030168961,3.6477201880,3.6518994716,0.0917411668
3891,357.9734692370,89628.7164491297,43134.1268044700,3.6443224780,3.6525514135,0.0917414648
3892,358.0652107018,89628.7675867037,43134.0506372534,3.6407824819,3.6532816520,0.0917408767
3893,358.1569515784,89628.8187498576,43133.9744879256,3.6371453845,3.6540364591,0.0917393510
3894,358.2486909294,89628.8698962340,43133.8983291658,3.6334605691,3.6547650818,0.0917369193
3895,358.3404278487,89628.9209834754,43133.8221336532,3.6297816374,3.6554198925,0.0917336965
3896,358.4321615452,89628.9719692244,43133.7458740672,3.6261663178,3.6559562741,0.0917298800
3897,358.5238914252,89629.0228111236,43133.6695230869,3.6226762300,3.6563322013,0.0917257510
3898,358.6156171763,89629.0734668155,43133.5930533917,3.6193763857,3.6565074347,0.0917216734
3899,358.7073388497,89629.1238939427,43133.5164376609,3.6163342653,3.6564422469,0.0917180944
3900,358.7990569440,89629.1740501477,43133.4396485736,3.6136183634,3.6560956777,0.0917155442
3901,358.8907724883,89629.2238930732,43133.3626588091,3.6112962473,3.6554234821,0.0917146365
3902,358.9824871248,89629.2733803617,43133.2854410467,3.6094323901,3.6543761296,0.0917160672
3903,359.0742031920,89629.3224697147,43133.2079680037,3.6080861619,3.6528974275,0.0917202093
3904,359.1659234012,89629.3711458137,43133.1302297623,3.6072786303,3.6509561375,0.0917259016
3905,359.2576493029,89629.4194629727,43133.0522612226,3.6069417971,3.6485976440,0.0917319670
3906,359.3493812699,89629.4674865885,43132.9741044181,3.6069893903,3.6458765103,0.0917375189
3907,359.4411187888,89629.5152820577,43132.8958013818,3.6073321915,3.6428463232,0.0917418684
3908,359.5328606571,89629.5629147770,43132.8173941470,3.6078806844,3.6395629608,0.0917445244
3909,359.6246051816,89629.6104501431,43132.7389247470,3.6085476484,3.6360875254,0.0917451936
3910,359.7163503751,89629.6579535526,43132.6604352150,3.6092502336,3.6324885360,0.0917437798
3911,359.8080941550,89629.7054904022,43132.5819675843,3.6099112182,3.6288431885,0.0917403848
3912,359.8998345398,89629.7531260886,43132.5035638881,3.6104592874,3.6252376249,0.0917353074
3913,359.9915698472,89629.8009260084,43132.4252661596,3.6108282596,3.6217661907,0.0917290443
3914,360.0832988915,89629.8489555584,43132.3471164321,3.6109552608,3.6185296574,0.0917222901
3915,360.1750211815,89629.8972801352,43132.2691567389,3.6107779731,3.6156324537,0.0917159368
3916,360.2667371183,89629.9459651355,43132.1914291132,3.6102313051,3.6131791354,0.0917110747
3917,360.3584481930,89629.9950759559,43132.1139755881,3.6103824294,3.6112705992,0.0917089945
3918,360.4501571875,89630.0446742077,43132.0368357599,3.6119011441,3.6099962646,0.0917106038
3919,360.5418677914,89630.0947550125,43131.9600064175,3.6129097597,3.6113256791,0.0917150182
3920,360.6335828096,89630.1452567535,43131.8834478209,3.6134839815,3.6132592488,0.0917210029
3921,360.7253038125,89630.1961159937,43131.8071190578,3.6136930437,3.6156406954,0.0917275084
3922,360.8170313209,89630.2472692961,43131.7309792164,3.6136000802,3.6183704358,0.0917336716
3923,360.9087649925,89630.2986532237,43131.6549873847,3.6132653945,3.6213486133,0.0917388163
3924,361.0005038088,89630.3502043395,43131.5791026505,3.6127497106,3.6244784864,0.0917424525
3925,361.0922462613,89630.4018592065,43131.5032841020,3.6121168246,3.6276690744,0.0917442767
3926,361.1839905380,89630.4535543878,43131.4274908270,3.6114353313,3.6308368293,0.0917441714
3927,361.2757347094,89630.5052264463,43131.3516819136,3.6107793123,3.6339062837,0.0917422056
3928,361.3674769150,89630.5568119450,43131.2758164497,3.6102280062,3.6368096995,0.0917386344
3929,361.4592155494,89630.6082474470,43131.1998535234,3.6098645598,3.6394857672,0.0917338992
3930,361.5509494486,89630.6594695153,43131.1237522226,3.6097740609,3.6418774667,0.0917286278
3931,361.6426780764,89630.7104147128,43131.0474716353,3.6100411801,3.6439293440,0.0917236370
3932,361.7344017134,89630.7610197851,43130.9709709670,3.6107476646,3.6455848483,0.0917201773
3933,361.8261218907,89630.8112517375,43130.8942289192,3.6119348372,3.6468196178,0.0917189993
3934,361.9178408900,89630.8611413579,43130.8172652876,3.6135629335,3.6476797300,0.0917196030
3935,362.0095604930,89630.9107275148,43130.7401050736,3.6155776411,3.6482149513,0.0917214419
3936,362.1012819349,89630.9600490765,43130.6627732790,3.6179209101,3.6484697496,0.0917240393
3937,362.1930059742,89631.0091449112,43130.5852949053,3.6205326799,3.6484846982,0.0917269883
3938,362.2847329625,89631.0580538873,43130.5076949540,3.6233526969,3.6482982128,0.0917299519
3939,362.3764629144,89631.1068148731,43130.4299984267,3.6263220816,3.6479482205,0.0917326631
3940,362.4681955775,89631.1554667369,43130.3522303251,3.6293844875,3.6474735063,0.0917349246
3941,362.5599305021,89631.2040483470,43130.2744156507,3.6324868516,3.6469146364,0.0917366091
3942,362.6516671112,89631.2525985716,43130.1965794051,3.6355798148,3.6463144660,0.0917376590
3943,362.7434047702,89631.3011562792,43130.1187465899,3.6386178853,3.6457182677,0.0917380869
3944,362.8351428571,89631.3497603380,43130.0409422067,3.6415593472,3.6451735059,0.0917379747
3945,362.9268808318,89631.3984496163,43129.9631912569,3.6443658597,3.6447292620,0.0917374745
3946,363.0186183063,89631.4472629824,43129.8855187423,3.6455172801,3.6444353380,0.0917368082
3947,363.1103551145,89631.4962393046,43129.8079496644,3.6462578353,3.6443411453,0.0917362675
3948,363.2020913820,89631.5454174513,43129.7305090248,3.6467653245,3.6444945942,0.0917362114
3949,363.2938275935,89631.5948353386,43129.6532212193,3.6469971482,3.6449401504,0.0917368084
3950,363.3855644019,89631.6444922178,43129.5760860368,3.6469540861,3.6456738989,0.0917375674
3951,363.4773019693,89631.6943361323,43129.4990706782,3.6466954578,3.6466291803,0.0917380030
3952,363.5690399723,89631.7443116031,43129.4221401022,3.6462835880,3.6481888397,0.0917377794
3953,363.6607777517,89631.7943631512,43129.3452592678,3.6457810654,3.6511695220,0.0917367014
3954,363.7525144532,89631.8444352975,43129.2683931338,3.6452522423,3.6541238566,0.0917347150
3955,363.8442491681,89631.8944725630,43129.1915066591,3.6447643905,3.6569844661,0.0917319065
3956,363.9359810747,89631.9444194686,43129.1145648025,3.6443881760,3.6596903540,0.0917285034
3957,364.0277095781,89631.9942205354,43129.0375325230,3.6441972403,3.6621866738,0.0917248739
3958,364.1194344519,89632.0438202842,43128.9603747794,3.6442668365,3.6644234365,0.0917215269
3959,364.2111559789,89632.0931632360,43128.8830565305,3.6446716659,3.6663532486,0.0917191126
3960,364.3028750915,89632.1421939118,43128.8055427352,3.6454832873,3.6679283919,0.0917184218
3961,364.3945935134,89632.1908568326,43128.7277983525,3.6467676910,3.6690977906,0.0917203380
3962,364.4863138514,89632.2391015326,43128.6497914981,3.6485777937,3.6698104988,0.0917246842
3963,364.5780385356,89632.2869480972,43128.5715347160,3.6508758057,3.6700919525,0.0917300025
3964,364.6697685381,89632.3344687267,43128.4930733680,3.6535564724,3.6700226095,0.0917351899
3965,364.7615037280,89632.3817368407,43128.4144535838,3.6565101186,3.6696797779,0.0917394010
3966,364.8532431290,89632.4288258589,43128.3357214934,3.6596278247,3.6691391626,0.0917420367
3967,364.9449851657,89632.4758092011,43128.2569232266,3.6628052301,3.6684781158,0.0917427435
3968,365.0367279091,89632.5227602870,43128.1781049133,3.6659456889,3.6677783984,0.0917414138
3969,365.1284693230,89632.5697525364,43128.0993126833,3.6689622528,3.6671278555,0.0917381857
3970,365.2202075087,89632.6168593690,43128.0205926665,3.6717781513,3.6666206292,0.0917334431
3971,365.3119409518,89632.6641542044,43127.9419909927,3.6744737750,3.6663557396,0.0917278157
3972,365.4036687675,89632.7117104626,43127.8635537919,3.6768397762,3.6664341075,0.0917221793
3973,365.4953909467,89632.7596015631,43127.7853271937,3.6788129654,3.6669544196,0.0917176557
3974,365.5871086024,89632.8079009257,43127.7073573281,3.6803315954,3.6680086485,0.0917156130
3975,365.6788242154,89632.8566819702,43127.6296903250,3.6813263499,3.6696783883,0.0917175040
3976,365.7705417194,89632.9059933661,43127.5523567180,3.6817465962,3.6720039856,0.0917227811
3977,365.8622645005,89632.9557624474,43127.4753105817,3.6816742206,3.6748716671,0.0917292241
3978,365.9539937247,89633.0058794251,43127.3984825978,3.6812267689,3.6781174131,0.0917350890
3979,366.0457288137,89633.0562345006,43127.3218034421,3.6805186453,3.6815774746,0.0917391836
3980,366.1374679973,89633.1067178756,43127.2452037903,3.6796671359,3.6850665385,0.0917408672
3981,366.2292088646,89633.1572197516,43127.1686143181,3.6787976524,3.6884705366,0.0917400505
3982,366.3209489151,89633.2076303302,43127.0919657014,3.6780465334,3.6916686039,0.0917371953
3983,366.4126861103,89633.2578398128,43127.0151886160,3.6775602492,3.6945548819,0.0917333147
3984,366.5044194250,89633.3077384010,43126.9382137375,3.6774906895,3.6970368876,0.0917299735
3985,366.5961493985,89633.3572162964,43126.8609717418,3.6779871610,3.6990274541,0.0917292881
3986,366.6878786866,89633.4061637006,43126.7833933046,3.6791870962,3.7004342743,0.0917339261
3987,366.7796126127,89633.4544708150,43126.7054091017,3.6812083581,3.7011503594,0.0917467264
3988,366.8713593391,89633.5020429321,43126.6269594014,3.6841284563,3.7010664319,0.0917644765
3989,366.9631238156,89633.5489612866,43126.5480963102,3.6877978931,3.7002625657,0.0917798586
3990,367.0549036742,89633.5954208669,43126.4689442424,3.6919245510,3.6989425262,0.0917886875
3991,367.1466923617,89633.6416185682,43126.3896288243,3.6962209302,3.6973139789,0.0917886091
3992,367.2384809708,89633.6877512856,43126.3102756823,3.7004207960,3.6955998613,0.0917790503
3993,367.3302600211,89633.7340159143,43126.2310104427,3.7042899941,3.6940498411,0.0917612183
3994,367.4220212393,89633.7806093496,43126.1519587320,3.7076334107,3.6929488791,0.0917381026
3995,367.5137593420,89633.8277284867,43126.0732461765,3.7111040364,3.6926241726,0.0917144789
3996,367.6054738209,89633.8755702207,43125.9949984025,3.7285716765,3.6934509500,0.0916969120
3997,367.6971707330,89633.9243314468,43125.9173410364,3.7431858066,3.6958531854,0.0916937559
3998,367.7888644888,89633.9742090604,43125.8403997047,3.7550243205,3.7002902173,0.0917151448
