x_m,y_m,w_tr_right_m,w_tr_left_m
89628.6925139564,43201.49171303352,3.74592487948799,3.7130934872849286
89628.79933733575,43201.342372387146,3.7610289002391255,3.711132217312712
89628.91189967866,43201.19711630356,3.7737868573834907,3.703098178407651
89629.02989621549,43201.056158261745,3.783560804784421,3.7054689812535235
89629.15302217657,43200.91971174065,3.790043904841782,3.7179207801449587
89629.28096962335,43200.78798530482,3.7934408623514715,3.739705652317509
89629.41307468797,43200.660635532804,3.794048477855368,3.7684085239615106
89629.54799655778,43200.5362691765,3.7926381818503088,3.7813084635128624
89629.68431860582,43200.413375412645,3.7900618228273486,3.782243642499054
89629.82062420511,43200.290443418,3.787709404476497,3.7834419605428224
89629.9555279184,43200.16599595085,3.7874346982715763,3.7826252691687117
89630.08891478619,43200.03992367516,3.7894522235674235,3.7795909023343937
89630.22235459105,43199.91393119335,3.791829641699554,3.7769516473841427
89630.35753323247,43199.789848129185,3.7932729278709605,3.778333133452826
89630.49613660983,43199.66950410642,3.7934938785074235,3.786370316963317
89630.63971470513,43199.55466499164,3.7928525944126994,3.759076665674535
89630.78865117543,43199.44654954275,3.7924923911152932,3.7455706023692503
89630.94273613398,43199.34609809356,3.7927839031654598,3.749048082554064
89631.10175499345,43199.25424877293,3.791754080402126,3.770939860050595
89631.26545703987,43199.171809042775,3.7845071064745452,3.7611587771224544
89631.43307307105,43199.09771103901,3.775260633599711,3.7479110356974443
89631.603445748,43199.02948304167,3.7720746594468375,3.7462853062140957
89631.77540836258,43198.96461944319,3.7672183166145046,3.7504900899839924
89631.94779420669,43198.900614636055,3.7616461778671617,3.7559624222651493
89632.11943752968,43198.834965095084,3.757668023290442,3.7594712987822274
89632.28964907181,43198.76620349494,3.757071038086663,3.7595306403465503
89632.4589858738,43198.6955727754,3.7586161130718687,3.7575903515733233
89632.62820622574,43198.62475352278,3.760551414296705,3.753871115312455
89632.79806841773,43198.555426323415,3.7614766685251295,3.7256775985137685
89632.96933042267,43198.48927134199,3.7604797085398687,3.6993503525281652
89633.14253151741,43198.42767800603,3.757228615118826,3.678072641108556
89633.31761089408,43198.37123798325,3.7522247838737552,3.6640595286380466
89633.4944057302,43198.32040732209,3.745749942333637,3.658982571715755
89633.67275320341,43198.27564207098,3.7374066107909973,3.66397475289898
89633.8524904912,43198.237398278354,3.7255284825311272,3.6793273310717853
89634.03345477124,43198.20613199264,3.70652036236726,3.70398426593845
89634.21542507934,43198.18170173673,3.69173907103946,3.700933327588186
89634.397914713,43198.16123502645,3.6706113629721595,3.7022905799224097
89634.58036109254,43198.141079583875,3.6446493570641936,3.704987237152491
89634.76220163237,43198.11758307113,3.6187782851547365,3.705833132832545
89634.94291944399,43198.08740609477,3.5991563639580164,3.70255384420415
89635.12243231128,43198.05018601305,3.5884810296800107,3.6950458769396826
89635.30089851517,43198.007207169976,3.586174145589099,3.6834516152896697
89635.47847888006,43197.959771328184,3.5902781715763163,3.667138654619963
89635.65533423032,43197.90918025032,3.599152556297007,3.645625878885999
89635.83162586909,43197.856734903544,3.6180302446422123,3.619093763449474
89636.00756463263,43197.80365395497,3.6358940651011014,3.5957264984817745
89636.18345334327,43197.751003235186,3.651631628819894,3.594015305539679
89636.3596048266,43197.699831954225,3.664605272679606,3.594073508923676
89636.5363319082,43197.651189322096,3.674490431110898,3.597374862860115
89636.71393571567,43197.606082692786,3.681038348274148,3.6052355507948226
89636.8924783953,43197.56466433084,3.684604696765327,3.617755615966175
89637.07179871331,43197.52628723372,3.6859466066027102,3.633860656919833
89637.25172686268,43197.490273723204,3.685527964780499,3.6522779161834054
89637.43209303632,43197.455946121096,3.683702996106516,3.6659688816382934
89637.6127274272,43197.42262674916,3.680886213733813,3.673588804057371
89637.79346022828,43197.38963792921,3.6776277556380594,3.681172188350737
89637.9741216325,43197.35630198302,3.6746156723938097,3.6880416341820976
89638.15454838866,43197.32196691166,3.672606019960589,3.6936570122130172
89638.33466107982,43197.28630909672,3.6720493709261164,3.6978568878165814
89638.51443823015,43197.249231876245,3.6731486622428777,3.700694279815576
89638.69385951846,43197.21064311092,3.6735761838796437,3.7021842491201324
89638.87290462352,43197.17045066146,3.6670460160244547,3.70230344778665
89639.05155322417,43197.12856238854,3.6625499742363097,3.7009886839070343
89639.22978499917,43197.084886152865,3.6602103581422876,3.698101872657659
89639.40757962735,43197.03932981513,3.660068025086725,3.693369936597205
89639.58492638414,43196.991843660624,3.6620216712625355,3.6864200791216697
89639.76200312456,43196.94321164019,3.6651172348190997,3.677744371957639
89639.93915998556,43196.89497932268,3.6678253363822924,3.6689165077612413
89640.1167534329,43196.848720255104,3.668842613249976,3.661976595364603
89640.29513993244,43196.80600798447,3.666733666249109,3.6590591717399774
89640.47466637932,43196.768373447456,3.65945666092168,3.669753893846657
89640.65509769323,43196.734756499776,3.656723728044239,3.686573535321141
89640.8352922529,43196.70006088039,3.65773053226948,3.700488492285062
89641.01416425408,43196.659454874476,3.666196102902105,3.7076736451372136
89641.19164167238,43196.61274136565,3.6822073839246143,3.709308335556859
89641.36811522597,43196.56183871255,3.6907920305641184,3.7077157881545486
89641.54397800102,43196.5086760998,3.6962065846765455,3.7043365041277445
89641.71962308379,43196.455182712,3.7017861627962754,3.7006087398696925
89641.89544356042,43196.40328769102,3.7055267636530353,3.698421669644701
89642.07183110173,43196.35422387461,3.7064315595998707,3.699325670925734
89642.24917237207,43196.306761187785,3.746258129759004,3.702767795568578
89642.42782648267,43196.25935698981,3.7861387944911877,3.707029914135491
89642.60775636141,43196.21393990385,3.81152157594948,3.68851420759277
89642.78861971841,43196.175112798366,3.820137259106999,3.681823476464797
89642.97006639904,43196.147547451714,3.816805219752446,3.6979573327390627
89643.15174624858,43196.13591564227,3.8088044827163166,3.7449975730993006
89643.33340692769,43196.14363153923,3.7984782828883845,3.838031045812872
89643.51551946314,43196.16480901193,3.788168570851317,3.9674244685029967
89643.69887927256,43196.189391243875,3.7808206138790283,4.07922592241269
89643.88406431515,43196.20892447925,3.7804187859138154,4.166984935933232
89644.0704739367,43196.22368874675,3.78514615687766,4.178734933315184
89644.25711271155,43196.23688941881,3.7913917125057695,4.147412523018702
89644.44298492961,43196.25173397548,3.796805172056261,4.113338874870031
89644.62709488081,43196.2714298968,3.8015322713221242,4.082376038185903
89644.80844685502,43196.29918466282,3.808027548452717,4.06442124669432
89644.98604514217,43196.33820575359,3.817392450704948,3.935380460182955
89645.15889403215,43196.391700649176,3.8224039319974557,3.7976836713905198
89645.32601238017,43196.46283587513,3.8048842029277807,3.7516812832092925
89645.48892820087,43196.5477227413,3.754946917846662,3.7508815211092412
89645.65450721186,43196.627464086596,3.720293487743332,3.7488199411126235
89645.82891360181,43196.68477937485,3.7179169221602084,3.7223157976998698
89646.00586095058,43196.73419694653,3.731050481984605,3.6635260460584913
89646.17359775666,43196.804391210906,3.732532204201438,3.62329633911218
89646.331419256,43196.89764177352,3.7159156650754377,3.613116703584615
89646.48498282804,43197.00102102943,3.6836481768181484,3.620128438497686
89646.6399827852,43197.101505547944,3.6426484384974573,3.6282378860923004
89646.79864704804,43197.19367317835,3.6270135220546633,3.627946683786491
89646.95720772918,43197.285308411374,3.6294269192189077,3.6273456217281463
89647.11454866426,43197.37940402674,3.629870714177268,3.6233765679565315
89647.27234815685,43197.47369359798,3.6334328054788294,3.618352937929569
89647.4302931029,43197.5683147001,3.6436290550732258,3.618900650746859
89647.57728164845,43197.67674066824,3.643480631936413,3.6439816964595373
89647.708435417,43197.80482761875,3.616101965219021,3.694312723769504
89647.83412463994,43197.93970112129,3.56531012769977,3.742013590841677
89647.96590170806,43198.06703605352,3.532561416410057,3.766641214318757
89648.10946135693,43198.179763999164,3.5739650164977217,3.7696493082729243
89648.26249598496,43198.280730168815,3.6402198589710704,3.76471507786791
89648.42212173041,43198.37349366812,3.7206012444680403,3.756702887027828
89648.5854547315,43198.46161360271,3.8154343307053344,3.7445910769761133
89648.74961112642,43198.54864907821,3.8829130160716736,3.7288884509854214
89648.91170705341,43198.63815920024,3.917683410926807,3.715391977015515
89649.06885865069,43198.73370307447,3.924291057602167,3.7152785624133533
89649.2181820565,43198.838839806485,3.9142009336754793,3.74262749025893
89649.35683606891,43198.95706084894,3.8993184015698463,3.8099185010571874
89649.48368856477,43199.08914727791,3.887889199241925,3.9097721959780274
89649.59985734493,43199.2323120827,3.8829517880313578,4.035626374323368
89649.70661360893,43199.38352498229,3.8818786383762225,4.1869013726690065
89649.80519508322,43199.53997519298,3.8807683724766933,4.331488449771773
89649.89659818057,43199.70043433247,3.8760061154745094,4.402186128858292
89649.98171348743,43199.864367967726,3.865143573089024,4.48221643610276
89650.06143113915,43200.031244624406,3.8467632506918354,4.568095772720638
89650.13664127102,43200.20053282823,3.8199841335934903,4.633052519604396
89650.20823401834,43200.371701104894,3.7843171390710846,4.649249822956404
89650.27709951642,43200.544217980096,3.739688101001568,4.668235921126202
89650.34412790055,43200.71755197953,3.6864699603141813,4.687926255940846
89650.41020930605,43200.891171628886,3.625478781523956,4.706644819061963
89650.47623386819,43201.06454545388,3.5579420416545533,4.722098022790023
89650.54309172231,43201.23714198019,3.4867624848605048,4.703690349507543
89650.61167300372,43201.408429733536,3.420245772749084,4.687723886122727
89650.68286784769,43201.577877239586,3.353429895940553,4.674336550527664
89650.75756638954,43201.74495302407,3.3035661877657585,4.664073865869303
89650.83665876454,43201.909125612656,3.2937514758253137,4.657599025671844
89650.92103510805,43202.069863531055,3.293658538550895,4.65467334254901
89651.01158555536,43202.226635304956,3.305139093347902,4.651650816841714
89651.10920024176,43202.37890946008,3.366479578295044,4.637612858047851
89651.21476595415,43202.52615796568,3.453242392092613,4.592661817698442
89651.32726523472,43202.66981116943,3.5183639905000104,4.497444919540979
89651.44059340132,43202.81652149712,3.545572247448613,4.35372437242092
89651.54625722326,43202.971705058066,3.538617563390539,4.025923834152527
89651.63189033537,43203.13553089002,3.52152493019935,3.7176931738689962
89651.68456610222,43203.30735955547,3.518529188436983,3.5035839915400255
89651.6990103055,43203.48609842847,3.5823601699808787,3.4040902934684163
89651.68714018996,43203.6696367771,3.602970532807249,3.384067379059406
89651.66321750224,43203.85572502427,3.530738941427957,3.397420652888119
89651.64150398897,43204.04211359288,3.384243183655955,3.4155832576415524
89651.63626139678,43204.22655290585,3.2917147593486153,3.4288813000904
89651.66041934773,43204.40699372604,3.2373462588029924,3.42648372525671
89651.70895312847,43204.58408699243,3.2248708449687364,3.39722064191823
89651.76396339438,43204.76041987666,3.2635169104835424,3.3394246495999367
89651.80756307229,43204.93857804238,3.288895306201403,3.2706943464987677
89651.83180993104,43205.11966298682,3.2922006092722707,3.20429998946146
89651.84089940555,43205.302964784096,3.287198645095182,3.1556503446279085
89651.83976406054,43205.48766349922,3.279179659025833,3.127811909750339
89651.83333646064,43205.67293919721,3.2690194499010725,3.1128183857243985
89651.82629143985,43205.8579963627,3.2588296666874883,3.10222785816659
89651.81939452863,43206.0424098811,3.249553752015756,3.0931453159161792
89651.81037458572,43206.22604235807,3.240560934921193,3.0874155909576726
89651.79688076391,43206.40876395126,3.2311792391000194,3.059295432336008
89651.77656221595,43206.59044481837,3.219114993634216,3.036228462538492
89651.74708305787,43206.77095665473,3.198784106086646,3.0255798692257208
89651.70847168464,43206.95041411887,3.1638319016229937,3.026776986786956
89651.665681122,43207.12943794485,3.113458549166158,3.0333563961026755
89651.6242796038,43207.3087120881,3.05304331046385,3.0394752558971283
89651.58983536383,43207.48892050404,3.0036979242737716,3.040659302491338
89651.5679128063,43207.67074665192,2.986498060871095,3.030712670686893
89651.55962590312,43207.85429740632,2.986728047890293,3.004881215376329
89651.55305594383,43208.03799116643,2.9920693539308916,2.9718306421620833
89651.53395267132,43208.2199444494,2.9876819794080824,2.946102965712352
89651.49612285412,43208.399353664354,2.96435657431988,2.9410766318223227
89651.45098744046,43208.57777606804,2.9289335373968934,2.9467061096629172
89651.41229556361,43208.75708096643,2.8949706296437947,2.949795425223606
89651.39043106821,43208.93868119712,2.877592738437854,2.9400165717928948
89651.3817376667,43209.12208519165,2.8763872875402794,2.9172806474312427
89651.37889812255,43209.30630480983,2.8833821111567923,2.883119358492965
89651.37459518961,43209.49035191011,2.8905069176439437,2.844689164251339
89651.36151162165,43209.67323835098,2.8917882457321773,2.811741462743902
89651.33402587705,43209.85420381769,2.88192777860244,2.7952186795743956
89651.29552606845,43210.03369848968,2.8607304626023433,2.7934176140068634
89651.25238097113,43210.21257301402,2.8296446717130292,2.798594255604446
89651.21096126462,43210.391678293636,2.7937640198798137,2.803610466403363
89651.1776123487,43210.57186182729,2.7628405785428067,2.8033205195351254
89651.15572053756,43210.753572645954,2.7447463656132762,2.7952973608089655
89651.14297804423,43210.93649301812,2.739196485403729,2.7803627436485288
89651.13643018663,43211.12021810196,2.742465665597404,2.7727998640401985
89651.13312228258,43211.30434305563,2.7498640615013525,2.7663197928068355
89651.13009965002,43211.48846303731,2.757337277461867,2.7593751730024727
89651.1247931074,43211.67223141915,2.7621603953654406,2.754404740845091
89651.11685306471,43211.855636751156,2.764274330242358,2.752038478320245
89651.10672270342,43212.03878729879,2.7643425922242995,2.7520314753430863
89651.09484619377,43212.22179147687,2.762804621766122,2.753918975040535
89651.08166770605,43212.40475770016,2.7599763427945967,2.757109343756347
89651.06768747921,43212.58778820057,2.756249494126393,2.760979868436735
89651.05403243552,43212.77091610281,2.7528088541799116,2.7644583816915205
89651.04222219498,43212.95413122715,2.751454920646671,2.7665401506161085
89651.0337824199,43213.13742272752,2.754019597350368,2.773686261811538
89651.03023698789,43213.32077976165,2.761916294217785,2.7765623320143957
89651.03185934562,43213.50419414656,2.7746970524899783,2.774891514381008
89651.03548431228,43213.687665012134,2.788459745582218,2.7715869654854717
89651.03736077041,43213.87119273439,2.799606097808892,2.770449709540467
89651.03373760254,43214.05477768932,2.805322550540707,2.7752954817159066
89651.02165839376,43214.238406489036,2.803236126514679,2.7882680093498524
89651.00501238827,43214.421947181865,2.797411157997982,2.804357915108158
89650.9911836639,43214.60520728718,2.796586055639237,2.8170801500337754
89650.9875842993,43214.78799383942,2.810479902371575,2.8245055722988455
89651.00071864479,43214.97014567336,2.8449623742833743,2.8269574309358148
89651.02735049852,43215.1518428639,2.8907038251350263,2.8211057642492054
89651.05832458881,43215.333472848266,2.9315889539462616,2.8143687556988084
89651.08440217303,43215.51542598798,2.958299289898252,2.8162609351983026
89651.09643942738,43215.698087858145,2.968963205209236,2.838079048022366
89651.09126931828,43215.88154265025,2.9670853740350194,2.8816032133007936
89651.07515453135,43216.06539905581,2.959230188652862,2.9331301970960797
89651.0551885905,43216.249223870785,2.9496553119070397,2.98685978591037
89651.03846501968,43216.432583891146,2.9459056524270877,3.0252952414942755
89651.03207734285,43216.61504591282,2.960403898382509,3.0410493560369436
89651.04284075329,43216.79619395603,3.0055637206211947,3.041842409665357
89651.07173497559,43216.97597316411,3.0821241570808113,3.0364815985407123
89651.11420246458,43217.15467134975,3.177857910812803,3.029854532494662
89651.16546703571,43217.33258985594,3.277548758851479,3.0212876395767307
89651.22075250445,43217.510030025674,3.3694341107463486,3.0102137179079635
89651.27562733863,43217.68727181929,3.405027185749381,2.9985381459362017
89651.32874665006,43217.86440369782,3.4279747185771337,2.987379809507614
89651.38039244352,43218.04141318779,3.4480192059953074,2.977043630693034
89651.43086133274,43218.21828690942,3.46661267114268,2.9677327199006407
89651.48044993139,43218.39501148286,3.484638719282536,2.959380354863667
89651.52945485317,43218.57157352832,3.5026083794760727,2.9517533500151236
89651.57817271177,43218.747959665976,3.520877281215908,2.9445620544598645
89651.6269001209,43218.924156516034,3.539765023477749,2.9676878818659627
89651.67593369428,43219.10015069865,3.5359501428680855,2.9936220484105824
89651.72557004557,43219.275928834024,3.513767908948884,3.018243108296301
89651.77610578848,43219.45147754235,3.49202568373375,3.0610824779658046
89651.82783753672,43219.626783443804,3.471076531063699,3.1360186696033203
89651.88106190396,43219.80183315858,3.4512128693759143,3.2060815541835876
89651.93607550394,43219.97661330686,3.4325981276818265,3.2691226832581908
89651.99317495032,43220.151110508836,3.4126261164584153,3.320769484626039
89652.0526568568,43220.32531138469,3.379408274060441,3.3551195146496036
89652.11481783712,43220.49920255461,3.350004994594628,3.369757206898156
89652.18201869618,43220.67129273516,3.3153000014950385,3.3704533980186566
89652.26787856531,43220.832027823686,3.2762390722932118,3.3589817302798317
89652.38085634224,43220.97517412378,3.291489998338581,3.3391194469963263
89652.51023440661,43221.10743166019,3.2860683838813944,3.321250641655192
89652.64299224324,43221.237057543105,3.27950393424198,3.309218629935917
89652.77248911877,43221.3681665662,3.2752118242772132,3.3028711862775815
89652.90061565864,43221.499334213295,3.271749241079359,3.298317532543836
89653.0298578553,43221.62874940347,3.27194931995073,3.2942571712598907
89653.16270170128,43221.7546010558,3.280771117764299,3.2905641993001913
89653.30150175457,43221.87509308558,3.2544248496908614,3.287579236828277
89653.44700116292,43221.98861326446,3.22815482631501,3.2903299227430542
89653.59886238891,43222.09367266649,3.2210306779612305,3.2920446982005362
89653.75672794545,43222.18878464193,3.2363210619250444,3.2924767480714032
89653.92024034537,43222.27246254101,3.2745413074116434,3.2913825533896515
89654.08895122222,43222.34364587991,3.321713120914883,3.28701412681427
89654.26153180015,43222.40540272762,3.3750686357821182,3.2821180299915538
89654.43615906786,43222.46311879948,3.4277026978964678,3.276581431825966
89654.61109059562,43222.52192968589,3.47249094667875,3.2729784096794567
89654.78567815496,43222.58346416728,3.5096615561861806,3.2721371617225246
89654.96002668625,43222.64693719021,3.543214338300505,3.273216448598764
89655.13425598605,43222.7115160885,3.576484830664237,3.275385477382687
89655.30848585094,43222.77636819591,3.612555184223142,3.2779871598644443
89655.48283607748,43222.84066084624,3.6529885410838654,3.350418540340631
89655.65742646225,43222.903561373256,3.6984515627123296,3.4150175417885937
89655.83237680182,43222.96423711077,3.7504945093106734,3.4709271410497653
89656.0078068928,43223.02185539253,3.8109666170175003,3.51771193557766
89656.18383653171,43223.075583552345,3.8597867057851296,3.5553196535788785
89656.36058551515,43223.124588923994,3.8479426445954963,3.584084685750465
89656.53817363971,43223.16803884125,3.8449534302729442,3.6047359610765595
89656.71672070197,43223.205100637904,3.8534269253590967,3.618391433877587
89656.89634649844,43223.234941647745,3.8215594010566605,3.6265076235303284
89657.07717082578,43223.25672920455,3.7704407553612493,3.6307312378868284
89657.25931347065,43223.26963064824,3.7358558736596423,3.632614404803046
89657.44269343947,43223.2729382326,3.6702314574791552,3.6332911778809285
89657.62651304824,43223.26639009461,3.6246128048952313,3.6331053913899827
89657.80981476708,43223.249823818136,3.596645572092538,3.6304746895047955
89657.9916506864,43223.223106085235,3.5811345078969645,3.621740828661989
89658.1719000073,43223.188605316245,3.5786092104405918,3.6055068497653116
89658.35189301861,43223.153078995434,3.579445232486509,3.587149633894321
89658.53304863346,43223.12345121554,3.5669768662420682,3.57940193986311
89658.71429134496,43223.09475995405,3.542108152165898,3.5818376405316723
89658.89207901387,43223.05022077696,3.535207326603833,3.567607261370733
89659.06800107213,43222.99709706832,3.539374465741008,3.542418114868949
89659.24555068181,43222.951581893794,3.538283189194634,3.5224917524793002
89659.42610427881,43222.92000276957,3.5279822923682818,3.5169159501654677
89659.60831206579,43222.89598078929,3.511539244543682,3.5204300083868696
89659.79064475544,43222.87230048092,3.492746835450205,3.5253620370299097
89659.97157966594,43222.841777101756,3.47962044320354,3.5242493038233613
89660.15051564308,43222.80151306792,3.476771312076123,3.5137128548169185
89660.32871113936,43222.75726211349,3.482076027574403,3.4983408302690364
89660.50759552496,43222.71560438935,3.489348620571447,3.4841275126231923
89660.6875971545,43222.67905564159,3.491295031577313,3.474254255120512
89660.86824950954,43222.64649817939,3.4896533034176542,3.4686151487484933
89661.0490547447,43222.616686551744,3.485756777676811,3.466338734898653
89661.229670071,43222.58853127787,3.480386091373501,3.4661514843348984
89661.41018942234,43222.561382173495,3.473839807274547,3.467150235027825
89661.59078306356,43222.534665835185,3.4665165312214077,3.468621234911531
89661.77162125947,43222.50780885955,3.4687744270718044,3.4699763511836146
89661.95287427498,43222.480237843156,3.4798452238096513,3.4706910840967975
89662.13471237497,43222.45137938259,3.491314385075936,3.4702504831577983
89662.31730582421,43222.42066007444,3.5026791561889246,3.46855762816537
89662.50079128558,43222.387775420284,3.5152475943476125,3.4681021023361565
89662.68455816296,43222.35840095712,3.530504543591187,3.4825445531475956
89662.86726254715,43222.34408065589,3.549830625699004,3.5362147469094123
89663.04753894254,43222.356520034205,3.5673896090349917,3.6449036452379664
89663.22501353329,43222.39828462401,3.564249411383695,3.7932062045241133
89663.40117482057,43222.454775596314,3.525361644945437,3.9315804658085582
89663.57771271506,43222.5095401273,3.4518663211014817,4.018528805098236
89663.75575167175,43222.551672197515,3.363780778696566,4.043572197993695
89663.93526608695,43222.58154721834,3.3102844467990433,4.046573039649905
89664.11609068525,43222.60091070346,3.3628125411152596,4.04399194168585
89664.29806019115,43222.61150816656,3.428942171049338,4.0427124371778
89664.4810093292,43222.615085121295,3.502246560144241,4.043414598144341
89664.66477282393,43222.61338708136,3.592229430404471,4.044889755938049
89664.8491853999,43222.60815956042,3.6805379674248666,4.04623385933993
89665.03408178163,43222.60114807214,3.759050421350892,4.047520424232969
89665.21929669364,43222.59409813023,3.8246508886924144,4.049916286825516
89665.40466486051,43222.58875524833,3.8753734756697753,4.055689311959553
89665.59002100673,43222.58686494012,3.9104096819048384,4.068276260859798
89665.77519985687,43222.5901727193,3.931710454721271,4.071592525846364
89665.96003613545,43222.600424099524,3.9375232259940574,4.032862618427085
89666.14436456702,43222.61936459448,3.9313760773847424,4.010482070621608
89666.32800687279,43222.648750967805,3.9239496885381993,4.015881176221656
89666.50903331712,43222.69185527801,3.9234293491393624,3.9431062962510124
89666.68201233476,43222.754979235324,3.9282205818845206,3.8573322253630606
89666.84113534118,43222.844720286914,3.917170368267116,3.789587134543285
89666.98787141127,43222.95579413884,3.8710424711803757,3.785331349205457
89667.13926380654,43223.05751416931,3.816331304865005,3.7973369397781207
89667.30503804926,43223.13279233081,3.792459715980421,3.7873778580005766
89667.47979906686,43223.191893263014,3.794511032021428,3.7583280898020597
89667.65677773964,43223.24756721423,3.805617075336243,3.7127814479748533
89667.82932908546,43223.31232687117,3.8121653228881303,3.66452039155057
89667.9944987361,43223.39162220409,3.8117431724735655,3.6302643652205013
89668.15355706733,43223.48281830399,3.8071823423640296,3.615967432122384
89668.30800603064,43223.58283709614,3.795496443318434,3.619188874937862
89668.4593475775,43223.68860050579,3.772384130786869,3.6327210404705057
89668.6090836594,43223.797030458234,3.73732888842302,3.6407575520030475
89668.75869887308,43223.90508468774,3.6945258578373457,3.6428289681773145
89668.90891310389,43224.01129880288,3.64907137517027,3.6431497670024764
89669.05939737006,43224.11637260186,3.6454639185848525,3.642384487099021
89669.20974671932,43224.221162637186,3.650359587052204,3.6414800452782043
89669.35955619943,43224.32652546137,3.654379156948761,3.6414104138855183
89669.50842419175,43224.43331182052,3.6567084691719645,3.6431342279403895
89669.65627210437,43224.54180981977,3.6571516691140373,3.646872395702223
89669.80360956685,43224.6512830127,3.656599764371941,3.6515801193752915
89669.9510084299,43224.760886325734,3.656072852189058,3.656135070964777
89670.09900481967,43224.86979222415,3.6567106960696143,3.6772908371401
89670.24805831203,43224.97721075517,3.659812397336471,3.6953624842856527
89670.39861859729,43225.08235681927,3.6668541014337146,3.7096358125278743
89670.55113536576,43225.18444531696,3.679312275239772,3.720286583695798
89670.70605830778,43225.282691148735,3.697053964887258,3.7275482058576364
89670.8638344083,43225.376313589404,3.6989247549366664,3.7312270426456853
89671.02440126707,43225.46535555222,3.707100543028406,3.731285434011002
89671.1865899721,43225.55164909854,3.718245879554263,3.729173567528885
89671.34908643391,43225.63726103093,3.7291126175719254,3.7267118520643976
89671.51057656309,43225.72425815197,3.7373536127723095,3.7263190519406733
89671.66974838616,43225.814704796205,3.7412423147789835,3.730950867584613
89671.82646047772,43225.9093000203,3.741127137391756,3.7354607021766317
89671.98368285687,43226.00511377049,3.74331189540482,3.7134243734912324
89672.14249137577,43226.10100130009,3.7551231360841566,3.6942745943616893
89672.2957375991,43226.20396080431,3.775785284663883,3.696587572108406
89672.43451694532,43226.32272925474,3.794318500693622,3.6304286199549085
89672.55169496468,43226.46419256903,3.779081789533211,3.602370189135483
89672.65531803321,43226.61936184265,3.7090139879887416,3.611704955407867
89672.76115431513,43226.771173378846,3.602561488745044,3.6314105837286648
89672.88503301772,43226.902499647156,3.513788533979026,3.6375080522436725
89673.03712941233,43227.00250488732,3.4862372810289695,3.5972394528721545
89673.19895588902,43227.092249749585,3.502157574147672,3.513867761752654
89673.34430490789,43227.20128887919,3.53168612574317,3.4164651372608583
89673.4652389578,43227.33752646462,3.5702425042463366,3.3590959359716606
89673.56702217869,43227.493222580204,3.606473793956785,3.3552746452514572
89673.655211869,43227.66028990388,3.604854998623889,3.3713041035943943
89673.7353823097,43227.83066308027,3.540229401702655,3.374727018847853
89673.81436085024,43227.99789759618,3.4237868837647834,3.3820977063855775
89673.90106521535,43228.158252835026,3.347706508898603,3.3809276917199886
89674.00377938288,43228.3087315409,3.339996156805501,3.359847156254645
89674.11367096056,43228.45635041469,3.350315908791867,3.317286065973626
89674.21090035424,43228.61345159294,3.364872987903146,3.2782819689854255
89674.29019464004,43228.780508996446,3.3896958076669064,3.271871893914389
89674.34911787092,43228.95571177868,3.4221135223979795,3.293764285444172
89674.38537857943,43229.13723474208,3.435450789407891,3.254476934247853
89674.40281080098,43229.32264424692,3.391764021287644,3.2537627186323412
89674.4135133917,43229.5086857143,3.2738305974630117,3.268125720541413
89674.43016962202,43229.69204651588,3.148052862159968,3.2851482088023563
89674.46546276243,43229.86941402328,3.050764981092385,3.2998097795552277
89674.53119582504,43230.03772416939,3.002070116148602,3.293817121558991
89674.62179267286,43230.198820291684,2.998630521253297,3.246244223010933
89674.71575560763,43230.35904154846,3.04576471183289,3.1618937427315204
89674.79099889178,43230.52489314453,3.068560402269143,3.077474265958419
89674.83170497754,43230.70126698331,3.0589655860347134,3.0397116854657096
89674.85338026087,43230.8849928378,3.041450558782771,3.0395745112030865
89674.87996068128,43231.07063898312,3.0362520091901906,3.042051078380513
89674.91884111683,43231.25589230531,3.0469144464829436,3.0355300354513948
89674.96623704756,43231.44054757515,3.0675874340168927,3.0218245644645134
89675.0181535346,43231.62443923808,3.2112706556006647,3.0023124623234594
89675.07059563915,43231.80740173952,3.326610556055848,2.978793336027864
89675.11956842228,43231.989269524915,3.3953676852282957,2.9558815508631713
89675.16107694512,43232.16987703968,3.4148078661933714,2.9422245125072606
89675.19112626885,43232.349058729254,3.3940723383519407,2.95075897586306
89675.20572145458,43232.52664903908,3.352096519720018,2.997421269024005
89675.20086756344,43232.70248241456,3.3103455289831483,3.0958462575632058
89675.17257814629,43232.87639422132,3.2806950888465485,3.247591159362728
89675.12057419878,43233.04862165862,3.2613718735828283,3.421264176493622
89675.05407264073,43233.2204311473,3.248142506631242,3.585508065551891
89674.9837892639,43233.393251564376,3.2393887131414365,3.7084478296033017
89674.92006087946,43233.56845237887,3.240983590790691,3.7803392697998266
89674.8667548699,43233.746388930034,3.2574357298939103,3.8159509150290845
89674.82231543137,43233.926566433336,3.2875839738559973,3.8375430232048533
89674.78501907123,43234.10846381784,3.3381552236512717,3.859475132397844
89674.75314229693,43234.29156001259,3.4641045063822298,3.8880492441248196
89674.72496161581,43234.47533394664,3.5830756834818347,3.925391325635308
89674.69875353531,43234.65926454905,3.6890409773851003,3.9726167813759607
89674.6727945628,43234.842830748865,3.7775796488510527,4.03141102772205
89674.64536120566,43235.025511475134,3.845834464470278,4.104689767265346
89674.61472997132,43235.20678565693,3.8926528194960937,4.196964934738328
89674.57917736721,43235.3861322233,3.9187809585793407,4.3146930002953034
89674.53697990064,43235.56303010329,3.9269911017970394,4.466615442968249
89674.48641407909,43235.73695822595,3.9219608496936855,4.491747440313815
89674.42575640988,43235.90739552034,3.9096126356540037,4.307962951297312
89674.35328340049,43236.07382091554,3.8957908537084447,4.152233554398684
89674.26760756674,43236.23559103559,3.8849108141537076,4.003680267796371
89674.16912165009,43236.39141451377,3.879632763766611,3.87683772406241
89674.05880573487,43236.53978619421,3.8791360688824836,3.7897011079157585
89673.93764027051,43236.67920078817,3.877581431269791,3.739109648486102
89673.80679199388,43236.808459130334,3.8646346755844077,3.7188342348163967
89673.67029649502,43236.931076400455,3.834590344435628,3.7320000351422813
89673.53443642223,43237.05426178758,3.7919152608559785,3.7443499877631576
89673.40396102435,43237.18331340512,3.747066289278642,3.749468442719159
89673.27956444514,43237.318414478774,3.714094603427935,3.7510216875731324
89673.1615182179,43237.4591145031,3.696275856445168,3.7521304632093866
89673.05186636318,43237.60636025051,3.688240060873146,3.7484947119740077
89672.95340826052,43237.761705089884,3.67722667787677,3.728085462414904
89672.86376764899,43237.92308588757,3.6827651911977712,3.6833984826117057
89672.77363164673,43238.08359175318,3.692468621194407,3.6241767526302855
89672.6732025707,43238.23597298608,3.6960597100179156,3.572613120357413
89672.55450059735,43238.37437142513,3.680185761443289,3.5496234039205787
89672.42401904771,43238.50400784767,3.6421590671753776,3.5556115609756205
89672.29516783354,43238.63539755978,3.5926700699091225,3.5959808746654565
89672.17868684027,43238.7768964563,3.557702688978906,3.6102142244488196
89672.07403265368,43238.92774268055,3.549235483067605,3.610681049743908
89671.9777289522,43239.084804367114,3.556750855897719,3.607690158266602
89671.88629940823,43239.24494964559,3.572609666431787,3.6045961175985455
89671.79649879142,43239.40538963524,3.5893715275772515,3.6025309361493
89671.70620311573,43239.56499958132,3.60374282579201,3.602084745558478
89671.6136474234,43239.72316834731,3.605920925864974,3.6045014929541015
89671.51870863134,43239.88009750492,3.604692786920673,3.6096277393248286
89671.42412699718,43240.03740581652,3.603961822083571,3.6142735407888122
89671.33290188463,43240.196836611925,3.6071392846426646,3.6151790939697346
89671.24489701998,43240.35817840064,3.614309146441061,3.613212114303567
89671.1540540284,43240.5175277335,3.6195053779420316,3.6158603588483125
89671.05402467665,43240.67081020234,3.616326520112748,3.6171727652351713
89670.94456647754,43240.81791965405,3.6050872274875307,3.6316455491138315
89670.8304664396,43240.962018712504,3.600212113663789,3.651096889275183
89670.71666148966,43241.10636743658,3.596906932973863,3.6677381722248708
89670.60757746606,43241.25389080968,3.6004029187149253,3.6769320596242734
89670.50372242027,43241.4049452679,3.611681174246396,3.6799455962646412
89670.4037919041,43241.55869895132,3.6288100700106547,3.679351462854944
89670.30647163598,43241.71431355308,3.649385265589182,3.6765482214261356
89670.2104473343,43241.870950766344,3.652054548739502,3.672701883732213
89670.11440471746,43242.02777228425,3.645054290344648,3.6696544013244523
89670.01732664592,43242.18409757793,3.6377336427206615,3.6703140051443506
89669.922128684,43242.34133432521,3.6361541763637484,3.6753096851829707
89669.83451098032,43242.50236877643,3.6103964329455946,3.683034054663371
89669.76019248425,43242.669987744324,3.583458958955273,3.68603422984218
89669.7043100306,43242.845080691564,3.5493426849203695,3.6645697661339613
89669.6673672677,43243.02584938156,3.548977467518289,3.5977877964913243
89669.62741209567,43243.20373645715,3.565861560569843,3.502978006908046
89669.5624589537,43243.370786309286,3.5838385941574553,3.4232156751917033
89669.47425817931,43243.528105030084,3.601958430189295,3.3819920768589258
89669.36928191039,43243.67860127916,3.6044496424420993,3.377577945431113
89669.25400228488,43243.825183716144,3.5698155414930848,3.393496608158916
89669.13489144073,43243.97076100066,3.492683371508488,3.4133098445779275
89669.01842151582,43244.11824179231,3.4282364914373957,3.4277411691473345
89668.91106464811,43244.27053475072,3.4079003846130274,3.431723755166531
89668.81751668428,43244.429559771335,3.40606265644202,3.4214141779476233
89668.7262159573,43244.58818708096,3.4114600522018,3.4110881129571213
89668.62033725486,43244.73660974983,3.4160542876384303,3.4272423335425657
89668.50108686963,43244.87638224602,3.4108494679123487,3.4647677500853327
89668.37557490061,43245.01277557482,3.4022808095873334,3.5110816980844604
89668.24888310816,43245.14944298256,3.3943120921626244,3.5561481090368288
89668.12140887283,43245.28630282783,3.385775400099172,3.5990230951590405
89667.99289157437,43245.422748840654,3.376121228617233,3.643316132522343
89667.86307059247,43245.55817475108,3.365371856099401,3.690437991502795
89667.73168530686,43245.69197428915,3.353578822368114,3.742538685759929
89667.59847509729,43245.823541184895,3.36226729203815,3.8014005286529766
89667.46317934344,43245.952269168374,3.418687138640113,3.81720807604533
89667.32553742507,43246.07755196963,3.4659168395819764,3.8329324897348984
89667.18528872188,43246.1987833187,3.504130204423687,3.85700593646245
89667.0421726136,43246.315356945626,3.5337783492497845,3.8913661111594333
89666.89592847996,43246.42666658045,3.555578946038203,3.865732966007215
89666.74629570068,43246.53210595322,3.5705114684156314,3.7851469954765977
89666.5930136555,43246.63106879398,3.5798064164155545,3.7165902577160868
89666.43582172408,43246.722948832765,3.5849008235091633,3.6621388614542774
89666.2744592862,43246.807139799625,3.5872930505179137,3.6182643203327216
89666.10866572158,43246.88303542459,3.5882308023330207,3.583955515150737
89665.93825119446,43246.95005629608,3.5883084139653123,3.568812960229506
89665.76386762307,43247.007942396325,3.5875374496692425,3.5725467634262706
89665.58671892068,43247.05664361994,3.584894968159828,3.54262454898689
89665.40780884234,43247.096589217836,3.5785055538102406,3.524714053238408
89665.22752484806,43247.129605985465,3.5672071963156546,3.519575133363044
89665.04614179683,43247.157776058564,3.5510075329272137,3.5227311080244896
89664.86393454761,43247.18318157286,3.5453530251640046,3.5307391143733278
89664.68117661968,43247.20772154741,3.5696866258666597,3.534236899685137
89664.49811874887,43247.23018079729,3.5898487834046704,3.5236914241463833
89664.31499261718,43247.24673972771,3.6030630119715847,3.523040934081747
89664.1320293203,43247.253498608516,3.6095959670029414,3.5384382267421857
89663.94944836662,43247.24672983157,3.609289598228988,3.5734351952561476
89663.76710018163,43247.22818824491,3.6039038900050593,3.5920308660429225
89663.58439812902,43247.20612093029,3.599450521869553,3.5846763041521066
89663.40098302742,43247.187321783385,3.6017377041108674,3.5772623776892174
89663.2179902416,43247.16776955171,3.6091806601970076,3.575459748491672
89663.03710246402,43247.13948229603,3.6196412069682706,3.541279980068573
89662.85995848737,43247.09479766777,3.6308364206697683,3.4953113227812205
89662.68733658113,43247.032317254874,3.639975489040273,3.4763548666929283
89662.5192386498,43246.95629397443,3.6410725564593394,3.435751678300608
89662.35551048385,43246.871077989825,3.6241705629456087,3.419154416953333
89662.19507351148,43246.78026022392,3.581361581422236,3.416393247080395
89662.03644395691,43246.687098778326,3.51120829876855,3.4192583199508113
89661.87813631995,43246.59485033838,3.419885050651075,3.422485276883415
89661.71866510058,43246.50677158947,3.3984274664104595,3.4229028050543517
89661.55656631997,43246.42565789485,3.3870921045226585,3.4176318882274686
89661.3905421723,43246.35074260567,3.3848588227510463,3.4046448536748675
89661.21937221,43246.2796008568,3.3897897018399017,3.381529066608034
89661.04257357535,43246.209448664056,3.4025720993162714,3.3499338476949116
89660.86729945456,43246.13387772556,3.4291562186998865,3.330570333724417
89660.7052197026,43246.04433597977,3.4880372877223476,3.364053012311449
89660.56806301113,43245.93224343934,3.596806029017537,3.4573625176574234
89660.46474242532,43245.790940544,3.7279465975053823,3.6598589828807007
89660.38556240097,43245.62645982355,3.8911917295866187,3.910605954183543
89660.31327649335,43245.44998394072,3.8358578054010417,4.120452058112517
89660.23193613492,43245.27192913097,3.6035458896601718,4.243165540593207
89660.13724847726,43245.09581116315,3.3878383202627464,4.297098106532287
89660.03099544844,43244.921549392006,3.166229199346792,4.321783322173861
89659.91501141121,43244.749032129774,3.0215409192958202,4.343273876710828
89659.79113072822,43244.57814768868,3.0694426650746918,4.371911687482889
89659.66118776213,43244.408784380954,3.1227323258507296,4.409786322663228
89659.52701687568,43244.240830518815,3.1779332817708568,4.456524734896437
89659.39045243153,43244.07417441451,3.2618516999878455,4.511804574174677
89659.25332879233,43243.90870438026,3.4259804501015605,4.576117366754493
89659.11748032083,43243.74430872829,3.570638389050581,4.65098557024551
89658.98474137964,43243.58087577083,3.7081037227581493,4.739155252282591
89658.85694633148,43243.418293820105,3.8508811115959842,4.844959114384402
89658.73592953905,43243.25645118836,3.9447151862883336,4.947165708453381
89658.623525365,43243.09523618781,3.9881070135565952,5.074003698597623
89658.52156817203,43242.934537130684,3.9829914706619145,5.265265498109082
89658.43189232283,43242.774242329215,3.9351719874934585,5.438490484665118
89658.35633218005,43242.61424009564,3.854595769227952,5.413423926046971
89658.29672210642,43242.45441874216,3.760257646961352,5.217016842725711
89658.25489646458,43242.294666581045,3.7183790750827255,4.949929604594122
89658.23268961723,43242.13487192449,3.7019244775787437,4.533505562941983
89658.23193592708,43241.974923084745,3.7895843558528437,4.2102923231213545
89658.25446975676,43241.81470837402,3.9804543181217027,3.7452259372238594
89658.302125469,43241.654116104546,4.096216309020412,3.5369482480508214
89658.37673737385,43241.493034583014,4.004722811326048,3.521714656259313
89658.4692895677,43241.330204073696,3.6945086143377988,3.5524702712478327
89658.52955144594,43241.16000399864,3.467412754702086,3.5798294278042277
89658.52384377074,43240.97873735284,3.413737777713155,3.558736365391109
89658.51048122483,43240.79304273539,3.4523008236524753,3.527729012490345
89658.54249287814,43240.61003631662,3.4725652464251686,3.5484315830105113
89658.58148347445,43240.43042519147,3.511539340418871,3.6108888071708294
89658.57255411023,43240.25340825515,3.6346643354622277,3.660979038477629
89658.51632885163,43240.07730985442,3.747374977183057,3.6409568589527175
89658.45334574417,43239.89983011229,3.8379379338325705,3.5228799366860732
89658.41104280068,43239.71956683936,3.8734567927456207,3.333431482770576
89658.3878809008,43239.53700699041,3.875444326568955,3.3794142476243505
89658.37872261787,43239.35287210928,3.8702700554907805,3.4492684611266604
89658.37843052534,43239.16788373984,3.867270839571194,3.5755526957131467
89658.38186719653,43238.982763425935,3.8324310785316005,3.778870766007855
89658.38389520485,43238.79823271142,3.7854786765489914,3.892155772833597
89658.37937712367,43238.615013140145,3.737995482558397,3.9179390235078966
89658.3631755264,43238.43382625596,3.658582020991366,3.8821653882950966
89658.3308390461,43238.255349034436,3.6049918871000393,3.818337916578605
89658.28219717651,43238.079980354814,3.5685781873691873,3.754815299695986
89658.21872754421,43237.9080120292,3.5679438669765444,3.706102929150093
89658.1419112376,43237.739735644784,3.599499091302297,3.6748188879633963
89658.05322934498,43237.57544278877,3.6258492530193633,3.6578858571167148
89657.95416295475,43237.41542504837,3.587195671678506,3.6517181975878357
89657.84619315523,43237.259974010776,3.5706821243600175,3.6498948889474194
89657.73080103475,43237.109381263195,3.5715693965383033,3.6520291462833416
89657.60946768169,43236.96393839284,3.5859780240998504,3.6552146049990406
89657.48367418438,43236.82393698689,3.610362385062831,3.657917628304605
89657.35489770908,43236.68963297572,3.641228870848642,3.6588620057655024
89657.22447255006,43236.55998340074,3.650331678020498,3.6578115111769622
89657.09355277578,43236.432306820534,3.6450465763025024,3.6560741353172865
89656.96327778178,43236.30382270414,3.639327739450443,3.655742750081031
89656.83392388822,43236.173293188156,3.631567329321566,3.657940156779816
89656.70373614685,43236.04311111467,3.62524443425991,3.6608077268194674
89656.57066761167,43235.91619124479,3.626244124599557,3.663534273689426
89656.43267133668,43235.79544833963,3.6422112166402676,3.666702501472823
89656.28772478885,43235.68376811919,3.6039552647847124,3.6704684449317773
89656.13507277264,43235.58252870674,3.5721680121376314,3.6741344379256775
89655.97581863862,43235.49089733996,3.5632696547881104,3.6764438020277246
89655.811213853,43235.40786506156,3.57443698427815,3.6745796525069965
89655.6425098819,43235.332422914275,3.584406532693733,3.6662808358389123
89655.47087408493,43235.263636991935,3.5741021175396317,3.650978294933771
89655.29683953378,43235.201139384924,3.5763523220000906,3.628801001994057
89655.1206499684,43235.14482036416,3.5898547765384237,3.600174182822447
89654.94254765235,43235.094571517984,3.6138898313487795,3.578188638307196
89654.76277484914,43235.05028443469,3.648031829569129,3.6007115438119834
89654.58157382235,43235.01185070262,3.6481804288966817,3.6217266270040023
89654.39918683555,43234.97916191011,3.655222357218216,3.6410750748437866
89654.21585615228,43234.95210964548,3.671395151519194,3.658648059908007
89654.03182403611,43234.93058549703,3.696376030784291,3.6743535047600706
89653.84733275058,43234.91448105313,3.7299049872486676,3.6881119699909464
89653.66262455925,43234.90368790208,3.72068598887575,3.6998616765173042
89653.47794172567,43234.89809763221,3.700269027106752,3.709562094190616
89653.2935265134,43234.89760183185,3.687952860656372,3.717180444286712
89653.109621186,43234.90209208932,3.6833390832339807,3.722645231157758
89652.92642095425,43234.91142591187,3.6859410629884573,3.725822513212678
89652.74373869963,43234.925183879786,3.6949768126062543,3.7267894488034683
89652.56120140966,43234.942811927365,3.7097522632437827,3.725840317352462
89652.37843483436,43234.96375509263,3.691379498507905,3.7236905882312232
89652.19517750952,43234.98765522723,3.6620655263076727,3.72172986556645
89652.0121522997,43235.015871857984,3.638785768136046,3.720814504921269
89651.83059003002,43235.05065091402,3.6264816512958884,3.7219885495340725
89651.65172575765,43235.0942457095,3.6311472688425526,3.7257549083176755
89651.47679453972,43235.148909558586,3.6569566396337474,3.728211385808681
89651.30703142214,43235.216895749516,3.6900354893914673,3.7172119737025966
89651.1425919583,43235.297987350554,3.715023609061059,3.6775563751365516
89650.97959388427,43235.382727627424,3.7406747429276117,3.6675488481456053
89650.81351576895,43235.46023246306,3.754607096803511,3.676417076367187
89650.64330457973,43235.527955548045,3.757546787373648,3.699726942023295
89650.4701102335,43235.58864632235,3.7548224626191034,3.7306062668256823
89650.29511783378,43235.64513881257,3.748875034911504,3.7580848348331863
89650.11951248418,43235.70026704525,3.741345854339234,3.7826888578944207
89649.94447928824,43235.756865046984,3.735251268252726,3.8013136403465757
89649.77120334956,43235.81776684431,3.734901395843199,3.8134859514238952
89649.60086977089,43235.885806461905,3.7439748420563657,3.8192005573019148
89649.43404664448,43235.962314109034,3.762326870805044,3.818250527935964
89649.26891375787,43236.04279907465,3.782527413908345,3.8150264034315153
89649.1030731169,43236.12136244305,3.7977471918002443,3.8133213353067577
89648.93417769711,43236.192231374924,3.80421519456045,3.8115360960503626
89648.7615241769,43236.25369880885,3.8025071134499693,3.822078493871672
89648.58636734525,43236.30890116466,3.7914939172781854,3.840068299643626
89648.41007644712,43236.361257974495,3.766688221639057,3.8432295208134613
89648.23402072742,43236.41418877043,3.73686338324777,3.8401751528524284
89648.05956943113,43236.471113084575,3.7078568199823936,3.836663812526363
89647.88801231801,43236.535253369155,3.6867426544690614,3.829629081069141
89647.71946122883,43236.6069114794,3.676293088403738,3.8173564251534335
89647.55312704263,43236.68415537647,3.6746245644822846,3.7986562119938183
89647.3881977953,43236.764996382975,3.678317186648017,3.772069024191694
89647.22386152273,43236.847445821535,3.6839205767727776,3.737576779836263
89647.05930626077,43236.92951501472,3.688865825109875,3.6975184373125014
89646.8937200453,43237.00921528516,3.6914062124737095,3.676264460300222
89646.7262909122,43237.08455795544,3.6897708027911627,3.6671534773102086
89646.55647803696,43237.15419947538,3.6821260355125753,3.6651003960862227
89646.38556800122,43237.22114427433,3.671012449243595,3.6667016980133655
89646.21560213777,43237.290192574175,3.661595483606052,3.666492182983749
89646.04823897457,43237.36525536279,3.6587018690239415,3.6598974097826313
89645.8825010828,43237.44411953146,3.6603227561245713,3.6487400893506177
89645.71630731525,43237.522007711406,3.6614510864001697,3.6379797968920533
89645.54779030828,43237.59461599476,3.657605119558317,3.632826310795069
89645.37719499889,43237.66232247692,3.6491049737035377,3.6349336353333634
89645.20592485703,43237.72807981074,3.638657438599265,3.6441586156382377
89645.03466592288,43237.793414601816,3.629301053896381,3.6536761378195384
89644.86334287784,43237.858336931866,3.622496454283074,3.6633833602533112
89644.69184479685,43237.92278595931,3.6150920197218794,3.6734768884478863
89644.52006075488,43237.9867008426,3.6070946257952348,3.684187245398425
89644.34787982688,43238.05002074016,3.5984603079708846,3.695681673970892
89644.17519108778,43238.11268481042,3.589071797111586,3.7080417653309024
89644.00188361251,43238.174632211834,3.578732472930309,3.7212576308718512
89643.82785783874,43238.23581700242,3.567191841908687,3.7352168535569215
89643.65324427208,43238.29649492336,3.554538696144837,3.7414307834421656
89643.47838734694,43238.357202235646,3.541251633595703,3.7233743992864325
89643.30363962716,43238.41848586031,3.5279413404859,3.705995389192345
89643.12935367657,43238.48089271838,3.5153714967132257,3.6889503693226544
89642.95588205899,43238.544969730814,3.5044575358883674,3.6719689601172028
89642.78357733824,43238.611263818646,3.496255130026177,3.654885141052684
89642.61279207814,43238.68032190288,3.4919561644461385,3.645759929888109
89642.44387884255,43238.752690904505,3.49289426247887,3.669950983681885
89642.27719019527,43238.82891774454,3.5005495851434967,3.6887811073304646
89642.11307870012,43238.90954934398,3.516524054042849,3.702782683913127
89641.95189692095,43238.99513262383,3.542429818943775,3.712698249372276
89641.79399742157,43239.08621450509,3.5796376130637952,3.7193057537456378
89641.63973146373,43239.18334048102,3.628944135731696,3.723060063953083
89641.48914949455,43239.28672619497,3.689989995718502,3.724157764529215
89641.34161821,43239.39583754223,3.7181685857354827,3.7230304263372815
89641.19640980625,43239.51003679686,3.739061120241937,3.719833948307394
89641.05296368165,43239.62876086134,3.767276852567724,3.71465900942059
89640.91149131954,43239.75179124754,3.8026955045968376,3.7072439263993524
89640.77242691015,43239.87900886943,3.8458215400534694,3.6974818123892303
89640.63620466487,43240.010294650434,3.89740594306335,3.6854760789941086
89640.50325879506,43240.14552951397,3.891414595573682,3.671408940714082
89640.37402351208,43240.28459438345,3.885562108192582,3.655488735669617
89640.24893302734,43240.42737018232,3.8886305757932638,3.7049400994600976
89640.12842155222,43240.573737833976,3.901363195312742,3.748175348682065
89640.01292329804,43240.723578261845,3.851115708959086,3.784249272096222
89639.90287247625,43240.87677238935,3.8084164560165323,3.8135067154787636
89639.79870329816,43241.03320113991,3.779652838091164,3.8363888114634452
89639.70084997518,43241.19274543694,3.7877293842515276,3.853436633035373
89639.60974671868,43241.35528620386,3.8094247332355313,3.8652982001364657
89639.52582774004,43241.5207043641,3.828713956733634,3.872746952309981
89639.44952725062,43241.68888084107,3.816535792158748,3.8767256263737515
89639.38127946181,43241.85969655819,3.8206478891954916,3.878393234474809
89639.32151858498,43242.03303243889,3.814014940824687,3.8790304754096554
89639.27067883151,43242.20876940658,3.8093243753718284,3.879547251786261
89639.22919402352,43242.386788330004,3.8211661690460055,3.8795932991006805
89639.19662936086,43242.56684808515,3.8459174588427913,3.877869152195204
89639.16983545694,43242.748326300585,3.862630777652819,3.8746519746697254
89639.14513408983,43242.93052633313,3.8589575887868417,3.871150075938043
89639.11889267642,43243.1127569248,3.854786897122268,3.869942898287497
89639.0905350935,43243.294687464295,3.849210471514707,3.872047233733302
89639.06441532039,43243.47656906746,3.847997915556173,3.8750638083834565
89639.04533476762,43243.65870564472,3.8536244138456643,3.8772773437799324
89639.03791730781,43243.84139015351,3.8267427039423296,3.876334027379147
89639.04251393254,43244.02465194152,3.818900017447428,3.871589275710552
89639.0550947405,43244.20825008298,3.820716591876562,3.8655947175075736
89639.07185918257,43244.39188056498,3.7995379126274096,3.8622921277480424
89639.09391318503,43244.57465767947,3.790940907747355,3.861961519002344
89639.12549298292,43244.75532459942,3.799346910571858,3.8584478975837055
89639.17078879196,43244.93264575824,3.794573260859933,3.838695444707948
89639.227474683,43245.10722383554,3.787264978506002,3.793689750546489
89639.28367574018,43245.282345104635,3.7832766951764203,3.79150318932059
89639.33620284554,43245.45874549927,3.7768555666455272,3.794387846009018
89639.38731799032,43245.63556663192,3.7692264584025637,3.799023885530503
89639.43934489327,43245.8119320612,3.762837917956999,3.803155088864818
89639.4946072731,43245.98696534578,3.7616658443101176,3.839620876579459
89639.55542884851,43246.159790044265,3.771353828700502,3.8705304025604796
89639.62413333825,43246.329529715316,3.7985499823234026,3.876083789386798
89639.70291921847,43246.49531530744,3.7973464828973746,3.865731977232408
89639.79237308932,43246.65637287726,3.742821430407443,3.8486615993742053
89639.89196245633,43246.811994513126,3.712554517742598,3.8377792168329465
89640.00113227042,43246.9614736342,3.7073754255991735,3.8548992547966487
89640.11932748258,43247.10410365966,3.7277908206421695,3.8773788462275625
89640.24599304375,43247.239178008655,3.7750101828150324,3.9073799521952206
89640.38057390493,43247.36599010038,3.7846265919898787,3.947972293916445
89640.5226113668,43247.483682988015,3.752537796304928,4.000120070023865
89640.6721110877,43247.59067503571,3.749810585396175,4.055029292866908
89640.82921843942,43247.68516656711,3.7741968842091893,4.085350969479144
89640.9934887193,43247.76668250033,3.816489133319262,4.045854991288154
89641.16175015278,43247.84086937449,3.8309174219218165,3.900816805937055
89641.33004372497,43247.91514089447,3.8264909947715404,3.687191164891214
89641.49441034488,43247.996910935675,3.82559645499303,3.6397167296582973
89641.65089092158,43248.093593373516,3.809870944339984,3.6133826637705804
89641.79701265336,43248.20954094576,3.7529098682502333,3.6180444141139585
89641.9391840081,43248.3308146684,3.6578257267381185,3.6449507217849595
89642.08709809973,43248.4367105526,3.4937123509303714,3.6938780980825916
89642.25010664816,43248.50723214498,3.343407527804804,3.7678514283703675
89642.42926280157,43248.53958006072,3.264055070774943,3.8490636064262183
89642.61713654107,43248.5485345187,3.2455496364294643,3.892076878838885
89642.80606937548,43248.54944827912,3.255193237961257,3.8548155390373657
89642.99219425498,43248.55223859375,3.266547731408852,3.733940891836644
89643.1755639583,43248.56120314705,3.2730116064070964,3.561260118309078
89643.35641208554,43248.580380393076,3.273404058911186,3.383213920854019
89643.5349723309,43248.61380784527,3.2623708438904306,3.25720064017975
89643.71186578047,43248.661646569875,3.23499803784718,3.25426020453234
89643.88898396802,43248.71134486533,3.1995342587251745,3.2586993345679924
89644.06841107059,43248.748198205125,3.1734188332791042,3.255563092021817
89644.25057644816,43248.76853296934,3.1655511684881383,3.2395999397176833
89644.43419426309,43248.7801089374,3.169514503543442,3.213691520315719
89644.61790328109,43248.79119116265,3.1761320005988716,3.1819199660285316
89644.80087149417,43248.80686531201,3.1785406038027784,3.16775627934899
89644.98331455285,43248.82592312607,3.1775254266630406,3.163741526901001
89645.16557129026,43248.84641631171,3.175199008052668,3.1612105950590763
89645.34791989127,43248.866751772846,3.1731834252527347,3.158666403764173
89645.53029837567,43248.88732864564,3.1710777018555882,3.156503512265367
89645.71252624372,43248.90924019572,3.167735142671606,3.155823901348879
89645.89442287442,43248.93358039871,3.165121903344778,3.157643393170273
89646.07581516587,43248.96139302332,3.16317093745789,3.1628488557246435
89646.25696630134,43248.99080864975,3.160045290723212,3.170052339307787
89646.43880729713,43249.01549856438,3.1624001628535052,3.1804253408847236
89646.62224065696,43249.02928592344,3.1755898690451985,3.1808359060383955
89646.80672448208,43249.03498393587,3.204149612763525,3.1746891778962114
89646.99050943411,43249.04292099212,3.2338415870144552,3.1740597988890444
89647.17180905578,43249.0636565129,3.2480814313529374,3.191850676877037
89647.34926698977,43249.105484316584,3.2461638960354082,3.233870143810682
89647.52459102497,43249.16055746809,3.2373914057296815,3.2696373927008886
89647.70081872842,43249.21402426862,3.2347659433401934,3.297889112489792
89647.88089900538,43249.25140694962,3.2507357556177845,3.3079777576356744
89648.06470470867,43249.27138618967,3.281920023350794,3.3028953995586234
89648.24841943152,43249.288424234175,3.310062928514084,3.300841250038713
89648.42800879905,43249.31791573238,3.325067385203537,3.323314646821237
89648.60009945346,43249.37295909789,3.3222631374823983,3.404570107086781
89648.76633940087,43249.44920957331,3.3035058644165924,3.5087392132545854
89648.9306815926,43249.53431550228,3.289677202456623,3.597058529942977
89649.09709106934,43249.61588323249,3.288019899951352,3.6471464395150006
89649.26923301966,43249.682396985016,3.311352735386195,3.6608230205862826
89649.4474161657,43249.73216766529,3.362924648848678,3.65790979568521
89649.6298436305,43249.769670714595,3.431851334618963,3.6550925648126844
89649.81468603786,43249.79947672187,3.533053958243187,3.6578917488359735
89650.00011401161,43249.82615627603,3.6273050730807035,3.6682783773671166
89650.18429817558,43249.85427996599,3.682085565312593,3.6453851327402322
89650.36540915353,43249.88841838071,3.698112613496115,3.593768571444571
89650.54161756931,43249.933142109076,3.6878336979423345,3.5585625910732746
89650.71109404672,43249.993021740054,3.668929432754082,3.556388053403738
89650.87201957034,43250.07260484985,3.651977737126788,3.593863176974461
89651.02466326306,43250.17180096412,3.63728948092601,3.644430301102326
89651.17390104708,43250.280287256035,3.6266983595099713,3.682813809419278
89651.3252241772,43250.386374157824,3.626031699580013,3.7099081198533685
89651.48324795574,43250.48015901236,3.6446965190671667,3.718976416095906
89651.64732226777,43250.56248041718,3.679687838061143,3.7170629633466845
89651.81483880995,43250.638171601204,3.7197409753387487,3.710699345757086
89651.9831860026,43250.7120724772,3.753958375660214,3.703653125881374
89652.14975226583,43250.789022957986,3.7768622824116513,3.701323788871424
89652.31205848673,43250.87362199464,3.788057998463381,3.7105660111153833
89652.46973704922,43250.96662765222,3.7916735336143086,3.732702506033685
89652.62411460499,43251.06571606401,3.7921809071452675,3.750262659081824
89652.77656555695,43251.16847650223,3.791450066049153,3.7664665695867345
89652.928464308,43251.27249823913,3.78624722181184,3.7821742029620546
89653.0811818759,43251.37537579611,3.7749962138112023,3.7943471633833066
89653.23573117852,43251.475258985025,3.766881070868169,3.8020026775039497
89653.39245576065,43251.57133558648,3.764264570069577,3.8059504341972965
89653.55162578328,43251.6629071743,3.75505751353177,3.8068365810336893
89653.71351140736,43251.74927532229,3.7343098505117798,3.8042145066544943
89653.87838279385,43251.82974160426,3.723353951994861,3.7960242310412298
89654.0461738158,43251.90427304273,3.7251620227294873,3.7799821681935937
89654.21444558373,43251.97753189778,3.7380970015312505,3.7600410927598644
89654.37994111753,43252.055837977896,3.7445159975886404,3.7440907132105834
89654.54240976465,43252.14013649525,3.7443463186018913,3.734706661681783
89654.70390539264,43252.22725214887,3.74163804983453,3.7289092713578738
89654.86654041395,43252.31390495892,3.7401148180845363,3.7225638606539553
89655.03168749188,43252.39780380569,3.7425285913982997,3.7124323090388245
89655.1972505921,43252.48129435385,3.7468993978643144,3.7018533387186716
89655.36011786667,43252.568080157755,3.7512621683911744,3.697921138760263
89655.5171773389,43252.66186494391,3.753782745657308,3.7087678256664454
89655.66531703199,43252.76635243884,3.747356633472048,3.7365712337612775
89655.80297791719,43252.88360531184,3.718650174328446,3.772273966712202
89655.93679387141,43253.00702848744,3.7104187166439417,3.8057628812186426
89656.07609078438,43253.12718214125,3.7159010079847947,3.826446535190992
89656.23019615108,43253.23462475254,3.7504368310001466,3.832093627656697
89656.40453967128,43253.32333486537,3.811880160331813,3.8176604958737173
89656.58879760037,43253.4011136586,3.8661246099193707,3.7880026010040493
89656.76866684562,43253.47925393345,3.889606424705283,3.7663797179715037
89656.92984431401,43253.56904849125,3.9093042859026834,3.8186838867244486
89657.05802691262,43253.68179013333,3.9982494356639755,3.975078720965317
89657.13921924742,43253.82854890954,4.236333234244112,4.351310843110608
89657.17687662443,43254.00776184019,4.578506263378596,4.764710968426291
89657.20066869925,43254.19887901888,4.7535935640331255,5.081408293375235
89657.2296490484,43254.38857400362,4.692345792723185,5.292176451063579
89657.26466630459,43254.576044097405,4.45356764452451,5.394482244453621
89657.3051842515,43254.761439283786,4.141353020328905,5.434614300772741
89657.35066667279,43254.94490954634,3.8479809157841385,5.459073077006848
89657.40057735216,43255.12660486864,3.6555771884935755,5.480815826763609
89657.45438007328,43255.30667523423,3.480118979120983,5.5042644778946155
89657.51153861982,43255.485270626676,3.3203992077249835,5.530424072071627
89657.57151677547,43255.66254102956,3.1742146964175033,5.559365867263505
89657.63377832391,43255.83863642642,3.118418463482801,5.5910427161731056
89657.69778704882,43256.013706800855,3.149516329349832,5.62549877930556
89657.76300673386,43256.18790213639,3.1809198876390807,5.662915587239264
89657.82890116275,43256.36137241661,3.2151444177349395,5.695842059614311
89657.89493411912,43256.53426762508,3.325343864223959,5.7095765583283535
89657.96056938668,43256.706737745364,3.429001055982411,5.724907882763855
89658.02527074909,43256.878932761014,3.5250483441915166,5.7425559780890065
89658.08850199005,43257.05100265561,3.6126041896606753,5.763412588807274
89658.14972689321,43257.223097412694,3.691003675093242,5.788553922097825
89658.20840924227,43257.395367015866,3.759823040274713,5.777581643341356
89658.26401282092,43257.56796144865,3.8188966573569223,5.762723210374723
89658.31600141282,43257.74103069464,3.8683249838548037,5.753080255164109
89658.36383880164,43257.91472473738,3.908472182797473,5.75038142897897
89658.4069887711,43258.08919356044,3.9399518613202344,5.683277311833414
89658.44491510482,43258.26458714738,3.9635982870817426,5.571974496378889
89658.47708158652,43258.44105548178,3.9804167254437823,5.469427628419695
89658.50295199988,43258.61874854719,3.9915015688277222,5.314729118755672
89658.52199012856,43258.79781632718,3.9979225691929132,5.126868027433887
89658.53365975624,43258.978408805306,4.000641372035337,4.95412887011966
89658.53742466662,43259.16067596514,4.000621069373014,4.755086236269068
89658.53272362505,43259.344723072296,3.9992757288232887,4.526715447867134
89658.5183835033,43259.52956168767,3.9985063638280187,4.318659971231973
89658.49259830349,43259.71307217486,4.00121385768448,4.136215176945365
89658.4535328128,43259.89308267833,4.0112323131519405,3.987157882482851
89658.39935181839,43260.06742134256,4.030256281384925,3.86291505041492
89658.32880571308,43260.234356689514,4.054099010202587,3.7817234702170737
89658.24400964912,43260.39468755221,4.0737822409916005,3.7415945676253726
89658.14827822325,43260.55011475018,4.076327586376142,3.730815769388281
89658.04492750588,43260.70234021119,4.05012200359846,3.736700002384848
89657.9372735675,43260.85306586302,3.9908465757851963,3.7488687848948032
89657.82863247854,43261.00399363343,3.9039180563236107,3.760671951239253
89657.7223203095,43261.15682545022,3.803020132285223,3.7685348490063935
89657.62149889622,43261.31316638168,3.824707881996136,3.769317634467714
89657.52606171292,43261.4725689621,3.9024047705524088,3.7618321356464683
89657.43278176259,43261.632626066974,3.9652152267960967,3.7514991573660703
89657.3383074116,43261.790852299935,4.0032956995927655,3.743537715572532
89657.23928702628,43261.94476226458,4.015788498308275,3.7468302783980056
89657.13236897303,43262.09187056453,4.0103671262834855,3.7732525433808415
89657.014201955,43262.22969199565,3.997775227366753,3.8342632995732027
89656.88273721555,43262.35648485327,3.9859200003142106,3.935367738261302
89656.74017848962,43262.472934786,3.979123609366437,4.061550206648413
89656.58959593017,43262.58022200021,3.976358830588741,4.212000567464036
89656.43404842317,43262.6795234861,3.974892089384431,4.3789951856723
89656.27559907296,43262.771731989626,3.9725515447445137,4.558117215432716
89656.11454862029,43262.85723719291,3.967626166716977,4.715742215682111
89655.9510173776,43262.9363772751,3.959419227678213,4.869772548224578
89655.78512565736,43263.009490415345,3.94756331128279,5.036313389242448
89655.61699377204,43263.07691479279,3.931618547427048,5.21017833992574
89655.44674203414,43263.1389885866,3.9110229313202503,5.2622423356139585
89655.2744907561,43263.19604997592,3.8851682282791433,5.323153436154075
89655.10036025039,43263.24843713991,3.853472634225744,5.391768557929372
89654.92447082949,43263.296488257714,3.8154233092232888,5.466965929865015
89654.74694280587,43263.34054150849,3.770599566816375,5.449132729940863
89654.567896492,43263.380935071385,3.718686872586526,5.435570462333078
89654.3874522003,43263.41800712557,3.6594855741027565,5.428005283767225
89654.20573024332,43263.45209585017,3.5929159129427495,5.425447752937377
89654.02285093348,43263.48353942435,3.522996677641623,5.407756325039698
89653.83893458325,43263.51267602727,3.5373988184877048,5.367586171175239
89653.65410150513,43263.53984383807,3.5508816313437714,5.331868670885827
89653.46847201156,43263.56538103591,3.563584434844084,5.299858084179524
89653.28216641503,43263.58962579994,3.575684345604724,5.270891481196715
89653.09530502798,43263.612916309314,3.587388667864893,5.244360444280019
89652.9080081629,43263.63559074319,3.6556189215872035,5.2196264138328985
89652.72039613227,43263.65798728071,3.7691972003584127,5.195776560937786
89652.53258924854,43263.68044410104,3.8795223389599807,5.171104879951267
89652.34470782417,43263.703299383305,3.974951507528497,5.06747584613889
89652.15687217166,43263.726891306695,4.036257420733633,4.913247236135293
89651.9692404706,43263.75140344974,4.04549632081955,4.714409532270524
89651.783665334,43263.77010151097,3.9988236906564243,4.423955185105256
89651.6043385399,43263.766701056615,3.9181296948317326,4.007711211876181
89651.4345493151,43263.72820173655,3.845002796054921,3.732419294096177
89651.27317109352,43263.65798317534,3.961161000266391,3.6132859944724993
89651.11794214069,43263.56363579943,4.075533500292223,3.5813677710498806
89650.96660072124,43263.45275003859,4.111803032575791,3.595502197266219
89650.8168850998,43263.332916322535,4.034502711904439,3.6228465940059564
89650.66653354104,43263.21172508106,3.8540174121970585,3.645820443114017
89650.51328430958,43263.096766743896,3.6583237311810386,3.6590986823601845
89650.35487961855,43262.995620188616,3.616992892767106,3.6615145990335414
89650.19052764063,43262.91157534185,3.6005893661093054,3.651509643170023
89650.02308903809,43262.8372360577,3.6009348366384915,3.631757610599879
89649.85598383003,43262.76356968276,3.6053455182057705,3.6066421913532345
89649.69208278501,43262.683017808326,3.6314639859818296,3.5803327240875844
89649.53175026593,43262.594749476724,3.645494432352362,3.5612514640692465
89649.37463609078,43262.49985164203,3.6535903585166496,3.552027434373839
89649.2203900246,43262.399411400685,3.659539506935717,3.552345271128629
89649.06866183234,43262.29451584915,3.6643802385918347,3.5602251376362766
89648.91910127903,43262.18625208388,3.6681227347303778,3.573393759287962
89648.77135812966,43262.07570720133,3.6707612346464393,3.589958043190399
89648.62508990587,43261.963942155286,3.6725990049124135,3.6085517405965057
89648.4801849334,43261.85124001188,3.67353969101721,3.62890586509924
89648.3367958581,43261.736992988794,3.674874597262007,3.651640452512951
89648.19506891022,43261.62058587136,3.681107495250279,3.6770884034304547
89648.05477505527,43261.502146877196,3.6855182536376567,3.7043881306706457
89647.91536076376,43261.3824470766,3.6889780490016273,3.73179428636117
89647.77626181341,43261.26227872335,3.6923831288195657,3.757678574305185
89647.63691398191,43261.14243407127,3.6967661240763006,3.7807869045668827
89647.49675304691,43261.02370537412,3.696842585647027,3.800328389206906
89647.35521478615,43260.90688488573,3.6993724528190093,3.8159781593826123
89647.21173497726,43260.79276485987,3.706649076283055,3.827801795798469
89647.06574939795,43260.68213755034,3.7201356041076763,3.836017322480097
89646.91673926571,43260.57573099377,3.7327101170712247,3.8406619167327296
89646.7648335243,43260.47335783607,3.7487673119344955,3.842265685893989
89646.61064377248,43260.374148617295,3.7691696224740237,3.841526130865995
89646.45479313645,43260.27721758654,3.7917197469930866,3.8388003322412185
89646.29790474239,43260.18167899293,3.814411933653849,3.834474118764046
89646.14060171646,43260.086647085605,3.8356306634571347,3.829214947030317
89645.98350718484,43259.991236113674,3.8517175860320276,3.8240684966959533
89645.8272442737,43259.89456032628,3.864382763207235,3.8204544713222837
89645.6724361092,43259.7957339725,3.8739383729632033,3.8200363870760663
89645.51970581755,43259.69387130149,3.8803537999111053,3.8243398986811763
89645.36967652488,43259.58808656236,3.8832295768082865,3.8341446309886704
89645.22275685104,43259.47781046797,3.8817560992167333,3.8488462247082893
89645.07748205935,43259.365237515995,3.878146147209622,3.864407019728206
89644.93142013262,43259.2539892444,3.8770741091901697,3.876608961089082
89644.78213097862,43259.1476991043,3.883778056744209,3.882966838961487
89644.62744999843,43259.0495820855,3.875869392263288,3.88106067659563
89644.46850878594,43258.95784641495,3.8766793901788805,3.865576813197791
89644.30861080879,43258.86740134511,3.8806972915624423,3.845382992978913
89644.15109782311,43258.7730979699,3.8819775143628252,3.827737287650141
89643.99898208673,43258.670304810286,3.8749170430208237,3.8206835075409478
89643.85161825833,43258.56013409021,3.8583729670174276,3.823888476377523
89643.70608080579,43258.44727872621,3.8346506512812377,3.831190568687441
89643.55940961323,43258.336485943575,3.8092976557886176,3.837618287997432
89643.40864456471,43258.23250296753,3.7731475233885616,3.8396597084420505
89643.25084838411,43258.140039842605,3.754143073594958,3.8309913398691666
89643.08595114324,43258.059138886325,3.7537448194935528,3.8059357952862896
89642.91950841164,43257.98068472447,3.760119131613,3.770950544663369
89642.75773007414,43257.8944968295,3.7606963302466174,3.7405394964135654
89642.60570809171,43257.79224119672,3.7426434794276666,3.7301263564558758
89642.45969855592,43257.680178405986,3.69461949929436,3.736890482982134
89642.3117611023,43257.57150050359,3.633413521022664,3.74978942691265
89642.15436627984,43257.47878333231,3.5887327811535563,3.76131739106345
89641.98615435458,43257.40529597707,3.5537934229427033,3.767963221447981
89641.81033784915,43257.34741046693,3.5399179604992144,3.7581541855302296
89641.63031892951,43257.3006250011,3.547276458557075,3.7130396579768994
89641.44993228026,43257.25667847654,3.560753579435748,3.629457983204987
89641.27315496786,43257.20607225583,3.5718528851740183,3.5292686656360206
89641.10396414537,43257.13930694938,3.5725027919148857,3.463966233862796
89640.9459130085,43257.047863235915,3.5441129036663677,3.4420448943930233
89640.79416181552,43256.94262387043,3.4858883313794307,3.451880191039363
89640.63618733177,43256.85223330349,3.426549140106675,3.4634339047515192
89640.46442146017,43256.79377920255,3.3970051175339635,3.452769315642377
89640.28380202618,43256.75519588834,3.399416528311935,3.413457245567583
89640.10109274935,43256.720161224424,3.412417458763948,3.3646116608518493
89639.92305734927,43256.672353074355,3.415152849917882,3.3201159220206504
89639.75552966495,43256.5978473729,3.388996957000869,3.3069613294752083
89639.59293120625,43256.512151340416,3.3458004722715677,3.333534737599111
89639.42318089683,43256.44739745399,3.31351967879326,3.3505054880687295
89639.24461963835,43256.40752335361,3.300051811339445,3.344494663276272
89639.06124493333,43256.38117332588,3.3074571715886676,3.330681831217711
89638.8771079271,43256.35684662697,3.3198376905694515,3.3170386921471273
89638.69545026589,43256.32532879072,3.324688859906926,3.3104736496780234
89638.51602244242,43256.28726545577,3.3226495894362174,3.310539485174934
89638.33763400075,43256.245959792686,3.3163551704777077,3.314195802773743
89638.15911529728,43256.20467330474,3.3094981005000985,3.3179020938656447
89637.97984195656,43256.165575544816,3.3047407990120448,3.3202759273702114
89637.79977444376,43256.12966486792,3.303844589522053,3.333107685543759
89637.6189019768,43256.097882048845,3.3086824460187017,3.341764039658465
89637.43721458249,43256.07116507846,3.3208266138478337,3.3466412675790904
89637.25481078772,43256.05007848552,3.339056093716359,3.3479008686326672
89637.07200581957,43256.034440907926,3.3266341067054834,3.3456687147634394
89636.88909395153,43256.023824747674,3.321296934983542,3.3396435042545214
89636.70602600738,43256.01664353726,3.3206807227049717,3.3305403620211855
89636.52259955254,43256.01079368386,3.3220612286372218,3.3364214751482333
89636.33861148082,43256.00416946126,3.323306107558459,3.369002084792702
89636.15408211878,43255.996220949804,3.3208116261006886,3.3981217521326137
89635.96978309538,43255.991629696975,3.316477104733555,3.418980368520576
89635.78664378286,43255.99617564814,3.326621497553935,3.430559810189565
89635.60558193328,43256.01558132005,3.3570083106770077,3.4329790611360536
89635.42640605771,43256.05008720392,3.4025350499723537,3.4276105711871208
89635.24691397768,43256.089996679555,3.435620910298445,3.421877237910231
89635.06471009682,43256.1246317156,3.452532685419936,3.4243507371300717
89634.8789304518,43256.14879863886,3.457908765165567,3.4535567697032112
89634.69135465471,43256.16676969637,3.458346386620077,3.566353864005995
89634.50402443185,43256.18375569431,3.4610437068454685,3.6455983840586175
89634.31898150951,43256.20496743886,3.476387837935443,3.676543923807686
89634.13826761399,43256.23561573623,3.4979620452697993,3.6635239079755832
89633.96392447158,43256.28091139258,3.497121643189663,3.626937782243877
89633.79799380862,43256.34606521413,3.548185293332031,3.589789223908702
89633.64198161503,43256.43500501478,3.650009916867816,3.583936094504439
89633.49366337199,43256.54272470964,3.781706995508647,3.595444826625698
89633.34922809101,43256.660418904205,3.9132926232296237,3.570840537798525
89633.20500659062,43256.77959385754,3.930557234673533,3.5228494393524565
89633.05958309796,43256.89672573331,3.938784346729448,3.5147331666040076
89632.91329952989,43257.01216728907,3.944375891004925,3.5075910159744974
89632.76654436653,43257.12637397788,3.948474066034334,3.5014738028278147
89632.61970608808,43257.2398012528,3.9520306958763927,3.4961884047529086
89632.47317317463,43257.35290456694,3.955774054388757,3.491291433556079
89632.32733410633,43257.46613937337,3.960408972112754,3.486292155902796
89632.18257736336,43257.57996112515,3.966301185991129,3.5111488382325495
89632.03929142583,43257.69482527535,3.9637170745661683,3.559218239652483
89631.89786477388,43257.81118727708,3.964122341039354,3.601253075791092
89631.75868588766,43257.92950258339,3.968691268560591,3.637128885844021
89631.62214324732,43258.05022664737,3.9787447692378977,3.6669175881168714
89631.488625333,43258.17381492209,3.982775373330827,3.690889548445782
89631.35852062484,43258.30072286062,3.9336457801638103,3.70950901949287
89631.23221760298,43258.43140591605,3.8918181525388174,3.7234103778435035
89631.11010474757,43258.566319541445,3.858943993090576,3.7333330702979817
89630.9925705891,43258.70591889274,3.824048405461111,3.7400083871625847
89630.88003309697,43258.85048543865,3.7638229899574336,3.744105499977902
89630.77298914216,43258.99983513426,3.7162797796950326,3.746250395900274
89630.67194867595,43259.15370676202,3.6794069887695917,3.7467059009704418
89630.5774216496,43259.311839104375,3.6478212780973926,3.744879901164346
89630.48991801434,43259.47397094376,3.63054034379868,3.7385591160840166
89630.40972696609,43259.63975073528,3.626016872848035,3.72383212036547
89630.33445513883,43259.80772929981,3.6292144482493365,3.6990701954016507
89630.25992161753,43259.975726039855,3.634282649044679,3.6668772885258267
89630.18191303244,43260.141547078296,3.637537417017763,3.634144522772628
89630.09621601384,43260.30299853802,3.6358738639493158,3.607886957553047
89630.00002295831,43260.45864594772,3.6249989173912756,3.5957833627199514
89629.89643464955,43260.61024659236,3.6037666529649646,3.595755040577242
89629.79010388108,43260.76039616458,3.5779605663916985,3.600712818353289
89629.68568345302,43260.91169036058,3.549249936619529,3.6048636960292963
89629.58782588705,43261.066724722754,3.526427449513415,3.6038806019042795
89629.49942519912,43261.22712351756,3.5162718549961256,3.5941265624650574
89629.41744680662,43261.391236466945,3.5160422158382993,3.576011938634214
89629.33760803555,43261.55672393417,3.5198669703240486,3.5510752813108857
89629.25562621185,43261.7212462825,3.522736438184004,3.5237600904179494
89629.16766348739,43261.882680757866,3.538795707373973,3.4982032677408395
89629.07292081274,43262.04038622586,3.5603543533521673,3.4814069737910547
89628.97186954883,43262.194340962924,3.575299010934341,3.4755509829839597
89628.8649853287,43262.34452532847,3.5873885255720985,3.481004912689552
89628.7527437854,43262.490919681906,3.5980332468113354,3.4969592861379293
89628.63562055198,43262.63350438261,3.6074594357600134,3.4948240513774205
89628.51409126146,43262.77225979001,3.6154894803549187,3.5019991013834946
89628.3886315469,43262.90716626348,3.621873592367511,3.5175606895910674
89628.25971704134,43263.03820416244,3.6263755082767304,3.540641136761974
89628.12774834987,43263.16545832365,3.628798718041537,3.57040333784029
89627.99282971743,43263.289426269286,3.629070956984746,3.6060575519287714
89627.85499222505,43263.410707403156,3.6272231486242505,3.6045890638915323
89627.71426691713,43263.52989591159,3.623461991109134,3.594086288135828
89627.57068197096,43263.64717713216,3.6179508689859032,3.5884272398875643
89627.42426068302,43263.76204043555,3.6106020892202095,3.5880378714494663
89627.27502587452,43263.873907406785,3.6014856918961726,3.5936763877929923
89627.12300036663,43263.982199630904,3.6305773978326688,3.6063343910101855
89626.96820698047,43264.08633869295,3.6683497409786607,3.627198508801522
89626.81066853725,43264.18574617796,3.6988552525871627,3.655143035519254
89626.6504078581,43264.27984367096,3.722487942165034,3.631362978502618
89626.4874477642,43264.368052756996,3.7398467930833936,3.6179915348054075
89626.3218110767,43264.44979502109,3.751743644560915,3.6165818066184934
89626.1535206168,43264.5244920483,3.759240210023213,3.6288367725134747
89625.98259920561,43264.59156542365,3.763636515654772,3.644374128124344
89625.80906966433,43264.650436732176,3.7662259112296077,3.651477970842576
89625.63295481411,43264.70052755892,3.767667483795111,3.67473718108445
89625.45433237824,43264.741457735225,3.767444337993777,3.7127555171265874
89625.27378683569,43264.77467693877,3.7653862249480032,3.7469803343738723
89625.09217637134,43264.80262317302,3.7615878449200713,3.7362351408742107
89624.91034772096,43264.82771584271,3.756513559238754,3.7312346366251914
89624.72861957029,43264.85131803522,3.7504869685220754,3.7291000009440376
89624.54663651859,43264.87344438717,3.7432746941632775,3.7291702524964445
89624.36399928901,43264.89402176524,3.7350933841189367,3.731453888007877
89624.18036420974,43264.91289805488,3.7668372818318665,3.7314824491861973
89623.99587137307,43264.92923400296,3.8116636888736144,3.7341082555206686
89623.8109098717,43264.94183667612,3.846795282380001,3.742825462995026
89623.62587085366,43264.94951022168,3.8715781621137983,3.7604582483146234
89623.44114546693,43264.95105878697,3.886628705717597,3.7904436383422424
89623.25712485953,43264.94528651932,3.8937474484781505,3.8367059721026076
89623.07420017946,43264.930997566065,3.895645448467393,3.8393646521959677
89622.8927625747,43264.90699607452,3.8951090183410284,3.830257477346545
89622.71320305846,43264.87208704251,3.8934895812228345,3.841534966998102
89622.53574671976,43264.82612199825,3.8904611241853964,3.8714369549780363
89622.36012965078,43264.77203671247,3.8863175356314485,3.8583566986412206
89622.18599847275,43264.713319116556,3.8812098049130555,3.8491527434989856
89622.0130150208,43264.652253269014,3.8751298001515027,3.8457149059909077
89621.84086831567,43264.58897203235,3.86746777830049,3.846295187084374
89621.66925098278,43264.52338482695,3.858470800075331,3.8389746345245994
89621.49812051411,43264.45522830007,3.8487370798023477,3.8329950277985
89621.32808276801,43264.38381616793,3.862490047733649,3.832019166332242
89621.15984097995,43264.30839862746,3.8841076405899653,3.838031375423008
89620.99409838532,43264.22822587552,3.8992854070488594,3.8360535700129637
89620.83155821958,43264.142548109055,3.9091564565355372,3.831946850959203
89620.67292371819,43264.050615524946,3.9152862198830674,3.8404487986929103
89620.51889811654,43263.9516783201,3.9187353077836953,3.8626801827279804
89620.36982563978,43263.845459001204,3.919625051416469,3.897247915868716
89620.22459055595,43263.733600777065,3.918673884212444,3.912296929179953
89620.0817060657,43263.61823502839,3.9162768873149356,3.929771727577185
89619.93968536967,43263.50149313598,3.913254071133799,3.9468466797589326
89619.79704166845,43263.385506480576,3.9115978551347568,3.9606451437408
89619.65234328908,43263.2723287218,3.9134450682635644,3.9697117307596343
89619.50510838881,43263.16267438068,3.917447357950226,3.9745428283947293
89619.35565600947,43263.05612883385,3.9263632124957377,3.9764951028210804
89619.20433025823,43262.95224211907,3.9393225588952276,3.9762659374009885
89619.05147524229,43262.850564274086,3.938899852568974,3.9741223540007145
89618.89743506876,43262.75064533665,3.9357100735819657,3.9702094226117666
89618.74255384486,43262.652035344516,3.9345391314741263,3.964716914214154
89618.5871753822,43262.554281793215,3.9345706080691762,3.9579571464210885
89618.43163708139,43262.45687702802,3.935057231742249,3.9504758254175165
89618.27627013934,43262.35926002802,3.9352958889516794,3.9430875107814884
89618.12140549895,43262.260867587014,3.934807750871761,3.9367298106660362
89617.96942620608,43262.15805907986,3.931153614122752,3.935939163171783
89617.81477670453,43262.05928708518,3.9324116938418356,3.926614839118203
89617.6573564917,43261.964759901166,3.938630005727573,3.9083066151651344
89617.49937492267,43261.871191958766,3.9432035537868066,3.886980301703937
89617.34304134038,43261.77529770653,3.9423250635006033,3.8667430362795647
89617.19003965263,43261.674563485525,3.9374390441855693,3.8520709097660744
89617.04012822392,43261.56930436279,3.928814564080305,3.8440015636363354
89616.89262444619,43261.460483217685,3.9165271988174197,3.8417613874377183
89616.74684571134,43261.34906292959,3.9002680233745846,3.843682648270102
89616.60210941134,43261.23600637788,3.8801118839137376,3.847871976529381
89616.45773293804,43261.12227644195,3.8670411403153926,3.852701872486187
89616.3130336834,43261.00883600114,3.8626948211721963,3.8569399847633834
89616.16732903934,43260.89664793485,3.8599762770585713,3.859594965907042
89616.01995202046,43260.786656850905,3.860346710258595,3.8598111936955037
89615.87177737725,43260.67800421281,3.8633731679093826,3.85957279013466
89615.72650254326,43260.5665301931,3.8897892572853072,3.866271881712968
89615.58722247368,43260.448753808836,3.9178680956911913,3.8640268824929276
89615.45414994653,43260.32448273753,3.930700794956989,3.875309216926216
89615.3269246848,43260.194178531696,3.938257713253617,3.901790040389587
89615.20518641155,43260.05830274383,3.9460992735882803,3.9424479148544505
89615.08857484971,43259.91731692645,3.9561390692470386,3.995483280185338
89614.9767297223,43259.77168263203,3.9684340845015553,4.058996040278815
89614.86929075235,43259.621861413085,3.98242339478332,4.1312115205725135
89614.76589766284,43259.46831482214,3.9974684938034537,4.197153939709452
89614.66619017675,43259.31150441168,4.013020646556421,4.2161392972649345
89614.56980801711,43259.151891734204,4.028653636242745,4.240862817057422
89614.4763909069,43258.989938342216,4.044049994657532,4.270010679778509
89614.38557856914,43258.826105788234,4.058951871751702,4.302490525909976
89614.29701072679,43258.66085562476,4.07307126914781,4.316076662553504
89614.2103271029,43258.49464940428,4.085994950350982,4.316041369649335
89614.12516742044,43258.32794867931,4.0972452300254085,4.318590543367503
89614.04120089175,43258.161203508396,4.106813584874125,4.32446661762236
89613.95976403852,43257.99421408935,4.114768294307581,4.258345772238321
89613.88472067997,43257.82579556489,4.1219344404876725,4.171288903331357
89613.8201455056,43257.654680887674,4.132135867627548,4.0988510786173356
89613.77011320487,43257.47960301037,4.148394857525232,4.023464496937643
89613.73769213077,43257.299727956575,4.168038570233457,3.983045683200075
89613.72067132071,43257.116493672285,4.185111326167468,3.9894295079776083
89613.71511479524,43256.9320801758,4.1905446601539404,4.024217471623191
89613.71742426867,43256.748138460054,4.175915746891161,4.070014900368206
89613.72501176277,43256.56474008443,4.13589960886292,4.06567669640125
89613.73547686473,43256.38166338364,4.070232780747908,4.0334490244111585
89613.74641916166,43256.19868669237,3.9839685498106476,4.009105545902182
89613.75543824075,43256.01558834531,3.8880641065948405,3.9874428347572963
89613.76013368915,43255.83214667715,3.8822547117169,3.9619886544462517
89613.75829879123,43255.648160460354,3.88373817231463,3.924734629220491
89613.75269370197,43255.46395254078,3.8905891124008476,3.8739867349952766
89613.75134762531,43255.28040172173,3.8977284504882714,3.8164443377214026
89613.76252607068,43255.098411219056,3.900667871939543,3.7712014914175613
89613.7903518146,43254.918326520106,3.894748866505459,3.7494865299524327
89613.8295269166,43254.73922481842,3.879197630317958,3.7467600300552966
89613.8734507431,43254.5600079284,3.8556886517958815,3.744912919480569
89613.91555143255,43254.37958610628,3.8334584067760153,3.737781873506255
89613.953792274,43254.198200251354,3.823864361605022,3.729074484773448
89613.9955772899,43254.01886123615,3.8299229971469586,3.7302512843151026
89614.04948904908,43253.84492572648,3.847865234289092,3.7119139744959897
89614.12301878174,43253.67924410548,3.863196262645655,3.6734833213112776
89614.21241744445,43253.51945228365,3.8663043832442368,3.665105427748178
89614.30731677722,43253.36011545233,3.8665308746798557,3.6314197780958763
89614.399703416,43253.197500728296,3.894267125044455,3.5935010469395117
89614.49504754362,43253.0374983331,3.9753642915241634,3.571806530538338
89614.60345125056,43252.889304245495,4.101538073499928,3.552817727143989
89614.73502082752,43252.762117441955,4.177199997567186,3.4827834853569355
89614.89551023023,43252.66144751569,4.0373712250092835,3.483200183281364
89615.06182673409,43252.56835133305,3.6705647228889298,3.5198446279621756
89615.19914209053,43252.45393780253,3.3876176594126393,3.5450678516538563
89615.27837681987,43252.29391884047,3.3313263393401975,3.483266556739676
89615.33376022575,43252.1147148995,3.3976278444378107,3.3257201601725814
89615.43506672802,43251.97147721068,3.532315341451789,3.161974473685574
89615.59541160554,43251.87821295557,3.731090581151463,3.0531410266525567
89615.78136035887,43251.81507690764,3.979417946202544,3.0109510861701283
89615.96580864112,43251.76256305224,3.7673222144441865,3.018687124849915
89616.13999959514,43251.70432402997,3.3414728680366017,3.0410619262834198
89616.29785715607,43251.6244739995,3.01937096423886,3.06956839199149
89616.43484683534,43251.510247649465,2.9539988019260273,3.0830577455979062
89616.55698179052,43251.37023070022,2.947515375331732,3.0454847514596484
89616.67469094248,43251.22194746417,2.96735500593565,2.9338726726560473
89616.79841816996,43251.08295253193,2.997970194020258,2.7525372776502914
89616.9386072874,43250.970800387804,3.0406331588033346,2.5939984034076238
89617.10190583028,43250.89675960376,3.0846570650318874,2.498670832361457
89617.28092943487,43250.8488646095,3.1084970239596577,2.4583369846915746
89617.4650524792,43250.80978293071,3.093911667902389,2.451889627296409
89617.64546774846,43250.765531617224,3.050598721651076,2.4303441699023276
89617.8227982591,43250.71949829905,2.9883998007393973,2.4008630298272178
89618.00071465176,43250.68068436043,2.9045409112999594,2.381481651948277
89618.18202250781,43250.65535227287,2.785175119196448,2.3780091434892094
89618.3647531049,43250.6346594467,2.6330225115093517,2.3990831719723897
89618.54541312532,43250.60499397423,2.470057363330784,2.412881774512854
89618.72316326894,43250.56244124746,2.3886956502101557,2.413762540023244
89618.89988130717,43250.51301362087,2.3781810102225824,2.4088965011813395
89619.0775680806,43250.4631730883,2.3689210928897704,2.404863855457414
89619.25767403393,43250.41802516215,2.3550808634617453,2.4074540770011823
89619.43771617035,43250.37298116728,2.3431588523789473,2.4141387701417547
89619.61349973732,43250.31923371057,2.346558783178013,2.419210688632784
89619.78082294702,43250.2479580598,2.4642517308510397,2.4122700906678056
89619.93656747082,43250.15259869136,2.617142097869185,2.3743989423361187
89620.08650461883,43250.0452186357,2.737174430087995,2.304645417624927
89620.24075780848,43249.94699614476,2.7900798217854366,2.3079339997977035
89620.40639248767,43249.87277065589,2.787217314072296,2.3734460580549794
89620.58229163053,43249.82041858324,2.768522187582289,2.491698167661189
89620.76599823988,43249.78503845653,2.757077234515206,2.720589052568467
89620.95505531845,43249.76172880554,2.7566034449965993,2.955725680721528
89621.14700586909,43249.74558816,2.764721348595882,3.1628275529134147
89621.33939289452,43249.73171504969,2.7816136609524205,3.323666258392957
89621.52975939757,43249.715208004345,2.812471928831142,3.449478784859991
89621.71564838102,43249.691165553704,2.8580855596343526,3.449397887464552
89621.89460284763,43249.65468622754,2.948492636265593,3.3560999435281276
89622.06416580021,43249.60086855559,3.017091211379224,3.281465564048463
89622.2218802415,43249.52481106762,3.12548410135057,3.2205226926907597
89622.3657316459,43249.42241630958,3.0883916666166424,3.180125336332355
89622.4985215826,43249.29833816555,3.101862433803003,3.156552368005893
89622.62600996309,43249.16260613095,3.115042656337597,3.1416996210775556
89622.75399973012,43249.025327893236,3.114738554584725,3.1334402320536854
89622.88665807876,43248.894587584924,3.110603286336545,3.1369974928213056
89623.01782710158,43248.7656963331,3.104924173774277,3.148300117946538
89623.13733128775,43248.62899515741,3.033277094781882,3.1594566329748037
89623.23725345875,43248.47692468272,2.997216531060497,3.159594793431274
89623.32163833872,43248.31306130836,2.987254891417154,3.1419741477288774
89623.39845635842,43248.144632619194,2.9850034469035243,3.100713032472787
89623.47468629635,43247.97722897507,2.9872322244591376,3.0374821508148635
89623.55509363757,43247.81279033108,2.9864011950870917,2.977616151397865
89623.64351310306,43247.65250173301,2.978046669056751,2.969734029092945
89623.7381400684,43247.49520925153,2.9744502136645554,2.969617295203031
89623.83420634494,43247.33852978925,2.971395493117254,2.9717987970449844
89623.92804137316,43247.18065535384,2.971140276753717,2.9717392766715314
89624.02059373162,43247.022186341244,2.972427259839734,2.9627895321848237
89624.11399844181,43246.86434175097,2.9729511029528197,2.9503145438471607
89624.21031989196,43246.70830058514,2.970619523241489,2.941259821966085
89624.31022746285,43246.55445189878,2.9647978579499665,2.9368263736649936
89624.41311227634,43246.40246091073,2.955927990828525,2.936517668916762
89624.51831822588,43246.251966095835,2.949730230589255,2.939404440310041
89624.6251891926,43246.102605919164,2.948511144697086,2.944360134061729
89624.73291908373,43245.9538985944,2.9463147876256985,2.9501538745430875
89624.84017808373,43245.80494240654,2.944757828290655,2.9590411030381123
89624.94552212466,43245.6547440313,2.9458067464608337,2.966455074369051
89625.04751157317,43245.50231313544,2.9512808324735826,2.9700927987759163
89625.14571783044,43245.34734130742,2.9612942561963616,2.96963521729862
89625.24200390535,43245.19106577739,2.9742041840560645,2.967185331094825
89625.33854851074,43245.034936711236,2.9910172925586513,2.9654624223216652
89625.43753035937,43244.880404274765,3.0033707791035393,2.9679590917152496
89625.54111956648,43244.728917016546,3.0106472370380697,2.9786893374192713
89625.65096981199,43244.58182633939,3.012672259954253,3.000474949850359
89625.7679337793,43244.4403328339,3.008240022989306,3.0281183509976914
89625.89171123026,43244.30462409559,2.9953914586728385,3.0628208971174518
89626.01836765111,43244.17153495497,2.983225470660514,3.0959708238738903
89626.14320775375,43244.037198397746,2.984321180415172,3.1207563969533982
89626.26169497115,43243.897876917596,2.9966676212651393,3.134433766752678
89626.37242276945,43243.75238694879,3.022966874410079,3.13941361829587
89626.47685016118,43243.601883059215,3.060257111498857,3.1397474955790443
89626.57654185344,43243.44760605778,3.088085822282606,3.137001178940066
89626.67306255324,43243.29079675345,3.094368473961818,3.1315589848576586
89626.76797696765,43243.13269595514,3.1027527023363577,3.1240609401595356
89626.86284980371,43242.97454447178,3.110700764900679,3.1159541412159397
89626.95912754534,43242.81748997096,3.116457154941255,3.10918296105732
89627.05714809048,43242.66180672752,3.119902195098499,3.104509677468968
89627.15664293522,43242.507291266316,3.121598868167573,3.10183363708259
89627.25733739839,43242.353735245466,3.121946228516962,3.1008713030751887
89627.35895679872,43242.20093032308,3.1212362178455573,3.1048205912769427
89627.46122645505,43242.04866815726,3.119734608000029,3.1098729163443584
89627.56387168614,43241.89674040609,3.117724128885052,3.115310399351024
89627.6666178108,43241.744938727694,3.115518461508883,3.1207589680100583
89627.76919014777,43241.59305478017,3.113464200962993,3.125882161159828
89627.87131401588,43241.4408802216,3.111935814719517,3.130379025896001
89627.97271473389,43241.28820671013,3.1113208276678197,3.1339718623646604
89628.07313750937,43241.134840471226,3.1119718879280436,3.1364061249152257
89628.17258528862,43240.98077650954,3.1138929530471517,3.137718985722613
89628.27124083274,43240.82614153399,3.11683429136375,3.138133792659747
89628.36929057102,43240.67106494015,3.1205258832859872,3.1378532490468647
89628.46692093268,43240.515676123585,3.124699957377638,3.1370733872609957
89628.56431834691,43240.36010447986,3.129101372883226,3.135997029234786
89628.66166924295,43240.20447940454,3.1334908619235855,3.13483970161996
89628.75916005003,43240.048930293204,3.1374645377742807,3.1338310357391608
89628.85697719736,43239.89358654139,3.14091704995945,3.1332133849503436
89628.95530711414,43239.73857754468,3.143742081349738,3.1332358842723167
89629.05433622963,43239.58403269866,3.145750480689546,3.1341415896727636
89629.15423174518,43239.43006843586,3.1467625970710773,3.1361286178596175
89629.25488771491,43239.27661703885,3.146903137513291,3.1390385170804675
89629.35599512923,43239.123473889005,3.1465231139120418,3.1424552385554034
89629.4572401548,43238.97043111565,3.1459811297760565,3.1459710217946473
89629.55830895835,43238.817280848096,3.145653745516851,3.1491379014511836
89629.65888770651,43238.66381521567,3.145933506168734,3.151676470426384
89629.75868648614,43238.5098420797,3.1471823688114267,3.153293223020308
89629.85770554135,43238.35536013494,3.1493955012378088,3.1540137925255944
89629.95613821798,43238.200495077064,3.1517651225936567,3.1540694773401103
89630.05418135617,43238.045374899906,3.154289701078161,3.153679505942646
89630.152031796,43237.890127597304,3.1570090377947087,3.15306241924636
89630.24988637763,43237.73488116307,3.1596813188029995,3.1524463827328324
89630.34794194116,43237.57976359108,3.162081243706225,3.152071112431416
89630.4463953267,43237.42490287512,3.1639945031365553,3.152182868346875
89630.54540883031,43237.270404543546,3.165248989572374,3.152984683363025
89630.64496165072,43237.11625504845,3.165882727845964,3.1544525547196605
89630.74497255332,43236.96240153958,3.165994455689911,3.1564812493892362
89630.84536026588,43236.80879114216,3.165674758636027,3.1589604797956037
89630.94604351617,43236.655370981396,3.1650110173947685,3.1617791374315063
89631.04694103188,43236.50208818248,3.1640909713961456,3.1654321429137924
89631.14796102939,43236.348883263214,3.1630144907409816,3.170196786212088
89631.24896667401,43236.195668422406,3.1619429982514538,3.1748813065755033
89631.349809064,43236.04234827355,3.161060515433518,3.1793099097457316
89631.45033929752,43235.88882743005,3.160557082487434,3.1833178240485376
89631.55040847263,43235.735010505305,3.1606299635622226,3.186751985668874
89631.64986768748,43235.58080211271,3.1614788534644895,3.189468372295665
89631.74856804017,43235.426106865685,3.16329613259472,3.1913237985556266
89631.8463726063,43235.27083707507,3.1662410128130936,3.192177323139891
89631.94332932246,43235.11502385486,3.1702288073451763,3.1920857880848725
89632.03963137395,43234.95879166487,3.1749852238896064,3.1912580498291683
89632.13547585641,43234.80226747793,3.1802297302207223,3.1898987792858433
89632.23105986547,43234.645578266834,3.1856933672311367,3.1882171104183437
89632.32658049674,43234.48885100441,3.1911245094921314,3.1864347191901166
89632.42223484584,43234.33221266347,3.1962894407743656,3.184788660753508
89632.51822000838,43234.175790216825,3.2017219483808765,3.183531745761913
89632.61473308002,43234.01971063729,3.2082907392486204,3.1829319209523224
89632.71197115634,43233.86410089767,3.2139388274316616,3.1832690797964034
89632.81013133297,43233.70908797079,3.218507112274332,3.1848235922945616
89632.90941070553,43233.554798829464,3.2218399770385537,3.1878493682144837
89633.01000636964,43233.4013604465,3.2237523497320884,3.1925363293062294
89633.11198348286,43233.248814530096,3.224157593412056,3.1988369726745245
89633.21481467204,43233.09681986708,3.223629338450042,3.2059621453296145
89633.31780629716,43232.944927794786,3.222954454731185,3.212985207464877
89633.42026470973,43232.79268964503,3.222986123363713,3.219114695009076
89633.52150052597,43232.63965951697,3.2207191678882583,3.223773951101978
89633.621136979,43232.485594361366,3.2166401220501917,3.228102640843146
89633.71931764131,43232.33058876814,3.214465150084285,3.2308624457806765
89633.81623530619,43232.17476926569,3.2139811332420556,3.2323211967885728
89633.91208276687,43232.018262382415,3.214913344489724,3.232676486602975
89634.00705281663,43231.86119464669,3.2169658444108746,3.2320985628936505
89634.10133824871,43231.703692586925,3.219845013189701,3.230757324271654
89634.19513286927,43231.54588332336,3.2232675046389865,3.228834869835504
89634.28866352284,43231.38791328069,3.2269279536324342,3.2265680684395557
89634.38219662828,43231.229952007125,3.230496745707253,3.224261150652684
89634.47600093784,43231.07217041425,3.2336683930082377,3.2222471395998182
89634.57034520381,43230.91473941366,3.2361673134968627,3.2208874139060324
89634.66549817844,43230.757829917,3.237746263561828,3.2205689233441843
89634.761728614,43230.60161283583,3.238989839198075,3.2216888785442954
89634.85930526277,43230.44625908179,3.243122325412941,3.224614654085913
89634.95849687699,43230.29193956647,3.2455516405316027,3.229621206302966
89635.05947083264,43230.138759719404,3.2460793903698617,3.236732732151345
89635.16163655308,43229.98633538534,3.2453287404018356,3.2450015868439834
89635.26406030335,43229.83406075251,3.2443458283628015,3.250272579889904
89635.36580665468,43229.681328915096,3.2442706442122358,3.254154181434176
89635.46594040022,43229.52753311265,3.2462799361429133,3.2561273203645227
89635.56392531164,43229.37232799662,3.250967219799956,3.255655531173135
89635.66044761188,43229.21616917211,3.2573074700183566,3.253510129577978
89635.75642685703,43229.059665124725,3.2692133522475677,3.2506854530508305
89635.85278260321,43228.90342434009,3.282107703964297,3.248308293658422
89635.95043440648,43228.74805530386,3.292681146778704,3.247732599707224
89636.05030182296,43228.59416650166,3.3004491599313592,3.250429946005782
89636.15330440873,43228.442366419105,3.304957612343167,3.2576845277482485
89636.2600855041,43228.293081969976,3.3057217260460714,3.269948337998472
89636.3696933263,43228.14569150581,3.3036604001728636,3.285252629163331
89636.48060475462,43227.9991978062,3.3001691523871184,3.3008641027910244
89636.59129594004,43227.85260317202,3.2969440058915627,3.314578750151404
89636.70024303354,43227.70490990411,3.29626010817219,3.325077074280326
89636.80592218612,43227.55512030335,3.3007532452668804,3.3317380489258657
89636.90681401112,43227.40223955481,3.312754144554597,3.3339307468983828
89637.00230688491,43227.245859566676,3.332564957123379,3.3312788491643635
89637.09379604876,43227.08686936335,3.339252107676911,3.324751392718133
89637.18294544573,43226.92633164179,3.3413516297994557,3.3151915510973624
89637.27141901883,43226.76530909898,3.3444895697533195,3.303836982220116
89637.36088071112,43226.60486443186,3.34654870499284,3.292695071941458
89637.45284563552,43226.445965926236,3.3459411648335724,3.284113897799127
89637.54750867438,43226.2887443727,3.3426002374086017,3.2788840767471332
89637.64437424931,43226.13289256443,3.337017371976769,3.2766682978105406
89637.74294074894,43225.97809946755,3.3294981316112024,3.276822284974148
89637.84270656195,43225.82405404824,3.3203282260342326,3.278572808865013
89637.943170077,43225.67044527264,3.309890051604177,3.2811627176131286
89638.04382968276,43225.51696210692,3.2987023998469223,3.2839168184332364
89638.14418376794,43225.36329351723,3.2887382640307603,3.2862510213341043
89638.24373072117,43225.209128469716,3.2838985794573308,3.2876428922840106
89638.34200425084,43225.054177705104,3.2805771249681395,3.287616206944658
89638.43898495042,43224.89842746811,3.2788748966272054,3.2861707946599976
89638.53495995123,43224.74205298352,3.278463482713309,3.283961101172582
89638.63022237842,43224.58523317143,3.278959828603682,3.2810410278110322
89638.72506535717,43224.42814695183,3.2799721555636436,3.2775660898968075
89638.81978201265,43224.27097324481,3.281127999241665,3.273845514782842
89638.91466547007,43224.11389097039,3.2820856400692313,3.2702249472954477
89639.01000885459,43223.95707904862,3.2825337149787073,3.267085628002628
89639.10610529139,43223.80071639956,3.282179272857706,3.264834781638243
89639.20324790562,43223.64498194323,3.281196322750379,3.2638816231603647
89639.30170440058,43223.49003928363,3.2788279842219388,3.2645730973870215
89639.40138765966,43223.33583825484,3.275090115056095,3.266786354303045
89639.50194993851,43223.18217166936,3.2702940894005748,3.2700485579313363
89639.60303747305,43223.02882871297,3.264757643176621,3.2738705297062025
89639.70429649924,43222.87559857146,3.2588342181719643,3.277790040382334
89639.80537325304,43222.722270430604,3.252929080419463,3.2813911429128098
89639.90591397037,43222.5686334762,3.2475009150791663,3.2843094048390933
89640.00556488721,43222.41447689403,3.243059407132849,3.286231659558724
89640.10397223946,43222.25958986988,3.236462597795426,3.2868928194558604
89640.2007822631,43222.10376158953,3.2261214593289327,3.2860604423318156
89640.29564119408,43221.94678123878,3.2183136837172155,3.283479345797967
89640.38819526834,43221.7884380034,3.2136625405296195,3.2787411700729168
89640.47809072182,43221.628521069186,3.2126128547681843,3.2711064575376967
89640.56514437501,43221.4669202342,3.2151512244424216,3.2596574892068375
89640.65062470258,43221.304381495065,3.21950592237476,3.2451142048953194
89640.73653383969,43221.14208356791,3.223425957852437,3.2296400561873733
89640.82487958524,43220.98120850934,3.2252614856610435,3.216393511111905
89640.91766973808,43220.82293837599,3.2233986648576365,3.2090362242700303
89641.01688659219,43220.668441158596,3.2150992384312937,3.22875796330382
89641.12227476478,43220.51765077549,3.2003629652627206,3.2548286577573173
89641.22962772363,43220.36832209721,3.197574083705394,3.2795659185529713
89641.33433561062,43220.217987561264,3.1990413735961947,3.29783208543922
89641.43193318523,43220.064243070614,3.2107306423186555,3.307188175591045
89641.52150034685,43219.906240314216,3.2337591935350316,3.309089596079745
89641.60578820862,43219.744742094575,3.2634083002398415,3.3069015368221333
89641.68771772568,43219.58058574942,3.2909718356149016,3.302557543646052
89641.77020985317,43219.41460861647,3.300850448792967,3.298053616682304
89641.85615645986,43219.247642870556,3.307674565533496,3.296108493630088
89641.94657371957,43219.08018774651,3.310815423817044,3.2979240012842084
89642.03949284002,43218.912212641124,3.3123641858138093,3.379578501958947
89642.13267896397,43218.743639724016,3.3146529790044266,3.5021319321518924
89642.22389723423,43218.57439116485,3.320535458744535,3.5982696723305843
89642.31091279356,43218.404389133306,3.333892574904229,3.66319157128475
89642.3914907848,43218.23355579902,3.3593483126276666,3.69585854894354
89642.46339635071,43218.06181333165,3.343505013496163,3.6987974286066505
89642.52439463408,43217.88908390086,3.349167524424868,3.678286110980936
89642.57225077768,43217.7152896763,3.3863249081270803,3.6444670783197743
89642.60472992437,43217.54035282764,3.424184126933767,3.609837180818333
89642.61959721688,43217.364195524504,3.4595024355185933,3.584243724299629
89642.6146443079,43217.18673832137,3.5290384260807937,3.568179805903699
89642.59192062408,43217.0076423509,3.5566846140186827,3.555857705780746
89642.56238018071,43216.82602619846,3.567563599410732,3.5476355490051206
89642.53809470402,43216.64094034844,3.574723387817338,3.549825467991452
89642.52882456366,43216.451845337935,3.567648762123019,3.5694431288029884
89642.53065396224,43216.26062796295,3.548017692241342,3.5975577580896867
89642.5346554604,43216.070064123895,3.5231817646141383,3.620946937506763
89642.53189405681,43215.88293106275,3.509899298395264,3.637035739669344
89642.51343475012,43215.70200602151,3.537017198203549,3.657403203652172
89642.47034253899,43215.53006624213,3.587795807429798,3.691230859539169
89642.39387733501,43215.36980887363,3.644661065992165,3.71708181961275
89642.28998407452,43215.21789674356,3.7369599843360675,3.699387865193315
89642.18680534708,43215.06199526973,3.808069966983954,3.638725966769234
89642.09344690204,43214.89866492038,3.8450984543311773,3.550401623813077
89642.00805140617,43214.72952053226,3.8630213943455765,3.455586807276426
89641.92867255627,43214.55621796045,3.875556485053109,3.4840486240625834
89641.85336404921,43214.38041305998,3.889437570239503,3.5280749993292257
89641.78017958184,43214.2037616859,3.8796201080114696,3.636684388791289
89641.70717285096,43214.027919693275,3.846769486399729,3.7486866921812982
89641.63239755346,43213.85454293714,3.8115362882379547,3.824177530650992
89641.55390738613,43213.68528727255,3.779533904777524,3.861612488757146
89641.46975604586,43213.52180855456,3.758643712786805,3.863948296498816
89641.37799722946,43213.365762638205,3.7592329783464766,3.8391819688394513
89641.27668463376,43213.21880537855,3.71947661089328,3.800210659307
89641.16387195562,43213.08259263065,3.680237296643633,3.761994609628528
89641.03761289187,43212.95878024953,3.684372855072796,3.734680535787665
89640.89599262159,43212.84899191496,3.7136516655634084,3.716894280712352
89640.74138881883,43212.75046431058,3.7038105165883373,3.7029760674061802
89640.58454416083,43212.65191390104,3.7038306533567997,3.6973261833961413
89640.43098175306,43212.548129593044,3.7002318666835508,3.700928744028515
89640.2796165311,43212.44143443588,3.6934279817954243,3.708726064724493
89640.12904628665,43212.3345130626,3.6859148056541944,3.716844124183987
89639.97786881143,43212.23005010621,3.681666678103902,3.758813908568854
89639.82468189721,43212.130730199795,3.6867351852171297,3.7896550680431638
89639.66808333568,43212.03923797638,3.7086260531192843,3.7968929955018895
89639.50669459229,43211.958213013095,3.7433756523244295,3.790040125118563
89639.34000865679,43211.88863619663,3.702178014156653,3.77897260922723
89639.16862321593,43211.82938594777,3.68440764634274,3.7708820532259026
89638.99320708797,43211.77920530951,3.686769173722352,3.768017496955002
89638.81442909106,43211.73683732485,3.70456771515133,3.7695822340701044
89638.63295804342,43211.70102503677,3.7330867867181903,3.773791357714391
89638.44946276324,43211.67051148826,3.7357377473367546,3.779028381703713
89638.26461206871,43211.64403972233,3.735699948622607,3.7842440141953007
89638.07907477804,43211.62035278196,3.7396606914988655,3.788994564912756
89637.89351970943,43211.59819371016,3.745639486811739,3.793368061856748
89637.70861568107,43211.576305549905,3.752453935327187,3.7979588541971947
89637.52485933296,43211.55422451374,3.760626768167475,3.8033245301650336
89637.34202587898,43211.53481019218,3.7751932805817714,3.8079985748985954
89637.15970161343,43211.521792467676,3.776979025633909,3.811048554139309
89636.97747585917,43211.518862853205,3.7357713247428808,3.8114711682446907
89636.79511627252,43211.527453919625,3.7128319663453984,3.8081149101842384
89636.6126649737,43211.54552161264,3.7066996369004706,3.8005367659994924
89636.43018746591,43211.57072568584,3.7135083213756137,3.7883870911034556
89636.24774925245,43211.60072589282,3.722993022631653,3.774410184353658
89636.06549601848,43211.633479099415,3.70162852861303,3.7655004331777424
89635.88458576721,43211.67069329049,3.690520972734375,3.767927712929658
89635.70686982777,43211.71664555309,3.698714960456297,3.7849610656792567
89635.53421303385,43211.77566301483,3.6923510308195264,3.8142801155143005
89635.36799040802,43211.8508611455,3.6562875878804264,3.8457803385046767
89635.20708584825,43211.93919305818,3.649579892382656,3.871333436456702
89635.04959326361,43212.03565765068,3.633559109622007,3.891567358727548
89634.89399372025,43212.13582816891,3.60548536827136,3.9175082080042465
89634.74286508022,43212.2413588008,3.5953497938796435,3.9502103074322914
89634.60124679907,43212.35755751841,3.581125752962482,3.956715554168861
89634.47383802493,43212.489368646115,3.5629079628005256,3.8663153836391473
89634.35584287377,43212.63123560805,3.5702766553872025,3.635116519161598
89634.2324446578,43212.76651945821,3.580268878708087,3.511662527766692
89634.09026091537,43212.88019863163,3.5694717194326993,3.476709534060955
89633.93299303298,43212.97642394658,3.528535781858958,3.474171804897056
89633.77332459282,43213.06942650871,3.4544106212495094,3.4867517927571012
89633.62391496127,43213.17341059627,3.3538767839753207,3.501322530773163
89633.49135749758,43213.29579320766,3.277107270626341,3.5162035401449305
89633.37294790139,43213.433588152504,3.2385761431368403,3.531786270708251
89633.26519418116,43213.582927889634,3.2339100631347186,3.534688630078887
89633.16460434545,43213.7399448779,3.2489271885635365,3.5090444068450184
89633.06768640275,43213.90077157615,3.270111413799047,3.449246334336702
89632.97094836156,43214.06154044321,3.2889206675345077,3.3633414531191246
89632.87090259309,43214.21838867359,3.300855546930741,3.2997031361057205
89632.76589421349,43214.369442882096,3.2955826392246745,3.297707914126638
89632.65893246034,43214.51789252532,3.2856638358165395,3.29926069992979
89632.55345184938,43214.66739163676,3.2769405769166866,3.2994119379616516
89632.450435283,43214.8189566531,3.2710304637075662,3.2968445335332124
89632.34968705833,43214.97233599484,3.268146037546426,3.3001920423072635
89632.25100397233,43215.12727001324,3.268265678044383,3.306610523724046
89632.15418282185,43215.28349905953,3.271081458819771,3.3113057795357514
89632.05902040383,43215.44076348501,3.276158019253605,3.314544532666064
89631.96531351516,43215.59880364089,3.2830438662756656,3.316515640972624
89631.8728703624,43215.7573964126,3.291316287359272,3.3173787654999765
89631.78156763967,43215.91653798497,3.3006961277693065,3.316874186114337
89631.69129446209,43216.07629556029,3.3109069362688315,3.315120610674023
89631.60156236838,43216.2364338237,3.3221014432277602,3.312667979770816
89631.5114558881,43216.39637522267,3.335004481363484,3.3106556655351236
89631.42003661008,43216.555523818286,3.3457029925973054,3.310429913045521
89631.32636612325,43216.71328367166,3.3536361995994977,3.3134137465601285
89631.22951526196,43216.86906461445,3.358275031107274,3.3208394808277792
89631.12929081186,43217.02273582008,3.359644899902367,3.3326873570066127
89631.02675885778,43217.174952449706,3.3588599810908315,3.3471648025635075
89630.92310896266,43217.32644673298,3.3570099327850804,3.3536029898176785
89630.81952240957,43217.477945893275,3.355264148466651,3.354101049351611
89630.71662310859,43217.629840145295,3.3542942341234214,3.3538355459981535
89630.61413427953,43217.78197511258,3.35361836070847,3.3530981828403217
89630.51169720165,43217.934146874344,3.353009788718259,3.352297032466574
89630.40895315418,43218.08615150979,3.3520935595929973,3.3518552967344295
89630.30554341635,43218.23778509813,3.350459694913484,3.3522000448211973
89630.20110926741,43218.38884371858,3.3476422557020706,3.353723276779185
89630.09545545965,43218.53921772232,3.343305007949536,3.356583592636847
89629.9894547057,43218.68941333399,3.3384022228872334,3.3597703308740865
89629.88440854101,43218.840184072666,3.3346624053353606,3.3620462036734797
89629.7816196588,43218.992284125095,3.3342226272573736,3.3625553049252854
89629.68239075245,43219.14646767808,3.339414189457308,3.3605917356059702
89629.58802451518,43219.30348891838,3.3453761273193834,3.35496803694156
89629.49938935219,43219.46385336642,3.3370297024082203,3.3454511568257117
89629.41511289992,43219.62678351484,3.335471647975393,3.3382812747050035
89629.33310219737,43219.79108925377,3.337450391053271,3.328074358049814
89629.25126394184,43219.955580277805,3.339938504912068,3.3165616998969347
89629.16763955873,43220.119140210656,3.3406335179944358,3.306157389224749
89629.0814875959,43220.28132054634,3.3389835746214436,3.2983662017056963
89628.99271266196,43220.442027291,3.335184890291306,3.293951733521324
89628.90122531076,43220.601169713205,3.329275570325823,3.29343754476691
89628.80693609625,43220.75865708148,3.3330519410976507,3.297098188693333
89628.70975557236,43220.91439866438,3.3368310515150768,3.30495713422053
89628.60959460856,43221.06830392939,3.3380241742447305,3.316732433147935
89628.50669484369,43221.220490833184,3.3365705676172857,3.331458301251695
89628.4022551236,43221.37168067548,3.3334534549526427,3.350319714623705
89628.29764644116,43221.522703263014,3.33007132182775,3.372264259411806
89628.1942397893,43221.674388402556,3.3282848303043804,3.390384491028411
89628.0934061609,43221.82756590085,3.3303922499999485,3.4040938549365753
89627.99651654885,43221.98306556466,3.338731014786841,3.4133227373352053
89627.90481148606,43222.14163917815,3.354917658311092,3.417929249775652
89627.81795581065,43222.30309616916,3.3777864469893073,3.4187348924198964
89627.73456899922,43222.46662077909,3.4042196851196116,3.4168619639590903
89627.65325176569,43222.631386028144,3.4280666893322684,3.4130790143090546
89627.57260482389,43222.796564936514,3.449907775409237,3.4084121188228385
89627.4912288877,43222.96133052441,3.468252849428141,3.404492807486735
89627.40772467101,43223.12485581203,3.48239150096678,3.403529130342273
89627.32069288765,43223.28631381957,3.4922082711757954,3.407892908093431
89627.22874860135,43223.44488611496,3.497463721895316,3.41942358761273
89627.13168863133,43223.60045820156,3.4984258531798127,3.4375990202440594
89627.0313545367,43223.75413357133,3.4968101593912877,3.458818426959165
89626.92979125975,43223.90713686537,3.4943009959068054,3.479478917494065
89626.82903239055,43224.06068566949,3.490202375930823,3.496596933694689
89626.73043062827,43224.215574406924,3.484704934345058,3.508558278186698
89626.63428343326,43224.37194168723,3.4823689823279365,3.5172741616349255
89626.54079750925,43224.529869716156,3.48380392580112,3.5233114029538886
89626.45017956,43224.68944069947,3.489244064012832,3.526854187599655
89626.36260633852,43224.850720609225,3.498473362572873,3.5277050318156644
89626.27746160785,43225.01334560557,3.5100973112151994,3.526268444977153
89626.19327358145,43225.176488128614,3.5218426561805907,3.5239166701547564
89626.1085279875,43225.339297590785,3.5319148724899434,3.5223895610753697
89626.02171055414,43225.50092340453,3.540810928313703,3.523774129790116
89625.93130714759,43225.660515059724,3.5459737508235136,3.530080901798902
89625.83649026122,43225.8176071772,3.5468548497379606,3.5419172497819167
89625.73871299734,43225.97301357719,3.5449789586894047,3.5626228995661804
89625.6399013467,43226.12781332424,3.54218395668159,3.5825728917501865
89625.54198130003,43226.28308548292,3.5407421139844293,3.5990013904144265
89625.44687884812,43226.43990911781,3.54349095104525,3.6107995416150955
89625.35646056234,43226.59933014731,3.5531942214046435,3.6174870200576654
89625.27110795797,43226.761566074114,3.570188543313999,3.619778647838051
89625.18964856998,43226.925967536896,3.5921225491912367,3.619124165416208
89625.11083672021,43227.09184433352,3.614670957435436,3.6163040137491334
89625.03342673053,43227.258506261875,3.6358869554399327,3.6120007917814885
89624.95617292279,43227.42526311986,3.654881871202314,3.607286508584355
89624.87782961887,43227.59142470533,3.670501827624737,3.603788019115145
89624.79715114062,43227.75630081617,3.682308424360536,3.6035617525411796
89624.71289180992,43227.919201250275,3.6902186488842577,3.6086785487745656
89624.62387161376,43228.0794722924,3.6939344784365646,3.620561804782016
89624.53034892291,43228.23725946627,3.6939714329875937,3.6380756623912025
89624.43398163856,43228.39348594565,3.6916830705074535,3.65788120312833
89624.33648555454,43228.549107072424,3.6883814508777872,3.676823514103957
89624.23957646471,43228.705078188475,3.685900654980296,3.692773405786008
89624.14497016293,43228.86235463569,3.68662959828828,3.7025754637931536
89624.05438218226,43229.021891609096,3.6928809224620367,3.70776177482802
89623.96869817893,43229.18417694266,3.705543628338713,3.7082876807120266
89623.88613340879,43229.34819458331,3.726655601277518,3.7060074420879676
89623.80436704919,43229.51262657512,3.7459257401867445,3.7032142123683522
89623.72107827762,43229.67615496217,3.760877896535526,3.702822322942036
89623.63394627141,43229.837461788535,3.770486049836463,3.7082671691255857
89623.54112597594,43229.99550086004,3.7744532860828515,3.7220127493563826
89623.44343570841,43230.150747317704,3.774472687269501,3.742333247905901
89623.34262006027,43230.304205396424,3.7721180217905577,3.761186490353702
89623.24042455605,43230.45687986405,3.7686004997051743,3.7664127664187554
89623.13857449658,43230.60976384644,3.7654480906199326,3.77103792216713
89623.03799713928,43230.763391066364,3.763684688684837,3.773999463224615
89622.9385761495,43230.91769449058,3.7631311541236303,3.7755923931283277
89622.84012474855,43231.072566533854,3.763597378199591,3.7761327507213363
89622.74245615772,43231.22789961102,3.765038069795229,3.775845012253918
89622.64538359834,43231.38358613684,3.76719482995326,3.7749100593908027
89622.54872029168,43231.539518526144,3.769810794310186,3.7735047652066074
89622.45227945912,43231.69558919372,3.7726426892669576,3.7718176357944104
89622.3558743219,43231.85169055436,3.7754629885742275,3.770052542168217
89622.25931795071,43232.007714725136,3.778060221822037,3.768429974897152
89622.16241776555,43232.16354265801,3.7802297245257286,3.7671985213553585
89622.06497396388,43232.31904103371,3.781771825232843,3.7666384042999628
89621.96678627215,43232.474075602244,3.782502472532896,3.767045174824415
89621.86765441681,43232.628512113595,3.7822403138066765,3.7687129589399344
89621.76737812423,43232.78221631776,3.7807710790341464,3.771896441290933
89621.6657571209,43232.93505396474,3.7785247644783517,3.7767590342731605
89621.56273090727,43233.08698015281,3.7779699338859762,3.788493814809523
89621.45895139957,43233.23840538022,3.776557802072128,3.8026278946496244
89621.35529691204,43233.389884866505,3.7753298677809863,3.8156302692724466
89621.25264585273,43233.54197389108,3.7754909840398305,3.826619743262173
89621.1518766296,43233.69522773338,3.7783512162469726,3.8350448978174305
89621.0537881118,43233.85015177632,3.7850436469053665,3.8405336762326114
89620.95836728922,43234.00674209316,3.795492934580201,3.8434734083402655
89620.86512636278,43234.16469691163,3.8088094450329892,3.844492299600402
89620.77357155681,43234.32371071013,3.8237666010501274,3.843990787578134
89620.68320909567,43234.48347796712,3.8344108172024445,3.84229719751202
89620.59354520365,43234.64369316103,3.845403262200351,3.8397876503065573
89620.50408610504,43234.80405077029,3.8560499657217013,3.8369387226886706
89620.41433802417,43234.964245273324,3.865791040882419,3.8343391181713447
89620.32380718538,43235.12397114858,3.8741992295270853,3.8326762636007174
89620.23199981297,43235.28292287449,3.8809493531680834,3.832690705712169
89620.13842574079,43235.44079712948,3.885742752793202,3.835091681155701
89620.04288134191,43235.59746523815,3.888534341894369,3.8401462971111227
89619.94565285092,43235.75309709632,3.889708672273738,3.84741908335529
89619.84707447897,43235.907891841714,3.8895825015334418,3.8563401731982045
89619.74748043729,43236.06204861203,3.8884196289790314,3.8663413922865733
89619.64720493702,43236.215766544956,3.886496078676082,3.876914594045764
89619.5465821894,43236.36924477821,3.8841319202908293,3.88099754517928
89619.44593206541,43236.52267457391,3.8816759451056164,3.8815628642908866
89619.34539034203,43236.67614609042,3.8764837334860145,3.8820114891462842
89619.2449652109,43236.82967941677,3.86931377146094,3.8823261307612267
89619.14466230373,43236.983293236015,3.862248942124628,3.882494737025414
89619.04448725219,43237.13700623121,3.855319336735983,3.8825046781765984
89618.94444568793,43237.290837085464,3.848537082324726,3.8823434842555113
89618.84454324264,43237.44480448181,3.841897855272089,3.8820016767433856
89618.74478554798,43237.598927103325,3.8353853335987447,3.8814787212830946
89618.64520250158,43237.75323513078,3.8290134211893605,3.8807678107673986
89618.54606653318,43237.90787366172,3.823096247302463,3.8796338778217514
89618.44778960313,43238.06305390616,3.818168209844234,3.877744397170396
89618.35078534225,43238.21898786562,3.814851888497447,3.874825534618703
89618.25546738134,43238.37588754163,3.81384270072543,3.8706302140660416
89618.16224935123,43238.533964935734,3.815825235048493,3.8648139944014406
89618.07154488272,43238.693432049426,3.8212669117375597,3.8566703513431313
89617.98376760665,43238.854500884256,3.830153734655163,3.8448417321513255
89617.8992130546,43239.01732077664,3.83075983524868,3.827686221348799
89617.8160255981,43239.18089962765,3.8326430771525644,3.8069072874131886
89617.730472223,43239.343249171376,3.83347973501111,3.7867725002316055
89617.63934773719,43239.50261455369,3.830975806246648,3.7730051598547547
89617.54221223906,43239.65848985298,3.825255281095183,3.768414377278318
89617.43943414386,43239.810734220766,3.815581182871342,3.773530579832638
89617.33138265039,43239.95920748943,3.7994207703071172,3.776620562174327
89617.21906151969,43240.10435924127,3.7745622057851924,3.78287598403576
89617.10528406857,43240.24832082449,3.7675990815532776,3.7910276265469403
89616.99308824072,43240.39344771572,3.768599170246495,3.7967603834453953
89616.88357241722,43240.540603816975,3.773343901056841,3.7989615969825588
89616.77603174235,43240.689266293746,3.7807003472191605,3.7988180290001194
89616.66969285526,43240.83885962943,3.78918416290147,3.797293065522995
89616.56378239513,43240.98880830734,3.880817534573276,3.795332762462145
89616.45752699631,43241.13853680693,3.9587557724765188,3.794587490947385
89616.34965887833,43241.287075321576,4.004003689830733,3.797702441612639
89616.23705833683,43241.4319771716,4.014389005561553,3.8022919231476107
89616.11617237196,43241.570449972896,3.996232585134578,3.831088180924014
89615.98434212289,43241.69978325649,3.9624735058630414,3.85272653026102
89615.84183241252,43241.8175344019,3.9278366905472044,3.838609621421364
89615.68950468882,43241.92131544744,3.910815905266132,3.864622254586336
89615.52822602815,43242.008758759664,3.933465058693737,3.924106906089544
89615.35981163011,43242.08092104839,3.915576169577265,3.9989257771003115
89615.18808278185,43242.146104424086,3.86543687488229,4.065715955714453
89615.01711603746,43242.21353294681,3.86457555011239,4.109737367454064
89614.8506768016,43242.29170081223,3.879682077353001,4.1306088778704115
89614.68906303804,43242.38096862867,3.909482835756845,4.140539910770251
89614.53040473045,43242.476611566555,3.9434371481163106,4.152217694999544
89614.37279871016,43242.5738270304,3.970924433489926,4.130717266522185
89614.21434180836,43242.66781242472,3.987051886413881,4.075037336410154
89614.05313085625,43242.753765154026,3.9948133060344433,4.023616430910345
89613.88726268511,43242.82688262284,4.001817854404875,3.983781824895166
89613.71505539566,43242.882828268885,4.013619396491714,3.8880610873291337
89613.53690016642,43242.92163180307,4.031881361092436,3.835568702394605
89613.35432138016,43242.945709667416,4.0521891344249,3.8220537144997273
89613.16885493722,43242.95750256197,4.066769971729598,3.8381174399866786
89612.98203673787,43242.95945118678,4.069976328965431,3.842039965502603
89612.79538605867,43242.953972954965,4.060576383754214,3.8574072059615663
89612.60977751997,43242.94258223168,4.039925811759486,3.8833250665989216
89612.42524923116,43242.92562157991,4.0096084018228115,3.9180018621763826
89612.24178348864,43242.9033553787,3.971161236993989,3.9606638352009482
89612.05936258886,43242.87604800705,3.9254118005343623,3.994641851799349
89611.87796882822,43242.84396384399,3.8724780261971867,3.977521209544225
89611.69758450316,43242.80736726854,3.8120733171205052,3.9678550001012725
89611.51819191007,43242.76652265973,3.750495099223799,3.964929843742008
89611.3397733454,43242.72169439658,3.7674147909860562,3.968087126040293
89611.16231110557,43242.673146858106,3.7828786636974363,3.976708829786315
89610.98578748698,43242.62114442334,3.7968536467106606,3.9902152438469503
89610.81018478605,43242.56595147129,3.8092969509354098,4.001447025663261
89610.63548529925,43242.50783238099,3.8201342591850995,3.968141031871709
89610.46167132295,43242.447051531446,3.829244809087667,3.9389616991131513
89610.28872515359,43242.383873301704,3.836531815081581,3.9129886977075796
89610.11662908758,43242.318562070766,3.842220217428476,3.889510119715381
89609.94546762036,43242.251169749616,3.847221648810949,3.8689373093589836
89609.77636010174,43242.17959682405,3.8819506883141184,3.8557004064787352
89609.61102731674,43242.10049341767,3.8915335022892066,3.8571505160931947
89609.45092210128,43242.011186655945,3.883230494105341,3.82389286633211
89609.29636464154,43241.91185174568,3.869024751779196,3.8028391653924865
89609.14738395819,43241.80339603809,3.8657404650218092,3.8035979213296915
89609.0040090716,43241.68672688498,3.868063510516226,3.824600158388173
89608.86626900226,43241.562751638136,3.8667810845610893,3.8635467021476284
89608.73419277056,43241.43237764934,3.860237382509916,3.8465933641263352
89608.60780939694,43241.29651227039,3.858129183495863,3.8425450787484303
89608.48714790179,43241.156062853064,3.8653418966542676,3.8516667864074874
89608.37212136395,43241.011863994696,3.8732019184114996,3.836110559509359
89608.26215504849,43240.864444184845,3.881210203929128,3.8225019080442935
89608.15654594671,43240.714251420075,3.8889651839152077,3.817615190142869
89608.05459104935,43240.56173369658,3.89608535681187,3.8193988399794714
89607.95558734713,43240.40733901054,3.902269085072213,3.826118544963797
89607.85883183077,43240.25151535816,3.907405990024217,3.83653577069432
89607.76362166932,43240.09471063042,3.9117634768139693,3.850091201624339
89607.66980177732,43239.937049516535,3.915643762495366,3.867670522301934
89607.57897480341,43239.77761954028,3.9182816950114443,3.893030711898235
89607.49309527072,43239.61530059898,3.91946335156644,3.871544973081659
89607.4140376167,43239.44906203169,3.919491129799217,3.820952083332016
89607.34280591362,43239.27884522402,3.919543825294734,3.7841075502514636
89607.27987021786,43239.10518796457,3.920823262018928,3.7635829832564527
89607.22569284361,43238.92863668847,3.92383459546812,3.761113442679051
89607.18073610515,43238.749737830876,3.9282193357733526,3.777787116466074
89607.14546231672,43238.56903782695,3.9319347288584865,3.8138331850938916
89607.12033327986,43238.38708305381,3.9300671303271515,3.784275228388711
89607.10511943618,43238.20434165586,3.915053849643758,3.7647648310665454
89607.09753341576,43238.02104892016,3.8794938218070656,3.75947589527599
89607.09490670939,43237.837397004965,3.8179306660377454,3.7623645857277266
89607.09457080795,43237.65357806847,3.7688828811653288,3.7682761529698143
89607.09385720232,43237.46978426892,3.752708256888543,3.773661427646051
89607.09009738333,43237.28620776451,3.7386373220092532,3.776140285040262
89607.08062284185,43237.10304071349,3.7310095443759153,3.773088175304874
89607.06369705516,43236.92040102094,3.732759973448734,3.7620863093434527
89607.04549447521,43236.73777630969,3.7721156610902975,3.75029804250449
89607.03615095804,43236.55434211471,3.790043177450566,3.7464667175821957
89607.04238320854,43236.36997531603,3.771717809299111,3.6684672064421338
89607.0641974783,43236.18592180178,3.778274548076517,3.6180146419274233
89607.10082754886,43236.00358505263,3.8059772240101992,3.601175598579854
89607.15150720172,43235.82436854929,3.8393246390090803,3.618379310350029
89607.2154702184,43235.64967577245,3.8699445618730923,3.6661274631210543
89607.29195038046,43235.48091020281,3.8826324245767396,3.667716991213236
89607.37976661656,43235.319083894465,3.8577806464531434,3.6500089475408473
89607.47394873694,43235.16163374983,3.785383425143627,3.647890116328142
89607.56749729381,43235.00408199897,3.6746229962920345,3.6502741294150436
89607.65529176025,43234.843117271594,3.6495199797693987,3.652870864975763
89607.73938266172,43234.679903330434,3.6539477192464647,3.651099975005796
89607.82346102175,43234.51662950167,3.658367914239064,3.6494275234291114
89607.9095120307,43234.35447896305,3.6604544631997373,3.6502106188925665
89607.9974841078,43234.1934335473,3.6604501416513537,3.6506320470990286
89608.08720618545,43234.03340461051,3.6587153759891353,3.6390267557172544
89608.1785084527,43233.87430395103,3.655462468373462,3.6295513940360022
89608.27124684057,43233.71605242682,3.6507880456218107,3.622119977014664
89608.36530138046,43233.558579377706,3.646446544429893,3.616557721958991
89608.4605530315,43233.40181447002,3.648439223241537,3.612663001011633
89608.55688275282,43233.24568737008,3.6493809245304862,3.610235894189215
89608.6541715036,43233.09012774424,3.649356170618915,3.609083862462686
89608.75230024294,43232.93506525883,3.648455971259945,3.60902161154534
89608.85114993,43232.780429580205,3.6467776258792526,3.609870487946707
89608.95060152393,43232.62615037468,3.6444247003218186,3.611458163375951
89609.05053598386,43232.47215730859,3.6415070669530754,3.6136184987144357
89609.15083426893,43232.31838004829,3.638140948949847,3.6161914970687974
89609.25137733833,43232.1647482601,3.634449021686698,3.619023360199124
89609.3520461511,43232.01119161036,3.6305606991156383,3.6219667238468434
89609.45272166652,43231.85763976543,3.626612656883422,3.6248810680129706
89609.55328484361,43231.70402239161,3.6227491791823727,3.627632889877507
89609.65361664159,43231.55026915526,3.6191212528014978,3.630094694478464
89609.75360401509,43231.396313187055,3.6158766162987948,3.632149044218122
89609.85320037318,43231.2421260164,3.61308562725337,3.633754455020891
89609.95240050698,43231.08770308417,3.6107668829421105,3.634913668865185
89610.05119983335,43230.93304019279,3.6089335259553965,3.6356261735495443
89610.14959376915,43230.778133144646,3.6075952376546967,3.6358886974747895
89610.2475777312,43230.62297774216,3.606759927926162,3.6356966421743593
89610.34514713638,43230.46756978774,3.6064348581469665,3.6350449480186233
89610.44229740149,43230.31190508379,3.606627093792145,3.6339283483915352
89610.53902394342,43230.15597943273,3.6073433260008496,3.632340919708663
89610.63532217898,43229.99978863697,3.6085882974681027,3.6302738035404065
89610.73118752503,43229.84332849891,3.6103595885091613,3.6277083701258084
89610.82661539842,43229.68659482095,3.6126372334708376,3.6246032859576336
89610.92160121597,43229.529583405536,3.6153777870019144,3.620886846040731
89611.01614360095,43229.37229206033,3.619231198010691,3.6174265268407417
89611.11065550122,43229.214977714655,3.6276232935555894,3.6156829498018794
89611.20636912392,43229.05840966826,3.6343773082266813,3.6156057687873724
89611.30461287074,43228.90341738175,3.6383312971697994,3.6189355956404894
89611.40623242823,43228.7505324741,3.638739677180503,3.626524196498935
89611.51017415935,43228.59911465682,3.6367279430587254,3.6365907889240914
89611.61491735211,43228.44823545003,3.6338467896509217,3.6595738655622787
89611.71894129462,43228.29696637389,3.6319749833029764,3.683973510971749
89611.82072527483,43228.144378948535,3.633474594289789,3.703010317511734
89611.91874858084,43227.9895446941,3.6408140934061426,3.7167758639115176
89612.01185188661,43227.831752981416,3.6554981665361095,3.7257776647997836
89612.10071409863,43227.67140130458,3.6759873972378956,3.7318213882346143
89612.18659714778,43227.5092386164,3.6924299425051514,3.7364018240842727
89612.27076320059,43227.346014011826,3.7083313453031526,3.7404334355764357
89612.3544744237,43227.1824765858,3.723209507468907,3.7316142835395345
89612.43899298369,43227.01937543324,3.7357226750611785,3.723042932208679
89612.5255810472,43226.85745964912,3.7450939071481297,3.7167099582931895
89612.61531519714,43226.697369939066,3.7509178620193624,3.7144573095606748
89612.70812989067,43226.53907995525,3.753846519226452,3.7165219239892107
89612.80352544018,43226.38230978946,3.754594225063863,3.722256201619607
89612.90100131737,43226.22677904257,3.7535482404461478,3.7307728608106325
89613.000056994,43226.07220731545,3.750984570754529,3.7280673149814234
89613.10019194185,43225.91831420895,3.7472251320322494,3.726810461099797
89613.20090572428,43225.76481937061,3.7426974963197894,3.7264214221942344
89613.30179770058,43225.6114932288,3.7378156193979972,3.7263380987672416
89613.40275731328,43225.45825382025,3.732729916060167,3.72637843954457
89613.50372641823,43225.305045852096,3.7275578025790734,3.7264483645690722
89613.60464687132,43225.15181403143,3.726947752104146,3.7264652999746115
89613.70546237697,43224.998504429765,3.7278396156773512,3.7263529269803675
89613.8062341037,43224.84514981673,3.7287875862684885,3.726185508340558
89613.90720915969,43224.691920200465,3.7295027577179916,3.7232122889941905
89614.00865110889,43224.53899773488,3.729689987132726,3.720564215194705
89614.11082351525,43224.386564573884,3.7290499907291794,3.7188255504675847
89614.21398887968,43224.234802148174,3.7272469520745517,3.718340351356174
89614.31814542861,43224.0837121031,3.7242179839886935,3.719092075426791
89614.42268140047,43223.93288111037,3.720644325128303,3.720312790536321
89614.52689924822,43223.78183748209,3.7173867527425672,3.7211586156361784
89614.6301014249,43223.630109530335,3.715238257965904,3.7207894390978673
89614.73159038347,43223.47722556719,3.7147754654297698,3.7183318522993716
89614.83166390545,43223.323387854,3.7161412025024587,3.7141511426984515
89614.93459637082,43223.171491301495,3.7140696260146813,3.7096408167330255
89615.0426218496,43223.0230595079,3.70157395738149,3.710969373947937
89615.15110432693,43222.87498731727,3.6834907493132585,3.7136111707648984
89615.25448301449,43222.723546409754,3.6711857015900975,3.7111387538449803
89615.35021192711,43222.56702450476,3.668861785957179,3.699709997735888
89615.44207415693,43222.407941660415,3.672162915193845,3.682082184377996
89615.53465078202,43222.24935155876,3.675587607317138,3.662157621583815
89615.63252287843,43222.094307880456,3.6740249246597663,3.645414691166086
89615.73861077806,43221.94475458364,3.663410402836072,3.6395196281524007
89615.84940485803,43221.79833907882,3.6459338781004993,3.6407625756748816
89615.959839565,43221.65166909131,3.625746718443924,3.642742446582008
89616.06580544145,43221.50199438088,3.608849913817017,3.6407451325933096
89616.16704126389,43221.34914886103,3.597566113016075,3.6426726561097382
89616.26425386715,43221.193616512704,3.592382565134954,3.6455844695400628
89616.35815008596,43221.03588131682,3.5926088351710144,3.646060130695418
89616.44943675505,43220.87642725432,3.596875218036968,3.644507213590902
89616.53882070928,43220.71573830612,3.60370998341556,3.641172501846307
89616.6270087834,43220.554298453164,3.6118175318285717,3.636455684843695
89616.71470781208,43220.39259167632,3.620136851982243,3.6309828271374336
89616.80252951062,43220.23103319917,3.6279121489330386,3.6254475379409814
89616.89071467168,43220.06977012305,3.6349451045030707,3.62018881874122
89616.9794136863,43219.90888420232,3.641171948568095,3.615462751965717
89617.06877694555,43219.748457191345,3.646514128327464,3.6115181243314263
89617.15895484055,43219.58857084447,3.650875667634169,3.6085928041707365
89617.25009776234,43219.42930691608,3.658619145831153,3.6069221785067676
89617.34235610203,43219.27074716053,3.666894126509252,3.6067462415041747
89617.43588025069,43219.11297333218,3.6737592697066326,3.6083109123126067
89617.5308205994,43218.9560671854,3.679142656013858,3.6118597833162918
89617.62732753926,43218.80011047454,3.682975639871763,3.617607415209765
89617.7255514613,43218.64518495398,3.6851600166155007,3.625687877989985
89617.82564208622,43218.49137198862,3.6855169313876917,3.636096916492427
89617.92751320431,43218.33861588483,3.684029274804608,3.648410860103379
89618.03049633976,43218.18652269451,3.6812858811491775,3.6614696390979455
89618.13383477514,43218.03464720749,3.6780238213233547,3.6741001702564775
89618.23677179294,43217.88254421361,3.6751414633071113,3.6853560912538836
89618.3385506757,43217.72976850271,3.673753760065476,3.6945848901654825
89618.43841470602,43217.57587486464,3.6751569605422825,3.704800163355649
89618.53560716637,43217.42041808921,3.6806755633786095,3.714408965533848
89618.62937138844,43217.262952994955,3.691398646248953,3.7207948165043057
89618.71928720691,43217.103230790184,3.7075474772321644,3.7239269007095976
89618.80607441478,43216.94166798544,3.725341267856533,3.724583299531319
89618.89069396582,43216.778821837375,3.744435145893201,3.723448405980747
89618.97410681368,43216.61524960267,3.763588532122772,3.7211553555343446
89619.05727391207,43216.45150853798,3.781351378319749,3.718552273453194
89619.14115621468,43216.28815589997,3.7967758265617215,3.7167896771376885
89619.22671467521,43216.12574894531,3.809313554665572,3.717232682210669
89619.31476284801,43215.96476070941,3.8187376302513885,3.7211022827073688
89619.40534408115,43215.805224146214,3.8255837365804544,3.728591731828612
89619.49825098515,43215.647028942774,3.8303999654900265,3.7394206127230194
89619.5932760346,43215.49006470864,3.833479942517995,3.753190425140109
89619.69021170418,43215.33422105328,3.8349701048711475,3.766337259680632
89619.78885046855,43215.17938758622,3.8349641091039164,3.756068709757319
89619.88898480234,43215.025453916955,3.833552063993011,3.7480974634399455
89619.99040718022,43214.872309654995,3.830838220772409,3.742058978973691
89620.09291007684,43214.71984440986,3.8269462630964055,3.737607388173677
89620.19628596686,43214.56794779102,3.8220226243193114,3.7344160015572507
89620.30032732492,43214.416509408016,3.8162414821801547,3.7321768095761154
89620.4048266257,43214.26541887032,3.8098103863884596,3.730600146151278
89620.50957646396,43214.11456584848,3.8029711706417046,3.7294140391951864
89620.61443950068,43213.96387559723,3.795913362521564,3.7284398306517854
89620.71946613003,43213.813368714575,3.7886264640593987,3.727719917546834
89620.82473785826,43213.66308159931,3.7810581208471072,3.727340869030579
89620.93033619161,43213.51305065026,3.773136229831781,3.72720513740796
89621.03634263635,43213.36331226621,3.764759290729277,3.7273675574893033
89621.14283869875,43213.21390284595,3.7557895546712743,3.7281410672386883
89621.2498830495,43213.06484496691,3.7460822966284404,3.7295730890383463
89621.3573245955,43212.91603424553,3.735723732517732,3.731456579743279
89621.46489938612,43212.76729799049,3.724948425175585,3.7334561826032147
89621.57234238308,43212.61846285213,3.7130227666928572,3.735255174510039
89621.67938854806,43212.46935548079,3.701067117335139,3.736567823864193
89621.7857728428,43212.31980252685,3.689647541278407,3.7371418616159815
89621.891230229,43212.16963064064,3.6791933365062404,3.7367518175842918
89621.99549566841,43212.01866647251,3.670171107996357,3.735178129124399
89622.09830412269,43211.86673667284,3.6630562461531504,3.732166650122543
89622.19940574192,43211.713677839834,3.658265142591192,3.7273984154289277
89622.29886098855,43211.559529816586,3.6557577275993776,3.7208207589583164
89622.39702039353,43211.404522431876,3.6550578119664285,3.7126547557914242
89622.49424562154,43211.24889280676,3.655626863158817,3.7031284358030554
89622.59089833724,43211.09287806226,3.6569304670842637,3.69252154333455
89622.68734020533,43210.93671531943,3.658475043977854,3.6811937051009584
89622.78393289051,43210.78064169932,3.659821803593518,3.6695925346726983
89622.88103805747,43210.62489432297,3.660580740294292,3.658367976088285
89622.97901737088,43210.469710311416,3.660382786133581,3.6543360634249895
89623.07822299174,43210.31532060364,3.6588453574541617,3.651841395448171
89623.17870116577,43210.16175714306,3.655888177499709,3.6509859628428645
89623.2801340319,43210.00881502446,3.651019428512154,3.6513704902368525
89623.38218247633,43209.85627551788,3.6444156543478146,3.6525326433261354
89623.48450738525,43209.703919893334,3.6372419311591777,3.654016664921021
89623.58676964484,43209.551529420874,3.629876162680495,3.655404312171427
89623.6886301413,43209.39888537052,3.62276280018844,3.6563251570321427
89623.78974976084,43209.245769012305,3.616406579904883,3.6564474041462076
89623.8897893896,43209.09196161627,3.6113481202607964,3.6554444429564743
89623.98840994858,43208.93724447479,3.6081123332448453,3.6529384470601403
89624.08544457733,43208.78150972571,3.6069452604775902,3.6486571612551018
89624.18129829215,43208.62501758495,3.6073218725811396,3.64291848744364
89624.27649465913,43208.468104570835,3.608532103622891,3.6361665628692035
89624.37155724429,43208.31110720171,3.6098978219714755,3.628922529689868
89624.46700961376,43208.15436199594,3.6108229356809147,3.621838215168693
89624.56337533354,43207.99820547187,3.6107856249847994,3.615688939136835
89624.66117796976,43207.842974147825,3.6103456801863936,3.611303761661839
89624.76086255666,43207.68895398207,3.612894400643363,3.6112923077996317
89624.86223472361,43207.53601927336,3.6136923913206442,3.615590345149668
89624.96478868088,43207.38384382362,3.6132738826911197,3.621289735050536
89625.0680165516,43207.23210009106,3.6121293651258437,3.6276092620351843
89625.17141045898,43207.08046053393,3.6107906210059353,3.633851616379774
89625.27446252615,43206.92859761043,3.609869076493215,3.6394407774015045
89625.3766648763,43206.7761837788,3.610033488257824,3.6438975040948276
89625.47753938154,43206.62291066402,3.611911741282074,3.6468025897202
89625.577049927,43206.46875467269,3.615542667757154,3.648208977350995
89625.67549907195,43206.3139104135,3.6204902246876456,3.6484863506860554
89625.77319799618,43206.1585780492,3.626276320255562,3.647954678519058
89625.87045787956,43206.002957742596,3.6324413811536678,3.6469232922347627
89625.96758990188,43205.84724965646,3.6385755867487832,3.645726530766713
89626.06490524298,43205.69165395357,3.6443289100451857,3.6447345614525317
89626.16271508271,43205.536370796704,3.64624979724442,3.6443410839686856
89626.26132973697,43205.38159979886,3.6469962745791875,3.6449328405043007
89626.36085081485,43205.22740775184,3.646699799258979,3.6466167669075116
89626.46090104691,43205.07355668889,3.645787308126952,3.651134889127456
89626.56103626773,43204.91976607053,3.6447694924490452,3.6569533803436256
89626.66081231178,43204.76575535731,3.6441982838658147,3.66216153626399
89626.75978501368,43204.61124400977,3.6446659867773636,3.6663356706399517
89626.85751020793,43204.45595148846,3.646753217240555,3.669088997524729
89626.95363282715,43204.29965336133,3.650853114583044,3.670091395182422
89627.04844971983,43204.142535725136,3.656483702260021,3.6696838728651
89627.14254737234,43203.98496706923,3.662779192406121,3.6684838577738574
89627.23651358337,43203.82731670947,3.6689397471116756,3.667132539066527
89627.33093615164,43203.66995396163,3.6744557190945644,3.666356800282382
89627.42640287588,43203.51324814158,3.6788016565489867,3.6669496508820183
89627.52350155478,43203.3575685651,3.6813224145219428,3.6696663904195512
89627.62260152788,43203.20314688698,3.6816760649797686,3.674854318581529
89627.72309618843,43203.04959977399,3.680522878944605,3.681559198902307
89627.82410650169,43202.89637222369,3.6788016454279138,3.688454918047601
89627.92475342074,43202.742909225926,3.6775617788684025,3.694543791184479
89628.02415789866,43202.58865577059,3.6779845568930023,3.6990215391082293
89628.12144088851,43202.43305684751,3.6812018386436662,3.7011493327347806
89628.21595858647,43202.27570697945,3.687797148658281,3.7002653949889717
89628.30864025708,43202.117200614055,3.6962625956460498,3.6973215972236795
89628.40106028554,43201.95854227152,3.7044379610686606,3.6940492015115174
89628.49479501568,43201.8007377171,3.7147826302586218,3.6924875874287064
89628.59142079134,43201.64479271601,3.749313565898898,3.695201154083951
89628.6925139564,43201.49171303352,3.771490429142085,3.7055944057231587
