x_m,y_m,w_tr_right_m,w_tr_left_m
89634.02539957088,43125.76430096061,3.74592487948799,3.7130934872849286
89634.13222295023,43125.61496031423,3.7610289002391255,3.711132217312712
89634.24478529314,43125.46970423065,3.7737868573834907,3.703098178407651
89634.36278182997,43125.32874618883,3.783560804784421,3.7054689812535235
89634.48590779105,43125.19229966774,3.790043904841782,3.7179207801449587
89634.61385523783,43125.06057323191,3.7934408623514715,3.739705652317509
89634.74596030245,43124.93322345989,3.794048477855368,3.7684085239615106
89634.88088217226,43124.808857103584,3.7926381818503088,3.7813084635128624
89635.0172042203,43124.68596333973,3.7900618228273486,3.782243642499054
89635.15350981959,43124.56303134509,3.787709404476497,3.7834419605428224
89635.28841353288,43124.438583877934,3.7874346982715763,3.7826252691687117
89635.42180040067,43124.31251160225,3.7894522235674235,3.7795909023343937
89635.55524020553,43124.186519120434,3.791829641699554,3.7769516473841427
89635.69041884695,43124.06243605627,3.7932729278709605,3.778333133452826
89635.82902222431,43123.94209203351,3.7934938785074235,3.786370316963317
89635.97260031961,43123.82725291873,3.7928525944126994,3.759076665674535
89636.12153678991,43123.71913746984,3.7924923911152932,3.7455706023692503
89636.27562174846,43123.61868602065,3.7927839031654598,3.749048082554064
89636.43464060793,43123.52683670002,3.791754080402126,3.770939860050595
89636.59834265435,43123.44439696986,3.7845071064745452,3.7611587771224544
89636.76595868553,43123.370298966096,3.775260633599711,3.7479110356974443
89636.93633136248,43123.302070968755,3.7720746594468375,3.7462853062140957
89637.10829397706,43123.23720737028,3.7672183166145046,3.7504900899839924
89637.28067982117,43123.17320256314,3.7616461778671617,3.7559624222651493
89637.45232314416,43123.10755302217,3.757668023290442,3.7594712987822274
89637.62253468629,43123.03879142203,3.757071038086663,3.7595306403465503
89637.79187148828,43122.96816070249,3.7586161130718687,3.7575903515733233
89637.96109184022,43122.89734144987,3.760551414296705,3.753871115312455
89638.13095403221,43122.8280142505,3.7614766685251295,3.7256775985137685
89638.30221603715,43122.76185926908,3.7604797085398687,3.6993503525281652
89638.4754171319,43122.70026593312,3.757228615118826,3.678072641108556
89638.65049650856,43122.64382591034,3.7522247838737552,3.6640595286380466
89638.82729134469,43122.59299524918,3.745749942333637,3.658982571715755
89639.0056388179,43122.548229998065,3.7374066107909973,3.66397475289898
89639.18537610568,43122.50998620544,3.7255284825311272,3.6793273310717853
89639.36634038572,43122.47871991973,3.70652036236726,3.70398426593845
89639.54831069382,43122.454289663816,3.69173907103946,3.700933327588186
89639.73080032748,43122.433822953535,3.6706113629721595,3.7022905799224097
89639.91324670702,43122.41366751096,3.6446493570641936,3.704987237152491
89640.09508724685,43122.39017099822,3.6187782851547365,3.705833132832545
89640.27580505847,43122.359994021856,3.5991563639580164,3.70255384420415
89640.45531792576,43122.32277394014,3.5884810296800107,3.6950458769396826
89640.63378412965,43122.27979509706,3.586174145589099,3.6834516152896697
89640.81136449454,43122.23235925527,3.5902781715763163,3.667138654619963
89640.9882198448,43122.181768177405,3.599152556297007,3.645625878885999
89641.16451148357,43122.12932283063,3.6180302446422123,3.619093763449474
89641.34045024711,43122.07624188206,3.6358940651011014,3.5957264984817745
89641.51633895775,43122.02359116227,3.651631628819894,3.594015305539679
89641.69249044108,43121.97241988131,3.664605272679606,3.594073508923676
89641.86921752268,43121.92377724918,3.674490431110898,3.597374862860115
89642.04682133015,43121.87867061987,3.681038348274148,3.6052355507948226
89642.22536400978,43121.83725225793,3.684604696765327,3.617755615966175
89642.40468432779,43121.798875160806,3.6859466066027102,3.633860656919833
89642.58461247716,43121.76286165029,3.685527964780499,3.6522779161834054
89642.7649786508,43121.72853404818,3.683702996106516,3.6659688816382934
89642.94561304168,43121.69521467625,3.680886213733813,3.673588804057371
89643.12634584276,43121.6622258563,3.6776277556380594,3.681172188350737
89643.30700724699,43121.628889910105,3.6746156723938097,3.6880416341820976
89643.48743400314,43121.594554838746,3.672606019960589,3.6936570122130172
89643.6675466943,43121.55889702381,3.6720493709261164,3.6978568878165814
89643.84732384463,43121.52181980333,3.6731486622428777,3.700694279815576
89644.02674513294,43121.48323103801,3.6735761838796437,3.7021842491201324
89644.205790238,43121.44303858855,3.6670460160244547,3.70230344778665
89644.38443883865,43121.40115031563,3.6625499742363097,3.7009886839070343
89644.56267061365,43121.35747407995,3.6602103581422876,3.698101872657659
89644.74046524183,43121.31191774222,3.660068025086725,3.693369936597205
89644.91781199862,43121.26443158771,3.6620216712625355,3.6864200791216697
89645.09488873904,43121.215799567275,3.6651172348190997,3.677744371957639
89645.27204560004,43121.167567249766,3.6678253363822924,3.6689165077612413
89645.44963904738,43121.12130818219,3.668842613249976,3.661976595364603
89645.62802554692,43121.07859591156,3.666733666249109,3.6590591717399774
89645.8075519938,43121.04096137454,3.65945666092168,3.669753893846657
89645.98798330771,43121.007344426864,3.656723728044239,3.686573535321141
89646.16817786738,43120.972648807474,3.65773053226948,3.700488492285062
89646.34704986856,43120.93204280156,3.666196102902105,3.7076736451372136
89646.52452728686,43120.88532929274,3.6822073839246143,3.709308335556859
89646.70100084045,43120.83442663964,3.6907920305641184,3.7077157881545486
89646.8768636155,43120.78126402689,3.6962065846765455,3.7043365041277445
89647.05250869827,43120.72777063909,3.7017861627962754,3.7006087398696925
89647.2283291749,43120.67587561811,3.7055267636530353,3.698421669644701
89647.4047167162,43120.626811801696,3.7064315595998707,3.699325670925734
89647.58205798655,43120.57934911487,3.746258129759004,3.702767795568578
89647.76071209715,43120.5319449169,3.7861387944911877,3.707029914135491
89647.94064197589,43120.48652783094,3.81152157594948,3.68851420759277
89648.12150533289,43120.44770072545,3.820137259106999,3.681823476464797
89648.30295201352,43120.4201353788,3.816805219752446,3.6979573327390627
89648.48463186306,43120.40850356936,3.8088044827163166,3.7449975730993006
89648.66629254217,43120.416219466315,3.7984782828883845,3.838031045812872
89648.84840507762,43120.437396939014,3.788168570851317,3.9674244685029967
89649.03176488704,43120.46197917096,3.7808206138790283,4.07922592241269
89649.21694992963,43120.48151240634,3.7804187859138154,4.166984935933232
89649.40335955119,43120.49627667384,3.78514615687766,4.178734933315184
89649.58999832603,43120.5094773459,3.7913917125057695,4.147412523018702
89649.7758705441,43120.524321902565,3.796805172056261,4.113338874870031
89649.95998049529,43120.544017823886,3.8015322713221242,4.082376038185903
89650.1413324695,43120.57177258991,3.808027548452717,4.06442124669432
89650.31893075665,43120.61079368068,3.817392450704948,3.935380460182955
89650.49177964663,43120.66428857626,3.8224039319974557,3.7976836713905198
89650.65889799465,43120.735423802216,3.8048842029277807,3.7516812832092925
89650.82181381535,43120.82031066839,3.754946917846662,3.7508815211092412
89650.98739282634,43120.90005201368,3.720293487743332,3.7488199411126235
89651.1617992163,43120.95736730194,3.7179169221602084,3.7223157976998698
89651.33874656506,43121.006784873614,3.731050481984605,3.6635260460584913
89651.50648337114,43121.07697913799,3.732532204201438,3.62329633911218
89651.66430487049,43121.170229700605,3.7159156650754377,3.613116703584615
89651.81786844252,43121.273608956515,3.6836481768181484,3.620128438497686
89651.97286839968,43121.37409347503,3.6426484384974573,3.6282378860923004
89652.13153266252,43121.46626110544,3.6270135220546633,3.627946683786491
89652.29009334366,43121.55789633846,3.6294269192189077,3.6273456217281463
89652.44743427874,43121.651991953826,3.629870714177268,3.6233765679565315
89652.60523377133,43121.74628152507,3.6334328054788294,3.618352937929569
89652.76317871737,43121.840902627184,3.6436290550732258,3.618900650746859
89652.91016726293,43121.94932859533,3.643480631936413,3.6439816964595373
89653.04132103147,43122.077415545835,3.616101965219021,3.694312723769504
89653.16701025442,43122.21228904838,3.56531012769977,3.742013590841677
89653.29878732254,43122.33962398061,3.532561416410057,3.766641214318757
89653.44234697141,43122.45235192625,3.5739650164977217,3.7696493082729243
89653.59538159944,43122.5533180959,3.6402198589710704,3.76471507786791
89653.7550073449,43122.64608159521,3.7206012444680403,3.756702887027828
89653.91834034598,43122.7342015298,3.8154343307053344,3.7445910769761133
89654.0824967409,43122.8212370053,3.8829130160716736,3.7288884509854214
89654.24459266789,43122.91074712733,3.917683410926807,3.715391977015515
89654.40174426517,43123.006291001555,3.924291057602167,3.7152785624133533
89654.55106767098,43123.11142773357,3.9142009336754793,3.74262749025893
89654.68972168339,43123.229648776025,3.8993184015698463,3.8099185010571874
89654.81657417925,43123.361735205,3.887889199241925,3.9097721959780274
89654.93274295941,43123.504900009786,3.8829517880313578,4.035626374323368
89655.0394992234,43123.656112909375,3.8818786383762225,4.1869013726690065
89655.1380806977,43123.81256312007,3.8807683724766933,4.331488449771773
89655.22948379505,43123.97302225956,3.8760061154745094,4.402186128858292
89655.31459910191,43124.13695589481,3.865143573089024,4.48221643610276
89655.39431675363,43124.30383255149,3.8467632506918354,4.568095772720638
89655.4695268855,43124.47312075532,3.8199841335934903,4.633052519604396
89655.54111963282,43124.64428903198,3.7843171390710846,4.649249822956404
89655.6099851309,43124.81680590718,3.739688101001568,4.668235921126202
89655.67701351503,43124.990139906615,3.6864699603141813,4.687926255940846
89655.74309492053,43125.16375955597,3.625478781523956,4.706644819061963
89655.80911948267,43125.33713338097,3.5579420416545533,4.722098022790023
89655.8759773368,43125.50972990728,3.4867624848605048,4.703690349507543
89655.9445586182,43125.68101766062,3.420245772749084,4.687723886122727
89656.01575346217,43125.85046516667,3.353429895940553,4.674336550527664
89656.09045200402,43126.01754095116,3.3035661877657585,4.664073865869303
89656.16954437902,43126.18171353974,3.2937514758253137,4.657599025671844
89656.25392072253,43126.34245145814,3.293658538550895,4.65467334254901
89656.34447116984,43126.499223232044,3.305139093347902,4.651650816841714
89656.44208585624,43126.65149738717,3.366479578295044,4.637612858047851
89656.54765156863,43126.79874589277,3.453242392092613,4.592661817698442
89656.6601508492,43126.942399096515,3.5183639905000104,4.497444919540979
89656.7734790158,43127.08910942421,3.545572247448613,4.35372437242092
89656.87914283774,43127.24429298515,3.538617563390539,4.025923834152527
89656.96477594985,43127.408118817104,3.52152493019935,3.7176931738689962
89657.0174517167,43127.579947482554,3.518529188436983,3.5035839915400255
89657.03189591998,43127.758686355555,3.5823601699808787,3.4040902934684163
89657.02002580444,43127.94222470419,3.602970532807249,3.384067379059406
89656.99610311672,43128.128312951354,3.530738941427957,3.397420652888119
89656.97438960345,43128.314701519965,3.384243183655955,3.4155832576415524
89656.96914701126,43128.49914083294,3.2917147593486153,3.4288813000904
89656.9933049622,43128.67958165313,3.2373462588029924,3.42648372525671
89657.04183874295,43128.856674919516,3.2248708449687364,3.39722064191823
89657.09684900886,43129.033007803744,3.2635169104835424,3.3394246495999367
89657.14044868677,43129.21116596947,3.288895306201403,3.2706943464987677
89657.16469554552,43129.39225091391,3.2922006092722707,3.20429998946146
89657.17378502003,43129.57555271118,3.287198645095182,3.1556503446279085
89657.17264967502,43129.760251426305,3.279179659025833,3.127811909750339
89657.16622207512,43129.9455271243,3.2690194499010725,3.1128183857243985
89657.15917705433,43130.130584289785,3.2588296666874883,3.10222785816659
89657.15228014311,43130.314997808186,3.249553752015756,3.0931453159161792
89657.1432602002,43130.498630285154,3.240560934921193,3.0874155909576726
89657.12976637839,43130.681351878346,3.2311792391000194,3.059295432336008
89657.10944783043,43130.86303274546,3.219114993634216,3.036228462538492
89657.07996867235,43131.043544581815,3.198784106086646,3.0255798692257208
89657.04135729912,43131.22300204596,3.1638319016229937,3.026776986786956
89656.99856673648,43131.40202587194,3.113458549166158,3.0333563961026755
89656.95716521828,43131.58130001519,3.05304331046385,3.0394752558971283
89656.92272097831,43131.761508431126,3.0036979242737716,3.040659302491338
89656.90079842079,43131.94333457901,2.986498060871095,3.030712670686893
89656.8925115176,43132.126885333404,2.986728047890293,3.004881215376329
89656.88594155831,43132.310579093515,2.9920693539308916,2.9718306421620833
89656.8668382858,43132.49253237649,2.9876819794080824,2.946102965712352
89656.8290084686,43132.67194159144,2.96435657431988,2.9410766318223227
89656.78387305494,43132.85036399513,2.9289335373968934,2.9467061096629172
89656.74518117809,43133.02966889352,2.8949706296437947,2.949795425223606
89656.72331668269,43133.21126912421,2.877592738437854,2.9400165717928948
89656.71462328118,43133.39467311874,2.8763872875402794,2.9172806474312427
89656.71178373703,43133.578892736914,2.8833821111567923,2.883119358492965
89656.70748080409,43133.7629398372,2.8905069176439437,2.844689164251339
89656.69439723613,43133.94582627807,2.8917882457321773,2.811741462743902
89656.66691149153,43134.12679174478,2.88192777860244,2.7952186795743956
89656.62841168293,43134.306286416766,2.8607304626023433,2.7934176140068634
89656.58526658561,43134.485160941105,2.8296446717130292,2.798594255604446
89656.5438468791,43134.66426622072,2.7937640198798137,2.803610466403363
89656.51049796319,43134.844449754375,2.7628405785428067,2.8033205195351254
89656.48860615204,43135.02616057304,2.7447463656132762,2.7952973608089655
89656.4758636587,43135.209080945206,2.739196485403729,2.7803627436485288
89656.4693158011,43135.39280602905,2.742465665597404,2.7727998640401985
89656.46600789706,43135.576930982716,2.7498640615013525,2.7663197928068355
89656.4629852645,43135.7610509644,2.757337277461867,2.7593751730024727
89656.45767872188,43135.94481934624,2.7621603953654406,2.754404740845091
89656.44973867919,43136.12822467824,2.764274330242358,2.752038478320245
89656.4396083179,43136.31137522588,2.7643425922242995,2.7520314753430863
89656.42773180825,43136.49437940396,2.762804621766122,2.753918975040535
89656.41455332053,43136.67734562725,2.7599763427945967,2.757109343756347
89656.40057309369,43136.86037612766,2.756249494126393,2.760979868436735
89656.38691805,43137.0435040299,2.7528088541799116,2.7644583816915205
89656.37510780946,43137.226719154234,2.751454920646671,2.7665401506161085
89656.36666803437,43137.41001065461,2.754019597350368,2.773686261811538
89656.36312260237,43137.593367688736,2.761916294217785,2.7765623320143957
89656.3647449601,43137.77678207365,2.7746970524899783,2.774891514381008
89656.36836992676,43137.96025293922,2.788459745582218,2.7715869654854717
89656.37024638489,43138.14378066148,2.799606097808892,2.770449709540467
89656.36662321702,43138.32736561641,2.805322550540707,2.7752954817159066
89656.35454400824,43138.51099441612,2.803236126514679,2.7882680093498524
89656.33789800275,43138.69453510895,2.797411157997982,2.804357915108158
89656.32406927837,43138.87779521427,2.796586055639237,2.8170801500337754
89656.32046991379,43139.060581766505,2.810479902371575,2.8245055722988455
89656.33360425927,43139.24273360045,2.8449623742833743,2.8269574309358148
89656.360236113,43139.42443079099,2.8907038251350263,2.8211057642492054
89656.39121020329,43139.60606077535,2.9315889539462616,2.8143687556988084
89656.41728778751,43139.788013915066,2.958299289898252,2.8162609351983026
89656.42932504186,43139.97067578523,2.968963205209236,2.838079048022366
89656.42415493276,43140.154130577335,2.9670853740350194,2.8816032133007936
89656.40804014583,43140.3379869829,2.959230188652862,2.9331301970960797
89656.38807420498,43140.52181179787,2.9496553119070397,2.98685978591037
89656.37135063416,43140.705171818234,2.9459056524270877,3.0252952414942755
89656.36496295733,43140.887633839906,2.960403898382509,3.0410493560369436
89656.37572636777,43141.068781883114,3.0055637206211947,3.041842409665357
89656.40462059007,43141.2485610912,3.0821241570808113,3.0364815985407123
89656.44708807906,43141.42725927684,3.177857910812803,3.029854532494662
89656.49835265019,43141.60517778303,3.277548758851479,3.0212876395767307
89656.55363811893,43141.78261795276,3.3694341107463486,3.0102137179079635
89656.60851295311,43141.95985974638,3.405027185749381,2.9985381459362017
89656.66163226454,43142.13699162491,3.4279747185771337,2.987379809507614
89656.713278058,43142.31400111488,3.4480192059953074,2.977043630693034
89656.76374694722,43142.490874836505,3.46661267114268,2.9677327199006407
89656.81333554587,43142.66759940995,3.484638719282536,2.959380354863667
89656.86234046765,43142.84416145541,3.5026083794760727,2.9517533500151236
89656.91105832625,43143.02054759306,3.520877281215908,2.9445620544598645
89656.95978573538,43143.19674444312,3.539765023477749,2.9676878818659627
89657.00881930876,43143.37273862574,3.5359501428680855,2.9936220484105824
89657.05845566005,43143.54851676111,3.513767908948884,3.018243108296301
89657.10899140296,43143.72406546944,3.49202568373375,3.0610824779658046
89657.1607231512,43143.89937137089,3.471076531063699,3.1360186696033203
89657.21394751844,43144.074421085665,3.4512128693759143,3.2060815541835876
89657.26896111842,43144.24920123395,3.4325981276818265,3.2691226832581908
89657.3260605648,43144.42369843592,3.4126261164584153,3.320769484626039
89657.38554247128,43144.597899311775,3.379408274060441,3.3551195146496036
89657.4477034516,43144.7717904817,3.350004994594628,3.369757206898156
89657.51490431066,43144.94388066225,3.3153000014950385,3.3704533980186566
89657.60076417979,43145.10461575077,3.2762390722932118,3.3589817302798317
89657.71374195672,43145.247762050865,3.291489998338581,3.3391194469963263
89657.84312002109,43145.380019587275,3.2860683838813944,3.321250641655192
89657.97587785772,43145.50964547019,3.27950393424198,3.309218629935917
89658.10537473325,43145.64075449329,3.2752118242772132,3.3028711862775815
89658.23350127312,43145.77192214038,3.271749241079359,3.298317532543836
89658.36274346978,43145.90133733056,3.27194931995073,3.2942571712598907
89658.49558731576,43146.02718898289,3.280771117764299,3.2905641993001913
89658.63438736905,43146.14768101267,3.2544248496908614,3.287579236828277
89658.7798867774,43146.26120119155,3.22815482631501,3.2903299227430542
89658.9317480034,43146.366260593575,3.2210306779612305,3.2920446982005362
89659.08961355993,43146.461372569014,3.2363210619250444,3.2924767480714032
89659.25312595985,43146.5450504681,3.2745413074116434,3.2913825533896515
89659.4218368367,43146.616233807,3.321713120914883,3.28701412681427
89659.59441741463,43146.67799065471,3.3750686357821182,3.2821180299915538
89659.76904468234,43146.73570672657,3.4277026978964678,3.276581431825966
89659.9439762101,43146.79451761298,3.47249094667875,3.2729784096794567
89660.11856376944,43146.856052094365,3.5096615561861806,3.2721371617225246
89660.29291230073,43146.9195251173,3.543214338300505,3.273216448598764
89660.46714160053,43146.98410401559,3.576484830664237,3.275385477382687
89660.64137146542,43147.048956123,3.612555184223142,3.2779871598644443
89660.81572169196,43147.11324877333,3.6529885410838654,3.350418540340631
89660.99031207673,43147.17614930034,3.6984515627123296,3.4150175417885937
89661.1652624163,43147.23682503786,3.7504945093106734,3.4709271410497653
89661.34069250728,43147.29444331962,3.8109666170175003,3.51771193557766
89661.51672214619,43147.34817147943,3.8597867057851296,3.5553196535788785
89661.69347112963,43147.39717685108,3.8479426445954963,3.584084685750465
89661.87105925419,43147.44062676834,3.8449534302729442,3.6047359610765595
89662.04960631645,43147.47768856499,3.8534269253590967,3.618391433877587
89662.22923211292,43147.50752957483,3.8215594010566605,3.6265076235303284
89662.41005644026,43147.52931713164,3.7704407553612493,3.6307312378868284
89662.59219908513,43147.54221857533,3.7358558736596423,3.632614404803046
89662.77557905395,43147.54552615969,3.6702314574791552,3.6332911778809285
89662.95939866272,43147.5389780217,3.6246128048952313,3.6331053913899827
89663.14270038156,43147.52241174522,3.596645572092538,3.6304746895047955
89663.32453630088,43147.49569401232,3.5811345078969645,3.621740828661989
89663.50478562179,43147.46119324333,3.5786092104405918,3.6055068497653116
89663.68477863309,43147.42566692252,3.579445232486509,3.587149633894321
89663.86593424794,43147.39603914263,3.5669768662420682,3.57940193986311
89664.04717695944,43147.36734788114,3.542108152165898,3.5818376405316723
89664.22496462835,43147.32280870405,3.535207326603833,3.567607261370733
89664.4008866866,43147.26968499541,3.539374465741008,3.542418114868949
89664.57843629629,43147.22416982088,3.538283189194634,3.5224917524793002
89664.7589898933,43147.19259069666,3.5279822923682818,3.5169159501654677
89664.94119768027,43147.16856871638,3.511539244543682,3.5204300083868696
89665.12353036992,43147.14488840801,3.492746835450205,3.5253620370299097
89665.30446528042,43147.11436502884,3.47962044320354,3.5242493038233613
89665.48340125756,43147.07410099501,3.476771312076123,3.5137128548169185
89665.66159675384,43147.02985004058,3.482076027574403,3.4983408302690364
89665.84048113944,43146.988192316436,3.489348620571447,3.4841275126231923
89666.02048276897,43146.951643568675,3.491295031577313,3.474254255120512
89666.20113512402,43146.91908610648,3.4896533034176542,3.4686151487484933
89666.38194035918,43146.88927447883,3.485756777676811,3.466338734898653
89666.56255568548,43146.86111920496,3.480386091373501,3.4661514843348984
89666.74307503682,43146.83397010058,3.473839807274547,3.467150235027825
89666.92366867804,43146.80725376227,3.4665165312214077,3.468621234911531
89667.10450687395,43146.780396786635,3.4687744270718044,3.4699763511836146
89667.28575988946,43146.75282577024,3.4798452238096513,3.4706910840967975
89667.46759798945,43146.72396730968,3.491314385075936,3.4702504831577983
89667.65019143869,43146.693248001524,3.5026791561889246,3.46855762816537
89667.83367690006,43146.66036334737,3.5152475943476125,3.4681021023361565
89668.01744377744,43146.63098888421,3.530504543591187,3.4825445531475956
89668.20014816163,43146.616668582974,3.549830625699004,3.5362147469094123
89668.38042455702,43146.62910796129,3.5673896090349917,3.6449036452379664
89668.55789914777,43146.6708725511,3.564249411383695,3.7932062045241133
89668.73406043505,43146.7273635234,3.525361644945437,3.9315804658085582
89668.91059832954,43146.78212805439,3.4518663211014817,4.018528805098236
89669.08863728623,43146.8242601246,3.363780778696566,4.043572197993695
89669.26815170143,43146.854135145426,3.3102844467990433,4.046573039649905
89669.44897629973,43146.87349863055,3.3628125411152596,4.04399194168585
89669.63094580563,43146.88409609365,3.428942171049338,4.0427124371778
89669.81389494368,43146.88767304838,3.502246560144241,4.043414598144341
89669.99765843841,43146.885975008445,3.592229430404471,4.044889755938049
89670.18207101438,43146.88074748751,3.6805379674248666,4.04623385933993
89670.36696739611,43146.87373599923,3.759050421350892,4.047520424232969
89670.55218230812,43146.866686057314,3.8246508886924144,4.049916286825516
89670.737550475,43146.86134317542,3.8753734756697753,4.055689311959553
89670.92290662121,43146.85945286721,3.9104096819048384,4.068276260859798
89671.10808547135,43146.862760646385,3.931710454721271,4.071592525846364
89671.29292174993,43146.87301202661,3.9375232259940574,4.032862618427085
89671.4772501815,43146.89195252157,3.9313760773847424,4.010482070621608
89671.66089248727,43146.92133889489,3.9239496885381993,4.015881176221656
89671.8419189316,43146.9644432051,3.9234293491393624,3.9431062962510124
89672.01489794924,43147.02756716241,3.9282205818845206,3.8573322253630606
89672.17402095566,43147.117308214,3.917170368267116,3.789587134543285
89672.32075702575,43147.22838206593,3.8710424711803757,3.785331349205457
89672.47214942102,43147.3301020964,3.816331304865005,3.7973369397781207
89672.63792366374,43147.4053802579,3.792459715980421,3.7873778580005766
89672.81268468134,43147.4644811901,3.794511032021428,3.7583280898020597
89672.98966335412,43147.52015514132,3.805617075336243,3.7127814479748533
89673.16221469994,43147.58491479826,3.8121653228881303,3.66452039155057
89673.32738435057,43147.66421013118,3.8117431724735655,3.6302643652205013
89673.48644268181,43147.75540623108,3.8071823423640296,3.615967432122384
89673.64089164512,43147.85542502323,3.795496443318434,3.619188874937862
89673.79223319198,43147.96118843288,3.772384130786869,3.6327210404705057
89673.94196927387,43148.06961838532,3.73732888842302,3.6407575520030475
89674.09158448756,43148.17767261483,3.6945258578373457,3.6428289681773145
89674.24179871837,43148.283886729965,3.64907137517027,3.6431497670024764
89674.39228298454,43148.388960528944,3.6454639185848525,3.642384487099021
89674.5426323338,43148.493750564274,3.650359587052204,3.6414800452782043
89674.69244181391,43148.59911338846,3.654379156948761,3.6414104138855183
89674.84130980623,43148.705899747605,3.6567084691719645,3.6431342279403895
89674.98915771885,43148.81439774686,3.6571516691140373,3.646872395702223
89675.13649518133,43148.92387093979,3.656599764371941,3.6515801193752915
89675.28389404438,43149.03347425282,3.656072852189058,3.656135070964777
89675.43189043415,43149.142380151236,3.6567106960696143,3.6772908371401
89675.58094392651,43149.24979868226,3.659812397336471,3.6953624842856527
89675.73150421177,43149.35494474636,3.6668541014337146,3.7096358125278743
89675.88402098024,43149.45703324405,3.679312275239772,3.720286583695798
89676.03894392226,43149.55527907582,3.697053964887258,3.7275482058576364
89676.19672002278,43149.64890151649,3.6989247549366664,3.7312270426456853
89676.35728688155,43149.73794347931,3.707100543028406,3.731285434011002
89676.51947558658,43149.82423702563,3.718245879554263,3.729173567528885
89676.68197204839,43149.90984895802,3.7291126175719254,3.7267118520643976
89676.84346217757,43149.996846079055,3.7373536127723095,3.7263190519406733
89677.00263400064,43150.08729272329,3.7412423147789835,3.730950867584613
89677.1593460922,43150.18188794739,3.741127137391756,3.7354607021766317
89677.31656847135,43150.277701697574,3.74331189540482,3.7134243734912324
89677.47537699025,43150.37358922718,3.7551231360841566,3.6942745943616893
89677.62862321358,43150.4765487314,3.775785284663883,3.696587572108406
89677.7674025598,43150.595317181826,3.794318500693622,3.6304286199549085
89677.88458057916,43150.73678049612,3.779081789533211,3.602370189135483
89677.98820364769,43150.891949769735,3.7090139879887416,3.611704955407867
89678.09403992961,43151.04376130593,3.602561488745044,3.6314105837286648
89678.2179186322,43151.175087574244,3.513788533979026,3.6375080522436725
89678.37001502681,43151.27509281441,3.4862372810289695,3.5972394528721545
89678.5318415035,43151.36483767667,3.502157574147672,3.513867761752654
89678.67719052237,43151.473876806274,3.53168612574317,3.4164651372608583
89678.79812457228,43151.610114391704,3.5702425042463366,3.3590959359716606
89678.89990779317,43151.76581050729,3.606473793956785,3.3552746452514572
89678.98809748348,43151.932877830965,3.604854998623889,3.3713041035943943
89679.06826792417,43152.10325100736,3.540229401702655,3.374727018847853
89679.14724646472,43152.270485523266,3.4237868837647834,3.3820977063855775
89679.23395082983,43152.430840762114,3.347706508898603,3.3809276917199886
89679.33666499736,43152.58131946799,3.339996156805501,3.359847156254645
89679.44655657504,43152.72893834178,3.350315908791867,3.317286065973626
89679.54378596872,43152.886039520024,3.364872987903146,3.2782819689854255
89679.62308025452,43153.05309692353,3.3896958076669064,3.271871893914389
89679.6820034854,43153.22829970577,3.4221135223979795,3.293764285444172
89679.71826419391,43153.409822669164,3.435450789407891,3.254476934247853
89679.73569641546,43153.595232174004,3.391764021287644,3.2537627186323412
89679.74639900618,43153.78127364139,3.2738305974630117,3.268125720541413
89679.7630552365,43153.964634442964,3.148052862159968,3.2851482088023563
89679.7983483769,43154.142001950364,3.050764981092385,3.2998097795552277
89679.86408143952,43154.31031209648,3.002070116148602,3.293817121558991
89679.95467828734,43154.47140821877,2.998630521253297,3.246244223010933
89680.0486412221,43154.631629475545,3.04576471183289,3.1618937427315204
89680.12388450626,43154.79748107162,3.068560402269143,3.077474265958419
89680.16459059202,43154.9738549104,3.0589655860347134,3.0397116854657096
89680.18626587535,43155.157580764884,3.041450558782771,3.0395745112030865
89680.21284629576,43155.343226910205,3.0362520091901906,3.042051078380513
89680.25172673131,43155.528480232395,3.0469144464829436,3.0355300354513948
89680.29912266204,43155.713135502236,3.0675874340168927,3.0218245644645134
89680.35103914909,43155.89702716517,3.2112706556006647,3.0023124623234594
89680.40348125363,43156.07998966661,3.326610556055848,2.978793336027864
89680.45245403676,43156.261857452,3.3953676852282957,2.9558815508631713
89680.4939625596,43156.44246496677,3.4148078661933714,2.9422245125072606
89680.52401188333,43156.62164665634,3.3940723383519407,2.95075897586306
89680.53860706906,43156.799236966166,3.352096519720018,2.997421269024005
89680.53375317792,43156.97507034165,3.3103455289831483,3.0958462575632058
89680.50546376077,43157.14898214841,3.2806950888465485,3.247591159362728
89680.45345981326,43157.32120958571,3.2613718735828283,3.421264176493622
89680.38695825521,43157.49301907439,3.248142506631242,3.585508065551891
89680.31667487838,43157.66583949146,3.2393887131414365,3.7084478296033017
89680.25294649394,43157.84104030596,3.240983590790691,3.7803392697998266
89680.19964048438,43158.01897685712,3.2574357298939103,3.8159509150290845
89680.15520104585,43158.19915436042,3.2875839738559973,3.8375430232048533
89680.11790468571,43158.38105174493,3.3381552236512717,3.859475132397844
89680.08602791141,43158.56414793968,3.4641045063822298,3.8880492441248196
89680.05784723029,43158.74792187373,3.5830756834818347,3.925391325635308
89680.03163914979,43158.93185247614,3.6890409773851003,3.9726167813759607
89680.00568017727,43159.11541867595,3.7775796488510527,4.03141102772205
89679.97824682014,43159.29809940222,3.845834464470278,4.104689767265346
89679.9476155858,43159.479373584014,3.8926528194960937,4.196964934738328
89679.91206298169,43159.658720150386,3.9187809585793407,4.3146930002953034
89679.86986551512,43159.835618030374,3.9269911017970394,4.466615442968249
89679.81929969357,43160.009546153036,3.9219608496936855,4.491747440313815
89679.75864202436,43160.17998344743,3.9096126356540037,4.307962951297312
89679.68616901497,43160.346408842626,3.8957908537084447,4.152233554398684
89679.60049318122,43160.50817896268,3.8849108141537076,4.003680267796371
89679.50200726457,43160.664002440855,3.879632763766611,3.87683772406241
89679.39169134934,43160.8123741213,3.8791360688824836,3.7897011079157585
89679.27052588499,43160.951788715254,3.877581431269791,3.739109648486102
89679.13967760836,43161.08104705742,3.8646346755844077,3.7188342348163967
89679.0031821095,43161.20366432754,3.834590344435628,3.7320000351422813
89678.8673220367,43161.32684971467,3.7919152608559785,3.7443499877631576
89678.73684663883,43161.45590133221,3.747066289278642,3.749468442719159
89678.61245005962,43161.59100240586,3.714094603427935,3.7510216875731324
89678.49440383237,43161.73170243019,3.696275856445168,3.7521304632093866
89678.38475197766,43161.8789481776,3.688240060873146,3.7484947119740077
89678.286293875,43162.03429301697,3.67722667787677,3.728085462414904
89678.19665326347,43162.195673814655,3.6827651911977712,3.6833984826117057
89678.10651726121,43162.35617968027,3.692468621194407,3.6241767526302855
89678.00608818518,43162.508560913164,3.6960597100179156,3.572613120357413
89677.88738621183,43162.64695935222,3.680185761443289,3.5496234039205787
89677.7569046622,43162.776595774754,3.6421590671753776,3.5556115609756205
89677.62805344802,43162.90798548687,3.5926700699091225,3.5959808746654565
89677.51157245475,43163.04948438339,3.557702688978906,3.6102142244488196
89677.40691826816,43163.20033060764,3.549235483067605,3.610681049743908
89677.31061456668,43163.3573922942,3.556750855897719,3.607690158266602
89677.21918502271,43163.517537572676,3.572609666431787,3.6045961175985455
89677.1293844059,43163.67797756233,3.5893715275772515,3.6025309361493
89677.0390887302,43163.83758750841,3.60374282579201,3.602084745558478
89676.94653303787,43163.995756274395,3.605920925864974,3.6045014929541015
89676.85159424582,43164.15268543201,3.604692786920673,3.6096277393248286
89676.75701261166,43164.309993743605,3.603961822083571,3.6142735407888122
89676.6657874991,43164.46942453901,3.6071392846426646,3.6151790939697346
89676.57778263446,43164.630766327726,3.614309146441061,3.613212114303567
89676.48693964288,43164.79011566059,3.6195053779420316,3.6158603588483125
89676.38691029113,43164.94339812943,3.616326520112748,3.6171727652351713
89676.27745209202,43165.09050758114,3.6050872274875307,3.6316455491138315
89676.16335205408,43165.23460663959,3.600212113663789,3.651096889275183
89676.04954710414,43165.37895536367,3.596906932973863,3.6677381722248708
89675.94046308054,43165.52647873677,3.6004029187149253,3.6769320596242734
89675.83660803475,43165.67753319499,3.611681174246396,3.6799455962646412
89675.73667751858,43165.831286878405,3.6288100700106547,3.679351462854944
89675.63935725046,43165.986901480166,3.649385265589182,3.6765482214261356
89675.54333294879,43166.14353869343,3.652054548739502,3.672701883732213
89675.44729033194,43166.30036021134,3.645054290344648,3.6696544013244523
89675.3502122604,43166.456685505014,3.6377336427206615,3.6703140051443506
89675.25501429848,43166.6139222523,3.6361541763637484,3.6753096851829707
89675.1673965948,43166.77495670352,3.6103964329455946,3.683034054663371
89675.09307809873,43166.94257567141,3.583458958955273,3.68603422984218
89675.03719564508,43167.11766861865,3.5493426849203695,3.6645697661339613
89675.00025288218,43167.29843730865,3.548977467518289,3.5977877964913243
89674.96029771015,43167.47632438424,3.565861560569843,3.502978006908046
89674.89534456818,43167.64337423637,3.5838385941574553,3.4232156751917033
89674.80714379379,43167.80069295717,3.601958430189295,3.3819920768589258
89674.70216752487,43167.95118920625,3.6044496424420993,3.377577945431113
89674.58688789936,43168.09777164323,3.5698155414930848,3.393496608158916
89674.46777705521,43168.24334892775,3.492683371508488,3.4133098445779275
89674.3513071303,43168.3908297194,3.4282364914373957,3.4277411691473345
89674.2439502626,43168.54312267781,3.4079003846130274,3.431723755166531
89674.15040229876,43168.70214769842,3.40606265644202,3.4214141779476233
89674.05910157178,43168.86077500805,3.4114600522018,3.4110881129571213
89673.95322286934,43169.00919767692,3.4160542876384303,3.4272423335425657
89673.8339724841,43169.148970173104,3.4108494679123487,3.4647677500853327
89673.70846051509,43169.285363501906,3.4022808095873334,3.5110816980844604
89673.58176872264,43169.42203090965,3.3943120921626244,3.5561481090368288
89673.45429448731,43169.55889075492,3.385775400099172,3.5990230951590405
89673.32577718885,43169.69533676774,3.376121228617233,3.643316132522343
89673.19595620695,43169.83076267817,3.365371856099401,3.690437991502795
89673.06457092134,43169.964562216235,3.353578822368114,3.742538685759929
89672.93136071177,43170.09612911198,3.36226729203815,3.8014005286529766
89672.79606495792,43170.22485709546,3.418687138640113,3.81720807604533
89672.65842303955,43170.35013989672,3.4659168395819764,3.8329324897348984
89672.51817433636,43170.47137124579,3.504130204423687,3.85700593646245
89672.37505822808,43170.587944872714,3.5337783492497845,3.8913661111594333
89672.22881409444,43170.69925450754,3.555578946038203,3.865732966007215
89672.07918131516,43170.80469388031,3.5705114684156314,3.7851469954765977
89671.92589926998,43170.903656721064,3.5798064164155545,3.7165902577160868
89671.76870733856,43170.99553675985,3.5849008235091633,3.6621388614542774
89671.60734490068,43171.07972772671,3.5872930505179137,3.6182643203327216
89671.44155133606,43171.155623351675,3.5882308023330207,3.583955515150737
89671.27113680894,43171.22264422317,3.5883084139653123,3.568812960229506
89671.09675323755,43171.28053032341,3.5875374496692425,3.5725467634262706
89670.91960453516,43171.329231547024,3.584894968159828,3.54262454898689
89670.74069445682,43171.36917714492,3.5785055538102406,3.524714053238408
89670.56041046254,43171.40219391255,3.5672071963156546,3.519575133363044
89670.37902741131,43171.43036398565,3.5510075329272137,3.5227311080244896
89670.19682016209,43171.455769499946,3.5453530251640046,3.5307391143733278
89670.01406223416,43171.4803094745,3.5696866258666597,3.534236899685137
89669.83100436335,43171.50276872438,3.5898487834046704,3.5236914241463833
89669.64787823166,43171.519327654794,3.6030630119715847,3.523040934081747
89669.46491493478,43171.5260865356,3.6095959670029414,3.5384382267421857
89669.2823339811,43171.519317758655,3.609289598228988,3.5734351952561476
89669.09998579611,43171.500776172,3.6039038900050593,3.5920308660429225
89668.9172837435,43171.47870885738,3.599450521869553,3.5846763041521066
89668.7338686419,43171.45990971047,3.6017377041108674,3.5772623776892174
89668.55087585608,43171.440357478794,3.6091806601970076,3.575459748491672
89668.3699880785,43171.412070223116,3.6196412069682706,3.541279980068573
89668.19284410185,43171.36738559486,3.6308364206697683,3.4953113227812205
89668.02022219561,43171.30490518196,3.639975489040273,3.4763548666929283
89667.85212426427,43171.228881901516,3.6410725564593394,3.435751678300608
89667.68839609833,43171.14366591691,3.6241705629456087,3.419154416953333
89667.52795912596,43171.052848151005,3.581361581422236,3.416393247080395
89667.36932957139,43170.95968670541,3.51120829876855,3.4192583199508113
89667.21102193443,43170.867438265464,3.419885050651075,3.422485276883415
89667.05155071506,43170.77935951656,3.3984274664104595,3.4229028050543517
89666.88945193445,43170.698245821935,3.3870921045226585,3.4176318882274686
89666.72342778678,43170.623330532755,3.3848588227510463,3.4046448536748675
89666.55225782449,43170.552188783884,3.3897897018399017,3.381529066608034
89666.37545918983,43170.482036591144,3.4025720993162714,3.3499338476949116
89666.20018506904,43170.406465652646,3.4291562186998865,3.330570333724417
89666.03810531709,43170.31692390686,3.4880372877223476,3.364053012311449
89665.90094862561,43170.20483136643,3.596806029017537,3.4573625176574234
89665.7976280398,43170.06352847109,3.7279465975053823,3.6598589828807007
89665.71844801545,43169.89904775064,3.8911917295866187,3.910605954183543
89665.64616210783,43169.72257186781,3.8358578054010417,4.120452058112517
89665.5648217494,43169.54451705806,3.6035458896601718,4.243165540593207
89665.47013409174,43169.368399090235,3.3878383202627464,4.297098106532287
89665.36388106292,43169.19413731909,3.166229199346792,4.321783322173861
89665.24789702569,43169.02162005686,3.0215409192958202,4.343273876710828
89665.1240163427,43168.850735615764,3.0694426650746918,4.371911687482889
89664.99407337661,43168.68137230804,3.1227323258507296,4.409786322663228
89664.85990249016,43168.5134184459,3.1779332817708568,4.456524734896437
89664.72333804601,43168.3467623416,3.2618516999878455,4.511804574174677
89664.58621440681,43168.181292307345,3.4259804501015605,4.576117366754493
89664.4503659353,43168.016896655376,3.570638389050581,4.65098557024551
89664.31762699412,43167.85346369792,3.7081037227581493,4.739155252282591
89664.18983194596,43167.69088174719,3.8508811115959842,4.844959114384402
89664.06881515353,43167.52903911545,3.9447151862883336,4.947165708453381
89663.95641097947,43167.367824114895,3.9881070135565952,5.074003698597623
89663.85445378651,43167.20712505777,3.9829914706619145,5.265265498109082
89663.76477793731,43167.0468302563,3.9351719874934585,5.438490484665118
89663.68921779453,43166.886828022725,3.854595769227952,5.413423926046971
89663.6296077209,43166.72700666925,3.760257646961352,5.217016842725711
89663.58778207906,43166.56725450813,3.7183790750827255,4.949929604594122
89663.56557523171,43166.40745985158,3.7019244775787437,4.533505562941983
89663.56482154156,43166.24751101183,3.7895843558528437,4.2102923231213545
89663.58735537124,43166.087296301106,3.9804543181217027,3.7452259372238594
89663.63501108348,43165.92670403163,4.096216309020412,3.5369482480508214
89663.70962298833,43165.7656225101,4.004722811326048,3.521714656259313
89663.80217518218,43165.602792000784,3.6945086143377988,3.5524702712478327
89663.86243706042,43165.432591925724,3.467412754702086,3.5798294278042277
89663.85672938522,43165.251325279925,3.413737777713155,3.558736365391109
89663.84336683931,43165.06563066248,3.4523008236524753,3.527729012490345
89663.87537849262,43164.882624243706,3.4725652464251686,3.5484315830105113
89663.91436908893,43164.70301311856,3.511539340418871,3.6108888071708294
89663.90543972471,43164.52599618224,3.6346643354622277,3.660979038477629
89663.84921446611,43164.34989778151,3.747374977183057,3.6409568589527175
89663.78623135865,43164.17241803938,3.8379379338325705,3.5228799366860732
89663.74392841516,43163.99215476645,3.8734567927456207,3.333431482770576
89663.72076651528,43163.8095949175,3.875444326568955,3.3794142476243505
89663.71160823235,43163.62546003637,3.8702700554907805,3.4492684611266604
89663.71131613982,43163.44047166693,3.867270839571194,3.5755526957131467
89663.714752811,43163.25535135302,3.8324310785316005,3.778870766007855
89663.71678081933,43163.07082063851,3.7854786765489914,3.892155772833597
89663.71226273815,43162.88760106723,3.737995482558397,3.9179390235078966
89663.69606114089,43162.70641418305,3.658582020991366,3.8821653882950966
89663.66372466058,43162.527936961524,3.6049918871000393,3.818337916578605
89663.61508279099,43162.3525682819,3.5685781873691873,3.754815299695986
89663.55161315869,43162.180599956286,3.5679438669765444,3.706102929150093
89663.47479685208,43162.01232357187,3.599499091302297,3.6748188879633963
89663.38611495946,43161.84803071586,3.6258492530193633,3.6578858571167148
89663.28704856923,43161.68801297546,3.587195671678506,3.6517181975878357
89663.17907876971,43161.532561937864,3.5706821243600175,3.6498948889474194
89663.06368664923,43161.38196919028,3.5715693965383033,3.6520291462833416
89662.94235329617,43161.236526319924,3.5859780240998504,3.6552146049990406
89662.81655979886,43161.09652491398,3.610362385062831,3.657917628304605
89662.68778332356,43160.96222090281,3.641228870848642,3.6588620057655024
89662.55735816454,43160.832571327825,3.650331678020498,3.6578115111769622
89662.42643839026,43160.70489474762,3.6450465763025024,3.6560741353172865
89662.29616339625,43160.57641063123,3.639327739450443,3.655742750081031
89662.1668095027,43160.44588111524,3.631567329321566,3.657940156779816
89662.03662176133,43160.315699041756,3.62524443425991,3.6608077268194674
89661.90355322615,43160.18877917188,3.626244124599557,3.663534273689426
89661.76555695116,43160.06803626672,3.6422112166402676,3.666702501472823
89661.62061040333,43159.95635604628,3.6039552647847124,3.6704684449317773
89661.46795838712,43159.85511663383,3.5721680121376314,3.6741344379256775
89661.3087042531,43159.763485267045,3.5632696547881104,3.6764438020277246
89661.14409946748,43159.68045298865,3.57443698427815,3.6745796525069965
89660.97539549638,43159.60501084136,3.584406532693733,3.6662808358389123
89660.80375969941,43159.53622491902,3.5741021175396317,3.650978294933771
89660.62972514826,43159.47372731201,3.5763523220000906,3.628801001994057
89660.45353558288,43159.41740829125,3.5898547765384237,3.600174182822447
89660.27543326683,43159.36715944507,3.6138898313487795,3.578188638307196
89660.09566046362,43159.32287236178,3.648031829569129,3.6007115438119834
89659.91445943683,43159.28443862971,3.6481804288966817,3.6217266270040023
89659.73207245003,43159.251749837196,3.655222357218216,3.6410750748437866
89659.54874176676,43159.224697572565,3.671395151519194,3.658648059908007
89659.36470965059,43159.20317342412,3.696376030784291,3.6743535047600706
89659.18021836506,43159.187068980216,3.7299049872486676,3.6881119699909464
89658.99551017373,43159.176275829166,3.72068598887575,3.6998616765173042
89658.81082734014,43159.1706855593,3.700269027106752,3.709562094190616
89658.62641212788,43159.17018975894,3.687952860656372,3.717180444286712
89658.44250680048,43159.17468001641,3.6833390832339807,3.722645231157758
89658.25930656873,43159.18401383896,3.6859410629884573,3.725822513212678
89658.07662431411,43159.197771806874,3.6949768126062543,3.7267894488034683
89657.89408702413,43159.21539985445,3.7097522632437827,3.725840317352462
89657.71132044884,43159.236343019715,3.691379498507905,3.7236905882312232
89657.528063124,43159.26024315432,3.6620655263076727,3.72172986556645
89657.34503791419,43159.28845978507,3.638785768136046,3.720814504921269
89657.1634756445,43159.323238841105,3.6264816512958884,3.7219885495340725
89656.98461137213,43159.36683363659,3.6311472688425526,3.7257549083176755
89656.8096801542,43159.42149748567,3.6569566396337474,3.728211385808681
89656.63991703662,43159.4894836766,3.6900354893914673,3.7172119737025966
89656.47547757278,43159.57057527764,3.715023609061059,3.6775563751365516
89656.31247949875,43159.65531555451,3.7406747429276117,3.6675488481456053
89656.14640138343,43159.73282039015,3.754607096803511,3.676417076367187
89655.97619019421,43159.80054347513,3.757546787373648,3.699726942023295
89655.80299584797,43159.86123424944,3.7548224626191034,3.7306062668256823
89655.62800344826,43159.91772673966,3.748875034911504,3.7580848348331863
89655.45239809866,43159.97285497234,3.741345854339234,3.7826888578944207
89655.27736490272,43160.02945297407,3.735251268252726,3.8013136403465757
89655.10408896404,43160.0903547714,3.734901395843199,3.8134859514238952
89654.93375538537,43160.15839438899,3.7439748420563657,3.8192005573019148
89654.76693225896,43160.23490203612,3.762326870805044,3.818250527935964
89654.60179937235,43160.315387001734,3.782527413908345,3.8150264034315153
89654.43595873138,43160.39395037014,3.7977471918002443,3.8133213353067577
89654.26706331159,43160.46481930201,3.80421519456045,3.8115360960503626
89654.09440979137,43160.526286735934,3.8025071134499693,3.822078493871672
89653.91925295973,43160.581489091746,3.7914939172781854,3.840068299643626
89653.7429620616,43160.63384590158,3.766688221639057,3.8432295208134613
89653.5669063419,43160.68677669752,3.73686338324777,3.8401751528524284
89653.39245504561,43160.74370101166,3.7078568199823936,3.836663812526363
89653.2208979325,43160.80784129624,3.6867426544690614,3.829629081069141
89653.05234684331,43160.87949940649,3.676293088403738,3.8173564251534335
89652.88601265711,43160.956743303555,3.6746245644822846,3.7986562119938183
89652.72108340978,43161.03758431006,3.678317186648017,3.772069024191694
89652.5567471372,43161.12003374862,3.6839205767727776,3.737576779836263
89652.39219187525,43161.20210294181,3.688865825109875,3.6975184373125014
89652.22660565977,43161.281803212245,3.6914062124737095,3.676264460300222
89652.05917652667,43161.357145882524,3.6897708027911627,3.6671534773102086
89651.88936365144,43161.426787402466,3.6821260355125753,3.6651003960862227
89651.7184536157,43161.493732201416,3.671012449243595,3.6667016980133655
89651.54848775225,43161.56278050126,3.661595483606052,3.666492182983749
89651.38112458905,43161.63784328988,3.6587018690239415,3.6598974097826313
89651.21538669728,43161.716707458545,3.6603227561245713,3.6487400893506177
89651.04919292973,43161.794595638494,3.6614510864001697,3.6379797968920533
89650.88067592276,43161.86720392185,3.657605119558317,3.632826310795069
89650.71008061337,43161.93491040401,3.6491049737035377,3.6349336353333634
89650.53881047151,43162.000667737826,3.638657438599265,3.6441586156382377
89650.36755153736,43162.0660025289,3.629301053896381,3.6536761378195384
89650.19622849232,43162.13092485895,3.622496454283074,3.6633833602533112
89650.02473041133,43162.195373886396,3.6150920197218794,3.6734768884478863
89649.85294636936,43162.25928876969,3.6070946257952348,3.684187245398425
89649.68076544136,43162.322608667244,3.5984603079708846,3.695681673970892
89649.50807670226,43162.385272737505,3.589071797111586,3.7080417653309024
89649.33476922699,43162.44722013892,3.578732472930309,3.7212576308718512
89649.16074345322,43162.50840492951,3.567191841908687,3.7352168535569215
89648.98612988656,43162.569082850445,3.554538696144837,3.7414307834421656
89648.81127296142,43162.62979016273,3.541251633595703,3.7233743992864325
89648.63652524164,43162.6910737874,3.5279413404859,3.705995389192345
89648.46223929105,43162.753480645464,3.5153714967132257,3.6889503693226544
89648.28876767347,43162.8175576579,3.5044575358883674,3.6719689601172028
89648.11646295272,43162.88385174573,3.496255130026177,3.654885141052684
89647.94567769262,43162.95290982997,3.4919561644461385,3.645759929888109
89647.77676445703,43163.02527883159,3.49289426247887,3.669950983681885
89647.61007580975,43163.10150567163,3.5005495851434967,3.6887811073304646
89647.4459643146,43163.18213727107,3.516524054042849,3.702782683913127
89647.28478253543,43163.26772055092,3.542429818943775,3.712698249372276
89647.12688303605,43163.35880243218,3.5796376130637952,3.7193057537456378
89646.97261707821,43163.455928408104,3.628944135731696,3.723060063953083
89646.82203510903,43163.55931412206,3.689989995718502,3.724157764529215
89646.67450382448,43163.66842546932,3.7181685857354827,3.7230304263372815
89646.52929542073,43163.78262472395,3.739061120241937,3.719833948307394
89646.38584929613,43163.90134878843,3.767276852567724,3.71465900942059
89646.24437693402,43164.024379174625,3.8026955045968376,3.7072439263993524
89646.10531252463,43164.15159679652,3.8458215400534694,3.6974818123892303
89645.96909027935,43164.28288257752,3.89740594306335,3.6854760789941086
89645.83614440954,43164.418117441055,3.891414595573682,3.671408940714082
89645.70690912656,43164.557182310535,3.885562108192582,3.655488735669617
89645.58181864182,43164.699958109406,3.8886305757932638,3.7049400994600976
89645.4613071667,43164.846325761064,3.901363195312742,3.748175348682065
89645.34580891252,43164.99616618893,3.851115708959086,3.784249272096222
89645.23575809073,43165.149360316434,3.8084164560165323,3.8135067154787636
89645.13158891264,43165.305789066995,3.779652838091164,3.8363888114634452
89645.03373558966,43165.46533336403,3.7877293842515276,3.853436633035373
89644.94263233316,43165.62787413095,3.8094247332355313,3.8652982001364657
89644.85871335452,43165.793292291186,3.828713956733634,3.872746952309981
89644.7824128651,43165.96146876816,3.816535792158748,3.8767256263737515
89644.7141650763,43166.13228448528,3.8206478891954916,3.878393234474809
89644.65440419946,43166.30562036598,3.814014940824687,3.8790304754096554
89644.60356444599,43166.481357333665,3.8093243753718284,3.879547251786261
89644.562079638,43166.65937625709,3.8211661690460055,3.8795932991006805
89644.52951497534,43166.83943601224,3.8459174588427913,3.877869152195204
89644.50272107142,43167.02091422767,3.862630777652819,3.8746519746697254
89644.47801970431,43167.20311426022,3.8589575887868417,3.871150075938043
89644.4517782909,43167.385344851886,3.854786897122268,3.869942898287497
89644.42342070799,43167.56727539138,3.849210471514707,3.872047233733302
89644.39730093487,43167.74915699455,3.847997915556173,3.8750638083834565
89644.3782203821,43167.931293571804,3.8536244138456643,3.8772773437799324
89644.37080292229,43168.1139780806,3.8267427039423296,3.876334027379147
89644.37539954702,43168.29723986861,3.818900017447428,3.871589275710552
89644.38798035498,43168.480838010066,3.820716591876562,3.8655947175075736
89644.40474479705,43168.66446849207,3.7995379126274096,3.8622921277480424
89644.42679879951,43168.84724560656,3.790940907747355,3.861961519002344
89644.4583785974,43169.02791252651,3.799346910571858,3.8584478975837055
89644.50367440644,43169.20523368533,3.794573260859933,3.838695444707948
89644.56036029747,43169.37981176263,3.787264978506002,3.793689750546489
89644.61656135466,43169.55493303172,3.7832766951764203,3.79150318932059
89644.66908846002,43169.73133342636,3.7768555666455272,3.794387846009018
89644.7202036048,43169.90815455901,3.7692264584025637,3.799023885530503
89644.77223050775,43170.08451998829,3.762837917956999,3.803155088864818
89644.82749288758,43170.25955327287,3.7616658443101176,3.839620876579459
89644.888314463,43170.43237797135,3.771353828700502,3.8705304025604796
89644.95701895273,43170.602117642404,3.7985499823234026,3.876083789386798
89645.03580483295,43170.767903234526,3.7973464828973746,3.865731977232408
89645.1252587038,43170.92896080435,3.742821430407443,3.8486615993742053
89645.22484807081,43171.08458244021,3.712554517742598,3.8377792168329465
89645.3340178849,43171.234061561285,3.7073754255991735,3.8548992547966487
89645.45221309706,43171.376691586745,3.7277908206421695,3.8773788462275625
89645.57887865823,43171.51176593574,3.7750101828150324,3.9073799521952206
89645.71345951941,43171.638578027465,3.7846265919898787,3.947972293916445
89645.85549698128,43171.7562709151,3.752537796304928,4.000120070023865
89646.00499670218,43171.8632629628,3.749810585396175,4.055029292866908
89646.1621040539,43171.9577544942,3.7741968842091893,4.085350969479144
89646.32637433377,43172.03927042742,3.816489133319262,4.045854991288154
89646.49463576726,43172.11345730158,3.8309174219218165,3.900816805937055
89646.66292933945,43172.187728821555,3.8264909947715404,3.687191164891214
89646.82729595936,43172.26949886276,3.82559645499303,3.6397167296582973
89646.98377653606,43172.366181300604,3.809870944339984,3.6133826637705804
89647.12989826784,43172.48212887285,3.7529098682502333,3.6180444141139585
89647.27206962257,43172.60340259549,3.6578257267381185,3.6449507217849595
89647.41998371421,43172.70929847969,3.4937123509303714,3.6938780980825916
89647.58299226264,43172.779820072064,3.343407527804804,3.7678514283703675
89647.76214841605,43172.81216798781,3.264055070774943,3.8490636064262183
89647.95002215555,43172.821122445785,3.2455496364294643,3.892076878838885
89648.13895498996,43172.822036206206,3.255193237961257,3.8548155390373657
89648.32507986946,43172.82482652084,3.266547731408852,3.733940891836644
89648.50844957278,43172.83379107414,3.2730116064070964,3.561260118309078
89648.68929770002,43172.85296832016,3.273404058911186,3.383213920854019
89648.86785794538,43172.88639577236,3.2623708438904306,3.25720064017975
89649.04475139495,43172.93423449696,3.23499803784718,3.25426020453234
89649.2218695825,43172.98393279242,3.1995342587251745,3.2586993345679924
89649.40129668507,43173.02078613221,3.1734188332791042,3.255563092021817
89649.58346206264,43173.04112089643,3.1655511684881383,3.2395999397176833
89649.76707987757,43173.052696864484,3.169514503543442,3.213691520315719
89649.95078889557,43173.06377908974,3.1761320005988716,3.1819199660285316
89650.13375710865,43173.0794532391,3.1785406038027784,3.16775627934899
89650.31620016733,43173.098511053155,3.1775254266630406,3.163741526901001
89650.49845690474,43173.1190042388,3.175199008052668,3.1612105950590763
89650.68080550575,43173.139339699934,3.1731834252527347,3.158666403764173
89650.86318399015,43173.159916572724,3.1710777018555882,3.156503512265367
89651.0454118582,43173.181828122804,3.167735142671606,3.155823901348879
89651.2273084889,43173.2061683258,3.165121903344778,3.157643393170273
89651.40870078035,43173.233980950405,3.16317093745789,3.1628488557246435
89651.58985191582,43173.26339657684,3.160045290723212,3.170052339307787
89651.77169291161,43173.28808649147,3.1624001628535052,3.1804253408847236
89651.95512627144,43173.30187385053,3.1755898690451985,3.1808359060383955
89652.13961009656,43173.307571862955,3.204149612763525,3.1746891778962114
89652.32339504859,43173.31550891921,3.2338415870144552,3.1740597988890444
89652.50469467026,43173.33624443999,3.2480814313529374,3.191850676877037
89652.68215260425,43173.37807224367,3.2461638960354082,3.233870143810682
89652.85747663944,43173.433145395175,3.2373914057296815,3.2696373927008886
89653.0337043429,43173.48661219571,3.2347659433401934,3.297889112489792
89653.21378461986,43173.523994876705,3.2507357556177845,3.3079777576356744
89653.39759032315,43173.54397411676,3.281920023350794,3.3028953995586234
89653.581305046,43173.56101216126,3.310062928514084,3.300841250038713
89653.76089441353,43173.59050365947,3.325067385203537,3.323314646821237
89653.93298506794,43173.64554702498,3.3222631374823983,3.404570107086781
89654.09922501535,43173.721797500395,3.3035058644165924,3.5087392132545854
89654.26356720708,43173.806903429366,3.289677202456623,3.597058529942977
89654.42997668382,43173.888471159575,3.288019899951352,3.6471464395150006
89654.60211863414,43173.9549849121,3.311352735386195,3.6608230205862826
89654.78030178018,43174.004755592374,3.362924648848678,3.65790979568521
89654.96272924497,43174.04225864168,3.431851334618963,3.6550925648126844
89655.14757165234,43174.07206464896,3.533053958243187,3.6578917488359735
89655.33299962609,43174.09874420312,3.6273050730807035,3.6682783773671166
89655.51718379006,43174.12686789308,3.682085565312593,3.6453851327402322
89655.69829476801,43174.1610063078,3.698112613496115,3.593768571444571
89655.87450318379,43174.20573003616,3.6878336979423345,3.5585625910732746
89656.0439796612,43174.26560966714,3.668929432754082,3.556388053403738
89656.20490518482,43174.345192776935,3.651977737126788,3.593863176974461
89656.35754887754,43174.44438889121,3.63728948092601,3.644430301102326
89656.50678666156,43174.55287518312,3.6266983595099713,3.682813809419278
89656.65810979168,43174.65896208491,3.626031699580013,3.7099081198533685
89656.81613357022,43174.75274693945,3.6446965190671667,3.718976416095906
89656.98020788225,43174.83506834427,3.679687838061143,3.7170629633466845
89657.14772442443,43174.91075952829,3.7197409753387487,3.710699345757086
89657.31607161708,43174.98466040429,3.753958375660214,3.703653125881374
89657.48263788031,43175.06161088507,3.7768622824116513,3.701323788871424
89657.64494410121,43175.146209921724,3.788057998463381,3.7105660111153833
89657.8026226637,43175.239215579306,3.7916735336143086,3.732702506033685
89657.95700021947,43175.3383039911,3.7921809071452675,3.750262659081824
89658.10945117143,43175.44106442932,3.791450066049153,3.7664665695867345
89658.26134992248,43175.54508616622,3.78624722181184,3.7821742029620546
89658.41406749038,43175.6479637232,3.7749962138112023,3.7943471633833066
89658.568616793,43175.74784691211,3.766881070868169,3.8020026775039497
89658.72534137513,43175.84392351357,3.764264570069577,3.8059504341972965
89658.88451139776,43175.93549510139,3.75505751353177,3.8068365810336893
89659.04639702184,43176.02186324938,3.7343098505117798,3.8042145066544943
89659.21126840833,43176.10232953135,3.723353951994861,3.7960242310412298
89659.37905943028,43176.17686096982,3.7251620227294873,3.7799821681935937
89659.5473311982,43176.250119824865,3.7380970015312505,3.7600410927598644
89659.71282673201,43176.32842590498,3.7445159975886404,3.7440907132105834
89659.87529537913,43176.412724422335,3.7443463186018913,3.734706661681783
89660.03679100712,43176.49984007596,3.74163804983453,3.7289092713578738
89660.19942602843,43176.58649288601,3.7401148180845363,3.7225638606539553
89660.36457310636,43176.670391732776,3.7425285913982997,3.7124323090388245
89660.53013620658,43176.75388228094,3.7468993978643144,3.7018533387186716
89660.69300348115,43176.84066808484,3.7512621683911744,3.697921138760263
89660.85006295338,43176.934452871,3.753782745657308,3.7087678256664454
89660.99820264647,43177.03894036593,3.747356633472048,3.7365712337612775
89661.13586353167,43177.15619323893,3.718650174328446,3.772273966712202
89661.2696794859,43177.279616414526,3.7104187166439417,3.8057628812186426
89661.40897639886,43177.39977006834,3.7159010079847947,3.826446535190992
89661.56308176556,43177.50721267963,3.7504368310001466,3.832093627656697
89661.73742528576,43177.595922792454,3.811880160331813,3.8176604958737173
89661.92168321485,43177.673701585685,3.8661246099193707,3.7880026010040493
89662.1015524601,43177.75184186054,3.889606424705283,3.7663797179715037
89662.2627299285,43177.841636418336,3.9093042859026834,3.8186838867244486
89662.3909125271,43177.954378060414,3.9982494356639755,3.975078720965317
89662.4721048619,43178.10113683663,4.236333234244112,4.351310843110608
89662.50976223891,43178.28034976728,4.578506263378596,4.764710968426291
89662.53355431373,43178.471466945964,4.7535935640331255,5.081408293375235
89662.56253466288,43178.66116193071,4.692345792723185,5.292176451063579
89662.59755191907,43178.84863202449,4.45356764452451,5.394482244453621
89662.63806986598,43179.03402721087,4.141353020328905,5.434614300772741
89662.68355228727,43179.21749747343,3.8479809157841385,5.459073077006848
89662.73346296664,43179.399192795725,3.6555771884935755,5.480815826763609
89662.78726568776,43179.579263161315,3.480118979120983,5.5042644778946155
89662.8444242343,43179.75785855376,3.3203992077249835,5.530424072071627
89662.90440238995,43179.93512895665,3.1742146964175033,5.559365867263505
89662.9666639384,43180.11122435351,3.118418463482801,5.5910427161731056
89663.0306726633,43180.28629472794,3.149516329349832,5.62549877930556
89663.09589234834,43180.46049006348,3.1809198876390807,5.662915587239264
89663.16178677723,43180.6339603437,3.2151444177349395,5.695842059614311
89663.2278197336,43180.80685555217,3.325343864223959,5.7095765583283535
89663.29345500116,43180.97932567245,3.429001055982411,5.724907882763855
89663.35815636357,43181.1515206881,3.5250483441915166,5.7425559780890065
89663.42138760453,43181.323590582695,3.6126041896606753,5.763412588807274
89663.4826125077,43181.49568533978,3.691003675093242,5.788553922097825
89663.54129485675,43181.667954942954,3.759823040274713,5.777581643341356
89663.5968984354,43181.84054937574,3.8188966573569223,5.762723210374723
89663.6488870273,43182.01361862173,3.8683249838548037,5.753080255164109
89663.69672441612,43182.187312664464,3.908472182797473,5.75038142897897
89663.73987438557,43182.361781487525,3.9399518613202344,5.683277311833414
89663.7778007193,43182.53717507447,3.9635982870817426,5.571974496378889
89663.809967201,43182.71364340887,3.9804167254437823,5.469427628419695
89663.83583761436,43182.89133647428,3.9915015688277222,5.314729118755672
89663.85487574304,43183.070404254264,3.9979225691929132,5.126868027433887
89663.86654537072,43183.25099673239,4.000641372035337,4.95412887011966
89663.8703102811,43183.43326389223,4.000621069373014,4.755086236269068
89663.86560923952,43183.61731099938,3.9992757288232887,4.526715447867134
89663.85126911777,43183.802149614756,3.9985063638280187,4.318659971231973
89663.82548391797,43183.98566010195,4.00121385768448,4.136215176945365
89663.78641842728,43184.16567060542,4.0112323131519405,3.987157882482851
89663.73223743287,43184.34000926965,4.030256281384925,3.86291505041492
89663.66169132756,43184.5069446166,4.054099010202587,3.7817234702170737
89663.5768952636,43184.667275479296,4.0737822409916005,3.7415945676253726
89663.48116383773,43184.822702677266,4.076327586376142,3.730815769388281
89663.37781312036,43184.974928138276,4.05012200359846,3.736700002384848
89663.27015918198,43185.125653790106,3.9908465757851963,3.7488687848948032
89663.16151809302,43185.276581560516,3.9039180563236107,3.760671951239253
89663.05520592399,43185.42941337731,3.803020132285223,3.7685348490063935
89662.9543845107,43185.58575430877,3.824707881996136,3.769317634467714
89662.8589473274,43185.745156889185,3.9024047705524088,3.7618321356464683
89662.76566737707,43185.90521399406,3.9652152267960967,3.7514991573660703
89662.67119302608,43186.06344022702,4.0032956995927655,3.743537715572532
89662.57217264076,43186.21735019167,4.015788498308275,3.7468302783980056
89662.46525458751,43186.36445849162,4.0103671262834855,3.7732525433808415
89662.34708756948,43186.50227992274,3.997775227366753,3.8342632995732027
89662.21562283003,43186.62907278036,3.9859200003142106,3.935367738261302
89662.0730641041,43186.745522713085,3.979123609366437,4.061550206648413
89661.92248154465,43186.852809927295,3.976358830588741,4.212000567464036
89661.76693403765,43186.952111413186,3.974892089384431,4.3789951856723
89661.60848468744,43187.04431991671,3.9725515447445137,4.558117215432716
89661.44743423477,43187.12982512,3.967626166716977,4.715742215682111
89661.28390299209,43187.20896520219,3.959419227678213,4.869772548224578
89661.11801127184,43187.28207834243,3.94756331128279,5.036313389242448
89660.94987938652,43187.34950271988,3.931618547427048,5.21017833992574
89660.77962764862,43187.41157651369,3.9110229313202503,5.2622423356139585
89660.60737637058,43187.46863790301,3.8851682282791433,5.323153436154075
89660.43324586487,43187.521025067,3.853472634225744,5.391768557929372
89660.25735644397,43187.5690761848,3.8154233092232888,5.466965929865015
89660.07982842035,43187.61312943558,3.770599566816375,5.449132729940863
89659.90078210647,43187.65352299847,3.718686872586526,5.435570462333078
89659.72033781478,43187.690595052656,3.6594855741027565,5.428005283767225
89659.5386158578,43187.724683777255,3.5929159129427495,5.425447752937377
89659.35573654796,43187.75612735144,3.522996677641623,5.407756325039698
89659.17182019773,43187.785263954356,3.5373988184877048,5.367586171175239
89658.98698711961,43187.81243176516,3.5508816313437714,5.331868670885827
89658.80135762604,43187.837968962995,3.563584434844084,5.299858084179524
89658.6150520295,43187.86221372703,3.575684345604724,5.270891481196715
89658.42819064246,43187.8855042364,3.587388667864893,5.244360444280019
89658.24089377739,43187.90817867028,3.6556189215872035,5.2196264138328985
89658.05328174675,43187.9305752078,3.7691972003584127,5.195776560937786
89657.86547486302,43187.95303202813,3.8795223389599807,5.171104879951267
89657.67759343865,43187.97588731039,3.974951507528497,5.06747584613889
89657.48975778614,43187.99947923378,4.036257420733633,4.913247236135293
89657.30212608508,43188.02399137683,4.04549632081955,4.714409532270524
89657.11655094849,43188.04268943806,3.9988236906564243,4.423955185105256
89656.93722415438,43188.0392889837,3.9181296948317326,4.007711211876181
89656.76743492958,43188.00078966364,3.845002796054921,3.732419294096177
89656.606056708,43187.93057110243,3.961161000266391,3.6132859944724993
89656.45082775516,43187.83622372652,4.075533500292223,3.5813677710498806
89656.29948633572,43187.725337965676,4.111803032575791,3.595502197266219
89656.14977071428,43187.60550424962,4.034502711904439,3.6228465940059564
89655.99941915552,43187.48431300815,3.8540174121970585,3.645820443114017
89655.84616992406,43187.369354670984,3.6583237311810386,3.6590986823601845
89655.68776523303,43187.2682081157,3.616992892767106,3.6615145990335414
89655.52341325511,43187.18416326894,3.6005893661093054,3.651509643170023
89655.35597465257,43187.109823984785,3.6009348366384915,3.631757610599879
89655.18886944451,43187.036157609844,3.6053455182057705,3.6066421913532345
89655.02496839949,43186.95560573541,3.6314639859818296,3.5803327240875844
89654.86463588041,43186.86733740381,3.645494432352362,3.5612514640692465
89654.70752170526,43186.77243956912,3.6535903585166496,3.552027434373839
89654.55327563907,43186.67199932777,3.659539506935717,3.552345271128629
89654.40154744682,43186.56710377624,3.6643802385918347,3.5602251376362766
89654.2519868935,43186.458840010964,3.6681227347303778,3.573393759287962
89654.10424374414,43186.34829512842,3.6707612346464393,3.589958043190399
89653.95797552034,43186.23653008237,3.6725990049124135,3.6085517405965057
89653.81307054788,43186.123827938965,3.67353969101721,3.62890586509924
89653.66968147257,43186.00958091588,3.674874597262007,3.651640452512951
89653.5279545247,43185.893173798446,3.681107495250279,3.6770884034304547
89653.38766066974,43185.77473480428,3.6855182536376567,3.7043881306706457
89653.24824637824,43185.655035003685,3.6889780490016273,3.73179428636117
89653.1091474279,43185.534866650436,3.6923831288195657,3.757678574305185
89652.9697995964,43185.41502199836,3.6967661240763006,3.7807869045668827
89652.8296386614,43185.29629330121,3.696842585647027,3.800328389206906
89652.68810040063,43185.179472812815,3.6993724528190093,3.8159781593826123
89652.54462059174,43185.06535278696,3.706649076283055,3.827801795798469
89652.39863501243,43184.95472547743,3.7201356041076763,3.836017322480097
89652.24962488019,43184.84831892086,3.7327101170712247,3.8406619167327296
89652.09771913878,43184.745945763156,3.7487673119344955,3.842265685893989
89651.94352938696,43184.64673654438,3.7691696224740237,3.841526130865995
89651.78767875093,43184.54980551363,3.7917197469930866,3.8388003322412185
89651.63079035687,43184.45426692002,3.814411933653849,3.834474118764046
89651.47348733094,43184.35923501269,3.8356306634571347,3.829214947030317
89651.31639279932,43184.26382404076,3.8517175860320276,3.8240684966959533
89651.16012988819,43184.167148253364,3.864382763207235,3.8204544713222837
89651.00532172369,43184.06832189959,3.8739383729632033,3.8200363870760663
89650.85259143203,43183.96645922858,3.8803537999111053,3.8243398986811763
89650.70256213935,43183.86067448945,3.8832295768082865,3.8341446309886704
89650.55564246552,43183.75039839506,3.8817560992167333,3.8488462247082893
89650.41036767383,43183.63782544308,3.878146147209622,3.864407019728206
89650.2643057471,43183.526577171484,3.8770741091901697,3.876608961089082
89650.1150165931,43183.42028703139,3.883778056744209,3.882966838961487
89649.96033561291,43183.32217001259,3.875869392263288,3.88106067659563
89649.80139440042,43183.23043434204,3.8766793901788805,3.865576813197791
89649.64149642327,43183.1399892722,3.8806972915624423,3.845382992978913
89649.48398343759,43183.045685896985,3.8819775143628252,3.827737287650141
89649.33186770121,43182.942892737374,3.8749170430208237,3.8206835075409478
89649.1845038728,43182.832722017294,3.8583729670174276,3.823888476377523
89649.03896642027,43182.7198666533,3.8346506512812377,3.831190568687441
89648.8922952277,43182.60907387066,3.8092976557886176,3.837618287997432
89648.74153017919,43182.505090894614,3.7731475233885616,3.8396597084420505
89648.58373399859,43182.41262776969,3.754143073594958,3.8309913398691666
89648.41883675772,43182.33172681341,3.7537448194935528,3.8059357952862896
89648.25239402612,43182.25327265156,3.760119131613,3.770950544663369
89648.09061568862,43182.16708475659,3.7606963302466174,3.7405394964135654
89647.93859370619,43182.06482912381,3.7426434794276666,3.7301263564558758
89647.7925841704,43181.952766333074,3.69461949929436,3.736890482982134
89647.64464671678,43181.84408843068,3.633413521022664,3.74978942691265
89647.48725189432,43181.7513712594,3.5887327811535563,3.76131739106345
89647.31903996906,43181.67788390416,3.5537934229427033,3.767963221447981
89647.14322346363,43181.61999839402,3.5399179604992144,3.7581541855302296
89646.963204544,43181.57321292819,3.547276458557075,3.7130396579768994
89646.78281789474,43181.529266403624,3.560753579435748,3.629457983204987
89646.60604058234,43181.47866018292,3.5718528851740183,3.5292686656360206
89646.43684975985,43181.411894876466,3.5725027919148857,3.463966233862796
89646.27879862298,43181.320451163,3.5441129036663677,3.4420448943930233
89646.12704743,43181.21521179752,3.4858883313794307,3.451880191039363
89645.96907294625,43181.12482123058,3.426549140106675,3.4634339047515192
89645.79730707465,43181.066367129635,3.3970051175339635,3.452769315642377
89645.61668764066,43181.02778381543,3.399416528311935,3.413457245567583
89645.43397836383,43180.99274915151,3.412417458763948,3.3646116608518493
89645.25594296375,43180.94494100144,3.415152849917882,3.3201159220206504
89645.08841527943,43180.870435299985,3.388996957000869,3.3069613294752083
89644.92581682073,43180.7847392675,3.3458004722715677,3.333534737599111
89644.75606651131,43180.719985381074,3.31351967879326,3.3505054880687295
89644.57750525283,43180.6801112807,3.300051811339445,3.344494663276272
89644.39413054781,43180.653761252965,3.3074571715886676,3.330681831217711
89644.20999354158,43180.62943455406,3.3198376905694515,3.3170386921471273
89644.02833588037,43180.59791671781,3.324688859906926,3.3104736496780234
89643.8489080569,43180.55985338286,3.3226495894362174,3.310539485174934
89643.67051961523,43180.518547719774,3.3163551704777077,3.314195802773743
89643.49200091176,43180.47726123183,3.3094981005000985,3.3179020938656447
89643.31272757104,43180.4381634719,3.3047407990120448,3.3202759273702114
89643.13266005824,43180.40225279501,3.303844589522053,3.333107685543759
89642.95178759129,43180.37046997593,3.3086824460187017,3.341764039658465
89642.77010019697,43180.343753005545,3.3208266138478337,3.3466412675790904
89642.5876964022,43180.322666412605,3.339056093716359,3.3479008686326672
89642.40489143405,43180.30702883501,3.3266341067054834,3.3456687147634394
89642.221979566,43180.29641267476,3.321296934983542,3.3396435042545214
89642.03891162186,43180.28923146435,3.3206807227049717,3.3305403620211855
89641.85548516702,43180.28338161095,3.3220612286372218,3.3364214751482333
89641.6714970953,43180.27675738835,3.323306107558459,3.369002084792702
89641.48696773326,43180.26880887689,3.3208116261006886,3.3981217521326137
89641.30266870986,43180.26421762406,3.316477104733555,3.418980368520576
89641.11952939734,43180.26876357523,3.326621497553935,3.430559810189565
89640.93846754776,43180.288169247135,3.3570083106770077,3.4329790611360536
89640.75929167219,43180.32267513101,3.4025350499723537,3.4276105711871208
89640.57979959216,43180.36258460664,3.435620910298445,3.421877237910231
89640.3975957113,43180.397219642684,3.452532685419936,3.4243507371300717
89640.21181606628,43180.42138656595,3.457908765165567,3.4535567697032112
89640.0242402692,43180.43935762346,3.458346386620077,3.566353864005995
89639.83691004633,43180.456343621394,3.4610437068454685,3.6455983840586175
89639.65186712399,43180.47755536595,3.476387837935443,3.676543923807686
89639.47115322847,43180.50820366332,3.4979620452697993,3.6635239079755832
89639.29681008606,43180.55349931967,3.497121643189663,3.626937782243877
89639.1308794231,43180.61865314122,3.548185293332031,3.589789223908702
89638.97486722951,43180.707592941864,3.650009916867816,3.583936094504439
89638.82654898647,43180.815312636725,3.781706995508647,3.595444826625698
89638.6821137055,43180.93300683129,3.9132926232296237,3.570840537798525
89638.5378922051,43181.052181784624,3.930557234673533,3.5228494393524565
89638.39246871244,43181.1693136604,3.938784346729448,3.5147331666040076
89638.24618514437,43181.284755216155,3.944375891004925,3.5075910159744974
89638.09942998101,43181.39896190497,3.948474066034334,3.5014738028278147
89637.95259170256,43181.51238917989,3.9520306958763927,3.4961884047529086
89637.80605878911,43181.62549249403,3.955774054388757,3.491291433556079
89637.66021972081,43181.73872730046,3.960408972112754,3.486292155902796
89637.51546297784,43181.85254905224,3.966301185991129,3.5111488382325495
89637.3721770403,43181.96741320244,3.9637170745661683,3.559218239652483
89637.23075038836,43182.08377520417,3.964122341039354,3.601253075791092
89637.09157150214,43182.20209051048,3.968691268560591,3.637128885844021
89636.9550288618,43182.32281457446,3.9787447692378977,3.6669175881168714
89636.82151094748,43182.44640284918,3.982775373330827,3.690889548445782
89636.69140623932,43182.57331078771,3.9336457801638103,3.70950901949287
89636.56510321746,43182.70399384314,3.8918181525388174,3.7234103778435035
89636.44299036205,43182.83890746853,3.858943993090576,3.7333330702979817
89636.32545620357,43182.978506819825,3.824048405461111,3.7400083871625847
89636.21291871145,43183.123073365736,3.7638229899574336,3.744105499977902
89636.10587475664,43183.272423061346,3.7162797796950326,3.746250395900274
89636.00483429043,43183.42629468911,3.6794069887695917,3.7467059009704418
89635.91030726409,43183.58442703146,3.6478212780973926,3.744879901164346
89635.82280362882,43183.74655887085,3.63054034379868,3.7385591160840166
89635.74261258057,43183.91233866237,3.626016872848035,3.72383212036547
89635.66734075331,43184.0803172269,3.6292144482493365,3.6990701954016507
89635.59280723201,43184.24831396694,3.634282649044679,3.6668772885258267
89635.51479864692,43184.41413500538,3.637537417017763,3.634144522772628
89635.42910162832,43184.57558646511,3.6358738639493158,3.607886957553047
89635.33290857279,43184.73123387481,3.6249989173912756,3.5957833627199514
89635.22932026403,43184.88283451945,3.6037666529649646,3.595755040577242
89635.12298949556,43185.03298409167,3.5779605663916985,3.600712818353289
89635.0185690675,43185.18427828767,3.549249936619529,3.6048636960292963
89634.92071150153,43185.33931264984,3.526427449513415,3.6038806019042795
89634.8323108136,43185.499711444645,3.5162718549961256,3.5941265624650574
89634.7503324211,43185.66382439403,3.5160422158382993,3.576011938634214
89634.67049365003,43185.82931186126,3.5198669703240486,3.5510752813108857
89634.58851182632,43185.993834209585,3.522736438184004,3.5237600904179494
89634.50054910187,43186.15526868495,3.538795707373973,3.4982032677408395
89634.40580642722,43186.31297415295,3.5603543533521673,3.4814069737910547
89634.3047551633,43186.46692889001,3.575299010934341,3.4755509829839597
89634.19787094319,43186.61711325556,3.5873885255720985,3.481004912689552
89634.08562939988,43186.763507608994,3.5980332468113354,3.4969592861379293
89633.96850616646,43186.9060923097,3.6074594357600134,3.4948240513774205
89633.84697687594,43187.044847717094,3.6154894803549187,3.5019991013834946
89633.72151716138,43187.17975419057,3.621873592367511,3.5175606895910674
89633.59260265582,43187.31079208953,3.6263755082767304,3.540641136761974
89633.46063396435,43187.43804625074,3.628798718041537,3.57040333784029
89633.32571533191,43187.562014196374,3.629070956984746,3.6060575519287714
89633.18787783953,43187.683295330244,3.6272231486242505,3.6045890638915323
89633.04715253161,43187.80248383868,3.623461991109134,3.594086288135828
89632.90356758544,43187.91976505925,3.6179508689859032,3.5884272398875643
89632.7571462975,43188.034628362635,3.6106020892202095,3.5880378714494663
89632.607911489,43188.14649533387,3.6014856918961726,3.5936763877929923
89632.45588598111,43188.25478755799,3.6305773978326688,3.6063343910101855
89632.30109259495,43188.358926620036,3.6683497409786607,3.627198508801522
89632.14355415173,43188.458334105046,3.6988552525871627,3.655143035519254
89631.98329347259,43188.55243159805,3.722487942165034,3.631362978502618
89631.82033337868,43188.64064068408,3.7398467930833936,3.6179915348054075
89631.65469669118,43188.72238294818,3.751743644560915,3.6165818066184934
89631.48640623128,43188.79707997539,3.759240210023213,3.6288367725134747
89631.3154848201,43188.86415335074,3.763636515654772,3.644374128124344
89631.14195527881,43188.92302465926,3.7662259112296077,3.651477970842576
89630.96584042859,43188.973115486006,3.767667483795111,3.67473718108445
89630.78721799272,43189.01404566231,3.767444337993777,3.7127555171265874
89630.60667245017,43189.047264865854,3.7653862249480032,3.7469803343738723
89630.42506198582,43189.075211100106,3.7615878449200713,3.7362351408742107
89630.24323333544,43189.100303769796,3.756513559238754,3.7312346366251914
89630.06150518477,43189.123905962304,3.7504869685220754,3.7291000009440376
89629.87952213307,43189.14603231426,3.7432746941632775,3.7291702524964445
89629.69688490349,43189.16660969233,3.7350933841189367,3.731453888007877
89629.51324982422,43189.185485981965,3.7668372818318665,3.7314824491861973
89629.32875698755,43189.201821930044,3.8116636888736144,3.7341082555206686
89629.14379548618,43189.214424603204,3.846795282380001,3.742825462995026
89628.95875646814,43189.22209814877,3.8715781621137983,3.7604582483146234
89628.77403108141,43189.22364671406,3.886628705717597,3.7904436383422424
89628.59001047401,43189.21787444641,3.8937474484781505,3.8367059721026076
89628.40708579394,43189.20358549315,3.895645448467393,3.8393646521959677
89628.22564818918,43189.179584001606,3.8951090183410284,3.830257477346545
89628.04608867294,43189.1446749696,3.8934895812228345,3.841534966998102
89627.86863233424,43189.09870992534,3.8904611241853964,3.8714369549780363
89627.69301526526,43189.04462463956,3.8863175356314485,3.8583566986412206
89627.51888408723,43188.98590704364,3.8812098049130555,3.8491527434989856
89627.34590063528,43188.9248411961,3.8751298001515027,3.8457149059909077
89627.17375393015,43188.861559959434,3.86746777830049,3.846295187084374
89627.00213659726,43188.79597275404,3.858470800075331,3.8389746345245994
89626.83100612859,43188.727816227154,3.8487370798023477,3.8329950277985
89626.6609683825,43188.65640409502,3.862490047733649,3.832019166332242
89626.49272659443,43188.580986554545,3.8841076405899653,3.838031375423008
89626.3269839998,43188.50081380261,3.8992854070488594,3.8360535700129637
89626.16444383406,43188.41513603614,3.9091564565355372,3.831946850959203
89626.00580933267,43188.32320345203,3.9152862198830674,3.8404487986929103
89625.85178373102,43188.22426624719,3.9187353077836953,3.8626801827279804
89625.70271125426,43188.11804692829,3.919625051416469,3.897247915868716
89625.55747617043,43188.00618870415,3.918673884212444,3.912296929179953
89625.41459168018,43187.89082295548,3.9162768873149356,3.929771727577185
89625.27257098415,43187.774081063064,3.913254071133799,3.9468466797589326
89625.12992728293,43187.65809440766,3.9115978551347568,3.9606451437408
89624.98522890356,43187.54491664889,3.9134450682635644,3.9697117307596343
89624.83799400329,43187.435262307765,3.917447357950226,3.9745428283947293
89624.68854162395,43187.32871676094,3.9263632124957377,3.9764951028210804
89624.53721587271,43187.22483004616,3.9393225588952276,3.9762659374009885
89624.38436085677,43187.12315220117,3.938899852568974,3.9741223540007145
89624.23032068324,43187.02323326374,3.9357100735819657,3.9702094226117666
89624.07543945934,43186.9246232716,3.9345391314741263,3.964716914214154
89623.92006099668,43186.8268697203,3.9345706080691762,3.9579571464210885
89623.76452269587,43186.729464955104,3.935057231742249,3.9504758254175165
89623.60915575382,43186.631847955105,3.9352958889516794,3.9430875107814884
89623.45429111343,43186.5334555141,3.934807750871761,3.9367298106660362
89623.30231182056,43186.43064700695,3.931153614122752,3.935939163171783
89623.14766231901,43186.33187501227,3.9324116938418356,3.926614839118203
89622.99024210619,43186.23734782825,3.938630005727573,3.9083066151651344
89622.83226053715,43186.14377988585,3.9432035537868066,3.886980301703937
89622.67592695486,43186.04788563362,3.9423250635006033,3.8667430362795647
89622.52292526711,43185.94715141261,3.9374390441855693,3.8520709097660744
89622.3730138384,43185.84189228988,3.928814564080305,3.8440015636363354
89622.22551006067,43185.73307114477,3.9165271988174197,3.8417613874377183
89622.07973132582,43185.62165085668,3.9002680233745846,3.843682648270102
89621.93499502582,43185.50859430497,3.8801118839137376,3.847871976529381
89621.79061855252,43185.39486436904,3.8670411403153926,3.852701872486187
89621.64591929788,43185.28142392823,3.8626948211721963,3.8569399847633834
89621.50021465382,43185.16923586194,3.8599762770585713,3.859594965907042
89621.35283763494,43185.05924477799,3.860346710258595,3.8598111936955037
89621.20466299173,43184.950592139896,3.8633731679093826,3.85957279013466
89621.05938815774,43184.83911812019,3.8897892572853072,3.866271881712968
89620.92010808816,43184.72134173592,3.9178680956911913,3.8640268824929276
89620.787035561,43184.59707066462,3.930700794956989,3.875309216926216
89620.65981029929,43184.46676645878,3.938257713253617,3.901790040389587
89620.53807202603,43184.33089067092,3.9460992735882803,3.9424479148544505
89620.42146046419,43184.189904853534,3.9561390692470386,3.995483280185338
89620.30961533678,43184.04427055912,3.9684340845015553,4.058996040278815
89620.20217636683,43183.89444934017,3.98242339478332,4.1312115205725135
89620.09878327732,43183.740902749225,3.9974684938034537,4.197153939709452
89619.99907579123,43183.584092338766,4.013020646556421,4.2161392972649345
89619.9026936316,43183.42447966129,4.028653636242745,4.240862817057422
89619.80927652138,43183.2625262693,4.044049994657532,4.270010679778509
89619.71846418362,43183.09869371532,4.058951871751702,4.302490525909976
89619.62989634127,43182.93344355185,4.07307126914781,4.316076662553504
89619.54321271738,43182.76723733137,4.085994950350982,4.316041369649335
89619.45805303492,43182.6005366064,4.0972452300254085,4.318590543367503
89619.37408650623,43182.433791435484,4.106813584874125,4.32446661762236
89619.292649653,43182.266802016435,4.114768294307581,4.258345772238321
89619.21760629445,43182.098383491975,4.1219344404876725,4.171288903331357
89619.15303112008,43181.92726881476,4.132135867627548,4.0988510786173356
89619.10299881935,43181.752190937455,4.148394857525232,4.023464496937643
89619.07057774525,43181.57231588366,4.168038570233457,3.983045683200075
89619.05355693519,43181.38908159937,4.185111326167468,3.9894295079776083
89619.04800040972,43181.20466810289,4.1905446601539404,4.024217471623191
89619.05030988315,43181.02072638714,4.175915746891161,4.070014900368206
89619.05789737725,43180.83732801152,4.13589960886292,4.06567669640125
89619.06836247921,43180.65425131073,4.070232780747908,4.0334490244111585
89619.07930477614,43180.47127461946,3.9839685498106476,4.009105545902182
89619.08832385523,43180.2881762724,3.8880641065948405,3.9874428347572963
89619.09301930363,43180.10473460424,3.8822547117169,3.9619886544462517
89619.09118440571,43179.92074838744,3.88373817231463,3.924734629220491
89619.08557931645,43179.736540467864,3.8905891124008476,3.8739867349952766
89619.08423323979,43179.552989648815,3.8977284504882714,3.8164443377214026
89619.09541168516,43179.370999146144,3.900667871939543,3.7712014914175613
89619.12323742908,43179.190914447194,3.894748866505459,3.7494865299524327
89619.16241253108,43179.011812745506,3.879197630317958,3.7467600300552966
89619.20633635759,43178.832595855485,3.8556886517958815,3.744912919480569
89619.24843704703,43178.65217403337,3.8334584067760153,3.737781873506255
89619.28667788848,43178.47078817844,3.823864361605022,3.729074484773448
89619.32846290438,43178.29144916324,3.8299229971469586,3.7302512843151026
89619.38237466356,43178.11751365357,3.847865234289092,3.7119139744959897
89619.45590439622,43177.951832032566,3.863196262645655,3.6734833213112776
89619.54530305893,43177.792040210734,3.8663043832442368,3.665105427748178
89619.6402023917,43177.632703379415,3.8665308746798557,3.6314197780958763
89619.73258903048,43177.470088655384,3.894267125044455,3.5935010469395117
89619.8279331581,43177.310086260186,3.9753642915241634,3.571806530538338
89619.93633686504,43177.16189217258,4.101538073499928,3.552817727143989
89620.067906442,43177.03470536904,4.177199997567186,3.4827834853569355
89620.22839584471,43176.93403544278,4.0373712250092835,3.483200183281364
89620.39471234857,43176.84093926014,3.6705647228889298,3.5198446279621756
89620.532027705,43176.72652572962,3.3876176594126393,3.5450678516538563
89620.61126243435,43176.56650676756,3.3313263393401975,3.483266556739676
89620.66664584023,43176.38730282659,3.3976278444378107,3.3257201601725814
89620.7679523425,43176.24406513777,3.532315341451789,3.161974473685574
89620.92829722002,43176.15080088266,3.731090581151463,3.0531410266525567
89621.11424597335,43176.087664834726,3.979417946202544,3.0109510861701283
89621.2986942556,43176.035150979325,3.7673222144441865,3.018687124849915
89621.47288520962,43175.976911957056,3.3414728680366017,3.0410619262834198
89621.63074277055,43175.89706192659,3.01937096423886,3.06956839199149
89621.76773244982,43175.78283557655,2.9539988019260273,3.0830577455979062
89621.889867405,43175.642818627304,2.947515375331732,3.0454847514596484
89622.00757655696,43175.494535391255,2.96735500593565,2.9338726726560473
89622.13130378444,43175.355540459015,2.997970194020258,2.7525372776502914
89622.27149290188,43175.24338831489,3.0406331588033346,2.5939984034076238
89622.43479144476,43175.16934753085,3.0846570650318874,2.498670832361457
89622.61381504935,43175.12145253659,3.1084970239596577,2.4583369846915746
89622.79793809367,43175.082370857795,3.093911667902389,2.451889627296409
89622.97835336294,43175.03811954431,3.050598721651076,2.4303441699023276
89623.15568387359,43174.992086226135,2.9883998007393973,2.4008630298272178
89623.33360026624,43174.953272287516,2.9045409112999594,2.381481651948277
89623.51490812229,43174.92794019996,2.785175119196448,2.3780091434892094
89623.69763871939,43174.90724737379,2.6330225115093517,2.3990831719723897
89623.8782987398,43174.87758190132,2.470057363330784,2.412881774512854
89624.05604888342,43174.835029174545,2.3886956502101557,2.413762540023244
89624.23276692165,43174.785601547956,2.3781810102225824,2.4088965011813395
89624.41045369508,43174.735761015385,2.3689210928897704,2.404863855457414
89624.59055964841,43174.69061308924,2.3550808634617453,2.4074540770011823
89624.77060178482,43174.64556909437,2.3431588523789473,2.4141387701417547
89624.9463853518,43174.59182163766,2.346558783178013,2.419210688632784
89625.1137085615,43174.52054598689,2.4642517308510397,2.4122700906678056
89625.2694530853,43174.42518661845,2.617142097869185,2.3743989423361187
89625.4193902333,43174.31780656279,2.737174430087995,2.304645417624927
89625.57364342296,43174.21958407185,2.7900798217854366,2.3079339997977035
89625.73927810215,43174.14535858298,2.787217314072296,2.3734460580549794
89625.91517724501,43174.093006510324,2.768522187582289,2.491698167661189
89626.09888385436,43174.05762638362,2.757077234515206,2.720589052568467
89626.28794093293,43174.03431673263,2.7566034449965993,2.955725680721528
89626.47989148357,43174.01817608709,2.764721348595882,3.1628275529134147
89626.672278509,43174.00430297678,2.7816136609524205,3.323666258392957
89626.86264501205,43173.98779593143,2.812471928831142,3.449478784859991
89627.0485339955,43173.96375348079,2.8580855596343526,3.449397887464552
89627.22748846211,43173.92727415463,2.948492636265593,3.3560999435281276
89627.3970514147,43173.87345648268,3.017091211379224,3.281465564048463
89627.55476585598,43173.797398994706,3.12548410135057,3.2205226926907597
89627.69861726038,43173.695004236666,3.0883916666166424,3.180125336332355
89627.83140719708,43173.57092609264,3.101862433803003,3.156552368005893
89627.95889557757,43173.43519405804,3.115042656337597,3.1416996210775556
89628.0868853446,43173.29791582032,3.114738554584725,3.1334402320536854
89628.21954369324,43173.16717551201,3.110603286336545,3.1369974928213056
89628.35071271606,43173.03828426019,3.104924173774277,3.148300117946538
89628.47021690223,43172.901583084495,3.033277094781882,3.1594566329748037
89628.57013907323,43172.74951260981,2.997216531060497,3.159594793431274
89628.6545239532,43172.58564923545,2.987254891417154,3.1419741477288774
89628.7313419729,43172.41722054628,2.9850034469035243,3.100713032472787
89628.80757191083,43172.24981690216,2.9872322244591376,3.0374821508148635
89628.88797925205,43172.08537825817,2.9864011950870917,2.977616151397865
89628.97639871754,43171.9250896601,2.978046669056751,2.969734029092945
89629.07102568288,43171.76779717862,2.9744502136645554,2.969617295203031
89629.16709195942,43171.61111771634,2.971395493117254,2.9717987970449844
89629.26092698764,43171.45324328093,2.971140276753717,2.9717392766715314
89629.3534793461,43171.29477426833,2.972427259839734,2.9627895321848237
89629.44688405629,43171.136929678054,2.9729511029528197,2.9503145438471607
89629.54320550644,43170.980888512226,2.970619523241489,2.941259821966085
89629.64311307733,43170.82703982587,2.9647978579499665,2.9368263736649936
89629.74599789082,43170.67504883782,2.955927990828525,2.936517668916762
89629.85120384036,43170.52455402292,2.949730230589255,2.939404440310041
89629.95807480707,43170.37519384625,2.948511144697086,2.944360134061729
89630.06580469821,43170.22648652149,2.9463147876256985,2.9501538745430875
89630.17306369821,43170.07753033363,2.944757828290655,2.9590411030381123
89630.27840773914,43169.92733195839,2.9458067464608337,2.966455074369051
89630.38039718765,43169.77490106253,2.9512808324735826,2.9700927987759163
89630.47860344492,43169.619929234505,2.9612942561963616,2.96963521729862
89630.57488951983,43169.46365370448,2.9742041840560645,2.967185331094825
89630.67143412522,43169.30752463832,2.9910172925586513,2.9654624223216652
89630.77041597385,43169.15299220185,3.0033707791035393,2.9679590917152496
89630.87400518096,43169.00150494363,3.0106472370380697,2.9786893374192713
89630.98385542647,43168.854414266476,3.012672259954253,3.000474949850359
89631.10081939377,43168.71292076099,3.008240022989306,3.0281183509976914
89631.22459684474,43168.577212022676,2.9953914586728385,3.0628208971174518
89631.35125326559,43168.44412288206,2.983225470660514,3.0959708238738903
89631.47609336823,43168.30978632483,2.984321180415172,3.1207563969533982
89631.59458058563,43168.17046484468,2.9966676212651393,3.134433766752678
89631.70530838393,43168.02497487588,3.022966874410079,3.13941361829587
89631.80973577566,43167.8744709863,3.060257111498857,3.1397474955790443
89631.90942746792,43167.72019398487,3.088085822282606,3.137001178940066
89632.00594816772,43167.563384680536,3.094368473961818,3.1315589848576586
89632.10086258213,43167.405283882224,3.1027527023363577,3.1240609401595356
89632.1957354182,43167.247132398865,3.110700764900679,3.1159541412159397
89632.29201315982,43167.09007789805,3.116457154941255,3.10918296105732
89632.39003370496,43166.93439465461,3.119902195098499,3.104509677468968
89632.4895285497,43166.779879193404,3.121598868167573,3.10183363708259
89632.59022301287,43166.62632317255,3.121946228516962,3.1008713030751887
89632.6918424132,43166.47351825017,3.1212362178455573,3.1048205912769427
89632.79411206953,43166.321256084346,3.119734608000029,3.1098729163443584
89632.89675730062,43166.16932833318,3.117724128885052,3.115310399351024
89632.99950342528,43166.01752665478,3.115518461508883,3.1207589680100583
89633.10207576225,43165.86564270726,3.113464200962993,3.125882161159828
89633.20419963036,43165.713468148686,3.111935814719517,3.130379025896001
89633.30560034837,43165.56079463722,3.1113208276678197,3.1339718623646604
89633.40602312385,43165.407428398314,3.1119718879280436,3.1364061249152257
89633.5054709031,43165.25336443663,3.1138929530471517,3.137718985722613
89633.60412644722,43165.098729461075,3.11683429136375,3.138133792659747
89633.7021761855,43164.94365286724,3.1205258832859872,3.1378532490468647
89633.79980654716,43164.78826405067,3.124699957377638,3.1370733872609957
89633.89720396139,43164.63269240695,3.129101372883226,3.135997029234786
89633.99455485743,43164.47706733163,3.1334908619235855,3.13483970161996
89634.09204566451,43164.32151822029,3.1374645377742807,3.1338310357391608
89634.18986281184,43164.166174468475,3.14091704995945,3.1332133849503436
89634.28819272862,43164.01116547177,3.143742081349738,3.1332358842723167
89634.38722184411,43163.856620625746,3.145750480689546,3.1341415896727636
89634.48711735966,43163.70265636295,3.1467625970710773,3.1361286178596175
89634.58777332939,43163.54920496594,3.146903137513291,3.1390385170804675
89634.6888807437,43163.39606181609,3.1465231139120418,3.1424552385554034
89634.79012576929,43163.24301904274,3.1459811297760565,3.1459710217946473
89634.89119457283,43163.08986877518,3.145653745516851,3.1491379014511836
89634.99177332099,43162.936403142754,3.145933506168734,3.151676470426384
89635.09157210062,43162.78243000679,3.1471823688114267,3.153293223020308
89635.19059115583,43162.62794806203,3.1493955012378088,3.1540137925255944
89635.28902383246,43162.47308300415,3.1517651225936567,3.1540694773401103
89635.38706697065,43162.31796282699,3.154289701078161,3.153679505942646
89635.48491741047,43162.16271552439,3.1570090377947087,3.15306241924636
89635.5827719921,43162.00746909016,3.1596813188029995,3.1524463827328324
89635.68082755564,43161.852351518166,3.162081243706225,3.152071112431416
89635.77928094118,43161.69749080221,3.1639945031365553,3.152182868346875
89635.87829444479,43161.54299247063,3.165248989572374,3.152984683363025
89635.9778472652,43161.38884297554,3.165882727845964,3.1544525547196605
89636.0778581678,43161.23498946667,3.165994455689911,3.1564812493892362
89636.17824588036,43161.08137906925,3.165674758636027,3.1589604797956037
89636.27892913065,43160.92795890848,3.1650110173947685,3.1617791374315063
89636.37982664636,43160.77467610957,3.1640909713961456,3.1654321429137924
89636.48084664387,43160.6214711903,3.1630144907409816,3.170196786212088
89636.5818522885,43160.46825634949,3.1619429982514538,3.1748813065755033
89636.68269467849,43160.31493620064,3.161060515433518,3.1793099097457316
89636.783224912,43160.161415357135,3.160557082487434,3.1833178240485376
89636.8832940871,43160.00759843239,3.1606299635622226,3.186751985668874
89636.98275330196,43159.853390039796,3.1614788534644895,3.189468372295665
89637.08145365465,43159.69869479277,3.16329613259472,3.1913237985556266
89637.17925822079,43159.54342500216,3.1662410128130936,3.192177323139891
89637.27621493694,43159.387611781945,3.1702288073451763,3.1920857880848725
89637.37251698843,43159.231379591954,3.1749852238896064,3.1912580498291683
89637.46836147089,43159.074855405015,3.1802297302207223,3.1898987792858433
89637.56394547995,43158.91816619392,3.1856933672311367,3.1882171104183437
89637.65946611122,43158.7614389315,3.1911245094921314,3.1864347191901166
89637.75512046032,43158.604800590554,3.1962894407743656,3.184788660753508
89637.85110562286,43158.44837814391,3.2017219483808765,3.183531745761913
89637.9476186945,43158.292298564375,3.2082907392486204,3.1829319209523224
89638.04485677082,43158.13668882476,3.2139388274316616,3.1832690797964034
89638.14301694745,43157.98167589788,3.218507112274332,3.1848235922945616
89638.24229632001,43157.82738675655,3.2218399770385537,3.1878493682144837
89638.34289198412,43157.67394837359,3.2237523497320884,3.1925363293062294
89638.44486909734,43157.52140245718,3.224157593412056,3.1988369726745245
89638.54770028652,43157.36940779417,3.223629338450042,3.2059621453296145
89638.65069191164,43157.21751572187,3.222954454731185,3.212985207464877
89638.7531503242,43157.06527757212,3.222986123363713,3.219114695009076
89638.85438614045,43156.91224744406,3.2207191678882583,3.223773951101978
89638.95402259348,43156.75818228845,3.2166401220501917,3.228102640843146
89639.0522032558,43156.60317669523,3.214465150084285,3.2308624457806765
89639.14912092067,43156.44735719278,3.2139811332420556,3.2323211967885728
89639.24496838135,43156.2908503095,3.214913344489724,3.232676486602975
89639.3399384311,43156.13378257378,3.2169658444108746,3.2320985628936505
89639.4342238632,43155.97628051401,3.219845013189701,3.230757324271654
89639.52801848375,43155.818471250444,3.2232675046389865,3.228834869835504
89639.62154913732,43155.66050120778,3.2269279536324342,3.2265680684395557
89639.71508224276,43155.50253993421,3.230496745707253,3.224261150652684
89639.80888655232,43155.344758341336,3.2336683930082377,3.2222471395998182
89639.9032308183,43155.18732734075,3.2361673134968627,3.2208874139060324
89639.99838379292,43155.030417844086,3.237746263561828,3.2205689233441843
89640.09461422848,43154.87420076292,3.238989839198075,3.2216888785442954
89640.19219087725,43154.71884700888,3.243122325412941,3.224614654085913
89640.29138249147,43154.56452749356,3.2455516405316027,3.229621206302966
89640.39235644712,43154.41134764649,3.2460793903698617,3.236732732151345
89640.49452216756,43154.25892331243,3.2453287404018356,3.2450015868439834
89640.59694591783,43154.1066486796,3.2443458283628015,3.250272579889904
89640.69869226916,43153.95391684218,3.2442706442122358,3.254154181434176
89640.7988260147,43153.800121039734,3.2462799361429133,3.2561273203645227
89640.89681092612,43153.64491592371,3.250967219799956,3.255655531173135
89640.99333322636,43153.4887570992,3.2573074700183566,3.253510129577978
89641.08931247151,43153.33225305181,3.2692133522475677,3.2506854530508305
89641.18566821769,43153.17601226718,3.282107703964297,3.248308293658422
89641.28332002096,43153.02064323095,3.292681146778704,3.247732599707224
89641.38318743744,43152.866754428745,3.3004491599313592,3.250429946005782
89641.4861900232,43152.71495434619,3.304957612343167,3.2576845277482485
89641.59297111857,43152.56566989706,3.3057217260460714,3.269948337998472
89641.70257894078,43152.418279432895,3.3036604001728636,3.285252629163331
89641.8134903691,43152.27178573329,3.3001691523871184,3.3008641027910244
89641.92418155452,43152.125191099105,3.2969440058915627,3.314578750151404
89642.03312864802,43151.9774978312,3.29626010817219,3.325077074280326
89642.1388078006,43151.827708230434,3.3007532452668804,3.3317380489258657
89642.2396996256,43151.6748274819,3.312754144554597,3.3339307468983828
89642.33519249939,43151.51844749376,3.332564957123379,3.3312788491643635
89642.42668166324,43151.35945729044,3.339252107676911,3.324751392718133
89642.51583106021,43151.19891956888,3.3413516297994557,3.3151915510973624
89642.6043046333,43151.037897026064,3.3444895697533195,3.303836982220116
89642.6937663256,43150.877452358945,3.34654870499284,3.292695071941458
89642.78573125,43150.71855385332,3.3459411648335724,3.284113897799127
89642.88039428886,43150.56133229979,3.3426002374086017,3.2788840767471332
89642.9772598638,43150.405480491514,3.337017371976769,3.2766682978105406
89643.07582636342,43150.25068739464,3.3294981316112024,3.276822284974148
89643.17559217643,43150.096641975324,3.3203282260342326,3.278572808865013
89643.27605569147,43149.94303319973,3.309890051604177,3.2811627176131286
89643.37671529724,43149.78955003401,3.2987023998469223,3.2839168184332364
89643.47706938242,43149.635881444316,3.2887382640307603,3.2862510213341043
89643.57661633565,43149.481716396804,3.2838985794573308,3.2876428922840106
89643.67488986532,43149.32676563219,3.2805771249681395,3.287616206944658
89643.7718705649,43149.1710153952,3.2788748966272054,3.2861707946599976
89643.8678455657,43149.01464091061,3.278463482713309,3.283961101172582
89643.9631079929,43148.857821098514,3.278959828603682,3.2810410278110322
89644.05795097165,43148.70073487892,3.2799721555636436,3.2775660898968075
89644.15266762713,43148.5435611719,3.281127999241665,3.273845514782842
89644.24755108455,43148.386478897475,3.2820856400692313,3.2702249472954477
89644.34289446907,43148.229666975705,3.2825337149787073,3.267085628002628
89644.43899090587,43148.073304326645,3.282179272857706,3.264834781638243
89644.5361335201,43147.91756987032,3.281196322750379,3.2638816231603647
89644.63459001506,43147.762627210715,3.2788279842219388,3.2645730973870215
89644.73427327414,43147.60842618193,3.275090115056095,3.266786354303045
89644.83483555299,43147.45475959645,3.2702940894005748,3.2700485579313363
89644.93592308753,43147.30141664006,3.264757643176621,3.2738705297062025
89645.03718211372,43147.14818649855,3.2588342181719643,3.277790040382334
89645.13825886752,43146.99485835769,3.252929080419463,3.2813911429128098
89645.23879958485,43146.84122140329,3.2475009150791663,3.2843094048390933
89645.33845050169,43146.68706482112,3.243059407132849,3.286231659558724
89645.43685785394,43146.532177796966,3.236462597795426,3.2868928194558604
89645.53366787758,43146.37634951662,3.2261214593289327,3.2860604423318156
89645.62852680856,43146.21936916587,3.2183136837172155,3.283479345797967
89645.72108088282,43146.06102593049,3.2136625405296195,3.2787411700729168
89645.8109763363,43145.90110899627,3.2126128547681843,3.2711064575376967
89645.89802998949,43145.739508161285,3.2151512244424216,3.2596574892068375
89645.98351031706,43145.57696942215,3.21950592237476,3.2451142048953194
89646.06941945417,43145.414671495,3.223425957852437,3.2296400561873733
89646.15776519972,43145.25379643643,3.2252614856610435,3.216393511111905
89646.25055535256,43145.09552630308,3.2233986648576365,3.2090362242700303
89646.34977220667,43144.94102908568,3.2150992384312937,3.22875796330382
89646.45516037926,43144.790238702575,3.2003629652627206,3.2548286577573173
89646.56251333811,43144.640910024296,3.197574083705394,3.2795659185529713
89646.6672212251,43144.49057548835,3.1990413735961947,3.29783208543922
89646.76481879971,43144.3368309977,3.2107306423186555,3.307188175591045
89646.85438596133,43144.1788282413,3.2337591935350316,3.309089596079745
89646.9386738231,43144.01733002166,3.2634083002398415,3.3069015368221333
89647.02060334016,43143.85317367651,3.2909718356149016,3.302557543646052
89647.10309546765,43143.68719654356,3.300850448792967,3.298053616682304
89647.18904207434,43143.52023079764,3.307674565533496,3.296108493630088
89647.27945933405,43143.3527756736,3.310815423817044,3.2979240012842084
89647.3723784545,43143.18480056821,3.3123641858138093,3.379578501958947
89647.46556457845,43143.016227651104,3.3146529790044266,3.5021319321518924
89647.55678284871,43142.84697909194,3.320535458744535,3.5982696723305843
89647.64379840804,43142.67697706039,3.333892574904229,3.66319157128475
89647.72437639927,43142.50614372611,3.3593483126276666,3.69585854894354
89647.79628196519,43142.33440125874,3.343505013496163,3.6987974286066505
89647.85728024856,43142.16167182795,3.349167524424868,3.678286110980936
89647.90513639216,43141.98787760339,3.3863249081270803,3.6444670783197743
89647.93761553885,43141.812940754724,3.424184126933767,3.609837180818333
89647.95248283136,43141.63678345159,3.4595024355185933,3.584243724299629
89647.94752992239,43141.459326248456,3.5290384260807937,3.568179805903699
89647.92480623856,43141.28023027799,3.5566846140186827,3.555857705780746
89647.89526579519,43141.09861412555,3.567563599410732,3.5476355490051206
89647.8709803185,43140.91352827553,3.574723387817338,3.549825467991452
89647.86171017814,43140.72443326502,3.567648762123019,3.5694431288029884
89647.86353957672,43140.533215890035,3.548017692241342,3.5975577580896867
89647.86754107488,43140.34265205098,3.5231817646141383,3.620946937506763
89647.86477967129,43140.155518989835,3.509899298395264,3.637035739669344
89647.8463203646,43139.974593948595,3.537017198203549,3.657403203652172
89647.80322815347,43139.802654169216,3.587795807429798,3.691230859539169
89647.72676294949,43139.642396800715,3.644661065992165,3.71708181961275
89647.622869689,43139.49048467065,3.7369599843360675,3.699387865193315
89647.51969096156,43139.33458319682,3.808069966983954,3.638725966769234
89647.42633251652,43139.17125284747,3.8450984543311773,3.550401623813077
89647.34093702065,43139.002108459346,3.8630213943455765,3.455586807276426
89647.26155817075,43138.82880588754,3.875556485053109,3.4840486240625834
89647.18624966369,43138.65300098707,3.889437570239503,3.5280749993292257
89647.11306519632,43138.47634961299,3.8796201080114696,3.636684388791289
89647.04005846544,43138.30050762036,3.846769486399729,3.7486866921812982
89646.96528316794,43138.127130864224,3.8115362882379547,3.824177530650992
89646.88679300061,43137.95787519964,3.779533904777524,3.861612488757146
89646.80264166034,43137.794396481644,3.758643712786805,3.863948296498816
89646.71088284394,43137.63835056529,3.7592329783464766,3.8391819688394513
89646.60957024824,43137.49139330564,3.71947661089328,3.800210659307
89646.4967575701,43137.35518055774,3.680237296643633,3.761994609628528
89646.37049850635,43137.23136817662,3.684372855072796,3.734680535787665
89646.22887823607,43137.121579842045,3.7136516655634084,3.716894280712352
89646.07427443331,43137.023052237666,3.7038105165883373,3.7029760674061802
89645.9174297753,43136.92450182813,3.7038306533567997,3.6973261833961413
89645.76386736754,43136.82071752013,3.7002318666835508,3.700928744028515
89645.61250214558,43136.71402236297,3.6934279817954243,3.708726064724493
89645.46193190113,43136.607100989684,3.6859148056541944,3.716844124183987
89645.31075442591,43136.5026380333,3.681666678103902,3.758813908568854
89645.15756751169,43136.40331812688,3.6867351852171297,3.7896550680431638
89645.00096895016,43136.31182590347,3.7086260531192843,3.7968929955018895
89644.83958020677,43136.23080094018,3.7433756523244295,3.790040125118563
89644.67289427127,43136.161224123716,3.702178014156653,3.77897260922723
89644.5015088304,43136.10197387486,3.68440764634274,3.7708820532259026
89644.32609270245,43136.0517932366,3.686769173722352,3.768017496955002
89644.14731470554,43136.009425251934,3.70456771515133,3.7695822340701044
89643.9658436579,43135.973612963855,3.7330867867181903,3.773791357714391
89643.78234837772,43135.943099415344,3.7357377473367546,3.779028381703713
89643.5974976832,43135.916627649414,3.735699948622607,3.7842440141953007
89643.41196039252,43135.89294070905,3.7396606914988655,3.788994564912756
89643.2264053239,43135.87078163725,3.745639486811739,3.793368061856748
89643.04150129555,43135.84889347699,3.752453935327187,3.7979588541971947
89642.85774494744,43135.82681244083,3.760626768167475,3.8033245301650336
89642.67491149346,43135.807398119265,3.7751932805817714,3.8079985748985954
89642.49258722791,43135.794380394764,3.776979025633909,3.811048554139309
89642.31036147365,43135.79145078029,3.7357713247428808,3.8114711682446907
89642.128001887,43135.80004184671,3.7128319663453984,3.8081149101842384
89641.94555058818,43135.81810953973,3.7066996369004706,3.8005367659994924
89641.7630730804,43135.843313612924,3.7135083213756137,3.7883870911034556
89641.58063486693,43135.87331381991,3.722993022631653,3.774410184353658
89641.39838163296,43135.9060670265,3.70162852861303,3.7655004331777424
89641.2174713817,43135.94328121758,3.690520972734375,3.767927712929658
89641.03975544225,43135.98923348018,3.698714960456297,3.7849610656792567
89640.86709864833,43136.048250941916,3.6923510308195264,3.8142801155143005
89640.7008760225,43136.12344907259,3.6562875878804264,3.8457803385046767
89640.53997146273,43136.211780985264,3.649579892382656,3.871333436456702
89640.38247887809,43136.30824557777,3.633559109622007,3.891567358727548
89640.22687933473,43136.408416096,3.60548536827136,3.9175082080042465
89640.0757506947,43136.513946727886,3.5953497938796435,3.9502103074322914
89639.93413241355,43136.630145445495,3.581125752962482,3.956715554168861
89639.80672363941,43136.7619565732,3.5629079628005256,3.8663153836391473
89639.68872848825,43136.90382353514,3.5702766553872025,3.635116519161598
89639.56533027228,43137.039107385295,3.580268878708087,3.511662527766692
89639.42314652985,43137.15278655872,3.5694717194326993,3.476709534060955
89639.26587864746,43137.24901187367,3.528535781858958,3.474171804897056
89639.1062102073,43137.342014435795,3.4544106212495094,3.4867517927571012
89638.95680057575,43137.445998523355,3.3538767839753207,3.501322530773163
89638.82424311206,43137.56838113475,3.277107270626341,3.5162035401449305
89638.70583351587,43137.70617607959,3.2385761431368403,3.531786270708251
89638.59807979564,43137.85551581672,3.2339100631347186,3.534688630078887
89638.49748995993,43138.01253280499,3.2489271885635365,3.5090444068450184
89638.40057201723,43138.173359503235,3.270111413799047,3.449246334336702
89638.30383397604,43138.3341283703,3.2889206675345077,3.3633414531191246
89638.20378820757,43138.490976600675,3.300855546930741,3.2997031361057205
89638.09877982797,43138.642030809184,3.2955826392246745,3.297707914126638
89637.99181807482,43138.79048045241,3.2856638358165395,3.29926069992979
89637.88633746386,43138.939979563846,3.2769405769166866,3.2994119379616516
89637.78332089748,43139.09154458019,3.2710304637075662,3.2968445335332124
89637.68257267281,43139.24492392193,3.268146037546426,3.3001920423072635
89637.58388958681,43139.39985794033,3.268265678044383,3.306610523724046
89637.48706843633,43139.55608698662,3.271081458819771,3.3113057795357514
89637.39190601831,43139.713351412094,3.276158019253605,3.314544532666064
89637.29819912964,43139.87139156798,3.2830438662756656,3.316515640972624
89637.20575597687,43140.029984339686,3.291316287359272,3.3173787654999765
89637.11445325415,43140.18912591206,3.3006961277693065,3.316874186114337
89637.02418007657,43140.34888348738,3.3109069362688315,3.315120610674023
89636.93444798286,43140.50902175079,3.3221014432277602,3.312667979770816
89636.84434150258,43140.66896314976,3.335004481363484,3.3106556655351236
89636.75292222456,43140.82811174537,3.3457029925973054,3.310429913045521
89636.65925173773,43140.98587159875,3.3536361995994977,3.3134137465601285
89636.56240087644,43141.14165254154,3.358275031107274,3.3208394808277792
89636.46217642634,43141.29532374717,3.359644899902367,3.3326873570066127
89636.35964447226,43141.447540376794,3.3588599810908315,3.3471648025635075
89636.25599457714,43141.59903466007,3.3570099327850804,3.3536029898176785
89636.15240802405,43141.75053382036,3.355264148466651,3.354101049351611
89636.04950872307,43141.90242807238,3.3542942341234214,3.3538355459981535
89635.94701989401,43142.05456303967,3.35361836070847,3.3530981828403217
89635.84458281613,43142.20673480143,3.353009788718259,3.352297032466574
89635.74183876866,43142.35873943688,3.3520935595929973,3.3518552967344295
89635.63842903083,43142.510373025216,3.350459694913484,3.3522000448211973
89635.53399488189,43142.66143164567,3.3476422557020706,3.353723276779185
89635.42834107413,43142.811805649406,3.343305007949536,3.356583592636847
89635.32234032018,43142.962001261076,3.3384022228872334,3.3597703308740865
89635.21729415549,43143.11277199975,3.3346624053353606,3.3620462036734797
89635.11450527328,43143.26487205218,3.3342226272573736,3.3625553049252854
89635.01527636693,43143.41905560517,3.339414189457308,3.3605917356059702
89634.92091012966,43143.576076845464,3.3453761273193834,3.35496803694156
89634.83227496667,43143.736441293506,3.3370297024082203,3.3454511568257117
89634.7479985144,43143.89937144193,3.335471647975393,3.3382812747050035
89634.66598781185,43144.06367718086,3.337450391053271,3.328074358049814
89634.58414955632,43144.22816820489,3.339938504912068,3.3165616998969347
89634.50052517321,43144.39172813774,3.3406335179944358,3.306157389224749
89634.41437321038,43144.55390847343,3.3389835746214436,3.2983662017056963
89634.32559827644,43144.71461521809,3.335184890291306,3.293951733521324
89634.23411092524,43144.87375764029,3.329275570325823,3.29343754476691
89634.13982171073,43145.03124500857,3.3330519410976507,3.297098188693333
89634.04264118684,43145.18698659147,3.3368310515150768,3.30495713422053
89633.94248022304,43145.340891856475,3.3380241742447305,3.316732433147935
89633.83958045817,43145.49307876027,3.3365705676172857,3.331458301251695
89633.73514073808,43145.64426860257,3.3334534549526427,3.350319714623705
89633.63053205564,43145.7952911901,3.33007132182775,3.372264259411806
89633.52712540378,43145.946976329644,3.3282848303043804,3.390384491028411
89633.42629177538,43146.10015382794,3.3303922499999485,3.4040938549365753
89633.32940216333,43146.255653491746,3.338731014786841,3.4133227373352053
89633.23769710054,43146.41422710524,3.354917658311092,3.417929249775652
89633.15084142513,43146.57568409625,3.3777864469893073,3.4187348924198964
89633.0674546137,43146.739208706174,3.4042196851196116,3.4168619639590903
89632.98613738017,43146.90397395523,3.4280666893322684,3.4130790143090546
89632.90549043837,43147.0691528636,3.449907775409237,3.4084121188228385
89632.82411450217,43147.2339184515,3.468252849428141,3.404492807486735
89632.74061028549,43147.397443739115,3.48239150096678,3.403529130342273
89632.65357850213,43147.558901746655,3.4922082711757954,3.407892908093431
89632.56163421583,43147.717474042045,3.497463721895316,3.41942358761273
89632.46457424581,43147.87304612865,3.4984258531798127,3.4375990202440594
89632.36424015118,43148.02672149842,3.4968101593912877,3.458818426959165
89632.26267687423,43148.179724792455,3.4943009959068054,3.479478917494065
89632.16191800503,43148.333273596574,3.490202375930823,3.496596933694689
89632.06331624275,43148.48816233401,3.484704934345058,3.508558278186698
89631.96716904774,43148.64452961432,3.4823689823279365,3.5172741616349255
89631.87368312373,43148.80245764324,3.48380392580112,3.5233114029538886
89631.78306517447,43148.962028626556,3.489244064012832,3.526854187599655
89631.695491953,43149.12330853631,3.498473362572873,3.5277050318156644
89631.61034722233,43149.28593353266,3.5100973112151994,3.526268444977153
89631.52615919593,43149.4490760557,3.5218426561805907,3.5239166701547564
89631.44141360198,43149.61188551787,3.5319148724899434,3.5223895610753697
89631.35459616862,43149.773511331616,3.540810928313703,3.523774129790116
89631.26419276207,43149.93310298681,3.5459737508235136,3.530080901798902
89631.1693758757,43150.09019510429,3.5468548497379606,3.5419172497819167
89631.07159861182,43150.24560150428,3.5449789586894047,3.5626228995661804
89630.97278696118,43150.400401251325,3.54218395668159,3.5825728917501865
89630.87486691451,43150.55567341001,3.5407421139844293,3.5990013904144265
89630.7797644626,43150.7124970449,3.54349095104525,3.6107995416150955
89630.68934617682,43150.8719180744,3.5531942214046435,3.6174870200576654
89630.60399357245,43151.0341540012,3.570188543313999,3.619778647838051
89630.52253418446,43151.19855546398,3.5921225491912367,3.619124165416208
89630.44372233469,43151.364432260605,3.614670957435436,3.6163040137491334
89630.36631234501,43151.53109418896,3.6358869554399327,3.6120007917814885
89630.28905853727,43151.69785104695,3.654881871202314,3.607286508584355
89630.21071523335,43151.86401263242,3.670501827624737,3.603788019115145
89630.1300367551,43152.028888743254,3.682308424360536,3.6035617525411796
89630.0457774244,43152.19178917736,3.6902186488842577,3.6086785487745656
89629.95675722824,43152.352060219484,3.6939344784365646,3.620561804782016
89629.86323453739,43152.509847393354,3.6939714329875937,3.6380756623912025
89629.76686725304,43152.66607387274,3.6916830705074535,3.65788120312833
89629.66937116902,43152.82169499951,3.6883814508777872,3.676823514103957
89629.57246207919,43152.97766611556,3.685900654980296,3.692773405786008
89629.47785577741,43153.13494256278,3.68662959828828,3.7025754637931536
89629.38726779674,43153.294479536184,3.6928809224620367,3.70776177482802
89629.3015837934,43153.45676486975,3.705543628338713,3.7082876807120266
89629.21901902326,43153.6207825104,3.726655601277518,3.7060074420879676
89629.13725266367,43153.785214502204,3.7459257401867445,3.7032142123683522
89629.0539638921,43153.94874288926,3.760877896535526,3.702822322942036
89628.96683188589,43154.11004971562,3.770486049836463,3.7082671691255857
89628.87401159042,43154.268088787125,3.7744532860828515,3.7220127493563826
89628.77632132289,43154.42333524479,3.774472687269501,3.742333247905901
89628.67550567475,43154.57679332351,3.7721180217905577,3.761186490353702
89628.57331017053,43154.729467791134,3.7686004997051743,3.7664127664187554
89628.47146011106,43154.88235177353,3.7654480906199326,3.77103792216713
89628.37088275376,43155.03597899345,3.763684688684837,3.773999463224615
89628.27146176399,43155.190282417665,3.7631311541236303,3.7755923931283277
89628.17301036303,43155.34515446094,3.763597378199591,3.7761327507213363
89628.0753417722,43155.500487538106,3.765038069795229,3.775845012253918
89627.97826921282,43155.65617406393,3.76719482995326,3.7749100593908027
89627.88160590616,43155.81210645323,3.769810794310186,3.7735047652066074
89627.7851650736,43155.968177120805,3.7726426892669576,3.7718176357944104
89627.68875993638,43156.124278481446,3.7754629885742275,3.770052542168217
89627.59220356519,43156.28030265222,3.778060221822037,3.768429974897152
89627.49530338003,43156.4361305851,3.7802297245257286,3.7671985213553585
89627.39785957836,43156.5916289608,3.781771825232843,3.7666384042999628
89627.29967188663,43156.74666352933,3.782502472532896,3.767045174824415
89627.20054003129,43156.90110004068,3.7822403138066765,3.7687129589399344
89627.10026373871,43157.05480424485,3.7807710790341464,3.771896441290933
89626.99864273539,43157.20764189183,3.7785247644783517,3.7767590342731605
89626.89561652175,43157.3595680799,3.7779699338859762,3.788493814809523
89626.79183701405,43157.51099330731,3.776557802072128,3.8026278946496244
89626.68818252652,43157.66247279359,3.7753298677809863,3.8156302692724466
89626.58553146721,43157.814561818166,3.7754909840398305,3.826619743262173
89626.48476224409,43157.967815660464,3.7783512162469726,3.8350448978174305
89626.38667372629,43158.12273970341,3.7850436469053665,3.8405336762326114
89626.2912529037,43158.27933002025,3.795492934580201,3.8434734083402655
89626.19801197726,43158.437284838714,3.8088094450329892,3.844492299600402
89626.10645717129,43158.59629863722,3.8237666010501274,3.843990787578134
89626.01609471015,43158.75606589421,3.8344108172024445,3.84229719751202
89625.92643081813,43158.91628108812,3.845403262200351,3.8397876503065573
89625.83697171952,43159.07663869738,3.8560499657217013,3.8369387226886706
89625.74722363865,43159.23683320041,3.865791040882419,3.8343391181713447
89625.65669279986,43159.39655907567,3.8741992295270853,3.8326762636007174
89625.56488542745,43159.555510801576,3.8809493531680834,3.832690705712169
89625.47131135527,43159.713385056566,3.885742752793202,3.835091681155701
89625.3757669564,43159.870053165236,3.888534341894369,3.8401462971111227
89625.2785384654,43160.02568502341,3.889708672273738,3.84741908335529
89625.17996009345,43160.1804797688,3.8895825015334418,3.8563401731982045
89625.08036605177,43160.33463653912,3.8884196289790314,3.8663413922865733
89624.9800905515,43160.48835447204,3.886496078676082,3.876914594045764
89624.87946780388,43160.641832705296,3.8841319202908293,3.88099754517928
89624.7788176799,43160.795262501,3.8816759451056164,3.8815628642908866
89624.67827595651,43160.94873401751,3.8764837334860145,3.8820114891462842
89624.57785082539,43161.10226734386,3.86931377146094,3.8823261307612267
89624.47754791821,43161.2558811631,3.862248942124628,3.882494737025414
89624.37737286667,43161.4095941583,3.855319336735983,3.8825046781765984
89624.27733130241,43161.56342501255,3.848537082324726,3.8823434842555113
89624.17742885712,43161.7173924089,3.841897855272089,3.8820016767433856
89624.07767116246,43161.87151503041,3.8353853335987447,3.8814787212830946
89623.97808811606,43162.02582305787,3.8290134211893605,3.8807678107673986
89623.87895214766,43162.18046158881,3.823096247302463,3.8796338778217514
89623.78067521761,43162.33564183325,3.818168209844234,3.877744397170396
89623.68367095673,43162.49157579271,3.814851888497447,3.874825534618703
89623.58835299582,43162.64847546872,3.81384270072543,3.8706302140660416
89623.4951349657,43162.80655286282,3.815825235048493,3.8648139944014406
89623.4044304972,43162.96601997651,3.8212669117375597,3.8566703513431313
89623.31665322113,43163.12708881134,3.830153734655163,3.8448417321513255
89623.23209866908,43163.28990870373,3.83075983524868,3.827686221348799
89623.14891121259,43163.45348755474,3.8326430771525644,3.8069072874131886
89623.06335783748,43163.61583709846,3.83347973501111,3.7867725002316055
89622.97223335167,43163.77520248078,3.830975806246648,3.7730051598547547
89622.87509785354,43163.93107778007,3.825255281095183,3.768414377278318
89622.77231975834,43164.08332214785,3.815581182871342,3.773530579832638
89622.66426826487,43164.23179541652,3.7994207703071172,3.776620562174327
89622.55194713417,43164.376947168355,3.7745622057851924,3.78287598403576
89622.43816968305,43164.520908751576,3.7675990815532776,3.7910276265469403
89622.3259738552,43164.66603564281,3.768599170246495,3.7967603834453953
89622.2164580317,43164.81319174406,3.773343901056841,3.7989615969825588
89622.10891735683,43164.96185422083,3.7807003472191605,3.7988180290001194
89622.00257846974,43165.11144755652,3.78918416290147,3.797293065522995
89621.8966680096,43165.261396234426,3.880817534573276,3.795332762462145
89621.79041261079,43165.41112473402,3.9587557724765188,3.794587490947385
89621.68254449281,43165.55966324866,4.004003689830733,3.797702441612639
89621.56994395131,43165.704565098684,4.014389005561553,3.8022919231476107
89621.44905798644,43165.843037899984,3.996232585134578,3.831088180924014
89621.31722773737,43165.972371183576,3.9624735058630414,3.85272653026102
89621.174718027,43166.090122328984,3.9278366905472044,3.838609621421364
89621.0223903033,43166.19390337453,3.910815905266132,3.864622254586336
89620.86111164263,43166.28134668675,3.933465058693737,3.924106906089544
89620.6926972446,43166.35350897548,3.915576169577265,3.9989257771003115
89620.52096839633,43166.41869235117,3.86543687488229,4.065715955714453
89620.35000165194,43166.486120873895,3.86457555011239,4.109737367454064
89620.18356241607,43166.56428873932,3.879682077353001,4.1306088778704115
89620.02194865252,43166.65355655576,3.909482835756845,4.140539910770251
89619.86329034493,43166.74919949364,3.9434371481163106,4.152217694999544
89619.70568432464,43166.84641495749,3.970924433489926,4.130717266522185
89619.54722742284,43166.94040035181,3.987051886413881,4.075037336410154
89619.38601647073,43167.02635308111,3.9948133060344433,4.023616430910345
89619.22014829959,43167.099470549925,4.001817854404875,3.983781824895166
89619.04794101014,43167.15541619597,4.013619396491714,3.8880610873291337
89618.8697857809,43167.194219730154,4.031881361092436,3.835568702394605
89618.68720699464,43167.2182975945,4.0521891344249,3.8220537144997273
89618.5017405517,43167.23009048906,4.066769971729598,3.8381174399866786
89618.31492235235,43167.23203911387,4.069976328965431,3.842039965502603
89618.12827167315,43167.22656088205,4.060576383754214,3.8574072059615663
89617.94266313445,43167.215170158765,4.039925811759486,3.8833250665989216
89617.75813484564,43167.198209507,4.0096084018228115,3.9180018621763826
89617.57466910312,43167.17594330579,3.971161236993989,3.9606638352009482
89617.39224820334,43167.148635934136,3.9254118005343623,3.994641851799349
89617.2108544427,43167.116551771076,3.8724780261971867,3.977521209544225
89617.03047011764,43167.07995519563,3.8120733171205052,3.9678550001012725
89616.85107752455,43167.03911058682,3.750495099223799,3.964929843742008
89616.67265895988,43166.99428232367,3.7674147909860562,3.968087126040293
89616.49519672005,43166.94573478519,3.7828786636974363,3.976708829786315
89616.31867310146,43166.89373235043,3.7968536467106606,3.9902152438469503
89616.14307040053,43166.83853939838,3.8092969509354098,4.001447025663261
89615.96837091373,43166.780420308074,3.8201342591850995,3.968141031871709
89615.79455693743,43166.71963945853,3.829244809087667,3.9389616991131513
89615.62161076807,43166.65646122879,3.836531815081581,3.9129886977075796
89615.44951470206,43166.591149997854,3.842220217428476,3.889510119715381
89615.27835323484,43166.5237576767,3.847221648810949,3.8689373093589836
89615.10924571622,43166.452184751135,3.8819506883141184,3.8557004064787352
89614.94391293122,43166.373081344755,3.8915335022892066,3.8571505160931947
89614.78380771576,43166.28377458303,3.883230494105341,3.82389286633211
89614.62925025602,43166.18443967277,3.869024751779196,3.8028391653924865
89614.48026957267,43166.07598396518,3.8657404650218092,3.8035979213296915
89614.33689468609,43165.95931481207,3.868063510516226,3.824600158388173
89614.19915461674,43165.83533956522,3.8667810845610893,3.8635467021476284
89614.06707838504,43165.70496557643,3.860237382509916,3.8465933641263352
89613.94069501142,43165.56910019748,3.858129183495863,3.8425450787484303
89613.82003351627,43165.42865078015,3.8653418966542676,3.8516667864074874
89613.70500697843,43165.28445192178,3.8732019184114996,3.836110559509359
89613.59504066297,43165.13703211193,3.881210203929128,3.8225019080442935
89613.48943156119,43164.98683934716,3.8889651839152077,3.817615190142869
89613.38747666383,43164.83432162367,3.89608535681187,3.8193988399794714
89613.2884729616,43164.67992693763,3.902269085072213,3.826118544963797
89613.19171744525,43164.52410328525,3.907405990024217,3.83653577069432
89613.0965072838,43164.36729855751,3.9117634768139693,3.850091201624339
89613.0026873918,43164.20963744362,3.915643762495366,3.867670522301934
89612.9118604179,43164.050207467364,3.9182816950114443,3.893030711898235
89612.8259808852,43163.88788852607,3.91946335156644,3.871544973081659
89612.74692323119,43163.721649958774,3.919491129799217,3.820952083332016
89612.6756915281,43163.55143315111,3.919543825294734,3.7841075502514636
89612.61275583234,43163.377775891655,3.920823262018928,3.7635829832564527
89612.55857845809,43163.20122461556,3.92383459546812,3.761113442679051
89612.51362171963,43163.022325757964,3.9282193357733526,3.777787116466074
89612.4783479312,43162.84162575404,3.9319347288584865,3.8138331850938916
89612.45321889434,43162.659670980895,3.9300671303271515,3.784275228388711
89612.43800505066,43162.47692958295,3.915053849643758,3.7647648310665454
89612.43041903024,43162.29363684725,3.8794938218070656,3.75947589527599
89612.42779232387,43162.10998493205,3.8179306660377454,3.7623645857277266
89612.42745642243,43161.92616599556,3.7688828811653288,3.7682761529698143
89612.4267428168,43161.74237219601,3.752708256888543,3.773661427646051
89612.42298299781,43161.5587956916,3.7386373220092532,3.776140285040262
89612.41350845633,43161.37562864058,3.7310095443759153,3.773088175304874
89612.39658266964,43161.19298894803,3.732759973448734,3.7620863093434527
89612.37838008969,43161.010364236776,3.7721156610902975,3.75029804250449
89612.36903657252,43160.826930041796,3.790043177450566,3.7464667175821957
89612.37526882302,43160.64256324312,3.771717809299111,3.6684672064421338
89612.39708309279,43160.458509728865,3.778274548076517,3.6180146419274233
89612.43371316334,43160.27617297972,3.8059772240101992,3.601175598579854
89612.4843928162,43160.09695647638,3.8393246390090803,3.618379310350029
89612.54835583289,43159.92226369954,3.8699445618730923,3.6661274631210543
89612.62483599494,43159.753498129896,3.8826324245767396,3.667716991213236
89612.71265223104,43159.59167182155,3.8577806464531434,3.6500089475408473
89612.80683435142,43159.434221676915,3.785383425143627,3.647890116328142
89612.9003829083,43159.27666992606,3.6746229962920345,3.6502741294150436
89612.98817737473,43159.11570519868,3.6495199797693987,3.652870864975763
89613.0722682762,43158.95249125752,3.6539477192464647,3.651099975005796
89613.15634663623,43158.789217428755,3.658367914239064,3.6494275234291114
89613.24239764518,43158.627066890134,3.6604544631997373,3.6502106188925665
89613.33036972227,43158.466021474385,3.6604501416513537,3.6506320470990286
89613.42009179993,43158.3059925376,3.6587153759891353,3.6390267557172544
89613.51139406717,43158.14689187812,3.655462468373462,3.6295513940360022
89613.60413245505,43157.988640353906,3.6507880456218107,3.622119977014664
89613.69818699494,43157.831167304794,3.646446544429893,3.616557721958991
89613.79343864598,43157.674402397104,3.648439223241537,3.612663001011633
89613.8897683673,43157.51827529717,3.6493809245304862,3.610235894189215
89613.98705711808,43157.36271567133,3.649356170618915,3.609083862462686
89614.08518585742,43157.20765318592,3.648455971259945,3.60902161154534
89614.18403554447,43157.05301750729,3.6467776258792526,3.609870487946707
89614.28348713841,43156.89873830177,3.6444247003218186,3.611458163375951
89614.38342159834,43156.74474523568,3.6415070669530754,3.6136184987144357
89614.48371988341,43156.590967975375,3.638140948949847,3.6161914970687974
89614.5842629528,43156.437336187184,3.634449021686698,3.619023360199124
89614.68493176559,43156.28377953745,3.6305606991156383,3.6219667238468434
89614.785607281,43156.13022769252,3.626612656883422,3.6248810680129706
89614.88617045809,43155.9766103187,3.6227491791823727,3.627632889877507
89614.98650225607,43155.82285708235,3.6191212528014978,3.630094694478464
89615.08648962957,43155.66890111414,3.6158766162987948,3.632149044218122
89615.18608598766,43155.514713943485,3.61308562725337,3.633754455020891
89615.28528612146,43155.36029101126,3.6107668829421105,3.634913668865185
89615.38408544783,43155.205628119875,3.6089335259553965,3.6356261735495443
89615.48247938363,43155.05072107173,3.6075952376546967,3.6358886974747895
89615.58046334569,43154.89556566925,3.606759927926162,3.6356966421743593
89615.67803275086,43154.74015771483,3.6064348581469665,3.6350449480186233
89615.77518301597,43154.58449301088,3.606627093792145,3.6339283483915352
89615.8719095579,43154.42856735982,3.6073433260008496,3.632340919708663
89615.96820779346,43154.272376564055,3.6085882974681027,3.6302738035404065
89616.06407313951,43154.115916425995,3.6103595885091613,3.6277083701258084
89616.1595010129,43153.95918274804,3.6126372334708376,3.6246032859576336
89616.25448683045,43153.80217133262,3.6153777870019144,3.620886846040731
89616.34902921543,43153.64487998742,3.619231198010691,3.6174265268407417
89616.4435411157,43153.48756564174,3.6276232935555894,3.6156829498018794
89616.5392547384,43153.330997595345,3.6343773082266813,3.6156057687873724
89616.63749848522,43153.17600530884,3.6383312971697994,3.6189355956404894
89616.73911804271,43153.02312040119,3.638739677180503,3.626524196498935
89616.84305977383,43152.87170258391,3.6367279430587254,3.6365907889240914
89616.94780296659,43152.720823377116,3.6338467896509217,3.6595738655622787
89617.0518269091,43152.56955430098,3.6319749833029764,3.683973510971749
89617.1536108893,43152.41696687562,3.633474594289789,3.703010317511734
89617.25163419532,43152.26213262119,3.6408140934061426,3.7167758639115176
89617.34473750109,43152.1043409085,3.6554981665361095,3.7257776647997836
89617.43359971311,43151.943989231666,3.6759873972378956,3.7318213882346143
89617.51948276226,43151.78182654349,3.6924299425051514,3.7364018240842727
89617.60364881507,43151.61860193891,3.7083313453031526,3.7404334355764357
89617.68736003818,43151.455064512884,3.723209507468907,3.7316142835395345
89617.77187859817,43151.29196336033,3.7357226750611785,3.723042932208679
89617.85846666168,43151.13004757621,3.7450939071481297,3.7167099582931895
89617.94820081162,43150.96995786615,3.7509178620193624,3.7144573095606748
89618.04101550515,43150.811667882335,3.753846519226452,3.7165219239892107
89618.13641105466,43150.654897716544,3.754594225063863,3.722256201619607
89618.23388693185,43150.499366969656,3.7535482404461478,3.7307728608106325
89618.33294260848,43150.344795242534,3.750984570754529,3.7280673149814234
89618.43307755633,43150.19090213604,3.7472251320322494,3.726810461099797
89618.53379133876,43150.0374072977,3.7426974963197894,3.7264214221942344
89618.63468331506,43149.884081155884,3.7378156193979972,3.7263380987672416
89618.73564292776,43149.73084174734,3.732729916060167,3.72637843954457
89618.83661203271,43149.57763377918,3.7275578025790734,3.7264483645690722
89618.9375324858,43149.42440195852,3.726947752104146,3.7264652999746115
89619.03834799145,43149.27109235685,3.7278396156773512,3.7263529269803675
89619.13911971818,43149.117737743814,3.7287875862684885,3.726185508340558
89619.24009477417,43148.96450812755,3.7295027577179916,3.7232122889941905
89619.34153672337,43148.81158566197,3.729689987132726,3.720564215194705
89619.44370912973,43148.65915250097,3.7290499907291794,3.7188255504675847
89619.54687449416,43148.50739007526,3.7272469520745517,3.718340351356174
89619.65103104309,43148.35630003019,3.7242179839886935,3.719092075426791
89619.75556701494,43148.20546903746,3.720644325128303,3.720312790536321
89619.8597848627,43148.05442540918,3.7173867527425672,3.7211586156361784
89619.96298703938,43147.90269745742,3.715238257965904,3.7207894390978673
89620.06447599795,43147.74981349428,3.7147754654297698,3.7183318522993716
89620.16454951993,43147.595975781085,3.7161412025024587,3.7141511426984515
89620.2674819853,43147.44407922858,3.7140696260146813,3.7096408167330255
89620.37550746408,43147.295647434985,3.70157395738149,3.710969373947937
89620.48398994141,43147.14757524436,3.6834907493132585,3.7136111707648984
89620.58736862897,43146.99613433684,3.6711857015900975,3.7111387538449803
89620.6830975416,43146.839612431846,3.668861785957179,3.699709997735888
89620.77495977141,43146.6805295875,3.672162915193845,3.682082184377996
89620.8675363965,43146.52193948585,3.675587607317138,3.662157621583815
89620.9654084929,43146.36689580754,3.6740249246597663,3.645414691166086
89621.07149639254,43146.217342510725,3.663410402836072,3.6395196281524007
89621.18229047251,43146.07092700591,3.6459338781004993,3.6407625756748816
89621.29272517948,43145.9242570184,3.625746718443924,3.642742446582008
89621.39869105593,43145.77458230797,3.608849913817017,3.6407451325933096
89621.49992687837,43145.62173678812,3.597566113016075,3.6426726561097382
89621.59713948163,43145.46620443979,3.592382565134954,3.6455844695400628
89621.69103570044,43145.30846924391,3.5926088351710144,3.646060130695418
89621.78232236953,43145.14901518141,3.596875218036968,3.644507213590902
89621.87170632376,43144.98832623321,3.60370998341556,3.641172501846307
89621.95989439788,43144.82688638025,3.6118175318285717,3.636455684843695
89622.04759342656,43144.665179603406,3.620136851982243,3.6309828271374336
89622.1354151251,43144.503621126256,3.6279121489330386,3.6254475379409814
89622.22360028616,43144.34235805014,3.6349451045030707,3.62018881874122
89622.31229930079,43144.18147212941,3.641171948568095,3.615462751965717
89622.40166256003,43144.02104511843,3.646514128327464,3.6115181243314263
89622.49184045503,43143.86115877156,3.650875667634169,3.6085928041707365
89622.58298337682,43143.701894843165,3.658619145831153,3.6069221785067676
89622.67524171651,43143.54333508762,3.666894126509252,3.6067462415041747
89622.76876586517,43143.38556125927,3.6737592697066326,3.6083109123126067
89622.86370621387,43143.228655112485,3.679142656013858,3.6118597833162918
89622.96021315374,43143.07269840163,3.682975639871763,3.617607415209765
89623.05843707579,43142.91777288107,3.6851600166155007,3.625687877989985
89623.1585277007,43142.763959915705,3.6855169313876917,3.636096916492427
89623.26039881879,43142.61120381192,3.684029274804608,3.648410860103379
89623.36338195424,43142.459110621596,3.6812858811491775,3.6614696390979455
89623.46672038962,43142.307235134576,3.6780238213233547,3.6741001702564775
89623.56965740742,43142.155132140695,3.6751414633071113,3.6853560912538836
89623.67143629018,43142.002356429795,3.673753760065476,3.6945848901654825
89623.7713003205,43141.84846279173,3.6751569605422825,3.704800163355649
89623.86849278085,43141.6930060163,3.6806755633786095,3.714408965533848
89623.96225700292,43141.53554092204,3.691398646248953,3.7207948165043057
89624.0521728214,43141.37581871727,3.7075474772321644,3.7239269007095976
89624.13896002926,43141.21425591253,3.725341267856533,3.724583299531319
89624.2235795803,43141.05140976446,3.744435145893201,3.723448405980747
89624.30699242816,43140.88783752976,3.763588532122772,3.7211553555343446
89624.39015952655,43140.72409646507,3.781351378319749,3.718552273453194
89624.47404182916,43140.56074382706,3.7967758265617215,3.7167896771376885
89624.5596002897,43140.3983368724,3.809313554665572,3.717232682210669
89624.64764846249,43140.237348636496,3.8187376302513885,3.7211022827073688
89624.73822969563,43140.0778120733,3.8255837365804544,3.728591731828612
89624.83113659963,43139.91961686986,3.8303999654900265,3.7394206127230194
89624.92616164908,43139.76265263573,3.833479942517995,3.753190425140109
89625.02309731866,43139.60680898037,3.8349701048711475,3.766337259680632
89625.12173608303,43139.45197551331,3.8349641091039164,3.756068709757319
89625.22187041682,43139.29804184404,3.833552063993011,3.7480974634399455
89625.3232927947,43139.14489758208,3.830838220772409,3.742058978973691
89625.42579569132,43138.99243233695,3.8269462630964055,3.737607388173677
89625.52917158134,43138.84053571811,3.8220226243193114,3.7344160015572507
89625.6332129394,43138.689097335104,3.8162414821801547,3.7321768095761154
89625.73771224018,43138.53800679741,3.8098103863884596,3.730600146151278
89625.84246207844,43138.38715377557,3.8029711706417046,3.7294140391951864
89625.94732511516,43138.236463524314,3.795913362521564,3.7284398306517854
89626.05235174451,43138.08595664166,3.7886264640593987,3.727719917546834
89626.15762347274,43137.9356695264,3.7810581208471072,3.727340869030579
89626.26322180609,43137.78563857735,3.773136229831781,3.72720513740796
89626.36922825083,43137.635900193294,3.764759290729277,3.7273675574893033
89626.47572431323,43137.48649077304,3.7557895546712743,3.7281410672386883
89626.58276866398,43137.337432894,3.7460822966284404,3.7295730890383463
89626.69021020998,43137.188622172616,3.735723732517732,3.731456579743279
89626.7977850006,43137.03988591758,3.724948425175585,3.7334561826032147
89626.90522799756,43136.89105077922,3.7130227666928572,3.735255174510039
89627.01227416254,43136.74194340788,3.701067117335139,3.736567823864193
89627.11865845729,43136.59239045394,3.689647541278407,3.7371418616159815
89627.22411584348,43136.442218567725,3.6791933365062404,3.7367518175842918
89627.32838128289,43136.2912543996,3.670171107996357,3.735178129124399
89627.43118973717,43136.13932459993,3.6630562461531504,3.732166650122543
89627.5322913564,43135.98626576692,3.658265142591192,3.7273984154289277
89627.63174660303,43135.832117743674,3.6557577275993776,3.7208207589583164
89627.72990600801,43135.67711035896,3.6550578119664285,3.7126547557914242
89627.82713123602,43135.52148073385,3.655626863158817,3.7031284358030554
89627.92378395172,43135.36546598935,3.6569304670842637,3.69252154333455
89628.02022581981,43135.20930324652,3.658475043977854,3.6811937051009584
89628.11681850499,43135.05322962641,3.659821803593518,3.6695925346726983
89628.21392367195,43134.89748225006,3.660580740294292,3.658367976088285
89628.31190298536,43134.7422982385,3.660382786133581,3.6543360634249895
89628.41110860622,43134.587908530724,3.6588453574541617,3.651841395448171
89628.51158678025,43134.43434507015,3.655888177499709,3.6509859628428645
89628.61301964638,43134.28140295155,3.651019428512154,3.6513704902368525
89628.71506809081,43134.12886344497,3.6444156543478146,3.6525326433261354
89628.81739299973,43133.97650782042,3.6372419311591777,3.654016664921021
89628.91965525932,43133.82411734796,3.629876162680495,3.655404312171427
89629.02151575578,43133.67147329761,3.62276280018844,3.6563251570321427
89629.12263537532,43133.51835693939,3.616406579904883,3.6564474041462076
89629.22267500409,43133.36454954336,3.6113481202607964,3.6554444429564743
89629.32129556306,43133.20983240188,3.6081123332448453,3.6529384470601403
89629.41833019181,43133.0540976528,3.6069452604775902,3.6486571612551018
89629.51418390663,43132.89760551204,3.6073218725811396,3.64291848744364
89629.60938027361,43132.74069249792,3.608532103622891,3.6361665628692035
89629.70444285877,43132.5836951288,3.6098978219714755,3.628922529689868
89629.79989522824,43132.42694992303,3.6108229356809147,3.621838215168693
89629.89626094802,43132.27079339896,3.6107856249847994,3.615688939136835
89629.99406358424,43132.11556207491,3.6103456801863936,3.611303761661839
89630.09374817114,43131.96154190916,3.612894400643363,3.6112923077996317
89630.19512033809,43131.808607200444,3.6136923913206442,3.615590345149668
89630.29767429536,43131.65643175071,3.6132738826911197,3.621289735050536
89630.40090216607,43131.50468801815,3.6121293651258437,3.6276092620351843
89630.50429607346,43131.35304846102,3.6107906210059353,3.633851616379774
89630.60734814063,43131.20118553752,3.609869076493215,3.6394407774015045
89630.70955049078,43131.048771705886,3.610033488257824,3.6438975040948276
89630.81042499602,43130.895498591104,3.611911741282074,3.6468025897202
89630.90993554148,43130.74134259978,3.615542667757154,3.648208977350995
89631.00838468643,43130.586498340585,3.6204902246876456,3.6484863506860554
89631.10608361066,43130.43116597629,3.626276320255562,3.647954678519058
89631.20334349404,43130.27554566968,3.6324413811536678,3.6469232922347627
89631.30047551636,43130.119837583545,3.6385755867487832,3.645726530766713
89631.39779085746,43129.964241880654,3.6443289100451857,3.6447345614525317
89631.49560069719,43129.80895872379,3.64624979724442,3.6443410839686856
89631.59421535145,43129.654187725944,3.6469962745791875,3.6449328405043007
89631.69373642933,43129.499995678925,3.646699799258979,3.6466167669075116
89631.7937866614,43129.34614461598,3.645787308126952,3.651134889127456
89631.8939218822,43129.19235399762,3.6447694924490452,3.6569533803436256
89631.99369792626,43129.038343284396,3.6441982838658147,3.66216153626399
89632.09267062816,43128.88383193686,3.6446659867773636,3.6663356706399517
89632.19039582241,43128.72853941555,3.646753217240555,3.669088997524729
89632.28651844163,43128.57224128842,3.650853114583044,3.670091395182422
89632.38133533431,43128.41512365222,3.656483702260021,3.6696838728651
89632.47543298682,43128.257554996315,3.662779192406121,3.6684838577738574
89632.56939919785,43128.099904636554,3.6689397471116756,3.667132539066527
89632.66382176612,43127.94254188872,3.6744557190945644,3.666356800282382
89632.75928849036,43127.785836068666,3.6788016565489867,3.6669496508820183
89632.85638716926,43127.63015649219,3.6813224145219428,3.6696663904195512
89632.95548714236,43127.47573481407,3.6816760649797686,3.674854318581529
89633.05598180291,43127.32218770108,3.680522878944605,3.681559198902307
89633.15699211617,43127.168960150775,3.6788016454279138,3.688454918047601
89633.25763903522,43127.015497153014,3.6775617788684025,3.694543791184479
89633.35704351314,43126.86124369768,3.6779845568930023,3.6990215391082293
89633.454326503,43126.7056447746,3.6812018386436662,3.7011493327347806
89633.54884420095,43126.54829490654,3.687797148658281,3.7002653949889717
89633.64152587156,43126.38978854114,3.6962625956460498,3.6973215972236795
89633.73394590002,43126.231130198605,3.7044379610686606,3.6940492015115174
89633.82768063016,43126.07332564419,3.7147826302586218,3.6924875874287064
89633.92430640582,43125.9173806431,3.749313565898898,3.695201154083951
89634.02539957088,43125.76430096061,3.771490429142085,3.7055944057231587
