x_m,y_m,w_tr_right_m,w_tr_left_m
89628.6925139564,43201.49171303352,3.751734602774217,3.710942099400101
89628.74517586971,43201.41656415581,3.7590822437257625,3.720639776473563
89628.79930989316,43201.342409229976,3.765583215312235,3.712058857404423
89628.85487795906,43201.26927492085,3.771279267855156,3.706242509193285
89628.91184199981,43201.19718789332,3.7763035141991406,3.7031852288532647
89628.97016394776,43201.12617481223,3.7807112010604573,3.7028633562641424
89629.02980573529,43201.056262342434,3.7845119025723224,3.705230370916733
89629.09072929474,43200.98747714879,3.78770392451616,3.71021745106031
89629.15289655849,43200.91984589616,3.790281837832577,3.7177217459050063
89629.21626945892,43200.8533952494,3.792218596483368,3.7275859893095706
89629.28080680539,43200.78814703013,3.7934535014510713,3.7395855390272286
89629.34639974809,43200.72401813208,3.79401353533319,3.7533354784038435
89629.4128740166,43200.66082399268,3.794004023621992,3.768308437739277
89629.4800526654,43200.59837590063,3.793502522911658,3.781741359523952
89629.54775874887,43200.536485144694,3.7925905018657824,3.7812568987816935
89629.61581532146,43200.47496301361,3.791378480412379,3.7815299476501187
89629.68404543764,43200.41362079607,3.7900200205978924,3.7821931442017656
89629.75227215182,43200.352269780844,3.788714079154035,3.7829214546092462
89629.82031851844,43200.290721256664,3.787694534564432,3.7834221571453295
89629.88800759194,43200.228786512234,3.7872000068920646,3.7834050184084935
89629.95519302366,43200.166309779575,3.7874135698108353,3.782612973595323
89630.0219700575,43200.10339541001,3.788225603312526,3.78120604179189
89630.08854858085,43200.04027118995,3.7893796579092127,3.779535079537787
89630.1551391731,43199.97716565084,3.790621843645762,3.7779571196523203
89630.22195241362,43199.9143073241,3.791748731478534,3.7768817733212643
89630.28919888177,43199.85192474119,3.792627372980231,3.776791685256253
89630.35708915693,43199.790246433564,3.7931973805751733,3.7782453715133197
89630.4258338185,43199.72950093265,3.793459113791865,3.781866986036848
89630.49564344584,43199.6699167699,3.7934485501703614,3.7864555293240105
89630.56672363143,43199.61172013746,3.7931999550189146,3.771337219652997
89630.63916601556,43199.55508377391,3.7928371014257802,3.7591503104965422
89630.71294869923,43199.50012715796,3.7925575571948285,3.7504155905914107
89630.78804487915,43199.446967467775,3.79247962361715,3.74558694497125
89630.864427752,43199.39572188148,3.792602762795399,3.745027585584106
89630.94207051452,43199.34650757727,3.792778469213795,3.7489899122438017
89631.02094636341,43199.29944173329,3.7926804480662817,3.7575937648795854
89631.10102849534,43199.25464152768,3.791778605227276,3.7708030036096205
89631.18228991816,43199.21222345539,3.7893273380978654,3.774138087170007
89631.26466910535,43199.17217910384,3.7845398674533155,3.761199601847127
89631.34803002569,43199.13423058337,3.776801547430949,3.752679992820095
89631.43222694998,43199.09806492793,3.775182231243453,3.7478533368959317
89631.51711414913,43199.06336917147,3.7738026830290816,3.7459430063776447
89631.60254589398,43199.02983034796,3.7720053439302657,3.7461837530009943
89631.68837645538,43198.99713549136,3.769769362011908,3.747867493113508
89631.77446010422,43198.96497163561,3.767162605910603,3.7503741980986396
89631.86065111133,43198.933025814695,3.764356131956863,3.7531848962238605
89631.9468037476,43198.90098506255,3.761617483778325,3.7558750136656203
89632.0327722839,43198.868536413145,3.759280382749953,3.7580848119076538
89632.11841183377,43198.8353687331,3.757680997952595,3.759460403421901
89632.2036574,43198.801344619795,3.7569798699428203,3.759854151076831
89632.28858849085,43198.766640919326,3.757036703009811,3.759508884582277
89632.3732998215,43198.73146754742,3.757641414072538,3.7586707425635106
89632.45788610709,43198.6960344198,3.758563122499703,3.7575656553919803
89632.54244206283,43198.6605514522,3.759580753825234,3.75643015784912
89632.62706240386,43198.625228560384,3.760499835500451,3.754028754183793
89632.71184184536,43198.59027566008,3.761160984257451,3.739910885907525
89632.79687510253,43198.555902667,3.761440336849467,3.7258467406561437
89632.8822568905,43198.52231949689,3.761241854905983,3.712238178820525
89632.96808165847,43198.48973571185,3.760479889165171,3.6995200850228454
89633.0544083342,43198.458313651485,3.7591232529220924,3.688082378260268
89633.14122498834,43198.428121456986,3.757252918123245,3.6782076483463704
89633.22851128336,43198.39921609166,3.754948389258422,3.6701496053923
89633.31624688172,43198.37165451881,3.7522634283843623,3.6641340741302173
89633.4044114459,43198.34549370174,3.749221188811847,3.6603569119266766
89633.49298463833,43198.32079060373,3.745805266555135,3.658981722381681
89633.58194612146,43198.29760218809,3.741944306567825,3.660134000930454
89633.67127555779,43198.275985418135,3.73748981954624,3.6638895210678246
89633.76095260977,43198.25599725715,3.732190041032164,3.6702570843717117
89633.85095693984,43198.23769466844,3.7256661898798056,3.6791587852775933
89633.9412682105,43198.2211346153,3.717398548665543,3.690412044125013
89634.0318660842,43198.20637406102,3.7067286952416953,3.7037175237059374
89634.12272428343,43198.19340892372,3.6997231760074025,3.7020914645148704
89634.21378377652,43198.181898505034,3.6917836154217385,3.700810056482284
89634.30497430306,43198.17138670794,3.6820442854398454,3.701026101233838
89634.39622559256,43198.161417332594,3.6706956040925354,3.7021096775928686
89634.48746737458,43198.15153417919,3.6580926492476618,3.7035197164100206
89634.5786293787,43198.14128104789,3.6447789485294626,3.704822993892402
89634.66964133442,43198.13020173885,3.631466392237695,3.7056794658984336
89634.76043297135,43198.11784005226,3.6189699214335147,3.7057901363551125
89634.8509351975,43198.10374785877,3.6080826846530862,3.7048053440671365
89634.94111803515,43198.08774489394,3.5993070738036317,3.7026015965521792
89635.03099874985,43198.0699744272,3.592790587288681,3.6993510176832896
89635.12059742954,43198.05059905683,3.5885276500897842,3.6951248297176593
89635.20993416224,43198.02978138112,3.586385733555317,3.6898952522060893
89635.29902903589,43198.00768399836,3.586141231404298,3.6835815923458517
89635.38790213848,43197.984469506846,3.587512442292716,3.6760875080327553
89635.47657355796,43197.96030050487,3.5901902515062933,3.667330813537351
89635.56506338234,43197.93533959071,3.5938630509252136,3.6572638327367826
89635.65339169954,43197.90974936266,3.598932341898395,3.6458840761585565
89635.74157859758,43197.88369241902,3.608402706086502,3.6332373008533576
89635.82964458498,43197.85733065923,3.617811563495708,3.6194146492925734
89635.91761939005,43197.8308106641,3.6269589340365793,3.604535807897243
89636.00554171512,43197.804264103775,3.6356910068230186,3.5957366644827133
89636.09345063407,43197.77782203114,3.643886341320667,3.5947450109902555
89636.18138522077,43197.75161549907,3.6514528601771126,3.594013563504493
89636.26938454912,43197.72577556049,3.6583247905544214,3.593717556546983
89636.35748769295,43197.70043326825,3.6644575944056985,3.5940427568715094
89636.44573372613,43197.67571967527,3.6698202714799733,3.595177373224663
89636.53416172256,43197.651765834424,3.674384614565051,3.5973024236340136
89636.62281075591,43197.6287027979,3.6781101042070206,3.600579419348662
89636.71170901736,43197.606622679705,3.6809751169854033,3.605104752994846
89636.80084455224,43197.58547394956,3.6830896064109058,3.6108094316803623
89636.89019615058,43197.56517196122,3.6845682814477487,3.6175661190802204
89636.97974260243,43197.545632068446,3.68549563381557,3.625226120868107
89637.0694626978,43197.52676962499,3.6859345023643755,3.633629665601679
89637.15933522677,43197.508499984586,3.6859340395418556,3.6426142402977177
89637.24933897934,43197.49073850102,3.6855370873264044,3.6520212427143037
89637.33945274558,43197.47340052804,3.6847864001493513,3.6617008529442296
89637.42965531551,43197.45640141939,3.683729248732528,3.665864379816505
89637.51992547918,43197.43965652884,3.6824203710640995,3.6696260216960552
89637.61024202664,43197.42308121014,3.680923520358049,3.673477717100718
89637.70058374788,43197.406590817045,3.6793119197832587,3.6773202956284616
89637.790929433,43197.390100703306,3.6776678666363125,3.681064889515062
89637.88125787198,43197.373526222684,3.6760816326261057,3.684631804555996
89637.97154785492,43197.35678272894,3.6746496844862793,3.6879486284570446
89638.06177822215,43197.33978577303,3.6734715367426203,3.69094724440212
89638.15193373339,43197.3224740919,3.6726241688610615,3.6935852971590846
89638.24201055277,43197.304831094065,3.6721398991385534,3.695867943607236
89638.33200614204,43197.28684527075,3.672045024662167,3.697804385126075
89638.421917963,43197.26850511317,3.6723637114659144,3.6994009359367683
89638.51174347733,43197.249799112564,3.673118040805308,3.700660898329427
89638.60148014684,43197.23071576014,3.6743282357986935,3.701584806449843
89638.6911254333,43197.21124354714,3.673690014703154,3.702170827831401
89638.78067679841,43197.19137096478,3.670166266394516,3.7024150562892246
89638.87013170395,43197.171086504284,3.667131153812439,3.7023114152483543
89638.95948761169,43197.15037865689,3.6646043121079903,3.701850944620626
89639.04874198335,43197.1292359138,3.6626032214665103,3.7010203588403465
89639.13789228072,43197.10764676626,3.661141951775304,3.699799977252139
89639.22693596553,43197.08559970548,3.6602294459224485,3.698161434083493
89639.31587049959,43197.06308322271,3.659867831551951,3.696065853422871
89639.40469334456,43197.040085809145,3.6600510920809697,3.693463014852243
89639.49340196264,43197.016595957706,3.6607649019846433,3.6902924524394423
89639.58200254952,43196.99264077027,3.6619577890876247,3.6865358875262917
89639.67053261456,43196.968385779306,3.66344970143809,3.6823331791957683
89639.75903668263,43196.94402753067,3.665035943881104,3.6778689003899694
89639.84755927848,43196.91976257021,3.666528306917827,3.673352969092129
89639.93614492696,43196.89578744379,3.6677596269324577,3.669028023734835
89640.02483815284,43196.872298697264,3.66857604177684,3.6651638602271657
89640.11368348094,43196.84949287648,3.6688199701844,3.662041543518556
89640.20272543606,43196.82756652732,3.6683078673724334,3.6599306387264807
89640.29200854301,43196.80671619561,3.666805724087184,3.659061853861212
89640.38157732658,43196.78713842722,3.6639925356656122,3.6617728155867586
89640.47146819794,43196.76899364428,3.6595206529339483,3.669344588944457
89640.56160850811,43196.751956709595,3.657161255991506,3.677652551287888
89640.65184755027,43196.73535495562,3.6564642971707637,3.686007436793073
89640.74203292267,43196.71850816851,3.6563545232890804,3.693724648596836
89640.83201222356,43196.700736134444,3.657566390240357,3.7002017198484123
89640.92163864922,43196.681384231626,3.660707729970199,3.704832628195521
89641.0108681485,43196.66026758204,3.6659499886088605,3.70758965444507
89641.09974676711,43196.63761319488,3.6730987213462747,3.708949577392113
89641.18832360396,43196.61366203736,3.6818150768749414,3.709271234960655
89641.27664775802,43196.58865507668,3.688820114692962,3.708801044296465
89641.36476832816,43196.56283328007,3.6906620627263456,3.7077217108788165
89641.45273441334,43196.53643761475,3.6931833204698687,3.7061895240461107
89641.54059511248,43196.50970904792,3.6960505905341945,3.7043664957597406
89641.62839952453,43196.482888546794,3.6989627604174586,3.702442144316765
89641.7161967484,43196.4562170786,3.7016578783309217,3.7006415554168406
89641.804035883,43196.429935610555,3.703905557594134,3.6992191877856815
89641.89196602728,43196.40428510388,3.705481334441699,3.6984350503864136
89641.98003610253,43196.37941915544,3.7062497106788066,3.6984713613815066
89642.0682944049,43196.35518378775,3.7064172522465215,3.6992628709435555
89642.15678909299,43196.331357371884,3.721460422310579,3.7006956199773873
89642.24556832545,43196.3077182789,3.74538237583168,3.7026735737387275
89642.33468019964,43196.284045416185,3.766828321776869,3.7051321651693145
89642.42414923201,43196.26032430182,3.785370930801055,3.707351684526799
89642.51394080627,43196.23705856131,3.800275422423411,3.6971430845449778
89642.60401118586,43196.214831728954,3.810988749572729,3.6886041192338737
89642.69431663431,43196.19422733908,3.8173938234112583,3.6829409389898626
89642.7848134151,43196.175828925996,3.819892154765316,3.681536387029538
89642.8754577917,43196.16022002404,3.819327212081998,3.6858320045929367
89642.96620602763,43196.14798416749,3.8167691587489068,3.697130216859612
89643.0570143864,43196.13970489068,3.81318532189942,3.716340093800566
89643.14783913144,43196.13596572794,3.8089866648617066,3.7436448778225775
89643.23864064168,43196.137297302106,3.803765915858068,3.7782733291910366
89643.32945288291,43196.14328413084,3.797921767628253,3.834413328243963
89643.4203733161,43196.152694376,3.792368094711607,3.8999440963622964
89643.5115014855,43196.164269415014,3.7874050541481132,3.9637476865506693
89643.60293693532,43196.17675062529,3.783356896469291,4.023249927232574
89643.6947792098,43196.188879384245,3.7806979094006827,4.076830877952965
89643.78711155594,43196.19951783561,3.779726281018602,4.1236708959612765
89643.87987941025,43196.20854932882,3.780315696205436,4.165178056568191
89643.97295892674,43196.21637061206,3.7821819833301027,4.193259715379553
89644.066225735,43196.22338231962,3.784896039904325,4.179274373101373
89644.15955546463,43196.22998508582,3.788005997437213,4.164194771462241
89644.25282374522,43196.23657954496,3.7911301547065794,4.148054911396259
89644.34590620633,43196.24356633134,3.7940124272447684,4.131135213528884
89644.43867847757,43196.25134607927,3.796565990361705,4.114004351345533
89644.53101618851,43196.260319423054,3.7988948250514603,4.097532187584017
89644.62279496877,43196.27088699699,3.8012774540506573,4.082867074665956
89644.71389044789,43196.28344943538,3.804096056027943,4.071366936228144
89644.80417825548,43196.29840737256,3.8076942504835745,4.064469563476985
89644.8935340211,43196.3161614428,3.8121583132688155,4.0241454502107885
89644.98183337438,43196.33711228042,3.817051572738424,3.93910782772659
89645.06895194488,43196.361660519724,3.821181733869005,3.863946038987462
89645.15476536221,43196.390206795,3.8224845182358242,3.8004176401134773
89645.23914925591,43196.42315174058,3.817937743473143,3.7607137048219625
89645.3219894237,43196.46086740027,3.8040245460161928,3.750178241452739
89645.40360380411,43196.5025107309,3.7808688366080943,3.746147550036648
89645.4848940061,43196.54559753375,3.7525738910707536,3.7468891679971756
89645.56680297364,43196.58752738503,3.73049010550177,3.7493082501941615
89645.6502736507,43196.62569986093,3.7206209317167436,3.748970940171095
89645.73621495455,43196.65760146924,3.7136970115265484,3.737811338688776
89645.82442384868,43196.68355954266,3.711215889158645,3.7168089698059035
89645.91336418364,43196.707307257464,3.716539642988837,3.687558841538051
89646.0014210946,43196.7327788922,3.7270108049454365,3.6613044798180843
89646.0869994928,43196.763861455496,3.7340885832234254,3.6400826732544833
89646.16942545559,43196.80224012464,3.7322146450041083,3.623422209657019
89646.24931815758,43196.846509231254,3.7251394384441703,3.6137814649617708
89646.32739362831,43196.895031598026,3.7145845418381533,3.611163648481784
89646.40436789738,43196.94617004769,3.700552808157651,3.613549907791926
89646.4809569943,43196.99828740295,3.683401104395338,3.6186222628135964
89646.55787694863,43197.049746486555,3.6641474414247206,3.6245056091815817
89646.63581539306,43197.09897239118,3.6437067696299543,3.6281204720194635
89646.71483433119,43197.145762120934,3.624936211125914,3.6283908420036415
89646.79438504307,43197.191251905315,3.62649051513265,3.6275774670806236
89646.87389344224,43197.23663361391,3.6284623631029076,3.62704024896671
89646.95294826363,43197.28279268551,3.629401845230622,3.627305083652597
89647.03166421052,43197.32962468309,3.6296060316726266,3.6264973986479134
89647.11026199379,43197.37682566263,3.6298298139930654,3.6235187506523507
89647.18896232435,43197.424091680135,3.6307224736440427,3.620782189354059
89647.2679859131,43197.47111879158,3.632572983243705,3.617811370058457
89647.34739995658,43197.51779279139,3.635858053780597,3.614871125963828
89647.42599041398,43197.56558303911,3.6411491929600706,3.6164468261141254
89647.50190611495,43197.61674636435,3.646066814645697,3.6260947858543924
89647.5734160304,43197.67339205703,3.6435709849439233,3.6425415892256954
89647.640591571,43197.73541538785,3.632004702544158,3.66421647595998
89647.70485941507,43197.80104689018,3.614261342220601,3.6897423495747
89647.76767929006,43197.868476501775,3.5913494357970386,3.715605617738345
89647.83051092332,43197.935894160386,3.564701568108857,3.738534597182797
89647.89481404227,43198.00148980375,3.5367839441267206,3.7561805559169557
89647.96194233852,43198.06358473111,3.5317450048479913,3.7662599244581942
89648.0321716917,43198.12183547991,3.5483121657928525,3.7697455139947516
89648.10514972029,43198.176676903524,3.5722032034672693,3.769557165742622
89648.18051621191,43198.22855355648,3.6025896289063093,3.767562469368918
89648.25791095421,43198.277909993325,3.637841507959833,3.7646657881242582
89648.33697373485,43198.3251907686,3.675883683865451,3.761111795365914
89648.41734434145,43198.37084043683,3.7173528185961837,3.756759130714474
89648.49866256163,43198.41530355256,3.7677122814848216,3.751360549104608
89648.58056818308,43198.45902467033,3.8128104634090016,3.744794962236419
89648.6627009934,43198.502448344676,3.8509932460661322,3.7372198513125
89648.74470078024,43198.54601913013,3.88122368419414,3.729148634474403
89648.82620733122,43198.59018158124,3.9031165359323055,3.7214719651806547
89648.90686043404,43198.63538025254,3.916932247839799,3.7154380921772074
89648.98629987628,43198.682059698556,3.923523830827073,3.712597590136169
89649.06416544561,43198.73066447385,3.9242239560084626,3.714711881397525
89649.14009692967,43198.781639132925,3.92066482471326,3.723625753064387
89649.21373411607,43198.83542823036,3.9145324188249324,3.741105572841633
89649.28471679248,43198.89247632067,3.90725132540937,3.7686295485479056
89649.35271812665,43198.953175021874,3.8997597451902166,3.80714265739309
89649.417724117,43199.01741984322,3.8931036537410524,3.856688469091516
89649.47989180454,43199.08483504275,3.8880543559701204,3.906283274816893
89649.53937997003,43199.155042119404,3.8847537048298975,3.9648227973580656
89649.59634739424,43199.22766257216,3.8829388770617435,4.031149190884044
89649.65095285789,43199.30231789996,3.882143089562213,4.103908222178166
89649.70335514178,43199.37862960179,3.881849283036704,4.18179495509335
89649.7537116932,43199.45622792101,3.881577956390312,4.263620925441087
89649.80215564395,43199.53490254782,3.880840130062456,4.329422737629663
89649.84879889131,43199.61458241707,3.879179711821587,4.3631618713624185
89649.89375261874,43199.69520114429,3.8762518155567305,4.399748722753534
89649.9371280097,43199.77669234502,3.8717971441620627,4.438683140768514
89649.97903624766,43199.85898963479,3.86561872166344,4.479518038217868
89650.01958851611,43199.94202662915,3.8575627146432834,4.521836757951079
89650.05889599846,43200.02573694364,3.8475060512185966,4.565238324973995
89650.0970698782,43200.110054193785,3.8353504127717386,4.609330216600543
89650.13422133878,43200.194911995124,3.8210207386411827,4.632581678024279
89650.1704615637,43200.280243963214,3.8044661543398464,4.640107794307184
89650.20590173638,43200.36598371357,3.7856616185918295,4.648644097587737
89650.24065304028,43200.45206486174,3.7646094275135953,4.657889668222408
89650.2748266589,43200.538421023266,3.741340108985896,4.667569710674161
89650.30853377571,43200.62498581368,3.7159125771200436,4.677435028173078
89650.3418855741,43200.71169284851,3.6884136768309213,4.6872618226295035
89650.37499323761,43200.79847574332,3.6589572905806613,4.69685171359134
89650.40796794966,43200.88526811362,3.62768316029035,4.706031936660064
89650.44092089371,43200.97200357496,3.5947555498031507,4.714655708332932
89650.47396325326,43201.05861574289,3.560361805198902,4.722602737105344
89650.50720621174,43201.14503823293,3.5247108651811994,4.713182931339395
89650.54076095263,43201.231204660624,3.489036191352507,4.7042530506449065
89650.5747386594,43201.31704864151,3.4559957915660373,4.6959266688079
89650.60925051547,43201.40250379113,3.4225841806191806,4.688205091094373
89650.64440770434,43201.48750372501,3.389073300274049,4.681118300254472
89650.68032140947,43201.5719820587,3.3557531088237855,4.674723433739423
89650.7171028143,43201.65587240773,3.3229329306189372,4.669100635216801
89650.75486310232,43201.73910838765,3.304048718455391,4.6643436132576985
89650.79371345698,43201.82162361398,3.297945549881585,4.6605405646182065
89650.83376506176,43201.90335170227,3.293936343024209,4.657739033780994
89650.87512910011,43201.984226268054,3.2923437642851336,4.6558867770982095
89650.91791675547,43202.06418092688,3.2934579453827846,4.6547414706250425
89650.96223921134,43202.143149294265,3.2974911254315598,4.653748375704117
89651.00820765115,43202.221064985766,3.3045170252845373,4.6518987874773545
89651.05593325838,43202.29786161691,3.3176338824364175,4.647602494142263
89651.1055272165,43202.37347280324,3.363246458766997,4.63862552590607
89651.15710070894,43202.447832160295,3.4081550282416457,4.6221258065346476
89651.21076359878,43202.52087466158,3.4501389116367176,4.5948761146393995
89651.26634878077,43202.59282012247,3.4868244056178295,4.554552612171508
89651.3230726469,43202.664522387015,3.51575855585676,4.500842437700456
89651.38006839652,43202.73692085688,3.535082152911544,4.434609765948555
89651.43646736964,43202.81095241484,3.5442880913272403,4.358443929717872
89651.49116601313,43202.88723572562,3.5444601000924627,4.2057366634122655
89651.54259914465,43202.96576406873,3.5381119374691825,4.037188319502046
89651.58914777772,43203.04645783316,3.528976703032634,3.874162114162042
89651.62919292573,43203.129237407906,3.521150301499355,3.727003838627735
89651.66111560223,43203.214023181965,3.5176416785808966,3.6039513843425457
89651.6833153309,43203.300734448116,3.5181996730389016,3.509308289263478
89651.69542002425,43203.389217752,3.547723093667272,3.443592773720581
89651.6990325936,43203.479202676666,3.578573233306465,3.4042955316470405
89651.69593442026,43203.570408235864,3.599236947387852,3.3859229914999145
89651.6879068855,43203.662553443355,3.6018048499888864,3.3819396059094338
89651.67673137062,43203.7553573129,3.5805255550212434,3.3864013173007503
89651.66418925689,43203.84853885827,3.533582546909752,3.394754276433598
89651.65206192562,43203.94181709322,3.4637170945652627,3.404122194533416
89651.64213075809,43204.03491103151,3.38639782805559,3.4131478476413175
89651.6361771356,43204.1275396869,3.337876412842046,3.4213991801116874
89651.63598243945,43204.21942207317,3.294509781097355,3.428200577970419
89651.64332439589,43204.31027775373,3.260303381703402,3.4305722532089784
89651.65889815542,43204.399989102036,3.237084201628399,3.425512159603757
89651.68081134518,43204.48882763257,3.225071357277778,3.4140436371250122
89651.70679314798,43204.577121774535,3.221888248910273,3.3959247998562114
89651.73457274672,43204.66519995713,3.2358307174230925,3.3708505623571385
89651.76187932426,43204.75339060958,3.259991665613587,3.3401727751328942
89651.78644206343,43204.842022161065,3.27815373996242,3.3067124276059605
89651.8062078153,43204.93139055604,3.2884064119942087,3.273312274515889
89651.82091031274,43205.02152506503,3.2921135078891535,3.240005242832071
89651.83115962936,43205.11232417363,3.292115483386188,3.2065817274419084
89651.83757187334,43205.203685466826,3.290185779638386,3.1788186963801497
89651.84076315282,43205.295506529605,3.287225614355169,3.1569391265302857
89651.84134957595,43205.38768494699,3.283582641550663,3.1404494533556813
89651.83994725086,43205.48011830395,3.27933305701221,3.128414680844237
89651.83717228576,43205.57270418551,3.274531565234422,3.1197117100754252
89651.83364078874,43205.665340176645,3.269367533167928,3.113203976856025
89651.82996866122,43205.75792388194,3.2641695731363,3.107782006690653
89651.82656476377,43205.8503725228,3.2592203117411542,3.1026319348506397
89651.82324202881,43205.94265978398,3.254478702013503,3.097772277142835
89651.81970682077,43206.03476944732,3.2498811030551242,3.093427290825592
89651.81566550417,43206.126685294716,3.2453653720589033,3.089880329097423
89651.81082444347,43206.218391108065,3.2408796745957025,3.0874957070707185
89651.8048900032,43206.309870669225,3.2363347761056582,3.075697905914747
89651.79756854782,43206.4011077601,3.2315513194824,3.0604361041981796
89651.78856644183,43206.492086162565,3.226198281328569,3.0473453242113266
89651.7775900497,43206.582789658496,3.2197300389740353,3.0369494418326806
89651.76434573594,43206.67320202977,3.2113266564183416,3.0296607152819934
89651.74854783971,43206.763307877794,3.199879356231417,3.0256935183606473
89651.7302974969,43206.853131552794,3.1846154987767044,3.0248325906610853
89651.71024787638,43206.94275413422,3.1654187853439706,3.026315420050488
89651.68909448534,43207.032261052365,3.142301514719802,3.029237149757569
89651.66753283101,43207.12173773756,3.1156209876606877,3.0327587752658403
89651.64625842062,43207.21126962008,3.0862239907514004,3.0361945795880056
89651.62596676132,43207.30094213025,3.0554464098201763,3.038999541443774
89651.60735336033,43207.39084069838,3.024992442662604,3.040680225050853
89651.5911137249,43207.48105075477,3.0047143746012237,3.0406502457732807
89651.57794336222,43207.57165772972,2.993495658741886,3.0380131979410314
89651.56853702002,43207.66274695516,2.9865864130258104,3.0312569288357465
89651.56300777583,43207.75432840354,2.9840472716514106,3.01958689821705
89651.55984986846,43207.84620231541,2.985015848002263,3.00476466099065
89651.55727815368,43207.93813273531,2.987860825342568,2.988627441203605
89651.5535074873,43208.029883707735,2.990797424456681,2.9722298806466707
89651.54675272513,43208.121219277244,2.991913926807039,2.957378075224862
89651.5352488732,43208.2119061891,2.988238146473955,2.9467229236164307
89651.51851010208,43208.30188263641,2.9784024608134967,2.940874539507611
89651.49807471252,43208.39135810865,2.9643876790614168,2.9396287339482203
89651.47566005719,43208.480566093815,2.9475649886557154,2.9416036556177776
89651.45298348878,43208.56974007989,2.9292778405906326,2.94504950996128
89651.43176235998,43208.65911355489,2.9114291395076464,2.9483692585353034
89651.4137140235,43208.7489200068,2.896077931177101,2.949743799085543
89651.40025556528,43208.8393521954,2.8846672486935474,2.947033616924316
89651.39108468695,43208.93036966285,2.877721915141413,2.9404866537954013
89651.3852881508,43209.02184908338,2.8750479563245537,2.9308256063021454
89651.38195198702,43209.11366703196,2.875732558067757,2.9181326284297557
89651.38016222582,43209.20570008353,2.8786078551757406,2.9024371479371522
89651.37900489745,43209.29782481302,2.8825317256411984,2.8843509023544156
89651.37756603211,43209.38991779539,2.8865382353876647,2.865392977639705
89651.37493165999,43209.4818556056,2.889878341825405,2.8460787479962137
89651.37018781135,43209.573514818585,2.891929090841322,2.828046030099505
89651.36242051638,43209.66477200929,2.891918987764927,2.8129383443863616
89651.35082154328,43209.75551795911,2.8887602260380625,2.8019721685698045
89651.33560612853,43209.84578095777,2.882438241424504,2.7953994323113776
89651.31756366024,43209.93566643526,2.873365890039993,2.7927052924730327
89651.29748987604,43210.025280674665,2.8616293348707798,2.7929386413870083
89651.27618051367,43210.114729959074,2.8473566275478066,2.795024950404964
89651.25443131075,43210.204120571594,2.8309511676181662,2.7979605423804195
89651.23303800501,43210.293558795296,2.8131919801113434,2.8009093498378097
89651.21279633413,43210.38315091329,2.795219936679853,2.8032151790289648
89651.19450203577,43210.47300320865,2.7784027831868183,2.8043105441225245
89651.17893733863,43210.56322014538,2.7640492989419814,2.803510109267069
89651.16639278627,43210.65383997755,2.7529506490297386,2.8005542165981083
89651.15653892513,43210.744817471066,2.7452542737710677,2.7957862233937285
89651.14900669697,43210.83610205862,2.74078987083508,2.789340446726986
89651.14342704353,43210.92764317295,2.7391497364930992,2.781175297151168
89651.13943090652,43211.01939024679,2.7397881521755045,2.7753641608564643
89651.13664922769,43211.11129271285,2.742100681737668,2.772990478625241
89651.13471294874,43211.20330000384,2.7454895302173723,2.7700049708029546
89651.13325301146,43211.29536155253,2.749408373140128,2.7666010094528124
89651.13190035756,43211.3874267916,2.7533820339762722,2.763044515760305
89651.13028592877,43211.479445153804,2.7569981259191323,2.7596651081605463
89651.12806110858,43211.571369158744,2.7598940986508205,2.756801178190786
89651.12511980307,43211.66318794906,2.7619926593474124,2.7545875530992006
89651.12151473723,43211.75491465046,2.763402392587434,2.753024539799219
89651.11730139065,43211.84656280465,2.7642204220762188,2.7520952624872486
89651.11253524301,43211.9381459533,2.7645251261953483,2.751764273591423
89651.10727177394,43212.02967763811,2.764377812199276,2.751980104703515
89651.10156646311,43212.12117140075,2.7638262901121737,2.752678387827515
89651.09547479013,43212.2126407829,2.762912137702623,2.75378610234489
89651.08905223469,43212.30409932626,2.761671114716338,2.75522619885764
89651.08235427638,43212.39556057252,2.760139362600452,2.756922017254467
89651.07543676563,43212.48703802247,2.7583592163767934,2.7588023227647493
89651.06839851025,43212.57854043981,2.7564295866674837,2.760767220675078
89651.06142074348,43212.67006749884,2.754546844021434,2.7626508753096193
89651.05469403011,43212.76161784479,2.752929418217419,2.7642913764151786
89651.0484089349,43212.85319012294,2.7518092033134196,2.765540794737121
89651.04275602261,43212.94478297856,2.7514243493310855,2.766257921621072
89651.03792585799,43213.03639505687,2.7520055809344437,2.7701849008893475
89651.03410900578,43213.12802500317,2.7537587161169306,2.773403190808164
89651.03149603079,43213.219671462684,2.75684370737096,2.7755811868730067
89651.03027712536,43213.311333081496,2.7613511083075877,2.776522329659547
89651.03047680642,43213.40300885797,2.7671878518338526,2.776176481033704
89651.03169394529,43213.49469869572,2.7738778469220478,2.774949049487722
89651.03346000396,43213.586402641726,2.7808714210278644,2.7732808026847127
89651.03530644446,43213.67812074293,2.787664415782939,2.771621363702619
89651.03676472873,43213.7698530463,2.7938357136805547,2.7704573815997775
89651.0373663188,43213.86159959883,2.799039070313208,2.7702977159119704
89651.0366426766,43213.95336044745,2.802956252257381,2.7716304511143077
89651.03412526415,43214.045135639135,2.8052032205168547,2.7748409354277395
89651.02936053227,43214.13692496126,2.8052430831163906,2.7801132179723647
89651.02247407554,43214.22871817067,2.803228494799391,2.7871631570333477
89651.0143417715,43214.320492029656,2.8002185381241085,2.795138952657034
89651.00588943508,43214.412222435596,2.797231742300313,2.80310190531405
89650.99804288129,43214.5038852859,2.795384213827751,2.8102852135580534
89650.99172792502,43214.59545647795,2.7959334838197,2.816151986350227
89650.98787038127,43214.68691190914,2.8001705610688044,2.8202854670574498
89650.98739606497,43214.77822747687,2.8091710865289055,2.823947701921287
89650.99122390708,43214.86937931968,2.823381581106162,2.82708777842295
89650.9995889876,43214.96036753345,2.842327384161413,2.826747733932108
89651.01147172961,43215.05123616834,2.8644291105239055,2.824330877419082
89651.02571815642,43215.14203398294,2.887547906981941,2.8208152335204906
89651.04117429134,43215.23280973585,2.9095945219893316,2.8170064289085794
89651.0566861577,43215.323612185646,2.9289895493100704,2.8139089615449753
89651.07109977878,43215.41449009091,2.9448340063385556,2.8128343770764745
89651.08326117793,43215.50549221026,2.9568368734890784,2.8153232081444037
89651.0920163784,43215.59666730225,2.9649387812751566,2.822837194681402
89651.09626614396,43215.68806136517,2.968756193222972,2.8362205324136163
89651.09594378139,43215.77966833059,2.9689604637550704,2.855211555571642
89651.09190308058,43215.87143571414,2.967008693486008,2.8785059260667123
89651.085030067,43215.96330940592,2.9636519370498395,2.9041383802916227
89651.07621076616,43216.055235296015,2.9593070392045897,2.9299486058867372
89651.06633120346,43216.14715927455,2.954417329172073,2.954143619419941
89651.05627740445,43216.23902723164,2.949680079153092,2.9835817987854703
89651.04693539457,43216.33078505738,2.946167275021804,3.0067153655481342
89651.03919119928,43216.42237864188,2.9453316623854513,3.0234281829628125
89651.03393084409,43216.51375387523,2.948901071511721,3.034330652428157
89651.03204035446,43216.604856647566,2.9586674689840673,3.0404601269237888
89651.03440575588,43216.695632848976,2.9761303424582315,3.0427832785294657
89651.04171565201,43216.78604058685,3.002072852561526,3.0420166682495107
89651.05367767274,43216.87609867535,3.0360916307563484,3.039604239645218
89651.0696953353,43216.96584474834,3.0769692093760157,3.0366359797134677
89651.08917206438,43217.055316445454,3.122937852278809,3.0334728525032117
89651.11151128472,43217.14455140634,3.172002972251958,3.0300613049904124
89651.13611642098,43217.23358727058,3.2222080303189395,3.026187064400921
89651.16239089787,43217.322461677824,3.271840779101855,3.021668734695333
89651.18973814009,43217.4112122677,3.3195657967798016,3.016482676045406
89651.21756157234,43217.499876679816,3.364461961442218,3.0108081035530128
89651.24526989329,43217.588492226605,3.3902899890855567,3.004971495093971
89651.27252121658,43217.67708074646,3.403590740759325,2.999199881617489
89651.29932596549,43217.765642220045,3.4156614852041294,2.9935273519114514
89651.32572118894,43217.85417497613,3.426752104702211,2.9880076173063466
89651.3517439358,43217.94267734351,3.437099209511143,2.9826912456869197
89651.37743125501,43218.03114765096,3.446909489697952,2.9776160402226575
89651.40282019545,43218.11958422724,3.4563504262584086,2.972801005488474
89651.42794780606,43218.207985401146,3.4655504494133136,2.9682461488496625
89651.4528511357,43218.29634950145,3.4746053504487904,2.963936076938946
89651.47756723333,43218.38467485693,3.4835868712703237,2.9598447021654644
89651.50213314779,43218.47295979635,3.492550878174545,2.9559394829511567
89651.52658592803,43218.56120264851,3.5015438426432333,2.9521845807564837
89651.55096262295,43218.64940174218,3.5106073915969556,2.948542934446204
89651.57530028145,43218.73755540613,3.5197812237454986,2.944977500269689
89651.5996359524,43218.82566196915,3.5291048402766885,2.9527106238607543
89651.62400668475,43218.91371976001,3.538618506841936,2.966116415730364
89651.64844952739,43219.00172710748,3.548363761141949,2.979261988925258
89651.67300152923,43219.08968234036,3.5372771812831543,2.992114192977491
89651.69769973916,43219.17758378741,3.5261517127516986,3.004641624432661
89651.72258120611,43219.265429777406,3.51508578358859,3.0168143562474614
89651.74768297895,43219.35321863913,3.504124619209359,3.028603462578981
89651.77304210662,43219.44094870137,3.4933135188806226,3.0564664567366058
89651.798695638,43219.52861829288,3.482696558605251,3.094587834665973
89651.82468062201,43219.61622574247,3.4723146518201444,3.131651214634194
89651.85103410753,43219.703769378895,3.4622027313262,3.1675354480519724
89651.87779314352,43219.791247530935,3.452386776457076,3.2020487285517856
89651.90499477882,43219.87865852737,3.4428825579368088,3.2348909971134
89651.93267606235,43219.96600069698,3.4336999767268774,3.265616312206891
89651.96087404303,43220.05327236854,3.4248594167495576,3.293612184536881
89651.98962576978,43220.14047187082,3.414687982505086,3.318123499523724
89652.01896829146,43220.22759753262,3.3979471422935754,3.3383517824943327
89652.04893865703,43220.314647682695,3.381391764342362,3.3536423143289054
89652.07957391535,43220.40162064984,3.3654906135805422,3.3637022112548385
89652.11091111533,43220.48851476282,3.350870234571674,3.3686842104223325
89652.14309442243,43220.57525165795,3.3389245942525956,3.3697069577013634
89652.17750549193,43220.660866963204,3.317143495896212,3.3685625208097107
89652.21632069982,43220.74382730856,3.2906977199647045,3.3660811302695954
89652.26171045544,43220.8226028053,3.2769984344683465,3.3600515260938497
89652.3144843332,43220.896581397836,3.2760837681090447,3.349575533986859
89652.37320673648,43220.96666531582,3.2875181012016217,3.3385726273296847
89652.43623213263,43221.03389838309,3.2944588312615335,3.3288451958068572
89652.50191498901,43221.09932442343,3.285347038020425,3.3207383031932336
89652.56860977293,43221.16398726066,3.281727720565765,3.314410709168268
89652.63476156708,43221.22887188317,3.2797160406343098,3.3096827669132445
89652.69992443857,43221.294243228884,3.2775772691796305,3.306039100984094
89652.76439523685,43221.35988395596,3.275415892493326,3.3031381193902587
89652.82848447797,43221.425567849124,3.27340643574686,3.3006952416718898
89652.89250267789,43221.49106869301,3.2718097408411806,3.2984908326585534
89652.95676035261,43221.5561602723,3.271039816011971,3.296409281886091
89653.02156801814,43221.62061637168,3.2716488852308294,3.294409291242827
89653.08723619046,43221.684210775806,3.274305245956887,3.2924985279840078
89653.1540753856,43221.74671726937,3.2797684925898674,3.290713027665987
89653.22239579387,43221.807909674186,3.2758951177529076,3.2890852658474943
89653.29241250487,43221.86757266277,3.2566410003054616,3.2876974385555577
89653.36411392041,43221.92551677189,3.240895900959819,3.28679398209999
89653.4374553881,43221.98155630972,3.2293040253198644,3.2900484617968893
89653.51239225556,43222.0355055844,3.222448817804706,3.291610388033435
89653.58887987045,43222.08717890409,3.2208262044861256,3.2920362469117075
89653.66687358035,43222.136390576954,3.224811722971778,3.291828364255963
89653.74632873293,43222.182954911135,3.2346168817822187,3.292287157387387
89653.82720067578,43222.22668621479,3.2502385294662997,3.2931880812853835
89653.90944475656,43222.26739879608,3.2714051040842023,3.2918313775600008
89653.99301544121,43222.30491109747,3.2953333824663846,3.288915773183582
89654.07780243138,43222.339345264794,3.3182664599930813,3.2870613488190528
89654.16358755155,43222.371329317764,3.34406657157538,3.284773142777247
89654.25014241204,43222.40153917439,3.371208566552499,3.282175506457118
89654.3372386231,43222.43065075265,3.398316956411414,3.2794134493459413
89654.42464779507,43222.459339970555,3.42429195480819,3.2767583516471825
89654.51214168327,43222.48828228113,3.4482746136586973,3.2745753032826723
89654.59955362153,43222.51795578429,3.469827168938165,3.273118049622702
89654.68687392236,43222.548335478525,3.489333340477149,3.2723252080684566
89654.77411754908,43222.57931735859,3.5073573949746706,3.272119385073185
89654.86129946503,43222.61079741929,3.524428792765346,3.2724088814528765
89654.94843463354,43222.642671655405,3.541014779959132,3.2730938117083554
89655.03553801797,43222.67483606171,3.5575044793103605,3.274067046092889
89655.12262458165,43222.707186633,3.5742100297018284,3.275217172053473
89655.20970928791,43222.73961936407,3.591380729540087,3.2764338862072844
89655.29680710012,43222.772030249675,3.6099734341869847,3.277613144860204
89655.38393298161,43222.80431528464,3.6295119164736565,3.3102377131161393
89655.47110189572,43222.83637046371,3.6501068094960294,3.3457940104532153
89655.55832880578,43222.86809178171,3.6719322279024964,3.3794024594044756
89655.64562867515,43222.899375233384,3.6951712890072677,3.4109387124168578
89655.73301646716,43222.930116813564,3.7200217477330955,3.440307713870224
89655.82050714514,43222.96021251699,3.7466999921567368,3.4674400815382076
89655.90811567244,43222.98955833848,3.775444143933554,3.4922905194822995
89655.99585701241,43223.018050272796,3.8065167674030693,3.5148374007009946
89656.0837461284,43223.04558431475,3.840207542463574,3.5350828548915048
89656.17179798371,43223.072056459096,3.8608522630450532,3.5530530227858605
89656.2600275417,43223.09736270065,3.8537379070274325,3.568798456681078
89656.34844976575,43223.12139903418,3.848491957385077,3.582394419738937
89656.43707961914,43223.14406145448,3.8454120312926414,3.593941000670799
89656.52593206525,43223.16524595631,3.8448132195582216,3.603562909174674
89656.61502206742,43223.184848534496,3.847027788954708,3.611408783507885
89656.70436458895,43223.202765183785,3.852403838157418,3.6176495625030065
89656.79397459325,43223.21889189899,3.857052894537053,3.6224752952258994
89656.88386704361,43223.23312467489,3.825646329847847,3.626089976839907
89656.97405690337,43223.24535950626,3.797676336871649,3.62870417930018
89657.06455913588,43223.25549238789,3.773482801602568,3.630525486755873
89657.1553887045,43223.26341931458,3.7533872143299227,3.631746465305506
89657.24656057256,43223.26903628109,3.73768107525179,3.6325296391684385
89657.33807128407,43223.272250741655,3.7053257064600316,3.6329997932752134
89657.4298281989,43223.2730256357,3.674185092622378,3.633264960049102
89657.52171172136,43223.27134067285,3.648114866718435,3.633353077382213
89657.61360224996,43223.2671755663,3.62714662187988,3.6331654282768704
89657.70538018321,43223.26051002929,3.611203133984208,3.6324528771120064
89657.7969259197,43223.251323774995,3.5983924217470706,3.6308083200309795
89657.8881198579,43223.23959651663,3.587815049745895,3.6276722244134145
89657.97884651463,43223.225320423706,3.581465668594722,3.6224258509699223
89658.06912312127,43223.20888908402,3.5786022843875087,3.6150794594309836
89658.15912495664,43223.19117412674,3.5780891634010956,3.6063582564460344
89658.24903653286,43223.17307510874,3.578731713602448,3.5971062732592074
89658.33904236196,43223.155491586884,3.5793828689994474,3.5882953045328865
89658.42932695606,43223.139323118034,3.578495338875655,3.5805016795440476
89658.52004341036,43223.12531955504,3.5676353303647668,3.577710276363259
89658.61091882158,43223.112200833144,3.5532514192528737,3.579612143442796
89658.70137353381,43223.097225186306,3.5429703714154086,3.581615229020501
89658.79085840535,43223.07779344437,3.536555609849729,3.5778699971346315
89658.87937974176,43223.05391135991,3.53367152388892,3.5677066085577014
89658.96737027827,43223.027584544965,3.534480658061014,3.5551242480972634
89659.05527365286,43223.00086974307,3.5373638264953358,3.5425614587086027
89659.14353350352,43222.97582369776,3.539909105633186,3.531689740882904
89659.23256268703,43222.954359687625,3.538820831597398,3.523427832957729
89659.32241099315,43222.936698809004,3.5338524410065486,3.518319072141197
89659.41289146441,43222.92195872774,3.5284703576703653,3.5164693517497634
89659.50381308333,43222.909238186265,3.521109609224245,3.5171900469823125
89659.59498483232,43222.897635927045,3.512346720081319,3.51946981537968
89659.68621569393,43222.8862506925,3.5028918397469107,3.5222997819980537
89659.77731465056,43222.8741812251,3.4936912195162573,3.5247616503488004
89659.86809068473,43222.860526267286,3.4858319467886214,3.5259480724757246
89659.95835493568,43222.84439459537,3.4801928714880415,3.5246678914883343
89660.0480558279,43222.825533668285,3.477135639771413,3.520477489531211
89660.13735923612,43222.80470257306,3.4763415074440616,3.5143375723040977
89660.22645029558,43222.78275000147,3.477073178552053,3.5070242741235322
89660.31551414156,43222.76052464525,3.4810515008161826,3.4992348143783314
89660.40473590935,43222.73887519616,3.4857967179289306,3.4917040838915865
89660.49426675757,43222.718512391235,3.4890058730231717,3.4850319159744183
89660.5840938834,43222.69948123784,3.4907228965040926,3.479385097398796
89660.67415508982,43222.68162618887,3.4912805939070655,3.474825538934961
89660.76438816974,43222.66479165648,3.49092669975022,3.471352976877223
89660.85473091612,43222.6488220529,3.4898500718371945,3.4688877130556497
89660.94512112188,43222.63356179027,3.4881992960512602,3.46729835284106
89661.03549658903,43222.61885528992,3.4860963633755797,3.4664133331639966
89661.1258129366,43222.60456489517,3.48363042747188,3.466056594227803
89661.21608083298,43222.59060832314,3.480831204329763,3.466109726540652
89661.30632154527,43222.576913952136,3.4777284735206324,3.4664711034086126
89661.39655634067,43222.56341016052,3.474364478955532,3.467046258717425
89661.48680648631,43222.550025326585,3.470793820571031,3.467749401397163
89661.57709324932,43222.536687828695,3.467082878506981,3.468503128118004
89661.66743789686,43222.52332604516,3.4633095262713574,3.469237005060903
89661.75786169608,43222.50986835432,3.467959749117628,3.469885304743489
89661.84838591408,43222.49624313448,3.4733828270483684,3.470383910650492
89661.93903181808,43222.482378764005,3.4789797578628896,3.4706672469421154
89662.02982067518,43222.4682036212,3.4846950509033787,3.470668688329683
89662.1207737525,43222.453646084396,3.490443394176233,3.47033194367483
89662.21191231725,43222.438634531936,3.4961435451034273,3.469642040609942
89662.30325763652,43222.42309734213,3.5017731627140365,3.46866770132945
89662.39483097749,43222.40696289333,3.507415546842876,3.4675848111821113
89662.48663310551,43222.390323631844,3.5134597509495755,3.467159669889338
89662.57853962135,43222.374273650115,3.520206618007379,3.4699442586470477
89662.67037890076,43222.360284964976,3.527907930853985,3.479074644438237
89662.76197923238,43222.34983029021,3.5369222656423847,3.4978664171971348
89662.85316890485,43222.3443823396,3.5474287557353814,3.529395960612475
89662.94377620681,43222.34541382693,3.558413585830389,3.5751370148330377
89663.03363263888,43222.35436786227,3.566232901597072,3.634207264407652
89663.12272078669,43222.371295054836,3.5680219938000195,3.7036754681827695
89663.21123617956,43222.394283382455,3.5633046134758746,3.7788659532593822
89663.29939038907,43222.421272966494,3.550282714387852,3.8530879426905957
89663.3873949868,43222.4502039283,3.5277767625788288,3.9199513435078863
89663.47546154431,43222.47901638926,3.496422579045184,3.9748825663805936
89663.56380048525,43222.50566173149,3.4581705462990064,4.014677936329698
89663.65253990816,43222.52889890028,3.4154220419873034,4.033193412313355
89663.74167190822,43222.54882095727,3.3708360890806994,4.042719009902141
89663.83117584152,43222.56564592804,3.3270073381237597,4.046365655607409
89663.92103106409,43222.57959183815,3.3068443550465765,4.04667938394608
89664.011216932,43222.59087671316,3.330299081083609,4.045541207551475
89664.10171280133,43222.599718578655,3.3580323282487208,4.044150972877011
89664.19249802813,43222.60633546019,3.3893082684337363,4.043129280037861
89664.28355196849,43222.61094538333,3.423312827042722,4.042684599052611
89664.37485397841,43222.613766373644,3.4592265404614446,4.042780297944115
89664.46638341401,43222.615016456715,3.4962699423975443,4.043265861163254
89664.55811963131,43222.61491365809,3.5381473615753887,4.0439645370695745
89664.65004198643,43222.613676003355,3.5848669325617286,4.044724644446965
89664.74212983536,43222.61152151806,3.6302663857777957,4.0454461517553115
89664.8343625342,43222.60866822778,3.673777134182893,4.046092676105773
89664.92671943901,43222.60533415809,3.714896734075435,4.0466958103646125
89665.01917990585,43222.60173733454,3.753189807882737,4.047356004889778
89665.11172329079,43222.59809578272,3.7882904154647488,4.048242266085605
89665.20432894985,43222.594627528175,3.8199045141000574,4.049591885396403
89665.29697623914,43222.59155059649,3.8478114758727964,4.051710959968465
89665.38964451471,43222.58908301322,3.8718639226522766,4.0549764870784895
89665.48231313264,43222.587442803946,3.8919854146299593,4.059841204338141
89665.57496144893,43222.58684799422,3.9081668629066195,4.066842962864697
89665.66756881968,43222.58751660962,3.9213402186829396,4.076621484174428
89665.76011460097,43222.58966667571,3.9305983529182567,4.075190535496443
89665.85257814884,43222.593516218054,3.935907661138548,4.053954730636841
89665.94493881936,43222.59928326223,3.9375699456371787,4.035514752453961
89666.03717596858,43222.6071858338,3.936065237510717,4.020903677195206
89666.12926895257,43222.617441958326,3.9321319836373467,4.011381647539996
89666.2211971274,43222.630269661386,3.9276500191329613,4.008435731742478
89666.3129361713,43222.64589015043,3.9240447509055203,4.013720154889391
89666.40420780124,43222.664744350775,3.9221127232163773,4.012101150516492
89666.49431965423,43222.68763143406,3.922505142827382,3.9512310162617923
89666.58254124671,43222.715383552546,3.924968648574532,3.9040329381213965
89666.66814209505,43222.74883285849,3.92787736677334,3.8660864937516246
89666.75039171563,43222.788811504135,3.9271540075737885,3.81965240730975
89666.82856853599,43222.836137093065,3.9154261826083676,3.78841955406802
89666.90295341285,43222.889990630785,3.8919355487897014,3.771544467565125
89666.9757345639,43222.94643910374,3.865735485847728,3.773873020996081
89667.04931393587,43223.001200557555,3.8419183217551405,3.7878875803362946
89667.12603755361,43223.05009419879,3.8198783598095263,3.7969062143117873
89667.20675852051,43223.09163988257,3.8010047222447723,3.7951078704482284
89667.290712256,43223.127283804184,3.791540835765555,3.787319991260383
89667.3770532547,43223.158618549314,3.789004247285771,3.7754561651259637
89667.4649360113,43223.18723670369,3.791544123683369,3.759326886998203
89667.55351502037,43223.214730853,3.7969318127146012,3.7390058303277685
89667.64194477661,43223.242693582935,3.8032514024672874,3.7156287167252446
89667.72937977467,43223.27271747923,3.808862188107116,3.691302151366421
89667.81504083145,43223.30626820677,3.8119061713398006,3.6681824202479762
89667.89877128211,43223.34362011945,3.8125105300662545,3.6480401060441396
89667.98075524915,43223.38439540725,3.8118381963520322,3.632332297137955
89668.0611803357,43223.42820959941,3.8102879238296254,3.6217522512690397
89668.14023414491,43223.47467822515,3.8076478227172688,3.616289082467906
89668.21810427989,43223.523416813725,3.8033640353714544,3.6154148564047883
89668.2949783438,43223.574040894324,3.7967776946664964,3.6182725631154526
89668.37104393971,43223.626165996204,3.7873379831158696,3.6238687766535875
89668.44648867077,43223.679407648575,3.7747548172629966,3.631231147793497
89668.52150014012,43223.733381380676,3.7590719823563092,3.6393775909369817
89668.5962659509,43223.787702721726,3.7406656671177103,3.6404568413485334
89668.67097370619,43223.84198720097,3.7201777534843536,3.6417578195377436
89668.74580298508,43223.89586690418,3.6983782772456983,3.642717754138504
89668.82080683172,43223.94923500403,3.6758581062504323,3.643150118820889
89668.8959374641,43224.00219271386,3.653020511436268,3.643171004263285
89668.97114430115,43224.054847022395,3.6425435726272006,3.642901820367989
89669.04637676182,43224.10730491842,3.645017796373005,3.642459521253072
89669.12158426503,43224.159673390706,3.647527061728794,3.6419619444085516
89669.19671622971,43224.21205942799,3.649946944268759,3.6415293460262745
89669.2717220748,43224.26457001905,3.652165164541235,3.6412847272589253
89669.34655121923,43224.31731215264,3.6540788554540864,3.6413522078622584
89669.42115308194,43224.370392817524,3.6555880499337565,3.6418522289767172
89669.4954781346,43224.423917168846,3.6565879054787866,3.6428916736550914
89669.56952524354,43224.47790606896,3.657068762923033,3.6444769346620465
89669.64336084036,43224.53226269641,3.6571564159648,3.646479610639948
89669.71705637795,43224.58688148389,3.6569760929822728,3.64875207403228
89669.7906833092,43224.64165686409,3.6566502346407743,3.6511464512876586
89669.86431308692,43224.696483269705,3.6563062818367174,3.653523032777997
89669.93801712277,43224.75125515366,3.656078629730243,3.65575527153882
89670.01186198297,43224.805869347714,3.656113851656251,3.6649335318531957
89670.08590489872,43224.86022726664,3.656564677630407,3.6755123254545614
89670.16020203916,43224.91423084657,3.6575969343190877,3.685184446146828
89670.2348095734,43224.96778202368,3.6593899905249128,3.6939120292920657
89670.30978367061,43225.02078273415,3.66213306663283,3.7016839595701105
89670.38518049987,43225.073134914135,3.6660187736654093,3.7085125968999546
89670.46105623034,43225.124740499785,3.671232996524312,3.7144281015606824
89670.53746703114,43225.17550142729,3.6779408323496354,3.7194688445160504
89670.61446907143,43225.225319632795,3.6862694948178625,3.7236673163393146
89670.6921185203,43225.27409705249,3.696290405993518,3.7270320905559746
89670.77047154689,43225.3217356225,3.6969380549757322,3.729526060107098
89670.8495838119,43225.368138101156,3.69845009100192,3.731045991096427
89670.92944297958,43225.41331719191,3.7016481104315853,3.7315753216871523
89671.00990102158,43225.45750500328,3.70613558539492,3.7313328269899975
89671.09079379989,43225.50095969184,3.711451346218366,3.730521317183418
89671.17195717653,43225.54393941414,3.71714663442122,3.7293390934709247
89671.25322701348,43225.58670232675,3.7228229460986024,3.7280146218884913
89671.33443917282,43225.62950658623,3.7281481798856198,3.726821878581564
89671.41542951652,43225.672610349124,3.7328565805472773,3.726082042942398
89671.4960339066,43225.716271772006,3.7367290175227836,3.7261548508818083
89671.5760882051,43225.76074901143,3.7395579918130815,3.7274163178386064
89671.65542836,43225.80630012364,3.7410894780932873,3.7302140959197483
89671.7340211087,43225.853030617676,3.741321438993592,3.734787556097595
89671.81222736985,43225.90058624618,3.7410597199734172,3.7373416204315215
89671.89048202551,43225.94852649395,3.7412290195779665,3.7265615958173814
89671.96921995775,43225.996410845786,3.7426432922153703,3.715362343733718
89672.04867369584,43226.04399913782,3.7461543309412457,3.70371882956308
89672.12805331411,43226.09206354818,3.75233668609042,3.6942091971365087
89672.2062466952,43226.141695259845,3.761224386450716,3.689904559476244
89672.28214160126,43226.193985575184,3.772286222022595,3.6935621672893153
89672.35462579437,43226.25002579655,3.7841439491734423,3.672943566445232
89672.42258703665,43226.3109072263,3.793422638118548,3.635819258128914
89672.48493070972,43226.37770274181,3.7933332229105545,3.6115778693008664
89672.54168854821,43226.45030737584,3.7793725089442023,3.599665137778063
89672.59467912067,43226.52674764154,3.7522294850983466,3.5986517091256394
89672.64587959397,43226.60488420335,3.712223355524353,3.604748698495351
89672.6972671351,43226.68257772563,3.662155880130116,3.6144316525501
89672.75081891092,43226.7576888728,3.6083348915743327,3.6253864282811428
89672.8085120884,43226.82807830926,3.5590135079026126,3.6354446815764634
89672.87232383447,43226.8916066994,3.5196405172546985,3.6383998404989137
89672.94397583374,43226.94641901145,3.490145447632686,3.622679433898665
89673.02210701357,43226.994090744374,3.4751502144587505,3.591665991817312
89673.1033125314,43227.03847172952,3.4768360159857816,3.554002769798525
89673.18415092856,43227.08345254526,3.4910251831476096,3.5138287245496485
89673.26118090173,43227.132923585756,3.5110955411069225,3.470175996506046
89673.33178347831,43227.18980077349,3.5285731048056714,3.4244502517722806
89673.39608189532,43227.25375047983,3.545744095751147,3.3863391451276508
89673.45477029405,43227.32376254768,3.5655494882799097,3.361416919026178
89673.50854281582,43227.39882682,3.5861779535040337,3.3507886354247947
89673.55809360197,43227.477933139686,3.6033068292953656,3.352894902239706
89673.60411679377,43227.560071349675,3.6117520138138746,3.364661802507436
89673.64730653256,43227.6442312929,3.60688017748406,3.371016446816346
89673.68835695965,43227.72940281228,3.5858249146504453,3.370392157916299
89673.7279678003,43227.81458297354,3.5482873140284275,3.373129943688238
89673.76702965338,43227.89901573716,3.4966197855107737,3.377117988489138
89673.80666689428,43227.982247453096,3.4353493388292553,3.3807658717301257
89673.84801817362,43228.0638429363,3.37047774873263,3.3827879305466357
89673.89222214202,43228.14336700174,3.3498058335541954,3.381691877062269
89673.94041745011,43228.220384464366,3.340537043127493,3.3745895319860244
89673.99328765493,43228.294726412634,3.3363472679192583,3.3595049616654986
89674.04871297206,43228.36786415921,3.3390601081306777,3.3424201336749944
89674.10350709935,43228.441893032184,3.3468951344186104,3.319901600455154
89674.15496485407,43228.51852043143,3.3548716489676993,3.29824237941901
89674.20230378707,43228.5979052778,3.3629639032763023,3.280785645956645
89674.24521963339,43228.679821385245,3.373268158906111,3.270741655558078
89674.28340812799,43228.76404256773,3.3867133371282274,3.2705956052280687
89674.3165650059,43228.85034263919,3.402771428640371,3.2818074963373323
89674.34438600208,43228.938495413575,3.41922986390536,3.300292914462397
89674.36656685152,43229.028274704855,3.432007688492402,3.2716796208176806
89674.38286400608,43229.11944829599,3.4355757358244507,3.2555352817704852
89674.39402734867,43229.21168529315,3.425290583996359,3.2497741637866118
89674.40161741273,43229.304574281065,3.3978800736375154,3.251352009387565
89674.40721841801,43229.39770149176,3.3514341446315377,3.257151279759829
89674.41241458428,43229.49065315724,3.2867742000414064,3.2648650477733954
89674.41879013128,43229.58301550954,3.213795312051572,3.2732485409185847
89674.42792927874,43229.67437478065,3.1575416668424507,3.2819059610562875
89674.44141624641,43229.764317202586,3.1037947444175167,3.290659392563913
89674.46083525407,43229.85242900738,3.0581991830287594,3.298446692182029
89674.48777052143,43229.93829642701,3.024168399244194,3.3014658150138527
89674.52332748899,43230.021640887906,3.0026430414983096,3.294190832336557
89674.56578365323,43230.10298235185,2.993361520858906,3.276390303826236
89674.6123819103,43230.183132923914,2.993585614174852,3.2484307735843037
89674.66036361353,43230.262905144846,3.009628023022118,3.2109123673794855
89674.70697011624,43230.34311155538,3.0377605170447968,3.1671667554738137
89674.74944277185,43230.424564696266,3.0573354613861223,3.123044436975441
89674.7850229336,43230.50807710823,3.067863223519942,3.0842919271342293
89674.81122829104,43230.59439020888,3.066368739303289,3.053331247657958
89674.82893588938,43230.68338078757,3.0571181325533576,3.03746525032524
89674.84126198143,43230.77434930839,3.0473158752129224,3.0332268179439486
89674.85136350655,43230.86658576348,3.0399638125330264,3.0360755904271683
89674.8623967981,43230.959380259286,3.0362277875381816,3.0407226353777985
89674.87671000988,43231.052175285164,3.0359155943809135,3.0421744887369235
89674.89424861544,43231.14486635779,3.0389061820201437,3.0404079538461595
89674.91451362194,43231.23743279839,3.045207400644112,3.036443190946598
89674.93700603653,43231.32985392814,3.054222289065175,3.0306939604523597
89674.96122686639,43231.42210906826,3.0651333253120447,3.023353412668895
89674.9866771187,43231.51417753994,3.1252496409439905,3.0145393967275633
89675.01285780057,43231.60603866439,3.1975595780348267,3.0043799984438375
89675.03926991925,43231.6976717628,3.2622438331660777,2.9931049262196283
89675.06541448183,43231.78905615636,3.3169550564240944,2.9811220417754516
89675.09079249554,43231.88017116629,3.360068093126289,2.96906644796664
89675.1149049675,43231.97099611378,3.3907094708790897,2.9578272464064024
89675.13725290491,43232.06151032004,3.4087631460103425,2.9485623697557792
89675.15733731491,43232.15169310624,3.4148676980370247,2.942706319109607
89675.17465920468,43232.24152379362,3.4103991927390798,2.941964693579579
89675.1887195814,43232.330981703344,3.397411410215054,2.9482772508928097
89675.19901945224,43232.420046156636,3.3784948102122034,2.963722220128957
89675.20505982434,43232.50869647469,3.3565221565082783,2.9903342609877708
89675.20634170486,43232.5969119787,3.3342776176292874,3.0298242668204525
89675.202366101,43232.68467198986,3.314010445348544,3.0832185780738497
89675.19263401993,43232.77195582939,3.296968128808281,3.1504459814620107
89675.17664676189,43232.85874285024,3.282986843455616,3.229935004862589
89675.15431045422,43232.945056282806,3.2713173879894946,3.3151557176002875
89675.12673923309,43233.03105028828,3.2620181360210783,3.4024242326547975
89675.09527156783,43233.11690334232,3.2545558368503738,3.488835556407475
89675.06124592782,43233.20279392059,3.2482863100485733,3.569198104373225
89675.02600078243,43233.28890049875,3.243053132668058,3.6395624769932646
89674.99087460099,43233.37540155248,3.2393451872159815,3.6976499922313018
89674.95720585289,43233.46247555745,3.238086478559434,3.742683220380463
89674.92612521927,43233.550268417006,3.240113372762053,3.7750942429362566
89674.89773505474,43233.63876483689,3.245726689800394,3.7975245848833086
89674.87182017603,43233.72789974644,3.2550329136893876,3.8132690404821648
89674.84816530814,43233.817608060664,3.267875671665748,3.8251614475390188
89674.82655517609,43233.90782469453,3.283885970812259,3.835424134201119
89674.80677450482,43233.99848456302,3.3025440752285977,3.845652250081893
89674.7886080194,43234.08952258111,3.324972954332175,3.8568896502831436
89674.77184044481,43234.18087366378,3.388420446957543,3.8697612232068948
89674.75625650604,43234.27247272604,3.451218714530825,3.884614897631462
89674.74164092811,43234.36425468285,3.512424775762706,3.9016435228849637
89674.727778436,43234.45615444919,3.5712114308311156,3.9209758044636334
89674.71445375474,43234.548106940056,3.626859326652455,3.942737772909576
89674.70145160929,43234.64004707041,3.678748938304736,3.9670919375373055
89674.68855672471,43234.73190975525,3.7263562185823442,3.99426144076432
89674.67555382597,43234.82362990956,3.769252690295,4.024545509125672
89674.66222763807,43234.91514244831,3.807109025723585,4.058330758445394
89674.648362886,43235.0063822865,3.839700693739069,4.096101214225074
89674.63374429478,43235.097284339085,3.86691442592372,4.138448607491987
89674.61815658944,43235.18778352107,3.8887544897001938,4.18608363231199
89674.6013844949,43235.27781474743,3.905348571599426,4.23984757708455
89674.58321273625,43235.36731293314,3.916952086132415,4.300723540254576
89674.56342603845,43235.4562129932,3.923949413895457,4.369845618615996
89674.5418091265,43235.54444984257,3.9268499685273595,4.448503785463311
89674.51814672542,43235.63195839625,3.9262763888901455,4.538141926914225
89674.4922235602,43235.71867356921,3.922941746954414,4.512520760163228
89674.46382435584,43235.80453027644,3.917614408305256,4.416563230122393
89674.43273383734,43235.88946343292,3.9110719899015285,4.3262999555129715
89674.39873672971,43235.97340795362,3.904048670530835,4.24287587478504
89674.36161775795,43236.05629875355,3.8971805309053207,4.167261400358925
89674.3211738303,43236.13806631306,3.890961390662876,4.100217263593958
89674.27738386032,43236.2185748637,3.8858287699281764,4.019608661149507
89674.23036672066,43236.29763769286,3.882112838334792,3.9489882216290013
89674.18024487553,43236.37506678055,3.8799143135149663,3.8884712014117158
89674.12714078925,43236.45067410679,3.879067176314848,3.8379622825469806
89674.07117692608,43236.52427165162,3.879094180545562,3.797196578977788
89674.01247575025,43236.59567139507,3.8791647774926594,3.7657271127092216
89673.95115972604,43236.66468531716,3.878069593062813,3.742891193378244
89673.8873513177,43236.73112539791,3.8742295849263124,3.727765696628903
89673.82127501999,43236.79497128258,3.8662569871629717,3.7192572033607463
89673.7536016068,43236.85693598055,3.8540150280890035,3.7222228262416044
89673.68512383659,43236.917932956516,3.837782807242193,3.729549326298022
89673.61663447064,43236.97887568,3.8182672606710244,3.7369960189157654
89673.54892617263,43237.04067749732,3.796629416329818,3.7431515824067096
89673.48262214371,43237.10403800407,3.7741087894690915,3.7470645468579713
89673.41782813462,43237.16900411219,3.7517906198513273,3.749167494608275
89673.35455147825,43237.235498594695,3.7320282940352767,3.7502331084583953
89673.29279950741,43237.30344422461,3.716954586393043,3.7508772170588514
89673.23258131609,43237.37276516324,3.7051660654191125,3.751487204775827
89673.17403298718,43237.44348567917,3.697320557942856,3.7520115807277543
89673.11750078734,43237.515795731866,3.6940324847848443,3.7517492051485046
89673.06335071928,43237.58990083914,3.6908122852681835,3.7494513682590664
89673.01194878577,43237.666006518724,3.6811643461676713,3.743273028669057
89672.9636148793,43237.74428606361,3.6768353325871646,3.7310173972798344
89672.91785069431,43237.82434095731,3.6770091344718816,3.7122086462705925
89672.87345527211,43237.905281624204,3.680282935923481,3.6878875702209593
89672.82920482087,43237.98620253138,3.6850662849842797,3.6595002579499813
89672.78387554869,43238.06619814589,3.6901018417916593,3.629440422302124
89672.73624366378,43238.144362934836,3.6943455352800365,3.600905004396365
89672.68508537424,43238.21979136529,3.6962369590665665,3.57703988741272
89672.62919480905,43238.29159162237,3.692456837808429,3.5595191589127975
89672.56844163263,43238.359695194755,3.681428394640715,3.5490636074527973
89672.5043627553,43238.42530981864,3.665147180139325,3.5454395814964674
89672.43863852583,43238.4897530298,3.6446613446360985,3.5471702385364665
89672.37294929297,43238.554342364005,3.621367030727804,3.5725596999997666
89672.30897540547,43238.62039535702,3.597446560967077,3.592210505070841
89672.24824739854,43238.68910848412,3.574824323667052,3.6041506556314147
89672.1910001105,43238.760631200275,3.559760752644553,3.609540924296094
89672.13680470832,43238.83457666443,3.552025915134015,3.6111081243257535
89672.08522697694,43238.91055368636,3.549065296196331,3.610699639022433
89672.0358327013,43238.98817107589,3.5503897656781875,3.6094141383115996
89671.98818766634,43239.067037642846,3.555121779206106,3.607835709955792
89671.94185765703,43239.146762197015,3.5621990847082023,3.6062368637267297
89671.89640845827,43239.22695354822,3.570549078976804,3.604768821768383
89671.85141541508,43239.30723469504,3.579196633900299,3.603559255015411
89671.80657312897,43239.38740563404,3.5875322062616717,3.602644194656154
89671.76165718178,43239.467386551,3.595276114603626,3.6020768451153575
89671.71644469879,43239.54709992234,3.6022732185570856,3.602001188396733
89671.6707128052,43239.62646822451,3.6054455692255845,3.60259644915658
89671.62424305029,43239.705416123565,3.605915330445872,3.6040244933769934
89671.57704767169,43239.78398246319,3.6055304219577384,3.606242586815627
89671.52947780679,43239.86237382315,3.6047626887008013,3.6088992920717775
89671.48191166794,43239.94081018377,3.6040610854840223,3.611565260051123
89671.43472746755,43240.0195115254,3.6038574397381,3.6138222459870457
89671.38830341799,43240.09869782837,3.6045426843799246,3.6152266183176387
89671.34301260837,43240.1785858791,3.6063745725329643,3.6152205261393484
89671.29880972201,43240.25913162122,3.6093423956973116,3.613960544151945
89671.25492745866,43240.339840899185,3.612926113018506,3.612779421946521
89671.21052695524,43240.42017494361,3.616383165974134,3.61292987076079
89671.16476934859,43240.49959498514,3.618932726096264,3.6155987152433187
89671.11681577562,43240.577562254446,3.619568621297995,3.6144228146058053
89671.0660163347,43240.65366079226,3.617170931149756,3.6161573100068782
89671.01268254791,43240.72809948922,3.612073069340962,3.62135753588269
89670.95743094453,43240.80128546662,3.6051855418857004,3.629231495623358
89670.90087817756,43240.87362592621,3.6029685189533707,3.6386619505883604
89670.84364090003,43240.9455280697,3.600437019715705,3.648535122172672
89670.78633576493,43241.017399098855,3.5981789782390017,3.6579028098081317
89670.72957942527,43241.08964621539,3.596884740600707,3.6660161143696017
89670.6739830913,43241.162673052706,3.597227522372628,3.672203491473339
89670.61986160907,43241.23668894433,3.5995718655074738,3.676251231671622
89670.56708703299,43241.311612924386,3.6038850557248185,3.678637063353368
89670.51549520108,43241.38734028312,3.610007828969202,3.6797943896948277
89670.46492195131,43241.46376631078,3.617676110785442,3.6800222751738874
89670.41520312174,43241.54078629757,3.6265770736370513,3.679525370829211
89670.36617455036,43241.61829553374,3.6363955493738294,3.6784503162921967
89670.31767207521,43241.69618930952,3.6468578237893654,3.6769242921717304
89670.26953153429,43241.77436291517,3.65645390567175,3.6750896849452936
89670.22158876559,43241.85271164088,3.6528427729393376,3.6731304497034167
89670.17367960716,43241.931130776924,3.649402565746132,3.671290300826492
89670.12563989701,43242.00951561353,3.6458976794578435,3.6698768012346275
89670.07730547713,43242.08776144304,3.6421230194887126,3.6692411487451624
89670.0286731059,43242.16584900199,3.6382493519166346,3.669739193178864
89669.98032775796,43242.24407136091,3.6354758964364025,3.6713931196649954
89669.93298877499,43242.322792937244,3.635244444517365,3.674097905894051
89669.88737549876,43242.40237814844,3.639036840729565,3.677685669757434
89669.844207271,43242.48319141197,3.614935753316536,3.6817531425389856
89669.80420343348,43242.56559714528,3.5964812534941726,3.6852981107982195
89669.76806228199,43242.64989116847,3.5850144005487397,3.6863925920256917
89669.73639288692,43242.73607847932,3.568248632866391,3.682197826671394
89669.70978067727,43242.82408701879,3.550869955613325,3.6684399917925643
89669.68867866497,43242.91380505707,3.5417625933619483,3.6406934580367483
89669.67131383566,43243.00445397994,3.5414517771954137,3.6016015759281177
89669.65406512501,43243.09470152476,3.5494435576240053,3.5578519744356245
89669.63325546865,43243.183198652114,3.561862579154604,3.512500587490018
89669.60578123196,43243.268815231844,3.5724501094079177,3.4687607570946577
89669.57149834662,43243.35155096087,3.5814098231592273,3.4307171400786207
89669.53121477038,43243.43176897613,3.5907543755321827,3.4021720737613497
89669.48573891369,43243.50983258737,3.599639536559566,3.384241478533333
89669.43587918702,43243.58610510437,3.605525193505067,3.376188558088873
89669.38244400088,43243.660949836885,3.6052619909837946,3.3761613705073716
89669.32624176572,43243.73473009468,3.5959846917113802,3.38177883254866
89669.26808089203,43243.807809187536,3.5758594419483862,3.3906555275667687
89669.20876979029,43243.880550425194,3.544549205298799,3.400772107162598
89669.14911687096,43243.95331711744,3.503330246349284,3.410642135976226
89669.08993054455,43244.02647257403,3.4548900556292788,3.4192927601422047
89669.03201922153,43244.10038010473,3.4311933320911123,3.4261140460802935
89668.97619131235,43244.175403019304,3.4186092573141504,3.4306154216290174
89668.92325522749,43244.25190462753,3.40943425912572,3.4319506266741504
89668.87401259715,43244.33024446493,3.4039867762097966,3.4282948052662108
89668.82825298616,43244.41021870563,3.402648978289034,3.420301229575303
89668.78368780142,43244.49046672692,3.405419571282584,3.4131292355234906
89668.73777318285,43244.56948581291,3.4098698980070283,3.4102207834314973
89668.68807679425,43244.6458434797,3.413722341148982,3.41389377354157
89668.6339763346,43244.71924711049,3.415838843941441,3.4236873549318134
89668.57631887497,43244.790329423435,3.414402454974585,3.439014321350782
89668.51599394779,43244.85974987665,3.4111948494406814,3.4588692690481624
89668.45389108548,43244.92816792827,3.4072201218816947,3.481578751382716
89668.39089945008,43244.99624274116,3.4031436532254378,3.5052847381521532
89668.32768553593,43245.064455943626,3.3992244473565485,3.5284550242754245
89668.26431657634,43245.13281136917,3.3952877054036956,3.5508208737086546
89668.20076001821,43245.20123329086,3.3912013017749096,3.5725350160793776
89668.13698330845,43245.269645981825,3.3868706279499854,3.593853918144805
89668.07295389392,43245.33797371515,3.3822566511816183,3.6155807249945866
89668.00863922157,43245.4061407639,3.3773565396481544,3.637805943844252
89667.94400673827,43245.47407140119,3.372180387784254,3.6606592293361007
89667.87902389091,43245.54168990012,3.366738102865667,3.6844420764666186
89667.81365812643,43245.60892053378,3.3610350983656065,3.709416383606641
89667.74787689169,43245.67568757524,3.3550728681681137,3.735814404671643
89667.6816476336,43245.741915297614,3.348851375193827,3.7638512878916885
89667.61493779904,43245.80752797399,3.354723449944376,3.7937368480225704
89667.54771483492,43245.87244987747,3.38463603900005,3.810875668615477
89667.47994618815,43245.93660528114,3.412257709189497,3.8157582390340954
89667.41159930563,43245.999918458096,3.4375771803565964,3.822256845417336
89667.34264163426,43246.06231368141,3.4606032034052556,3.830569982779593
89667.27304062092,43246.12371522421,3.481362575527559,3.8409104088521806
89667.20276371251,43246.184047359566,3.4998992352430722,3.853506633839706
89667.13177835594,43246.243234360576,3.5162738344990094,3.8686046034277695
89667.06005199812,43246.30120050033,3.5305636664712994,3.8864694880913317
89666.9875520859,43246.357870051936,3.542862579547598,3.907387555753042
89666.91424606626,43246.41316728847,3.553280837858776,3.8764747956314993
89666.84010138603,43246.46701648304,3.5619449411108492,3.8341700837432997
89666.76508549211,43246.519341908715,3.568997368891422,3.7945545098823343
89666.68916583143,43246.57006783862,3.5745960238025463,3.757879979198715
89666.61230985088,43246.61911854583,3.5789129725247966,3.724403544108844
89666.53448499735,43246.66641830344,3.582131855671519,3.694386296281494
89666.45565871775,43246.71189138454,3.5844431936390917,3.6680904608927687
89666.37579845898,43246.75546206223,3.5860369080375643,3.6457741456507433
89666.29487166791,43246.797054609604,3.587091771375306,3.6238483359656164
89666.21284579147,43246.83659329975,3.5877620777742436,3.6032117011876887
89666.12968827655,43246.874002405755,3.5881622394889203,3.5872163599954208
89666.04536658061,43246.90920620473,3.588349887807946,3.576008286734677
89665.95988572648,43246.94214322751,3.588337567093947,3.5696523604827943
89665.87337263291,43246.97279825697,3.5881405816840366,3.568068584637308
89665.78597889979,43247.001165440866,3.5877000797108987,3.5710879006252823
89665.69785612698,43247.02723892705,3.5868631447150863,3.5623801793785237
89665.6091559144,43247.0510128633,3.5853876609634763,3.5460066228063694
89665.5200128019,43247.072520083435,3.58299785175364,3.5340961058690756
89665.43048337587,43247.09197019335,3.579530431221725,3.5261275976115347
89665.3406019695,43247.109623260934,3.5748547942046502,3.521504837382727
89665.25040291446,43247.125739357965,3.568883901338927,3.5196321308136396
89665.15992054237,43247.140578556195,3.56162951170262,3.519949602817082
89665.06918918478,43247.1544009274,3.5532435428875413,3.521961643205441
89664.9782431733,43247.16746654334,3.544041855234378,3.525258684538851
89664.88711683956,43247.18003547579,3.5421789122663556,3.529525657034168
89664.79584451516,43247.1923677965,3.5546018643843738,3.5345208828882373
89664.70445990546,43247.20463798122,3.566670413481305,3.5359127387627534
89664.61299314267,43247.216532095954,3.577814191105751,3.5294416400383213
89664.52147309355,43247.22756324193,3.5875087356200583,3.524475674671121
89664.42992862342,43247.23724431849,3.5954598639506097,3.5217845674357764
89664.33838859756,43247.24508822494,3.6016243013432123,3.522194048256871
89664.24688188126,43247.250607860624,3.6061224434933163,3.526502457608912
89664.15543733988,43247.25331612489,3.6090752055097894,3.535361474408512
89664.06408383866,43247.25272591706,3.610352471921647,3.5491049338607135
89663.97284617774,43247.248410521526,3.6094972574458724,3.5676505259767533
89663.88169161018,43247.24079804244,3.607038872127948,3.5903164585222633
89663.79054470899,43247.230950565616,3.604066426474602,3.5927424693077206
89663.69932903882,43247.21994515394,3.6013638284730844,3.5884843577886327
89663.60796816439,43247.208858870305,3.599648447437697,3.585451532955309
89663.51639107581,43247.198729517004,3.5993836568321096,3.581920384227505
89663.42466130354,43247.18962130755,3.6007082027512833,3.5777867052634487
89663.33298257223,43247.180583952504,3.6034708501815826,3.5747011263281454
89663.24156516338,43247.17061971471,3.607358244213176,3.574272791028931
89663.15061935846,43247.158730857,3.612164930854723,3.5782690832402686
89663.06035543898,43247.14391964223,3.6177826743422297,3.549062810345333
89662.9709836864,43247.12518833324,3.6238361733547775,3.5204443439266733
89662.8826947961,43247.10168176441,3.6294463984492458,3.4994011351521044
89662.79554344478,43247.07353487981,3.634530383100619,3.486622609152678
89662.7095266029,43247.04130267962,3.638911155810919,3.4819942300470954
89662.62464103171,43247.005541687155,3.6416934538152494,3.457716607835514
89662.54088349239,43246.96680842574,3.6416172475298794,3.439285152818516
89662.45824938576,43246.925658301334,3.6373478006673734,3.42721869653288
89662.3766639475,43246.882589088505,3.627653126157466,3.4201798678595554
89662.29594977936,43246.83801426175,3.61155386697372,3.4168783436461077
89662.21592133309,43246.792340601445,3.5884989060844767,3.4161484149875805
89662.13639306044,43246.745974887934,3.5584196066303018,3.417000015955767
89662.05717941317,43246.69932390157,3.5217414794205726,3.418640502651496
89661.97809484303,43246.65279442272,3.4793636267391252,3.4204678433852984
89661.89895380176,43246.60679323173,3.4326084294551977,3.4220387892452258
89661.81957074115,43246.561727108965,3.410002280491096,3.423012403973164
89661.73976011288,43246.518002834775,3.4005805142086407,3.423063600883726
89661.65933653283,43246.476023672985,3.393109129106705,3.421754708841341
89661.57812637454,43246.43594085269,3.388020473868415,3.4187237159237016
89661.49597543178,43246.39748932075,3.38528028203581,3.413852940003198
89661.41273131684,43246.360365042325,3.3846580714830417,3.4068615780587335
89661.32824164203,43246.32426398257,3.3858333471873743,3.397360600488798
89661.2423540196,43246.28888210665,3.3885434937582284,3.385027006410166
89661.15491670005,43246.25391507686,3.392818546256083,3.3698546534491722
89661.06616772422,43246.218873548096,3.399246638728774,3.353113352611384
89660.9773965687,43246.18276912928,3.408673686201067,3.338188521972492
89660.89006822043,43246.14453012637,3.422680999420043,3.3295333938321474
89660.80564766625,43246.10308484531,3.443926481668345,3.332755031922239
89660.72559989305,43246.05736159206,3.475758240306326,3.3543826336939064
89660.65138988779,43246.006288672565,3.5210170154975584,3.384192036682813
89660.58448263729,43245.9487943928,3.579619419003662,3.438168908690222
89660.5263034146,43245.88383414578,3.6450574623830527,3.5198879133409418
89660.47676679335,43245.8113937053,3.70887406813086,3.6253209740235874
89660.43384387673,43245.73278439976,3.7948085005518957,3.7471412298592446
89660.3953777745,43245.649404856245,3.8749715942170146,3.873536865971399
89660.35921159633,43245.56265370181,3.8988604037931447,3.9925013642044895
89660.323188452,43245.473929563545,3.8570585630884375,4.094992144615085
89660.28515585458,43245.38462846161,3.7522882244440785,4.175239540230674
89660.243670951,43245.295726295815,3.6296686852245568,4.231722610781902
89660.19877623873,43245.20731960271,3.5284003395938464,4.268839396052991
89660.15070084117,43245.119394431786,3.4182427705645537,4.292451189857063
89660.09967388165,43245.031936832536,3.305677402013772,4.307797957465451
89660.04592448357,43244.944932854465,3.195267011050813,4.319056399940491
89659.98968177025,43244.85836854708,3.0897681474050707,4.329185688210218
89659.9311748651,43244.77222995986,3.0156832835203904,4.340043121969819
89659.87063289143,43244.686503142315,3.03813090262996,4.352645946650535
89659.80828497265,43244.60117414395,3.0625514090636337,4.367453268422578
89659.7443602321,43244.51622901426,3.0884373246272343,4.3845995755921825
89659.67908779316,43244.43165380274,3.115323275088195,4.404060312991971
89659.61269677918,43244.3474345589,3.142785722925778,4.425756180858668
89659.54541631354,43244.263557332226,3.1704375967778704,4.449612864501696
89659.4774755196,43244.18000817222,3.1979220855839374,4.475592666695913
89659.40910352068,43244.09677312838,3.2383492884426697,4.503709699940721
89659.34052944022,43244.01383825023,3.3235550592761456,4.53403704523976
89659.27198240154,43243.93118958724,3.404699782964222,4.566710953805948
89659.20369152799,43243.848813188924,3.481140722813124,4.601935100242734
89659.13588594296,43243.766695104765,3.5522664702399593,4.639986444394888
89659.0687947698,43243.68482138428,3.617505805478509,4.6812232654986605
89659.0026471319,43243.60317807696,3.685080522016227,4.726096680571283
89658.9376721526,43243.521751232314,3.76548226919839,4.775166543466369
89658.87409895525,43243.44052689983,3.834239166141211,4.829122836018824
89658.81215666325,43243.35949112901,3.890832456676427,4.882139238574224
89658.75207439995,43243.27862996936,3.9349196640943873,4.932217016109392
89658.69408128869,43243.19792947037,3.966352443969269,4.988960498542607
89658.63840645287,43243.11737568155,3.9851932786583926,5.053724087463351
89658.58527901584,43243.03695465239,3.9917307349865014,5.136978384541635
89658.53492810095,43242.95665243238,3.986492908311508,5.235368963497543
89658.48758283159,43242.87645507104,3.97025850989049,5.349610995166439
89658.44347233108,43242.79634861786,3.9440647969139335,5.445023261120407
89658.40282572285,43242.716319122344,3.909211662075836,5.424450931546722
89658.3658721302,43242.63635263398,3.8672637474653704,5.414088824256404
89658.33284067655,43242.556435202285,3.8200466749696385,5.3856273027750365
89658.30396048521,43242.47655287674,3.7696349215990517,5.251691870369883
89658.2794606796,43242.39669170685,3.7432432828972844,5.1321310031728045
89658.25957038303,43242.316837742124,3.7230091966849375,5.017216007158282
89658.24451871889,43242.23697703205,3.708598721331821,4.785315609248679
89658.23453481054,43242.157095626135,3.7020661743984533,4.583826765208107
89658.22984778135,43242.07717957387,3.7048923087852583,4.4035293930556145
89658.23068675467,43241.99721492476,3.763891031602685,4.247552743062752
89658.23728085388,43241.91718772831,3.8591448036311085,4.03293712657526
89658.24985920232,43241.83708403401,3.955493024870662,3.7999037784887184
89658.26865092339,43241.75688989136,4.038651305158633,3.6212797211125807
89658.29388514042,43241.67659134986,4.09030661790026,3.5439735350257213
89658.3257909768,43241.59617445902,4.091452109325126,3.523541277797245
89658.36459755588,43241.515625268315,4.026472802379599,3.5144496492064223
89658.40998138148,43241.43487135555,3.8949691701954627,3.5142054005952756
89658.45687753611,43241.3533386169,3.7250914123578722,3.5273419575689298
89658.49780847419,43241.27019767255,3.550751556941419,3.554816758498042
89658.52527755182,43241.1846171219,3.4818587997506,3.5785084264422595
89658.53331618379,43241.09593724256,3.4231959962019207,3.5600933361111786
89658.52691315784,43241.0047293785,3.3848627683364896,3.5295051000408
89658.51583994823,43240.91210221101,3.3939282186823014,3.5195452768712947
89658.50988796938,43240.819166661626,3.443042927779887,3.5263534552613294
89658.51745311006,43240.72693582202,3.45845004525419,3.523948442295325
89658.53618539876,43240.635669472045,3.4520640743423434,3.5231547334276785
89658.55874412111,43240.54527752789,3.4557662898322117,3.5443111048867353
89658.57776103252,43240.45566797583,3.4869257549307884,3.58646858832439
89658.58586788843,43240.36674880213,3.544433946809577,3.6332031565278817
89658.57758748013,43240.27839820715,3.608778379645771,3.653657304623591
89658.55579786182,43240.190362786554,3.6646195295514863,3.6532602007219515
89658.52568394018,43240.10235280057,3.7189950778960768,3.6376404050560445
89658.49243069808,43240.014078508175,3.7767976466319597,3.601902284807577
89658.46121847791,43239.9252504709,3.825850585128069,3.5429218559858384
89658.43569707453,43239.83567903326,3.856415963727739,3.4609443862618217
89658.41578321088,43239.745417914826,3.8712127584769194,3.3629874761302876
89658.40083519023,43239.654557240916,3.8761917305632836,3.344845425804063
89658.39021131593,43239.563187136875,3.8757801371856764,3.370582345062173
89658.38326989123,43239.47139772804,3.873214253950903,3.4024274633639453
89658.37936921947,43239.37927913975,3.8705563199462247,3.4383194291641437
89658.37786760397,43239.286921497325,3.868857011457855,3.475841785047161
89658.378123348,43239.19441492614,3.8685342339990076,3.540157056184985
89658.37949475487,43239.101849551495,3.856348209641396,3.657168903141239
89658.38134012792,43239.00931549874,3.8380776842248294,3.7548266106071932
89658.38301777045,43238.91690289321,3.8163802330526932,3.8300084056307924
89658.38388598574,43238.824701860256,3.7923417257519607,3.881569984971036
89658.38330307709,43238.73280252519,3.7675557851924566,3.9103120534339273
89658.38062734785,43238.64129501336,3.743999138952708,3.918715556911944
89658.3752171013,43238.55026945011,3.708478070155887,3.9104711113720487
89658.36643064074,43238.45981596077,3.668859893516275,3.8898640686023733
89658.35363636626,43238.37002401477,3.6357041188769275,3.8610862791950726
89658.33655552624,43238.280960159536,3.6106128790639063,3.828150785554509
89658.31534602141,43238.19266257642,3.5880603914908504,3.794689132740074
89658.29019284893,43238.10516768646,3.5715990453308213,3.7632798271691446
89658.261281006,43238.01851191073,3.564336742058577,3.735481702185611
89658.2287954898,43237.93273167029,3.5658998493247296,3.7120318644289294
89658.19292129757,43237.84786338621,3.5757147597024836,3.6930670176761247
89658.15384342644,43237.76394347955,3.593110333545747,3.6783339574907337
89658.11174687365,43237.68100837138,3.617393924555863,3.6673628190031495
89658.06681663635,43237.59909448276,3.6336379284466447,3.6595927005896884
89658.01923771176,43237.51823823475,3.6092481606057154,3.6544526153719556
89657.96919509706,43237.438476048424,3.591304138274543,3.6517246309652207
89657.91687378945,43237.35984434484,3.57906828595753,3.651108706805471
89657.8624587861,43237.28237954506,3.5718932388206817,3.6497572964442746
89657.80613508426,43237.20611807015,3.5692075569822395,3.6503903513308114
89657.74808768103,43237.131096341174,3.570498984227717,3.651586593437487
89657.68850157369,43237.057350779185,3.5752966123649883,3.653101191614362
89657.62756175936,43236.984917805275,3.5831532438919824,3.65472571758713
89657.56545323528,43236.91383384048,3.5936300568938035,3.6562761710960907
89657.50236099864,43236.84413530588,3.60628672150002,3.6575819108904764
89657.4384700466,43236.77585862253,3.6206803419307834,3.658477383287548
89657.37396433663,43236.70903075904,3.6363807289536236,3.6588144058823158
89657.30900682286,43236.64348773676,3.6529161475039897,3.658596934841314
89657.24374095605,43236.57888826641,3.651219322573066,3.6579684491410998
89657.17830944769,43236.51488433824,3.6482058329239813,3.6571071113509364
89657.11285500928,43236.4511279425,3.645708038358714,3.656242754549157
89657.04752035237,43236.387271069434,3.6432467658902024,3.655650022573617
89656.98244816896,43236.32296574418,3.6403303022044584,3.655603061629444
89656.91770068507,43236.25800781735,3.6366640995496127,3.656261276304667
89656.85307623787,43236.19266481663,3.6326380150341597,3.6574238248025814
89656.78831915103,43236.127300813925,3.6287939619284995,3.6588221484651084
89656.72317374819,43236.062279881095,3.625748928017183,3.6602511361335948
89656.657384353,43235.99796609003,3.624255855943856,3.661625416277217
89656.59069528912,43235.934723512604,3.6252064638092683,3.662977669233542
89656.52285088021,43235.872916220695,3.6295973859550683,3.6644192144340515
89656.45359544987,43235.81290828621,3.6384673147236413,3.6660698500871085
89656.38267332182,43235.755063781,3.6368898016593008,3.6679584061625854
89656.30983356173,43235.69974113589,3.610699904540803,3.6699000056047932
89656.23499886463,43235.64709223614,3.590119548212599,3.6717671385377066
89656.15831146388,43235.597007809025,3.5754036875246094,3.6735949569042434
89656.07992767537,43235.549361829464,3.566519297579156,3.6752076762451784
89656.00000381509,43235.50402827239,3.5632095903940293,3.6762720934307653
89655.91869619898,43235.46088111275,3.565069808905702,3.676398101202708
89655.83616114297,43235.419794325455,3.571617459852086,3.6752219836598305
89655.752554963,43235.38064188545,3.582353013446027,3.6724677370297676
89655.66803397502,43235.34329776766,3.587148246853134,3.667980815531975
89655.58275399735,43235.307636391066,3.5792495028488136,3.661731182721615
89655.49682803277,43235.27357038039,3.574803291838398,3.6537396586699384
89655.41029395068,43235.24107940442,3.5735426956893575,3.644008367668366
89655.32318201134,43235.210149921855,3.575269913974119,3.632581062931069
89655.23552247495,43235.18076839141,3.5798361757794788,3.6195227728562407
89655.14734560174,43235.15292127177,3.58713161947452,3.604898150270893
89655.05868165198,43235.12659502165,3.5970748399560173,3.5887572712452114
89654.96956088587,43235.10177609975,3.6096039119970045,3.574663149101565
89654.88001356367,43235.07845096479,3.624669667124145,3.5861948673866295
89654.79006994558,43235.05660607546,3.642231208353609,3.597389340924902
89654.69976029183,43235.03622789046,3.6486888428078252,3.6082126160544084
89654.60911486269,43235.0173028685,3.647932744900507,3.6186411237651335
89654.51816391837,43234.999817468284,3.649573097922051,3.6286571064747473
89654.4269377191,43234.983758148526,3.6535561414401228,3.6382459089597208
89654.33546652512,43234.96911136792,3.6598333596826103,3.6473945261609484
89654.24378059665,43234.95586358518,3.6683609989024344,3.6560909152108696
89654.15191019393,43234.94400125899,3.6790997128751246,3.66432374338893
89654.0598855772,43234.93351084808,3.6920142325046528,3.6720823769014985
89653.96773700668,43234.92437881113,3.707072971495084,3.679357003026349
89653.8754947426,43234.91659160685,3.7242474593309582,3.6861388350595603
89653.7831890452,43234.910135693965,3.7385644907532423,3.692420357344339
89653.69085017472,43234.904997531165,3.7245411506785295,3.6981954994286355
89653.59850839138,43234.90116357715,3.712655630661262,3.703459595576203
89653.50619395543,43234.89862029062,3.7028572051662034,3.708208982431369
89653.41393712707,43234.8973541303,3.6950976126029755,3.7124400329933183
89653.32176816654,43234.897351554886,3.689329043983499,3.7161475214242268
89653.2297173341,43234.89859902307,3.685501897735992,3.7193224112653143
89653.13781488998,43234.901082993565,3.6835627996401943,3.721949424049474
89653.0460909293,43234.904789805514,3.683453788353645,3.7240054487384477
89652.95455207337,43234.90968879555,3.6850967623057382,3.725479062291928
89652.8631573378,43234.91571481882,3.688379356062802,3.72639224773698
89652.77185997646,43234.92279855709,3.6931937652816265,3.726770968965883
89652.6806132432,43234.930870692166,3.6994531406712285,3.726650302024414
89652.58937039181,43234.93986190581,3.7071056597894865,3.726086857589616
89652.49808467618,43234.94970287981,3.7126093793936294,3.725172652410663
89652.40670935012,43234.96032429593,3.6962509101319063,3.724047355949698
89652.31519789397,43234.9716572312,3.680794498149629,3.7229069076155845
89652.2235592089,43234.9837294732,3.6662740974129284,3.7219369200221335
89652.13192969674,43234.99679130098,3.653086630471583,3.7211975179960053
89652.0404636239,43235.011124167584,3.6417607156636653,3.720783178350974
89651.94931525669,43235.02700952602,3.6329382976090576,3.720845498020514
89651.85863886148,43235.044728829314,3.6273615904059664,3.721549660239865
89651.76858870465,43235.064563530475,3.6258149937321615,3.7229816950592927
89651.67931905253,43235.086795082534,3.6290239686669747,3.725011675943402
89651.59098417153,43235.111704938514,3.637520537680257,3.7271305524778735
89651.50373832796,43235.139574551424,3.6515006842912467,3.7282996880400434
89651.41773578819,43235.170685374294,3.6706936895565816,3.7268502549816565
89651.33313081859,43235.20531886015,3.6871903909921695,3.720416303326699
89651.2500280723,43235.243642931266,3.6967324213430626,3.7064998174614763
89651.1680743745,43235.28477785483,3.709392352795513,3.684645541844533
89651.086669319,43235.327278154575,3.723249577191194,3.6676784710634527
89651.0052100872,43235.36969283362,3.7363465124983204,3.6666363568565736
89650.92309386436,43235.41057090471,3.746853197844597,3.668540637810161
89650.83985524897,43235.44879171295,3.7533213956749463,3.673972446506663
89650.75552865991,43235.4844361397,3.7564866223512894,3.6829441640244083
89650.670262124,43235.51785817257,3.757473190277583,3.6952036885310227
89650.5842036681,43235.54941179922,3.756972498692406,3.710086640809352
89650.49750131904,43235.57945100725,3.755392777430781,3.726278783836869
89650.41030310368,43235.608329784314,3.752968224290994,3.7399214731900137
89650.32275704884,43235.63640211804,3.7498603148025977,3.75372427243064
89650.23501118139,43235.66402199604,3.746254467808816,3.766955918125495
89650.14721352812,43235.69154340596,3.7424296256879135,3.779062115965305
89650.05951211593,43235.71932033543,3.738787624102184,3.789695468709111
89649.97205497164,43235.74770677209,3.735840966591045,3.798704441983878
89649.8849901221,43235.77705670355,3.7341651529347635,3.8060847087025382
89649.79846559414,43235.80772411745,3.734326488373104,3.8119000399020546
89649.7126294146,43235.840063001415,3.736793309086876,3.8161775129584354
89649.62762961035,43235.87442734309,3.7418148881967492,3.818759662461143
89649.54358809942,43235.91110749623,3.749341061000546,3.819329306124552
89649.46036168827,43235.94974766848,3.7587470117245587,3.8183636413597455
89649.37765277238,43235.989615727776,3.769010794671744,3.816686930343497
89649.29516182722,43236.02997486269,3.7790787953109115,3.814998074009568
89649.2125893284,43236.07008826178,3.7881165450500047,3.814090491161307
89649.12963575141,43236.109219113605,3.795558244708562,3.8143954093563686
89649.0460015718,43236.14663060674,3.8009765737777688,3.8111877063883264
89648.96140010374,43236.18161768669,3.8038336860612754,3.8109261967220505
89648.87578368408,43236.21406653319,3.8042851822371686,3.8138441915599786
89648.78931605173,43236.24438623907,3.803048807494605,3.8196061636150715
89648.70216823393,43236.27300392524,3.800531588808132,3.827540710002827
89648.61451125793,43236.300346712655,3.794640077774083,3.8368082773750976
89648.52651615099,43236.32684172224,3.783712910863133,3.8462953155087853
89648.43835394035,43236.352916074924,3.770969784643772,3.843703037366991
89648.35019565327,43236.37899689163,3.7567523732877652,3.8419002446174155
89648.262212317,43236.405511293306,3.7416480269007804,3.8404635889790173
89648.1745749588,43236.43288640087,3.7264541720817124,3.839040760961934
89648.08745460589,43236.46154933526,3.712097510982002,3.8372971199213834
89648.00102228555,43236.4919272174,3.699503237583664,3.8348135211677397
89647.91541776131,43236.52436965131,3.689405109937232,3.83109347274788
89647.8306026759,43236.558784598375,3.6820214813578733,3.826061464265885
89647.7464756826,43236.59492384056,3.677261467046717,3.8196846672263756
89647.66293536201,43236.632538979655,3.67484664584898,3.8117865933068913
89647.57988029472,43236.67138161742,3.6743800251252927,3.802141419058086
89647.49720906137,43236.711203355626,3.6754048530057757,3.7905494534707715
89647.41482024257,43236.75175579601,3.6774550331647573,3.776895462554334
89647.3326124189,43236.79279054037,3.6800957339636824,3.7611906722592927
89647.25048417099,43236.83405919044,3.6829502205161972,3.743597692917103
89647.16833407943,43236.875313348,3.68571085485052,3.7244388872976
89647.08606072483,43236.91630461482,3.688133984525247,3.7041886452436916
89647.00356268778,43236.956784592636,3.690020024521023,3.685221563976876
89646.92073854893,43236.99650488324,3.691182394331411,3.6782660494853237
89646.83748688883,43237.03521708838,3.6914098012941263,3.672454999511581
89646.75370628813,43237.072672809816,3.6904164747547736,3.668167956056921
89646.66929750713,43237.10862883559,3.6878014043553633,3.665656505324674
89646.58429314845,43237.143155648315,3.683550019294567,3.6648589630583843
89646.49893078147,43237.17681141171,3.6782810060799367,3.665252179337236
89646.4134656788,43237.210196411,3.672606427457666,3.666165448880568
89646.32815311293,43237.24391093137,3.6671881495482728,3.6669214035262394
89646.24324835649,43237.27855525804,3.6627301808509456,3.6668306198984193
89646.15900383797,43237.31472306855,3.6598061738088012,3.6650489673624493
89646.07548521346,43237.35257411375,3.6585980803147002,3.661274541138388
89645.99245896739,43237.39157308139,3.658753033826412,3.656190308185758
89645.90966468414,43237.43112216239,3.659693584498179,3.6504240572649387
89645.826841948,43237.47062354769,3.66078365772176,3.644592762585434
89645.74373034328,43237.50947942823,3.661401222879615,3.639381117614837
89645.66006954318,43237.547092191824,3.660843815781325,3.6354414431236997
89645.57569845392,43237.58308418059,3.658605878916381,3.6331744976519014
89645.49074527972,43237.61771897783,3.655057609884877,3.632463139470242
89645.4053906578,43237.651376386755,3.6506295077936297,3.633464022042776
89645.31981522535,43237.68443621052,3.645656736568128,3.637893515878618
89645.23419117999,43237.71726144183,3.6404197752896317,3.6425918194940987
89645.14858187601,43237.749998272135,3.634997907686726,3.6473281310884147
89645.06297498899,43237.78264215112,3.630368027316948,3.652092937792423
89644.97735666375,43237.8151854793,3.627091401776979,3.6568956201364298
89644.89171304498,43237.84762065719,3.6236644031371994,3.6617560568224885
89644.8060302775,43237.87994008528,3.6200864427823416,3.666702549302381
89644.72029450606,43237.91213616409,3.616359988955529,3.671766118633469
89644.6344918754,43237.94420129413,3.6124864774119883,3.676976068630685
89644.54860853036,43237.976127875896,3.6084640682801723,3.6823576120467907
89644.46263061564,43238.00790830992,3.604286695548694,3.687930916558157
89644.37654427605,43238.0395349967,3.599943737988222,3.693710819467108
89644.29033565632,43238.071000336735,3.5954198367658927,3.69970667803917
89644.20399090125,43238.10229673054,3.590694686090386,3.7059221594592064
89644.1174961556,43238.13341657862,3.585742865015717,3.7123550469334776
89644.03083756413,43238.16435228149,3.5805338836558733,3.71899726077794
89643.9440012716,43238.195096239644,3.575032570789225,3.725835253112567
89643.85697705194,43238.225645612445,3.5692067309815108,3.732846125612443
89643.76978941802,43238.25604311158,3.5630806800066575,3.73995163024598
89643.68248219957,43238.28635677862,3.556711430795234,3.7445352181131946
89643.59509943404,43238.31665492741,3.5501601498237974,3.7353180404259274
89643.50768515885,43238.347005871816,3.543495171161477,3.7263325312004523
89643.42028341145,43238.37747792567,3.5367937968147496,3.717531435580753
89643.33293822923,43238.40813940284,3.5301431357734434,3.7088689926448195
89643.24569364963,43238.439058617165,3.5236402611573028,3.7003023340530743
89643.15859371008,43238.47030388251,3.5173919359342944,3.691792839151912
89643.071682448,43238.50194351272,3.5115141546766786,3.683307317690983
89642.98500390082,43238.534045821645,3.5061317046388902,3.6748189594860023
89642.89860210594,43238.566679123134,3.5013778741282695,3.6663080381709388
89642.81252110083,43238.59991173104,3.497394359709752,3.6577623710636438
89642.72680492287,43238.63381195922,3.4943313588138363,3.6491775579342325
89642.64149760953,43238.668448121534,3.4923478065756512,3.6411301570929373
89642.5566431982,43238.70388853181,3.491611683353457,3.6543912770696605
89642.47228572633,43238.74020150392,3.49230027070952,3.6662539948196766
89642.38846923133,43238.7774553517,3.494600146963128,3.6767567630016327
89642.30523775062,43238.815718389014,3.4987065833705993,3.685953226244213
89642.22263532165,43238.85505892971,3.504821839949721,3.693912587747592
89642.14070598183,43238.89554528764,3.513151728951323,3.7007189603367685
89642.05949376858,43238.93724577665,3.5238998344195602,3.7064687584770573
89641.97904271934,43238.9802287106,3.537259083949748,3.711265148932834
89641.89939687152,43239.024562403334,3.553401050416589,3.71520894257515
89641.82060026257,43239.07031516872,3.572464286202219,3.718386108053231
89641.74269692987,43239.11755532059,3.594543590843669,3.720852876150952
89641.66573090867,43239.16635117037,3.6196819455251434,3.7226198077837704
89641.58972049017,43239.21674280061,3.647838469341295,3.72368362430897
89641.51459428355,43239.268671955586,3.678814411147109,3.7241267966960523
89641.4402613816,43239.32205897937,3.7088812673507077,3.7240110917484377
89641.36663087706,43239.376824215986,3.7154084048347897,3.723362781189822
89641.29361186268,43239.43288800951,3.724164147613523,3.7221934432229045
89641.2211134312,43239.49017070397,3.7349416173662853,3.7205173258364423
89641.1490489739,43239.548594561995,3.747560104160179,3.718358605518371
89641.07740691432,43239.60811533585,3.761941535332741,3.7156966558197593
89641.0062394583,43239.6687172461,3.778102589577694,3.7124807474610213
89640.93560084156,43239.730385419345,3.7960896082164,3.7086826820099095
89640.86554529982,43239.79310498218,3.81597111721874,3.704294111676223
89640.79612706878,43239.856861061184,3.837832276469226,3.699321343959853
89640.72740038417,43239.921638782966,3.8617698223687285,3.693780070838198
89640.6594194817,43239.98742327409,3.8878886312656906,3.687691260179423
89640.59223859706,43240.05419966118,3.9000490349991153,3.6810785494026685
89640.525911966,43240.121953070804,3.8932762226021813,3.6739669817322964
89640.46049382424,43240.190668629555,3.8885540901961546,3.666382708808268
89640.39603840745,43240.26033146402,3.8859524903036755,3.658353250957868
89640.33259995136,43240.33092670081,3.885549288179056,3.67170959081363
89640.27023269172,43240.402439466496,3.8874302150804363,3.6967345437305754
89640.20899086421,43240.47485488768,3.891689191173414,3.71989759382149
89640.14892870456,43240.54815809095,3.898428952688252,3.741224939139188
89640.09010044846,43240.62233420289,3.8857601273531546,3.760748800003115
89640.03256033166,43240.6973683501,3.8595928931422203,3.7785072710199232
89639.97636258986,43240.77324565917,3.8359961567057725,3.7945443190576778
89639.92156145876,43240.849951256685,3.815052090420054,3.8089098670567285
89639.86821117409,43240.92747026925,3.7968504622564136,3.821659912873379
89639.81636597156,43241.00578782343,3.7814893683795114,3.832856626870866
89639.76608008689,43241.08488904584,3.780868901739795,3.8425684456014757
89639.71740775579,43241.16475906306,3.7853800497222916,3.850870305570897
89639.670403214,43241.24538300169,3.7932319898201534,3.8578439653300345
89639.62512069716,43241.3267459883,3.8045974771110522,3.8635785326750822
89639.58161444106,43241.40883314952,3.819665028762418,3.86817138921782
89639.53993868141,43241.4916296119,3.8324167976901977,3.871729660064498
89639.50014765389,43241.57512050205,3.8230377507139837,3.8743722194030896
89639.4622955942,43241.65929094655,3.817521663704463,3.8762318265371287
89639.42643673813,43241.74412607201,3.816025833268482,3.877456181091149
89639.39262532133,43241.829611005,3.8186998979885334,3.8782058626439455
89639.3609155795,43241.915730872126,3.825666929209462,3.87864659463621
89639.33136174842,43242.00247079997,3.816644735585432,3.8789331509992535
89639.30401806379,43242.08981591513,3.810573551054812,3.8791839425294774
89639.27893876126,43242.17775134419,3.808895668410443,3.879448390886097
89639.25617807663,43242.26626221375,3.8114575296018276,3.8796713803236944
89639.23579024557,43242.3553336504,3.817970140291246,3.8796593647306334
89639.2177833302,43242.44494429591,3.8280012674818056,3.8791483431531866
89639.20183906631,43242.53502696151,3.8407901500276935,3.87816182746831
89639.18749857195,43242.625494709486,3.8554307719502603,3.876796153516122
89639.1743024142,43242.71626052474,3.863446811629016,3.8751299925360927
89639.16179116021,43242.807237392204,3.861054532356507,3.8733128002528225
89639.149505377,43242.89833829679,3.85941448262073,3.8715995025076344
89639.13698563173,43242.98947622341,3.8578596021448712,3.8703300945224846
89639.12377650838,43243.08056463096,3.8557092392497077,3.86983614203272
89639.10977966209,43243.171559110895,3.8527965385812206,3.8702481155480304
89639.09552985305,43243.26248995789,3.8498638959371534,3.871324749718885
89639.0816268074,43243.35339513223,3.8477318531066254,3.8727543782758644
89639.06867025135,43243.44431259425,3.8473004650740537,3.874277981314635
89639.05725991109,43243.53528030425,3.8495798705452677,3.8757128878023237
89639.04799551281,43243.62633622256,3.85562128834095,3.8768786228391363
89639.04147678269,43243.71751830946,3.842835549420352,3.877442934263093
89639.03825745556,43243.80886168791,3.830057746984286,3.876811061036025
89639.03826791032,43243.90036302371,3.8221466747628106,3.874998508397551
89639.04098979247,43243.991991298666,3.8188759015744833,3.87245132036791
89639.04589486776,43244.083714885026,3.819742309879561,3.869496976227171
89639.05245490192,43244.17550215507,3.8241491961051093,3.866533998910721
89639.0601416607,43244.26732148108,3.8127785026742758,3.864055593408279
89639.06859625468,43244.35912115834,3.802456520498084,3.8625065745838625
89639.078168678,43244.45076543935,3.795024518868468,3.8618771535976446
89639.08939438424,43244.54209658911,3.79115463302214,3.861801802870195
89639.10280882783,43244.63295687254,3.79144312447092,3.8615122801886375
89639.11894746301,43244.72318855458,3.796376550043433,3.8597639446863488
89639.13834574414,43244.81263390015,3.8061259091432933,3.854689069444547
89639.16153115114,43244.90113742381,3.7970475190460693,3.8437383858507586
89639.18827884411,43244.98875587436,3.789814865855694,3.8257862958014597
89639.21700517864,43245.075929328086,3.786919209296304,3.802209092853879
89639.2459839106,43245.16313808819,3.7859161718617726,3.791887542399859
89639.27390280482,43245.25074137002,3.784168741491311,3.791396140408837
89639.30078385028,43245.33870815978,3.7814347394691437,3.792034194440634
89639.32691729392,43245.42692898443,3.7781004963491274,3.793603260961371
89639.35259338275,43245.51529437098,3.7743886522774694,3.795744582573499
89639.37810236377,43245.60369484644,3.770528769755618,3.798104700607839
89639.40373448396,43245.69202093777,3.7668238301655497,3.800398767001917
89639.4297799903,43245.780163172,3.7636726512247725,3.802431671179352
89639.4565291298,43245.86801207611,3.761584295707898,3.8041124486965603
89639.48427214946,43245.95545817709,3.7611821294693404,3.8307372913491173
89639.51329929625,43246.04239200196,3.7631933080461604,3.8527548665759483
89639.54390081718,43246.1287040777,3.768424478342541,3.867078550127507
89639.57636695921,43246.21428493131,3.777727766626375,3.874628418599789
89639.61098796935,43246.29902508977,3.791961492764591,3.876557638618508
89639.6480540946,43246.38281508009,3.811945026747245,3.8740877635079745
89639.68780962298,43246.465548141074,3.8097074268437443,3.8683953703439933
89639.73026159381,43246.54713151025,3.7774678016623193,3.860676634378127
89639.7753407144,43246.6274769291,3.750977073221149,3.8519500385494765
89639.82297765568,43246.70649614127,3.7305064182759464,3.8429641233051166
89639.87310308854,43246.784100890414,3.7162104148270627,3.835143350223177
89639.92564768388,43246.86020292016,3.708169198198263,3.8427044596632736
89639.9805421126,43246.93471397413,3.7064304333650746,3.8514105407812282
89640.0377170456,43247.00754579599,3.711047695170014,3.861374448867846
89640.09710315384,43247.07861012935,3.722112867645548,3.8727893814102545
89640.15863110815,43247.147818717865,3.739780930176584,3.8859403298233834
89640.22223157948,43247.21508330518,3.7642843580854892,3.901197011050187
89640.28783523876,43247.28031563491,3.7959311144362413,3.918975833572227
89640.35537275685,43247.34342745071,3.7935949515866856,3.939653200927593
89640.42477673679,43247.40432748089,3.771307521253214,3.963411295231765
89640.49602223844,43247.46285819457,3.7562071727333533,3.9899435649644266
89640.56912570552,43247.51879747592,3.748479077331833,4.018139643256016
89640.64410529938,43247.57192052868,3.7481293237085493,4.04580286415006
89640.72097918134,43247.622002556636,3.7548630084985195,4.069360813863815
89640.79976551273,43247.66881876352,3.7679342629761265,4.083713021195304
89640.88046928526,43247.7121739156,3.786116913697988,4.0825367516103706
89640.96283842697,43247.7524498255,3.807581778985845,4.059977508000208
89641.04638694975,43247.79055339132,3.82999063598248,4.01165160005276
89641.13062033839,43247.827410652404,3.832127105879739,3.935267925032229
89641.21504407769,43247.863947648155,3.8276319865349433,3.8319867521311632
89641.29916365245,43247.90109041792,3.825865451907518,3.706853987208598
89641.38248454747,43247.939765001094,3.8256606850007495,3.670304866354119
89641.46451224755,43247.98089743705,3.825545236942021,3.6468174934897197
89641.54475223747,43248.025413765165,3.8232807608608566,3.6281176442183516
89641.62271000205,43248.07424002481,3.8152160670546262,3.6159329200886514
89641.69790483445,43248.128273815884,3.7960063078732733,3.610472187024965
89641.77052365977,43248.18703769411,3.763704217834798,3.611882137169955
89641.84170501815,43248.24809428401,3.721171243811541,3.61990382374495
89641.91266030072,43248.308856167394,3.671809908991341,3.633455148841089
89641.98460089865,43248.36673592601,3.6215320034045773,3.652752499988818
89642.05873820308,43248.41914614162,3.527082074046164,3.67945415502109
89642.13628360514,43248.46349939601,3.4365273591021452,3.7141794509901542
89642.21836526119,43248.49738075777,3.364135678345085,3.7524950008418414
89642.30491946898,43248.52084517519,3.313544579448284,3.7924185759082305
89642.39499168524,43248.53579367984,3.271767868774338,3.832648144738808
89642.48760593918,43248.544171707326,3.2504069664774535,3.8667682818062104
89642.58178626002,43248.54792469323,3.2437559149359885,3.8873440075226617
89642.67655667698,43248.548998073136,3.246115494200407,3.8887515291846517
89642.77097759073,43248.54928513957,3.252245788927797,3.868075534717087
89642.86465141978,43248.549902134306,3.258814061219753,3.824941233247179
89642.95759670301,43248.55136873818,3.2645392512051807,3.7617658612785143
89643.04984261855,43248.55418937934,3.2689748837065764,3.683260464659562
89643.14141834454,43248.55886848593,3.2720488289026073,3.5952930888588726
89643.23235305905,43248.565910486126,3.2737576521576504,3.5039866000548763
89643.32267594023,43248.575819808066,3.27386134409909,3.4149704017794282
89643.41241616622,43248.589100879886,3.27163210419471,3.3328393754289345
89643.50160291513,43248.60625812977,3.2656020156518815,3.2607200592839813
89643.5902827092,43248.62762243122,3.2543221294141262,3.2535253171991467
89643.678649387,43248.65205053379,3.2395108803519426,3.2520834255876867
89643.76697112263,43248.67765534561,3.222356715248868,3.253789863682014
89643.8555166608,43248.70254406615,3.204808593846746,3.256690052765776
89643.94455474614,43248.7248238949,3.189114657682957,3.2587593011725655
89644.03433865606,43248.74270513484,3.1768748641200566,3.2572205949642963
89644.12488613272,43248.755968152305,3.168897831132673,3.2515224096652653
89644.21603148275,43248.765616083205,3.1653230059567856,3.242915144973961
89644.30760417013,43248.772684344585,3.1653574056786047,3.2318803354206507
89644.3994336588,43248.77820835349,3.167777432482221,3.218690848437596
89644.49134941265,43248.783223526945,3.171280985308468,3.2038324457031773
89644.5831809398,43248.78876501691,3.17503773844241,3.1880034796969827
89644.67480576865,43248.79557948744,3.1773756148316745,3.1721911118594392
89644.76624100398,43248.803575082435,3.1783983614602005,3.168801285507954
89644.85752896815,43248.81250844788,3.1784605833583726,3.1662252407897666
89644.94871198354,43248.82213622981,3.177848499035928,3.164306824882056
89645.03983237254,43248.83221507423,3.1768248152161838,3.162854935268975
89645.13093245753,43248.84250162716,3.1756391011872194,3.1616507691604716
89645.22205388932,43248.85275646767,3.1745177962482676,3.160446572276044
89645.31321158509,43248.862896744955,3.173535972299862,3.159150191816775
89645.40438536688,43248.87304514838,3.172582711645407,3.15789509703195
89645.49555267405,43248.88333832232,3.1715256570876265,3.156822988979137
89645.58669094587,43248.89391291117,3.170222518620413,3.1560722754904864
89645.67777762166,43248.90490555932,3.1685180969796525,3.1557784972289027
89645.76879014073,43248.916452911166,3.1662384753473227,3.156069286144193
89645.8597059424,43248.9286916111,3.165089567538919,3.157059418946559
89645.95050246596,43248.9417583035,3.1648922113549816,3.158836731333576
89646.04115776568,43248.95578552668,3.163689759695823,3.161452284967813
89646.13170006651,43248.97057081601,3.16175527670252,3.164759407769536
89646.22224413784,43248.98533382794,3.1600734019306422,3.168172535964386
89646.31291332359,43248.999236963566,3.159574782446126,3.1737160849877255
89646.4038309678,43249.01144262398,3.1610972889203177,3.1789370103970285
89646.49512041449,43249.021113210285,3.1651841399563976,3.1817828866419373
89646.58688032372,43249.02756475788,3.171914500381686,3.1812677962383122
89646.67899685435,43249.03143592334,3.1806786376735476,3.178382085858463
89646.7712477339,43249.034040246974,3.195893057990374,3.1748719983643325
89646.86340982266,43249.036696666444,3.213802628560395,3.1722466059760497
89646.95525998095,43249.04072411938,3.2283414110569715,3.172171887420501
89647.04657506914,43249.047441543415,3.239280614094892,3.1764116304453043
89647.1371319475,43249.05816787621,3.2464900176358125,3.1863859747317145
89647.2267088175,43249.07421499085,3.248882629377465,3.202292969308769
89647.31526889061,43249.095920198226,3.246365306735228,3.2232909286641287
89647.40314762206,43249.12165997114,3.241762413498519,3.24339478669468
89647.49072509662,43249.14957569108,3.236960415308232,3.2608916093814218
89647.578381399,43249.17780873949,3.233455145257744,3.277777131118028
89647.66649661398,43249.20450049788,3.232974748783215,3.2923486003650706
89647.75545082634,43249.2277923477,3.2370223531394617,3.3030905868729583
89647.84560849449,43249.24589251518,3.2456749709662325,3.307465019302021
89647.9369253634,43249.25875758257,3.2582824277525377,3.3059483525948465
89648.0289190355,43249.26821837711,3.2735818627938316,3.3021983934327865
89648.1210855921,43249.27619778673,3.289224264895852,3.2986741933295884
89648.21292111455,43249.28461869932,3.3032140718002845,3.2977648563198367
89648.30392168424,43249.295404002805,3.3145417270597166,3.3023422512919605
89648.39358338252,43249.31047658508,3.3227375135318193,3.315330198803412
89648.48140349997,43249.33175513353,3.326179839019353,3.3427345460034963
89648.56715770483,43249.36019130943,3.3235590112288045,3.3850263702547756
89648.65125394388,43249.394540370355,3.3168744442096734,3.434541945323756
89648.73418747554,43249.433254271666,3.3068177841311135,3.486973093291687
89648.81645355813,43249.47478496871,3.295934510066656,3.537191913612137
89648.89854745004,43249.51758441687,3.290034176455076,3.580872304880711
89648.98096440962,43249.56010457151,3.2861144828916484,3.615334748161774
89649.06419969522,43249.60079738798,3.2860163253915493,3.6397377372962283
89649.14874856525,43249.63811482166,3.2916829214928893,3.6543847993969556
89649.23499857303,43249.6708241545,3.3043579465453488,3.660226463883197
89649.3228557418,43249.69910243815,3.3242549222275017,3.660545027790352
89649.41209157721,43249.72352054973,3.350790916257115,3.6585822671807984
89649.5024775787,43249.744649384374,3.3825198793001654,3.6563615113170336
89649.59378524579,43249.76305983722,3.417494177407274,3.654992558403101
89649.68578607791,43249.779322803355,3.453558591003687,3.6549825704498358
89649.77825157456,43249.79400917794,3.5105431407147485,3.6565368955866924
89649.87095323527,43249.80768985607,3.5652152242005233,3.6598260664721636
89649.96366255944,43249.820935732896,3.6115496773997444,3.6651869626008127
89650.05615104662,43249.83431770351,3.648159723382812,3.6732524916804783
89650.14819019625,43249.84840666305,3.6744157137890334,3.6557188771039737
89650.2395515078,43249.86377350665,3.6904932907913577,3.628893239803251
89650.33000648078,43249.880989129415,3.697372158466,3.6029999424128243
89650.41932661468,43249.900624426475,3.696752396192334,3.5802790274692105
89650.50728340895,43249.92325029295,3.6908503751535884,3.5630865208958804
89650.5936483631,43249.949437623975,3.6820587523573485,3.55361199468475
89650.67819297654,43249.979757314664,3.672496652094358,3.5535333684807284
89650.76068874885,43250.014780260135,3.663482567338819,3.563625634564449
89650.8409071797,43250.05507735494,3.6549557636588386,3.583323788779408
89650.91877768925,43250.10086873017,3.6463114958342255,3.6108936390688346
89650.99483916309,43250.15102080776,3.638470687077706,3.6355037020276466
89651.06977749329,43250.20407348762,3.6318582441865326,3.6546385440893236
89651.14427857193,43250.25856666969,3.626695942699289,3.674070947880595
89651.21902829103,43250.31304025389,3.623744623643123,3.691468790175951
89651.29471254264,43250.36603414016,3.624287550165974,3.7053682663986214
89651.37201096246,43250.4161009912,3.6293719795718227,3.7143836191746393
89651.4512282297,43250.46255836687,3.6393068472106314,3.7182905898043996
89651.5320880862,43250.50590891764,3.653727669118193,3.718921409832246
89651.61426432934,43250.546757178905,3.6716073170969565,3.717620445373577
89651.69743075647,43250.58570768599,3.6914293210462157,3.715101627966721
89651.78126116494,43250.62336497425,3.7115957265462516,3.7118032750058414
89651.86542935215,43250.66033357906,3.730681257056564,3.708120018753658
89651.94960911543,43250.69721803576,3.74763201627242,3.7045668718365814
89652.03347425218,43250.73462287972,3.761837098667885,3.7018586644817835
89652.11669855972,43250.77315264628,3.7730804936086346,3.7008863890059844
89652.19895583544,43250.81341187082,3.781342504187232,3.7025668696085208
89652.27995746877,43250.85593670737,3.7866248462370016,3.7075768867599272
89652.3597230812,43250.90070262527,3.7896253771002755,3.7159666148101
89652.4384233084,43250.947410393754,3.791215970710776,3.727353917738908
89652.5162298219,43250.99575889785,3.791942760714021,3.740978204615557
89652.59331429319,43251.04544702259,3.7921231885745437,3.747253507977125
89652.66984839381,43251.09617365302,3.791944110418627,3.7548255910227817
89652.74600379524,43251.14763767418,3.7915456322760566,3.7630375099362556
89652.821952169,43251.19953797107,3.7910884568145433,3.771305283540671
89652.8978651866,43251.25157342878,3.788543755890732,3.779152935367045
89652.97391451958,43251.3034429323,3.782679265360999,3.786220128835656
89653.05027179464,43251.3548454361,3.777067048201558,3.7922394713113112
89653.12707609832,43251.40553035341,3.7721200433243536,3.797066073195743
89653.20437658229,43251.4553865556,3.768139356353851,3.800780720339217
89653.28220699138,43251.50432680486,3.76541966627894,3.803518784789247
89653.36060107037,43251.552263863414,3.7642400679319996,3.805402750873216
89653.43959256403,43251.59911049345,3.7648423444997894,3.8065195365989006
89653.51921521717,43251.64477945718,3.760358183055577,3.806896919800259
89653.59950277458,43251.6891835168,3.7478931524419377,3.8064786883382418
89653.68048898104,43251.73223543452,3.737731342286078,3.8051037481823813
89653.76220758139,43251.773847972545,3.7300080542085032,3.8024958463657654
89653.84469232037,43251.813933893085,3.7247403950662936,3.798257514292901
89653.92797607816,43251.85240766929,3.7218195754215544,3.7918948700981083
89654.01195291968,43251.88945846283,3.7219270912160267,3.7834007180178153
89654.09622662481,43251.92584985312,3.7288738657695553,3.7736823971100626
89654.18036454103,43251.96241751241,3.7354973092066404,3.7637204907133146
89654.26393401572,43251.99999711299,3.740826987610352,3.7544913265956015
89654.34656123439,43252.03931912396,3.7438736537783557,3.746738230326176
89654.42831100542,43252.08032975062,3.744876306514117,3.7406451362463686
89654.50944621573,43252.12262103133,3.744568747684797,3.7360689036906933
89654.59023071881,43252.16578327611,3.74348081359543,3.7326303670752234
89654.67092836817,43252.20940679498,3.742074503139575,3.7298523180497556
89654.75180301731,43252.25308189795,3.7408108081256506,3.727208908090056
89654.83311851979,43252.29639889502,3.740135623375247,3.72411707929837
89654.91512628384,43252.33896473241,3.7404037686834055,3.7199117226305756
89654.99777098556,43252.380796380785,3.7416380282251547,3.714591877125687
89655.08067873307,43252.42233665688,3.7435247340183357,3.708872195686015
89655.16346082099,43252.46404817927,3.7457207965240302,3.7035046503305256
89655.24572854397,43252.50639356654,3.747982865935234,3.6993751579866325
89655.32709319673,43252.54983543731,3.7501677564448044,3.697519739573732
89655.40716607383,43252.59483641014,3.7521146625748942,3.6990231368032624
89655.48555847001,43252.64185910365,3.753444275173792,3.7048336295906505
89655.56188167985,43252.69136613641,3.75330879469014,3.715521633323857
89655.63574699809,43252.74382012701,3.7500764400323616,3.7307360230708975
89655.70678293424,43252.79966550238,3.741196559338503,3.7456906413748436
89655.77526751452,43252.85866032145,3.7254373100538265,3.7632122311062988
89655.84231127857,43252.91968289541,3.7139912306179172,3.781298087712214
89655.90907928883,43252.98155391931,3.7096247486831198,3.797796879180943
89655.97673660774,43253.04309408821,3.7079505552145493,3.8113868813731653
89656.04644829771,43253.103124097164,3.711261733074159,3.821750344701824
89656.11937942116,43253.1604646412,3.721778031557709,3.8290024056735485
89656.19669504052,43253.21393641538,3.7405167451642862,3.8323920847012216
89656.27946429075,43253.262444284905,3.7663367192498054,3.8294272129926403
89656.36720008045,43253.306258603654,3.7968453732202203,3.820536474579505
89656.45815233915,43253.346757908395,3.8279872043228313,3.8077737365125746
89656.55053452117,43253.38535274058,3.854718663335258,3.792214809330358
89656.6425600808,43253.423453641684,3.8735249447367037,3.776245332946126
89656.73244247235,43253.46247115317,3.883984395500994,3.764878146661235
89656.81839515008,43253.5038158165,3.8897150610950955,3.7665093374166605
89656.8986315683,43253.548898173154,3.8985477099448387,3.7931624446595933
89656.9713651813,43253.5991287646,3.9213527153062886,3.8463384716972966
89657.03480944342,43253.65591813229,3.9687873651084495,3.924396785728801
89657.08717780889,43253.7206768177,4.044611137666078,4.06107878289865
89657.12670203218,43253.79480211433,4.157066341774828,4.251767471186178
89657.15350517367,43253.87832214861,4.334373140525506,4.488768639608393
89657.17122143328,43253.968723238984,4.505320925619297,4.680937995805624
89657.18386668502,43254.06321539972,4.645812098911355,4.857109921007298
89657.19543532311,43254.15902342176,4.7344935386531395,5.0204700505013315
89657.20845663908,43254.254379985556,4.759909544581419,5.154735320643598
89657.22308138067,43254.349154045565,4.72378492202446,5.257829352250448
89657.23924257109,43254.44336433566,4.636870537339932,5.333382200012374
89657.25687323358,43254.53702958975,4.513164717556894,5.382060376310676
89657.27590639137,43254.63016854171,4.366628723976342,5.409179348381011
89657.2962750677,43254.72279992541,4.208848769408968,5.428272098980507
89657.31791228578,43254.81494247475,4.048146042348618,5.442602514344494
89657.34075106886,43254.90661492361,3.8903569640244204,5.45448028328622
89657.36472444017,43254.997836005874,3.790464746959918,5.465387281395629
89657.3897654229,43255.08862445543,3.6945614166964997,5.4761919544034505
89657.41580704034,43255.17899900616,3.602945834524047,5.487358374320151
89657.44278231569,43255.26897839194,3.5155845071784126,5.499109201485782
89657.47062427216,43255.35858134667,3.4322791017872816,5.511535920801232
89657.49926593302,43255.44782660423,3.3527621627676227,5.524665311366399
89657.52864032148,43255.536732898494,3.2767468025151762,5.538496106730243
89657.55868046079,43255.62531896336,3.2039513303203258,5.553018807249882
89657.58931937415,43255.7136035327,3.1341093356651837,5.5682251972467744
89657.62049008478,43255.80160534041,3.1119819678851304,5.584112979217409
89657.65212561596,43255.88934312036,3.1273296114250986,5.600687977944743
89657.68415899089,43255.97683560646,3.1429017738545086,5.6179645892581505
89657.7165232328,43256.06410153257,3.15859268352993,5.635966076386024
89657.74915136491,43256.15115963259,3.17430067280479,5.65472487109823
89657.7819764105,43256.23802864039,3.1899283957760574,5.67428288738033
89657.81493139273,43256.324727289866,3.205383065237004,5.693073365897501
89657.84794933486,43256.4112743149,3.2475388004926167,5.699661717567097
89657.88096326013,43256.49768844939,3.3025297903720143,5.706543322835611
89657.91390619178,43256.58398842718,3.355945405649524,5.713788544281876
89657.946711153,43256.670192982194,3.407642567147075,5.721477728279341
89657.97931116707,43256.7563208483,3.457488313717068,5.729701475034445
89658.01163925718,43256.84239075939,3.50536089326253,5.738560946414269
89658.04362844657,43256.928421449345,3.5511507923109704,5.748168215709825
89658.07521175848,43257.01443165204,3.594761690294252,5.758646664132613
89658.10632221615,43257.10044010137,3.6361113258763,5.770131427688314
89658.13689284277,43257.18646553122,3.6751322623974345,5.78276989788688
89658.16685666161,43257.27252667548,3.7117725404925603,5.790497692570408
89658.19614669587,43257.35864226802,3.74599620514215,5.781268080738135
89658.22469596882,43257.444831042725,3.7777836965524267,5.772876792844887
89658.25243750366,43257.5311117335,3.807132093420704,5.765506179256443
89658.27930432362,43257.61750307421,3.834055198742739,5.759349782635217
89658.30522945193,43257.70402379874,3.8585834587790706,5.754612584201585
89658.33014591184,43257.79069264099,3.8807637068410803,5.75151126515251
89658.35398672654,43257.87752833482,3.900658723138313,5.750274478351897
89658.3766849193,43257.96454961414,3.9183465770276857,5.751143126872387
89658.39817351336,43258.05177521283,3.933919731161253,5.708052797936567
89658.4183855319,43258.139223864746,3.947483876857375,5.650710133285146
89658.43725399817,43258.226914303814,3.9591564187971975,5.595176382255226
89658.45471193542,43258.31486526389,3.969064501736957,5.54171820874718
89658.47069236687,43258.40309547887,3.977342455272235,5.490598948385909
89658.48512831575,43258.49162368263,3.9841285696596667,5.442076595913476
89658.49795280528,43258.58046860907,3.9895612633643203,5.356992852336674
89658.50909885869,43258.66964899206,3.9937750129302514,5.2597172713812625
89658.51849949923,43258.75918356549,3.9968969702069415,5.166050107883876
89658.52608775011,43258.849091063246,3.9990456900448152,5.076127090762301
89658.53179663456,43258.9393902192,4.000333700295878,4.990040168798433
89658.53555917584,43259.03009976726,4.000875805483363,4.9078478664925935
89658.53730839715,43259.121238441294,4.0008042358857185,4.806789673406865
89658.53697732172,43259.21282497519,4.000290078181537,4.688301392287258
89658.53449465072,43259.304870377535,3.99956831188167,4.574423036989743
89658.52970709055,43259.39723909862,3.9988725005575674,4.465372768316601
89658.52238799795,43259.48966448287,3.998460269408916,4.361655315057646
89658.5123081433,43259.58187525199,3.998704089826017,4.26394693631155
89658.49923829715,43259.673600127644,4.000078402687617,4.1731046916702494
89658.48294922989,43259.76456783149,4.003100683729863,4.090135948925568
89658.46321171198,43259.85450708518,4.008229836253751,4.016124943624529
89658.43979651386,43259.94314661042,4.015726289850704,3.949978558234035
89658.41247440598,43260.03021512887,4.025479243075264,3.8867032740833185
89658.38101990001,43260.115444175586,4.036824349654727,3.83520561789948
89658.34544299207,43260.198742370805,4.048824087979228,3.7954180318954824
89658.30612515584,43260.28029768721,4.060491569831177,3.7665077957814384
89658.26348058926,43260.36032270622,4.070367231377783,3.747202906301677
89658.21792349027,43260.43903000926,4.076717396874551,3.735967250353782
89658.1698680568,43260.516632177714,4.07780290051385,3.7311550143693273
89658.11972848674,43260.593341793036,4.072114613709379,3.7311401456221427
89658.06791897805,43260.66937143663,4.058565270468042,3.73442227386505
89658.01485372863,43260.74493368989,4.0366242070758505,3.7397022746483293
89657.96094693642,43260.82024113426,4.006389315523557,3.7459238418540806
89657.90661279936,43260.895506351146,3.9685963995634186,3.7522815265887104
89657.85226551534,43260.97094192197,3.9245683684549286,3.758197824001258
89657.7983192823,43261.04676042814,3.876108517991188,3.763272968197076
89657.74518829818,43261.123174451066,3.8253424746199407,3.7672086339372512
89657.6932867609,43261.20039657219,3.7745024860132066,3.7696899487888187
89657.6429991795,43261.27862072825,3.8071443375109313,3.770209750571304
89657.59426235763,43261.357759696664,3.8471428580461446,3.7675910652954574
89657.54666667036,43261.43750869733,3.886056025630469,3.763677268671754
89657.49979347768,43261.517557288695,3.921971299734672,3.758862135248489
89657.45322413961,43261.59759502924,3.953198587972553,3.753600046993048
89657.40654001615,43261.67731147739,3.9784753402251534,3.7485198310718046
89657.35932246734,43261.75639619163,3.9971047826617125,3.7444902001072586
89657.31115285316,43261.8345387304,4.009022844437806,3.742643419993202
89657.26161253365,43261.91142865218,4.014781011957079,3.74435181364337
89657.21028286878,43261.98675551539,4.01543999257598,3.7511550321024942
89657.1567452186,43262.06020887852,4.012382424075904,3.7646441102886956
89657.1005809431,43262.13147830001,4.007063020346543,3.786312534284921
89657.04137140227,43262.20025333834,4.000706716158252,3.817371264275593
89656.97874290287,43262.266249207845,3.9940933181080656,3.85854244836065
89656.91279339265,43262.32945033907,3.9880988314963206,3.9097176291931715
89656.84390257289,43262.39000198951,3.983390823995977,3.9680212993428228
89656.77245392487,43262.4480515743,3.9800897384395917,4.031285117114998
89656.6988309299,43262.503746508584,3.977980264511409,4.101352392087159
89656.62341706926,43262.55723420754,3.976697688850897,4.1770064525887305
89656.54659582424,43262.60866208629,3.975868664863211,4.257166866065285
89656.46875055472,43262.658177525336,3.9751947826504104,4.340944003945257
89656.39017755138,43262.705903051414,3.974424499284784,4.427744627950908
89656.31093290918,43262.75189262777,3.973259398203989,4.5174484063624964
89656.2310316559,43262.796188495086,3.971491952732669,4.610136321775584
89656.15048881932,43262.83883289407,3.968996544538867,4.683270304261355
89656.06931942723,43262.8798680654,3.965699669034188,4.757355848600792
89655.98753850738,43262.91933624976,3.9615535479884993,4.834518484985352
89655.90516108759,43262.95727968785,3.956516851903836,4.914806922205884
89655.8222021956,43262.99374062037,3.950543535169175,4.998232552835454
89655.73867685923,43263.02876128798,3.9435783492365375,5.084767775252203
89655.65460010622,43263.06238393139,3.935556787748479,5.174349973684532
89655.56998696437,43263.09465079129,3.9264072762626365,5.2236669310123345
89655.48485246146,43263.12560410836,3.916054161979644,5.249839138035598
89655.39921162526,43263.15528612331,3.9044205795717777,5.278286067604983
89655.31307948357,43263.1837390768,3.891430751554822,5.308863879569426
89655.22647106415,43263.211005209545,3.877011693681763,5.341429753667794
89655.13940139476,43263.23712676222,3.8610944395283067,5.37584214432319
89655.05188550323,43263.262145975525,3.8436149262165196,5.411960953365828
89654.96393841729,43263.28610509014,3.8245146670716017,5.449647646103451
89654.87557516477,43263.30904634677,3.803741290611843,5.463294494432441
89654.7868107734,43263.331011986076,3.781248938079058,5.453091832618913
89654.69766027099,43263.35204424878,3.756998587487683,5.444723089742329
89654.6081386853,43263.372185375556,3.7309583182662,5.438045719458109
89654.51826104411,43263.391477607096,3.703103518686466,5.43292399114303
89654.42804237524,43263.40996318408,3.673417038081047,5.429228628807293
89654.33749770641,43263.427684347225,3.641889286067022,5.426836472196788
89654.24664206544,43263.44468333719,3.6085182812767442,5.425630160079261
89654.15549048009,43263.46100239468,3.5733096520470156,5.425497835818996
89654.06405797815,43263.47668376038,3.53627659155391,5.417473478415644
89653.9723595874,43263.49176967499,3.527051380203595,5.396206444541486
89653.8804103356,43263.50630237919,3.5342370589362977,5.376200396464556
89653.78822525057,43263.52032411366,3.541185910264875,5.357350545568778
89653.69581936004,43263.53387711912,3.547913007322935,5.3395583115745335
89653.60320769183,43263.547003636224,3.5544358778925553,5.322730962463807
89653.51040527369,43263.559745905695,3.5607745015836483,5.306781284871692
89653.4174271334,43263.5721461682,3.5669512294092023,5.291627100764599
89653.32428829877,43263.58424666444,3.5729905646472666,5.277190449745551
89653.23100379755,43263.59608963509,3.5789187949713304,5.263396383520736
89653.13758865756,43263.60771732086,3.584763242480495,5.250170750226422
89653.04405790652,43263.61917196243,3.590550808324205,5.237436107479412
89652.95042657222,43263.630495800484,3.630053189759358,5.225104795868473
89652.85670968248,43263.641731075724,3.6866642895973456,5.213067650896242
89652.76292226507,43263.652920028835,3.7435207854339767,5.2011770606805765
89652.66907934775,43263.66410490049,3.8000546737645196,5.189224929431316
89652.5751959583,43263.67532793141,3.855311098766352,5.176919875367075
89652.48128712452,43263.68663136226,3.9078333519412634,5.15798490711709
89652.38736787415,43263.69805743374,3.955601356905277,5.097367032778994
89652.29345323499,43263.709648386546,3.9960936037091357,5.029525129097883
89652.19955823485,43263.72144646136,4.026532995313839,4.952159385479906
89652.10569790147,43263.733493898864,4.0442826163271794,4.863364487589337
89652.01188961937,43263.745823317826,4.047509874286212,4.762276511860812
89651.91833485827,43263.75771577078,4.036028140804607,4.65157826952748
89651.82554811426,43263.76717431406,4.011248902022292,4.52332026770283
89651.73407432942,43263.77207770192,3.9764781917959415,4.301727420330634
89651.64445844587,43263.770304688565,3.936617086902508,4.094508323225709
89651.55722543022,43263.75980812535,3.8956559155827915,3.9112198558743456
89651.4724908833,43263.7400593682,3.8585873696426103,3.7750833268852664
89651.38998706389,43263.71195174479,3.864239663336254,3.6887516727867817
89651.30943146712,43263.67643334721,3.929902313095412,3.6306999580175137
89651.23054158807,43263.63445226759,3.9958347547311956,3.597010152451387
89651.15303492194,43263.58695659807,4.053632154791514,3.582482613042276
89651.07662896374,43263.534894430726,4.0948731099964775,3.581666376939898
89651.00104120867,43263.47921385769,4.112558385767473,3.589569701264089
89650.92598915179,43263.42086297108,4.102152961498936,3.602062057229552
89650.85119028826,43263.36078986301,4.062130592030357,3.616027440076712
89650.7763621132,43263.2999426256,3.9940372004419817,3.6293530107179475
89650.70122212169,43263.23926935097,3.902144512535891,3.640815866038329
89650.62548780887,43263.17971813123,3.792785210418316,3.649896940852579
89650.54887666984,43263.12223705849,3.6734778970346182,3.656527261120562
89650.47110619975,43263.06777422487,3.6448110294379297,3.660739007327165
89650.3918938937,43263.0172777225,3.6243248499553262,3.6620924859347093
89650.31103294253,43262.9714741809,3.6099499627135376,3.659648916130087
89650.22877703617,43262.92974294929,3.6017247848859832,3.6540684874549845
89650.14555304396,43262.890956707044,3.598662181739093,3.646126866251444
89650.0617881476,43262.85398721931,3.5991274001337876,3.6361053843195927
89649.97790952888,43262.817706251204,3.6014521909206554,3.6244678908497114
89649.89434436956,43262.78098556788,3.6041506893573025,3.612094168069326
89649.81151267493,43262.74271619679,3.6131879464490755,3.599119028589
89649.72962362412,43262.70235504453,3.626669654598923,3.5859451305841086
89649.64864649295,43262.660002942954,3.6362017670416824,3.574328752432828
89649.56853753484,43262.615795677215,3.6429977268118736,3.5648265278165594
89649.4892530033,43262.569869032435,3.6480233575800645,3.5577625673338407
89649.41074915175,43262.52235879378,3.651978143774044,3.5532511557964503
89649.33298223365,43262.47340074638,3.6553079706522382,3.551227773235466
89649.25590850247,43262.423130675365,3.6582549836395852,3.551499410719341
89649.17948421168,43262.371684365906,3.660922368671799,3.553799365872563
89649.1036656147,43262.31919760311,3.6633337975917106,3.557832936063252
89649.02840896504,43262.265806172145,3.6654783582925683,3.5633091982615266
89648.95367051613,43262.21164585814,3.667340235184988,3.5699600486460437
89648.87940652143,43262.15685244624,3.668916244217937,3.5775496907131474
89648.80557323441,43262.10156172159,3.6702248134062465,3.585877101242829
89648.7321269085,43262.04590946933,3.6713081126456064,3.5947721210177344
89648.65902465722,43261.990028575965,3.6722247460521373,3.6040875709725304
89648.58625169039,43261.9339572339,3.672965828466766,3.6137895940153544
89648.51382689724,43261.87762012457,3.673435819769264,3.6239692695134784
89648.44177115514,43261.82093522859,3.673540812109457,3.6347150487597024
89648.37010534146,43261.76382052663,3.6731895560446968,3.646097473269544
89648.29885033361,43261.70619399927,3.6767521674621086,3.6581625034258654
89648.22802293504,43261.64798169796,3.679841005221208,3.6709193386906245
89648.15758854598,43261.58921150844,3.682415047094996,3.6842450599012224
89648.0874773762,43261.52998103173,3.6845923104826195,3.6979262290883192
89648.01761895083,43261.47038922529,3.686482961934481,3.7117373361281443
89647.94794279496,43261.41053504655,3.688194313638432,3.72545705769012
89647.87837843371,43261.35051745297,3.6898361910360205,3.7388793177606163
89647.80885539217,43261.290435402014,3.6915256369074543,3.751820535087659
89647.73930319549,43261.230387851116,3.693390879117019,3.764124011369185
89647.66965136869,43261.17047375773,3.6955741461602276,3.7756620953920113
89647.59982943696,43261.11079207931,3.697053119492465,3.7863369263694535
89647.52976692539,43261.0514417733,3.696748592029892,3.7960804043880483
89647.45939335907,43260.99252179716,3.6971301004602415,3.804853528634278
89647.3886382631,43260.93413110834,3.698398213331715,3.812644597180504
89647.31743116259,43260.87636866428,3.7007588133373233,3.819465264404168
89647.24570158268,43260.81933342243,3.7044141728755084,3.825343426174703
89647.17337904843,43260.76312434025,3.709551831207043,3.8303124147917353
89647.10039308497,43260.707840375195,3.7163320640764854,3.8343965307457113
89647.02667321742,43260.6535804847,3.7248655333678498,3.837592454160239
89646.95215953613,43260.600428695005,3.7297826051533667,3.8398727099292325
89646.87688308903,43260.54834048775,3.7363990509012552,3.8413324524615025
89646.80092133726,43260.49720575174,3.7444936367475368,3.8421020622533577
89646.7243521132,43260.44691385114,3.753807634305886,3.842265416806138
89646.64725324919,43260.39735415014,3.7640641993652117,3.841876259478283
89646.56970257757,43260.34841601291,3.7749836758249673,3.840973279717132
89646.49177793071,43260.299988803636,3.786295675484434,3.8395932371903263
89646.41355714094,43260.25196188649,3.797747924563031,3.837781609200882
89646.33511804066,43260.204224625675,3.809111885501803,3.8356002262728417
89646.25653846217,43260.15666638534,3.8201858303249727,3.8331320351220395
89646.17789623786,43260.10917652967,3.8307964307872577,3.830483636332877
89646.09926920007,43260.06164442286,3.8404948915881043,3.827786311329409
89646.02073518114,43260.013959429074,3.8482618411597587,3.8251959504687805
89645.94237201345,43259.96601091252,3.8553282359486523,3.822891752366715
89645.86425752933,43259.91768823733,3.8616418830120476,3.821072902998489
89645.78646956115,43259.86888076772,3.8671784289403606,3.819951859202629
89645.70908594127,43259.819477867844,3.871934295514218,3.8197427307394918
89645.63218450203,43259.76936890191,3.8759134469318206,3.8206440442738927
89645.55584307578,43259.718443234065,3.8791081109428878,3.8228172581942137
89645.48013949487,43259.66659022853,3.8814758320269647,3.8263647177484144
89645.40515159167,43259.61369924944,3.8829135536543005,3.8313088876075483
89645.33095719792,43259.55965966189,3.8832292258370744,3.8375738858480224
89645.25756625638,43259.50446098836,3.8823315490413712,3.8449464832993097
89645.18473380161,43259.44846882045,3.8806618610389427,3.8528585490575638
89645.11215505081,43259.392136998904,3.8787548924941944,3.860664935051277
89645.03952522123,43259.33591936447,3.8771838985249976,3.8678208850704863
89644.9665395301,43259.28026975792,3.876603453670769,3.8739392838670437
89644.89289319466,43259.22564201999,3.877711318139435,3.8787578704565586
89644.81828143212,43259.172489991455,3.881152100199467,3.882035259688445
89644.74239945973,43259.12126751305,3.881292035393419,3.883348328453623
89644.66501348543,43259.072320594016,3.8767621343827754,3.8821656995584526
89644.58635388654,43259.02529019191,3.875080223593301,3.877585473316426
89644.50683756346,43258.97953394453,3.8755369737574292,3.8695485619709706
89644.42688192242,43258.934408721354,3.877239598383323,3.8601074260522954
89644.34690436964,43258.88927139182,3.879355618250747,3.8499100906343537
89644.26732231135,43258.84347882538,3.881176447479822,3.8398741386211768
89644.18855315377,43258.7963878915,3.8820496316920234,3.8311090019165217
89644.11101430315,43258.74735545963,3.881137374848012,3.824651493236666
89644.03503435169,43258.69587786813,3.877471057517485,3.8211540469988265
89643.96042811939,43258.64225825641,3.871230622906202,3.820526495191439
89643.88682610713,43258.58708920908,3.8628095509549865,3.82218012207948
89643.81385857794,43258.53096368426,3.8524248012437052,3.8252733960302523
89643.74115579484,43258.47447464002,3.8404483146355464,3.8289980905078904
89643.66834802083,43258.41821503447,3.827570130260024,3.8327144365221617
89643.59506551895,43258.36277782574,3.8148267924065484,3.835969632050758
89643.5209385522,43258.30875597191,3.7985828620529105,3.8384109539972746
89643.44559738362,43258.256742431106,3.780479398209306,3.8396096902075594
89643.36867227622,43258.207330161415,3.766201964685404,3.838797614324732
89643.2897934932,43258.16111212071,3.7566153662193007,3.8344757136562424
89643.20878740332,43258.11836202839,3.7519199089960273,3.825262616253261
89643.1262438765,43258.07811070818,3.7514571792511813,3.8120379924020247
89643.04293856613,43258.03908654853,3.7537740907345896,3.7959171000051892
89642.95964712565,43258.00001793795,3.7572061768415472,3.7782304701144076
89642.8771452085,43257.95963326491,3.7602922505338996,3.76097561305553
89642.79620846812,43257.91666091791,3.761491916228001,3.7463491552053827
89642.71761244244,43257.86982947608,3.7581370943835024,3.735471418282927
89642.6417684287,43257.81846915078,3.7479342723750024,3.729518382129659
89642.5679164286,43257.76384483226,3.732617141050301,3.7286897455870176
89642.49506146622,43257.70760953349,3.7064109194761894,3.7319171681249848
89642.42220856561,43257.65141626746,3.676758003490933,3.737670656641483
89642.34836275084,43257.59691804714,3.6463678444335628,3.7448887334878
89642.27252904596,43257.5457678855,3.6187255919542,3.752569217735953
89642.19380842923,43257.49947405269,3.5967474544921267,3.7588479867295415
89642.1121599109,43257.458250513766,3.5824235319161883,3.7635822574930136
89642.0279941841,43257.4216298893,3.561731344021423,3.7669643104038624
89641.94172598026,43257.38913870822,3.547107011636989,3.767535308435601
89641.85377003075,43257.3603034995,3.5403187516656884,3.7627690728251513
89641.76454154417,43257.33464664487,3.5397384674026617,3.749895398261234
89641.67448575603,43257.31142954215,3.543484147035166,3.7270375580105104
89641.58409526564,43257.28950191918,3.5495582215489083,3.6938768926852714
89641.49386684434,43257.26767724281,3.556357393658995,3.6515942614669097
89641.40429726333,43257.244768979916,3.5629005918445995,3.603052797145116
89641.31588329394,43257.21959059737,3.568605327852168,3.5524500483563797
89641.22912170738,43257.19095556206,3.572793190736226,3.5073404495740954
89641.14450927498,43257.15767734083,3.573978980595388,3.476014362805282
89641.06254276798,43257.11856940056,3.5685610132805903,3.4536788000785883
89640.98365230525,43257.07259928946,3.5512427908150683,3.4400447866005246
89640.90716678342,43257.02128026727,3.524200522819709,3.4358940730230483
89640.83151087833,43256.968215894165,3.4938376483102784,3.4406128697500997
89640.75508249411,43256.91707161879,3.4650869245972196,3.4508536179503837
89640.676279535,43256.87151288974,3.4393149832535155,3.461219089223483
89640.59375983143,43256.83459922485,3.4149253664261883,3.4628798331585076
89640.50776825364,43256.805690493486,3.3988544014521933,3.4560284070706717
89640.4191485274,43256.78275053495,3.3926337726574323,3.4429217636898084
89640.32874548352,43256.76374061239,3.3939540256879783,3.4226622906638764
89640.23740395284,43256.746621988976,3.399581162577616,3.399149610583991
89640.14596876627,43256.72935592782,3.406630920848037,3.374621234104151
89640.05528475458,43256.70990369208,3.4128425378393867,3.3498023230172183
89639.96619674865,43256.68622654491,3.415984871365768,3.328549046849307
89639.87954957933,43256.65628574944,3.4112967402079466,3.3126517490040337
89639.79596540234,43256.618616826265,3.3934092126332773,3.3020814582422533
89639.71447140595,43256.57586856168,3.3698915528409876,3.300225058454403
89639.63339929254,43256.532483332354,3.349506376041256,3.317590192566167
89639.55107787854,43256.49291095759,3.3350602425558917,3.339410019124709
89639.46617385767,43256.46068776147,3.321330674982457,3.349268839634682
89639.37880419986,43256.43542905876,3.30683400334955,3.349709234152854
89639.28947491373,43256.4156983474,3.2997300536650194,3.345904120196154
89639.19869201265,43256.400059112624,3.2991717292257574,3.3400166119876777
89639.10696151001,43256.387074839666,3.3032289400536765,3.333084658262852
89639.0147894192,43256.37530901372,3.309768001546944,3.325943345857511
89638.92268175357,43256.36332512003,3.316719300549079,3.319518037633196
89638.83113437802,43256.34971530628,3.321873272431616,3.31456599302571
89638.74034897109,43256.333902593986,3.32426685140826,3.311369151297752
89638.65019468773,43256.316249155025,3.324593383839923,3.3098971234124717
89638.56052283078,43256.297167580895,3.323480434567729,3.309946981509281
89638.47118470316,43256.277070463104,3.321364813280809,3.311142389591138
89638.38203160776,43256.25637039318,3.3180375142154697,3.313041422003721
89638.2929148475,43256.23547996264,3.314469777092164,3.3151821188982376
89638.2036879302,43256.21480734728,3.311039265825869,3.317102829498371
89638.1142700705,43256.194629139114,3.308027532541764,3.318516322240888
89638.02465578618,43256.17507112845,3.3056284653159245,3.319363851002906
89637.93484373046,43256.15625082395,3.3040695656271217,3.323910651378051
89637.84483255664,43256.13828573427,3.3035922210686444,3.330312952812775
89637.75462091796,43256.121293368065,3.3044372164511073,3.33563499673512
89637.66420746765,43256.105391234,3.3068314004031802,3.3399553832189657
89637.573590859,43256.09069684071,3.310976137608977,3.3433282666597117
89637.48276974523,43256.077327696854,3.317035683875871,3.345771061424319
89637.39174965168,43256.06537765716,3.3251035313628474,3.347279560986599
89637.30056537606,43256.05483981959,3.335121799691693,3.3479061147372366
89637.20925950875,43256.04568045934,3.335229555186305,3.3476775745639165
89637.11787464019,43256.03786585139,3.3290250098186682,3.3465677615526817
89637.02645334911,43256.031362230955,3.3246881186106907,3.344508638286222
89636.93502313129,43256.02608494067,3.322047674293777,3.341467647266687
89636.84356683506,43256.02179867322,3.3207743786246406,3.3375695130027188
89636.75205908656,43256.01824037809,3.3205047798698675,3.3329885741548773
89636.66047451194,43256.015147004786,3.3208925947367787,3.3279522049579637
89636.56878773736,43256.012255502785,3.3216269013459683,3.328040600773481
89636.47697338896,43256.0093028216,3.322438217523709,3.3446435332513986
89636.3850060929,43256.00602591069,3.3230776300709124,3.3609590442617097
89636.29286589051,43256.0021994265,3.32336778808,3.376664947345202
89636.20060999646,43255.998135398964,3.3229275520503294,3.391192886569211
89636.10835312249,43255.99454622089,3.31855493969392,3.403876042387699
89636.01621135298,43255.992153843596,3.3162138188157457,3.4142963313039414
89635.92430077231,43255.99168021837,3.317035462928024,3.4223734874548652
89635.83273746491,43255.99384729652,3.3220829695557113,3.4282525986766785
89635.74163751518,43255.999377029344,3.332126790074463,3.43202238234712
89635.65111700124,43256.00899133708,3.347275747367161,3.4332359989248133
89635.56121262231,43256.02301983838,3.366914004433495,3.431527889065718
89635.4716834661,43256.0404201563,3.3895399382287077,3.4283181988106537
89635.38222796687,43256.05985015639,3.4130989430662586,3.4248178221879635
89635.29254455894,43256.07996770421,3.428664069594546,3.421973899556865
89635.20233167658,43256.09943066527,3.4404382744040967,3.420861904999318
89635.11128780071,43256.1168970721,3.449451292519084,3.422400538243196
89635.0192279237,43256.13144215271,3.4546602674765587,3.4269552071082563
89634.9263347192,43256.14345770137,3.457101952207212,3.4341640149284944
89634.83286321165,43256.15359458033,3.457945524303529,3.4828579228354446
89634.73906842538,43256.16250365186,3.4580340854131477,3.5397223273527545
89634.64520538478,43256.17083577822,3.45818196495716,3.589595778108482
89634.5515291142,43256.17924182165,3.459353456152295,3.6295470944424215
89634.45829463804,43256.18837264444,3.4627990278166982,3.6576350634333044
89634.36575698068,43256.19887910883,3.4701547249941083,3.673129750925092
89634.27417116649,43256.21141207709,3.4834818959237692,3.676594302457333
89634.18379221983,43256.22662241148,3.504165010604167,3.669802116490854
89634.0948751651,43256.24516097426,3.493447441768786,3.655472726081609
89634.00767502666,43256.267678627686,3.492639773171669,3.6368299837986755
89633.92244682887,43256.294826234014,3.5041745663422583,3.6170199267088976
89633.83944559614,43256.32725465552,3.529656645983935,3.5984346557557254
89633.7589261061,43256.36561416353,3.5693291889673837,3.5820029804191273
89633.68096978652,43256.410139887754,3.6196475504113383,3.5764403309891657
89633.60518118544,43256.4599249163,3.6797790903808547,3.5886922898257256
89633.53108355927,43256.513867658665,3.745999521628284,3.5947371407621644
89633.45820016453,43256.570866524395,3.814109407968565,3.5923436538545266
89633.38605425764,43256.62981992301,3.8804776577890365,3.5803474145347565
89633.31416909507,43256.68962626403,3.9221320806124877,3.558888211275258
89633.24209516007,43256.74924400574,3.9278889185130303,3.529079357879668
89633.16968729733,43256.80830287734,3.93284857318606,3.520774651933536
89633.09699109462,43256.86685329268,3.9369671577595584,3.5167243954629095
89633.0240550755,43256.92495214072,3.940345069958137,3.512904282428731
89632.95092776361,43256.98265631038,3.9431254779024414,3.509326255263474
89632.87765768253,43257.040022690584,3.9454637378251527,3.5060081215211785
89632.80429335585,43257.097108170296,3.9475002803696864,3.5029492369956823
89632.73088330714,43257.153969638435,3.9493526271765775,3.5001239811855833
89632.65747606008,43257.21066398394,3.9511196681412426,3.4974864742259375
89632.58412013821,43257.26724809574,3.9528897281286506,3.494978706456757
89632.51086406513,43257.32377886279,3.954747832428654,3.4925378313573243
89632.43775636444,43257.380313174006,3.9567807813347353,3.490101310052436
89632.36484555976,43257.43690791834,3.959080222388705,3.4876100616856456
89632.29218017466,43257.493619984714,3.9617443910892733,3.4850102466624495
89632.21980873273,43257.55050626206,3.9648790784089947,3.4978090778575446
89632.14777975761,43257.607623639335,3.96545536506033,3.5233222368223647
89632.07614177286,43257.66502900545,3.9641371076853944,3.547380085742725
89632.0049433021,43257.722779249365,3.9634935589898905,3.5699428637092594
89631.93423286892,43257.78093126,3.9636623616285043,3.5909827356392503
89631.86405899691,43257.8395419263,3.9647899516899874,3.6104838794343763
89631.79447020969,43257.8986681372,3.9670317965916295,3.628442685489836
89631.72551503085,43257.95836678162,3.970552641928318,3.644867889709504
89631.65724198394,43258.018694748505,3.9755267376466366,3.6597806454815194
89631.58969959263,43258.0797089268,3.9821379900788108,3.673214532849588
89631.52293638048,43258.141466205445,3.9905799542731124,3.685215475737058
89631.4570008711,43258.20402347335,3.970381085403546,3.6958414809774647
89631.39194158807,43258.26743761948,3.9457652208274423,3.705162040232028
89631.32780705502,43258.33176553274,3.92286637109673,3.713256967709821
89631.26464579551,43258.3970641021,3.901891331037041,3.720214445638427
89631.20250633315,43258.46339021647,3.883047373551637,3.726128198787546
89631.14143719156,43258.5308007648,3.8665397961498935,3.7310937981341024
89631.08148689431,43258.59935263602,3.8525692726013037,3.7352044172496957
89631.02270396502,43258.66910271905,3.8413293247230396,3.738546482881386
89630.9651379954,43258.74010160098,3.808521183657308,3.741198130151363
89630.90884786434,43258.81234507535,3.778334191698373,3.7432468416858193
89630.85389722855,43258.88580074671,3.7512539395442506,3.7447766441193826
89630.80034978414,43258.96043598737,3.7274021735572376,3.7458527050065253
89630.74826922723,43259.03621816962,3.7068895273747353,3.7465139120679805
89630.6977192539,43259.113114665735,3.6898105700834956,3.7467593925739173
89630.64876356024,43259.19109284803,3.670532246057708,3.746527267138923
89630.60146584237,43259.2701200888,3.6546619695552875,3.745667122211726
89630.5558897964,43259.35016376033,3.642421246320414,3.743911522181417
89630.5120991184,43259.43119123491,3.6337205786884588,3.7408534656295642
89630.47015750446,43259.51316988484,3.6283656524884544,3.7359347335637976
89630.4300809669,43259.59604757144,3.6260512581385993,3.728567566429251
89630.39151640424,43259.679621124356,3.6261246190607292,3.7186261216402268
89630.3539385087,43259.76361691083,3.627755873563911,3.7062334420115777
89630.31682100403,43259.847760901925,3.63017267955164,3.691667656106512
89630.27963761402,43259.93177906867,3.6327605255726407,3.6754909332670005
89630.24186206245,43260.01539738211,3.635075590540191,3.6585770459668883
89630.20296807315,43260.09834181326,3.636794068877579,3.6420600080136243
89630.16242936984,43260.18033833318,3.637603008873676,3.6272113281232663
89630.11971967637,43260.2611129129,3.6370203689453833,3.6137594821163077
89630.07432857214,43260.34040008879,3.6341937134635383,3.6035558627257265
89630.0262347683,43260.41819862997,3.628688345985573,3.5973543658086014
89629.97598722893,43260.49481536057,3.620664362292582,3.5946832311291894
89629.92416711785,43260.57057449925,3.610071921650014,3.5946918532704464
89629.87135559887,43260.64580026471,3.597972752796265,3.596419221319209
89629.81813383583,43260.72081687562,3.585038976779563,3.5989773745253966
89629.7650829925,43260.79594855066,3.5708656343735004,3.6016367462521743
89629.71278423273,43260.87151950851,3.556400526716961,3.6038336816175263
89629.66181872034,43260.94785396785,3.542820612313424,3.605098288095494
89629.61276761914,43261.02527614736,3.5313249458670084,3.6048784509484473
89629.5661746353,43261.10408957673,3.522841769003539,3.6023666055090757
89629.52199102205,43261.18427055594,3.5176265879497755,3.5974148985513485
89629.47969503314,43261.26553413306,3.515314384598634,3.590361969057686
89629.43875173586,43261.34758807283,3.5152155282474724,3.5813201452002037
89629.3986261974,43261.430140140015,3.516536562929321,3.5704088094371933
89629.35878348508,43261.51289809935,3.518528398804506,3.5579265038480647
89629.31868866607,43261.595569715595,3.520561840859072,3.5444275213967398
89629.27780680769,43261.67786275348,3.5221414680146887,3.530717174315254
89629.23560314426,43261.759485059265,3.522830536145583,3.517216867933708
89629.19168105519,43261.840211834206,3.5312011944743644,3.5042842736397306
89629.14603222617,43261.9200076051,3.5447857111824588,3.4933636091388327
89629.0987160667,43261.998869918716,3.555520156620325,3.4848528744853406
89629.04979198637,43262.076796321824,3.5642751051542554,3.4790159085911445
89628.99931939466,43262.15378436118,3.571715533196387,3.4759932491662573
89628.94735770117,43262.229831583565,3.5783060918997043,3.475823658232435
89628.89396631537,43262.304935535736,3.58434073164082,3.4784715175781535
89628.83920464687,43262.37909376445,3.589983832806119,3.483854354929071
89628.78313210516,43262.45230381649,3.5953109749816385,3.491865241716183
89628.72580809981,43262.52456323863,3.6003425085587715,3.4955736077608126
89628.66729204035,43262.59586957761,3.605067913955911,3.4944411962752655
89628.60764333632,43262.66622038022,3.6094616915404547,3.495698742558366
89628.54692139727,43262.735613193196,3.613492664119099,3.4992261647539173
89628.48518563272,43262.804045563345,3.617128782497473,3.504908077065565
89628.42249545222,43262.8715150374,3.6203391078193716,3.512633236045031
89628.35891026529,43262.93801916214,3.6230941571725372,3.5222934453792143
89628.2944894815,43263.003555484334,3.625365454419389,3.5337826270692867
89628.22929152717,43263.06812291989,3.627125430000628,3.546996674193903
89628.1633491464,43263.131756147515,3.628356278612654,3.561831703292234
89628.09666757112,43263.194528156986,3.6290511057521124,3.5781863432434218
89628.02925068363,43263.25651381756,3.629206287289483,3.595969056263481
89627.96110236604,43263.31778799854,3.628824112799849,3.6151036823367235
89627.89222650063,43263.37842556918,3.6279164304884626,3.6082581665362277
89627.82262696959,43263.43850139879,3.6265080962101917,3.601715596857831
89627.75230765512,43263.49809035128,3.624638974814088,3.5964319695740623
89627.68127223458,43263.55723808877,3.622344475059926,3.592335726932115
89627.6095237012,43263.61589271328,3.6196072448922796,3.5894526235151734
89627.53706490548,43263.67398197717,3.616410907519651,3.587842656078709
89627.46389869796,43263.731433632776,3.61275275768369,3.587583309722696
89627.39002792908,43263.78817543247,3.6086419362466513,3.588769142804587
89627.31545544941,43263.8441351286,3.6040970053130392,3.591510232843346
89627.24018410943,43263.89924047355,3.5991438082454157,3.595930428719553
89627.16421675963,43263.95341921964,3.6191479720301625,3.602165952440176
89627.08755625054,43264.00659911924,3.6399545980904566,3.6103646126057667
89627.01020543266,43264.058707924705,3.6589059013696197,3.6206857079165893
89626.93216715648,43264.10967338839,3.6760203733413963,3.633300574366166
89626.85344427252,43264.15942326266,3.69133309027616,3.6483936606955636
89626.77403963129,43264.20788529985,3.704893226119659,3.648825002042948
89626.6939560833,43264.254987252345,3.716762693905597,3.6368189685106334
89626.61319647904,43264.300656872474,3.7270156886026538,3.6273137707704604
89626.53176366903,43264.344821912615,3.7357389829467804,3.620491940642934
89626.44966050377,43264.3874101251,3.7430328771837234,3.6165470972840073
89626.36688983375,43264.42834926231,3.7490126522728753,3.6156839450696445
89626.28345450951,43264.46756707658,3.753810086021136,3.6181167028381624
89626.19935738151,43264.50499132028,3.7575741295132454,3.6240646809512924
89626.1146013003,43264.54054974577,3.7604691979744445,3.6337433853158516
89626.02918911638,43264.57417010538,3.762668924869768,3.645215703635901
89625.94312368023,43264.60578015149,3.7643433401908997,3.6445660709316687
89625.85640784238,43264.63530763645,3.7656386041496663,3.647939363975422
89625.76904445331,43264.66268031262,3.766650571898108,3.6553867448558948
89625.68103636357,43264.68782593234,3.767395054475468,3.6668642221834378
89625.59238642361,43264.71067224799,3.7677785989231674,3.6822144352217445
89625.50311114246,43264.73119633136,3.767654753837583,3.7011346710705397
89625.41329619577,43264.749625008524,3.7670653562843137,3.72301770946934
89625.3230491016,43264.76626397645,3.766048604030925,3.7471299377758283
89625.23247738645,43264.78141896242,3.764598640311271,3.7437148384800105
89625.14168857678,43264.7953956937,3.762723269243813,3.73834181696425
89625.0507901991,43264.808499897576,3.760477176688788,3.734707609748682
89624.95988927373,43264.82103628888,3.7579644509103356,3.7322422295843394
89624.86904133759,43264.8332065943,3.755241967842738,3.730534579065221
89624.77820679906,43264.84502224443,3.752248131252545,3.7294509630171064
89624.68733578603,43264.856474104454,3.7489521406767854,3.7289288431263032
89624.5963784263,43264.86755303958,3.745355700460931,3.728939172417633
89624.50528484772,43264.87824991496,3.741487189088677,3.7294834885909998
89624.41400517811,43264.88855559581,3.7373959104486225,3.7305897930120926
89624.32248954533,43264.89846094732,3.733148700015196,3.732185416485269
89624.23070233516,43264.90793658266,3.7531187223907847,3.7315063779460496
89624.13867354296,43264.91685992327,3.7777575881511942,3.7316536118999264
89624.0464520238,43264.92508160204,3.800303105914469,3.7328715509962533
89623.95408663458,43264.93245224948,3.8205072206856032,3.7354363740276875
89623.86162623213,43264.93882249614,3.838202558354284,3.7396602703155217
89623.76911967323,43264.94404297253,3.853303520828634,3.74589347498602
89623.67661581477,43264.94796430919,3.8658053804197605,3.7545254007782893
89623.58416351354,43264.95043713665,3.8757823344261886,3.76598458976556
89623.4918116264,43264.95131208541,3.883385085764361,3.780736303963838
89623.39960901017,43264.95043978603,3.8888376705878938,3.7992755343550093
89623.30760452164,43264.94767086902,3.8924314431026183,3.82211229138349
89623.21584701771,43264.94285596491,3.8945124431916605,3.849745705897465
89623.12438535517,43264.93584570423,3.8954577026840123,3.8452367983742697
89623.03326839086,43264.9264907175,3.8956374658132167,3.835581975030659
89622.94254498159,43264.91464163526,3.895364232064868,3.8307520428617203
89622.85226398421,43264.90014908802,3.8948332025461903,3.8309967134632377
89622.76247425556,43264.88286370632,3.8940571353537714,3.8363841553223867
89622.67322030835,43264.86266352015,3.8928680561319173,3.8467675347650663
89622.58449383511,43264.83975971153,3.891308585283542,3.8615772303476716
89622.49625131582,43264.81458555805,3.8895022326350683,3.8724476080796575
89622.40844859042,43264.787578374286,3.8874536435668325,3.862388280125301
89622.32104149884,43264.759175474755,3.8851583516870027,3.8555071538967414
89622.233985881,43264.72981417397,3.882652255620042,3.8509478349473545
89622.14723854556,43264.699855130166,3.879961221174314,3.8479665321924665
89622.06076007997,43264.66935999011,3.8769593734633583,3.846218334316559
89621.97451199286,43264.638317503974,3.873561191657036,3.8455258328875663
89621.88845579285,43264.606716421964,3.869747497695728,3.845774598449545
89621.80255298862,43264.57454549426,3.8655532187572916,3.846180423686586
89621.71676508877,43264.54179347108,3.861053624014067,3.8413082839031625
89621.63106359846,43264.50844258187,3.8563452904037097,3.837285828023539
89621.54549880668,43264.474423665175,3.8514788373076954,3.8342146298509907
89621.4601583281,43264.4396432119,3.8464882834615244,3.8322722489405288
89621.37513000127,43264.404007566955,3.855294394008839,3.8316714876640767
89621.29050166465,43264.36742307523,3.86787964135935,3.8326593010878582
89621.20636115676,43264.32979608164,3.878775249078422,3.8355134437440848
89621.1227963161,43264.291032931105,3.888004351501222,3.840536947914559
89621.03989498116,43264.25103996851,3.895655139763924,3.8391277873773175
89620.95774499046,43264.20972353879,3.9018720675933167,3.8341504054419664
89620.8764341825,43264.16698998682,3.906841854976164,3.831896246892179
89620.79605039577,43264.12274565753,3.910771943763775,3.832666842700201
89620.71668146877,43264.076896895815,3.9138605034584204,3.836708488694903
89620.63841524,43264.029350046585,3.9162590348064743,3.844178850566691
89620.561339548,43263.980011454754,3.918028365862562,3.8551118624813654
89620.48553857575,43263.9287922743,3.9191073288772458,3.8693877071968186
89620.41097747121,43263.87576026045,3.9195325955020754,3.8865878755194965
89620.33747891347,43263.82117059859,3.9194779246279303,3.901211560683601
89620.26485719206,43263.76528951151,3.919015605178055,3.9078535470152236
89620.19292659636,43263.708383221994,3.918171143550881,3.915900485224212
89620.12150141592,43263.65071795281,3.9169805181595594,3.9246848315144094
89620.05039594015,43263.59255992675,3.9155316179028867,3.9336214777522454
89619.97942445854,43263.5341753666,3.9139899408878884,3.9422349046448675
89619.90840126055,43263.47583049512,3.912606680442636,3.9501672524296496
89619.8371406356,43263.417791535096,3.9117089887005645,3.957166316226843
89619.76545687323,43263.36032470931,3.9116708252801335,3.963051255783302
89619.69317132558,43263.303686283005,3.9128513130330242,3.9676672899426553
89619.62022462678,43263.247964349255,3.913873024471216,3.9710797344333173
89619.54665672978,43263.19310697424,3.9157978942183287,3.973522119065999
89619.47251061579,43263.13905795487,3.919001391416301,3.9751794475494666
89619.39782926589,43263.08576108803,3.9234021685989773,3.9761814573019008
89619.32265566124,43263.03316017064,3.9288887201669134,3.9766130968865374
89619.24703278297,43262.98119899959,3.9353302853311396,3.97652603190359
89619.17100361222,43262.92982137179,3.942587030307564,3.9759505438534752
89619.09461113013,43262.87897108414,3.9402776862013758,3.9749060528520497
89619.01789831782,43262.82859193355,3.9379799146550396,3.9734088288168095
89618.94090815642,43262.77862771691,3.93636086424414,3.971476900484409
89618.86368362713,43262.72902223113,3.9353067194677815,3.9691329193598817
89618.786267711,43262.67971927311,3.9347086823676003,3.9664060008051707
89618.70870338922,43262.63066263975,3.9344642185755427,3.9633334911591507
89618.63103361601,43262.58179589673,3.9344777978492655,3.95996352577475
89618.55330059823,43262.533056179986,3.9346563683843847,3.956362344258747
89618.47554571554,43262.48437351035,3.934907734178731,3.952616289012788
89618.39781030483,43262.43567753984,3.935143249877483,3.9488259253145706
89618.3201357029,43262.386897920485,3.9352738244361083,3.9451012279188107
89618.2425632466,43262.3379643043,3.9352077334758664,3.9415558627202545
89618.16513427274,43262.288806343335,3.934876480950112,3.9383258346436216
89618.08793577545,43262.239284748124,3.9346703499064546,3.9354468812985997
89618.01239446142,43262.18724347308,3.931394258702638,3.9351547159515397
89617.93624427199,43262.136118707196,3.9306322446308224,3.9352225877166562
89617.85896937807,43262.086697602586,3.9313567226644976,3.930830548960876
89617.78084574189,43262.038569771146,3.9333775389025023,3.92294274446244
89617.70214932572,43261.991324824754,3.936443094364793,3.9137657177813674
89617.62315609181,43261.94455237532,3.9400358353506926,3.9036420995737116
89617.54414200239,43261.89784203469,3.942857811498374,3.8929545378033756
89617.46538301972,43261.85078341479,3.9431322006153167,3.8822083362424173
89617.38715510604,43261.80296612749,3.9428684091267465,3.87201892492364
89617.30972713379,43261.753990200064,3.9416193532674195,3.8630125250897653
89617.233197119,43261.703706656794,3.9392317261328738,3.8555627366728054
89617.15748777837,43261.65222404627,3.9358693050388114,3.849769890690733
89617.08251384985,43261.59966263815,3.9316152698449613,3.845633026312937
89617.00819007144,43261.546142702085,3.9264730914409522,3.8430570192924627
89616.93443118111,43261.49178450771,3.920404355263713,3.8418750524320258
89616.86115191686,43261.436708324705,3.913359418797069,3.8418714517919352
89616.78826701669,43261.3810344227,3.9053037155681434,3.8428060320021142
89616.71569121853,43261.324883071364,3.8962382348355034,3.844435799971329
89616.64333926042,43261.268374540334,3.8862130806802684,3.846531035106424
89616.5711258803,43261.21162909927,3.8753369636957373,3.848885150330755
89616.49896581621,43261.15476701782,3.868368168440326,3.8513188150586104
89616.42677380609,43261.097908565636,3.8660265666759175,3.8536788400420496
89616.35446458794,43261.041174012375,3.8638167943696287,3.8558326476965936
89616.2819528997,43260.984683627685,3.8619142174538137,3.8576602126993915
89616.20915347945,43260.92855768121,3.8604984517543057,3.859045787382602
89616.1359810651,43260.872916442626,3.8597403594298694,3.8598648803337032
89616.06235039466,43260.81788018156,3.8597745849772194,3.8599567271664403
89615.98826527825,43260.76346499293,3.860674691246839,3.859372985281873
89615.91411889721,43260.709231580826,3.8621410764245727,3.858987846147622
89615.8404108,43260.65461624709,3.863717692113111,3.859845984784897
89615.76764053761,43260.59905529063,3.877156256652059,3.862986264733923
89615.6962900968,43260.54200505184,3.8976715237586284,3.8654614594011663
89615.6265548098,43260.483248953344,3.9119350005354443,3.863554612457864
89615.55839647577,43260.42283688692,3.921515357111396,3.8651524724893225
89615.49177009388,43260.36082650337,3.9279385824403956,3.8704956122424
89615.42663066328,43260.29727545346,3.9325051137315628,3.8796730821648864
89615.36293318309,43260.232241387996,3.9362216027895736,3.8926478642097058
89615.3006326525,43260.16578195778,3.9397900391413123,3.9092855737165992
89615.23968407065,43260.09795481359,3.9436449827279043,3.9293878499284585
89615.18004243667,43260.02881760623,3.94801481434965,3.9527230304074967
89615.12166274973,43259.95842798647,3.9529855496665482,3.9790486262516627
89615.06450000899,43259.88684360513,3.95855464463743,4.008124556969662
89615.00850921356,43259.814122113,3.9646704313997527,4.039719038028764
89614.95364536264,43259.74032116084,3.971258035586321,4.073609911928219
89614.89986345536,43259.66549839949,3.9782348776959493,4.109583824111373
89614.84711849084,43259.5897114797,3.985519157288035,4.147434807584314
89614.7953654683,43259.51301805229,3.9930342377337853,4.1869628706254645
89614.74455938683,43259.435475768034,4.000710654589723,4.200610094978443
89614.69465524559,43259.35714227774,4.008486801810322,4.209997832981605
89614.64560804378,43259.27807523219,4.016309005356429,4.220919484303349
89614.59737278048,43259.198332282176,4.024131099573082,4.233199549728205
89614.5499044549,43259.1179710785,4.03191352856061,4.246672524162476
89614.50315806617,43259.03704927195,4.039621934319777,4.261184165685423
89614.4570886134,43258.95562451331,4.047225077860512,4.2765944706090435
89614.41165109583,43258.87375445339,4.054692001827901,4.292783165013558
89614.36680051254,43258.79149674297,4.061988523297021,4.309658518386447
89614.32249186268,43258.70890903283,4.069073541567005,4.316602696550035
89614.27868014543,43258.62604897378,4.075896213426296,4.315842455692404
89614.23532035996,43258.54297421662,4.082395791211218,4.315778563931982
89614.19236750537,43258.459742412124,4.088506989500846,4.316355892973199
89614.14977658085,43258.376411211095,4.0941736799628625,4.317568699577871
89614.10750258552,43258.29303826431,4.099369338508793,4.3194772258410525
89614.06550061588,43258.20968118465,4.1041248114237865,4.32222536282857
89614.02384886076,43258.12634960773,4.10850737543663,4.326270684264652
89613.98298936633,43258.042911349876,4.112453313350854,4.284288662160995
89613.94343108677,43257.959208148975,4.116022826480054,4.239481637689501
89613.90568297626,43257.87508174289,4.119511824289667,4.195598110519374
89613.870253989,43257.79037386948,4.123430019928149,4.15426749928936
89613.83765307914,43257.704926266626,4.128378875637584,4.1173759375871395
89613.8083892009,43257.61858067219,4.134858390024774,4.083121025593669
89613.78297130845,43257.531178824036,4.143017443352895,4.042772481488146
89613.7619061577,43257.442563406024,4.15236163950928,4.0117536254674055
89613.74539419843,43257.35270891911,4.162147216884093,3.9907038530546353
89613.73301796649,43257.261855779805,4.171913584778562,3.97925785729642
89613.72428568124,43257.170276386314,4.180729287248943,3.982907556158407
89613.71870556207,43257.07824313683,4.187370209576801,3.994996172349584
89613.71578582835,43256.98602842956,4.19060651125291,4.012265022731476
89613.71504203427,43256.893893196015,4.189358869279793,4.033076249584006
89613.71609441646,43256.80193471559,4.182667498340287,4.056010004287361
89613.71864128025,43256.71012822134,4.169802311748886,4.07991489047967
89613.72238279908,43256.61844602589,4.150377738133933,4.0773069581941686
89613.72701914639,43256.52686044186,4.124338142485542,4.0580005046784375
89613.73225049561,43256.43534378186,4.091953640200981,4.041753797188698
89613.73777702017,43256.3438683585,4.053824655972508,4.0278480595280035
89613.7432988935,43256.25240648441,4.01089058318192,4.015643022616089
89613.74851628904,43256.16093047222,3.9644279016017983,4.004516679160373
89613.75312938023,43256.06941263452,3.9160207623401266,3.993798950956486
89613.75683834047,43255.977825283946,3.886342442320969,3.9827115551607335
89613.75934334323,43255.88614073312,3.883291766875933,3.970328058511625
89613.76034456193,43255.79433129465,3.881884090486938,3.9555426397348237
89613.75955308981,43255.70237043335,3.8822821118465844,3.9371187242412926
89613.75720346135,43255.610286844305,3.88438411457433,3.914730568810442
89613.75427369181,43255.518187670095,3.887648468395939,3.8893316942874345
89613.75179842999,43255.426186028926,3.8914168184303697,3.8613142500568296
89613.75081232467,43255.33439503899,3.89517440991197,3.8323052649127183
89613.75235002465,43255.242927818486,3.8984853548900835,3.805243479685037
89613.75744617873,43255.151897485615,3.9005730275212436,3.78223812913803
89613.76697902248,43255.06139610096,3.90012501275709,3.7647482745222036
89613.78065671315,43254.97135819959,3.8971380274394156,3.753223499854737
89613.79765741187,43254.881646964204,3.8919071105393885,3.747232910911724
89613.81715665828,43254.79212522454,3.8843075605228665,3.745665314178986
89613.83832999197,43254.70265581037,3.8743902004977846,3.7471899768544867
89613.8603529526,43254.613101551426,3.8627191060607733,3.7464274248843346
89613.88240107975,43254.52332527748,3.8504453363967825,3.743527561363287
89613.90364991307,43254.43318981827,3.8390379261049166,3.7402786520211864
89613.92347431845,43254.342616487214,3.8299886817039237,3.7356025564001207
89613.94247773416,43254.25188706887,3.8244177367189045,3.7306219511326804
89613.9617312629,43254.16142056371,3.822924627454328,3.7271847160186544
89613.98230692113,43254.07163624025,3.825603898549324,3.7271017455296067
89614.00527672537,43253.98295336703,3.832147471416743,3.732359153310874
89614.03171269207,43253.895791212584,3.841593153123196,3.7298828122307848
89614.06268683776,43253.810569045454,3.8517354192225,3.7011500880616266
89614.09906260694,43253.72760937559,3.8593444371913224,3.6807606637392105
89614.14019802223,43253.64653633307,3.863701736461632,3.6687721920965237
89614.18479022651,43253.566667459374,3.8652384444589822,3.664094143941526
89614.23153353095,43253.48731898232,3.864874307063864,3.663679906397474
89614.27912224675,43253.407807129755,3.8649658477620736,3.643045523051793
89614.3262536489,43253.32745024479,3.868796401674083,3.6233505900466607
89614.37233551533,43253.246073751034,3.880465688983694,3.6032613139657372
89614.41840323583,43253.1646646863,3.904318057073522,3.5855975701481415
89614.46571914932,43253.084372060264,3.943060341914183,3.573396659541959
89614.51554559461,43253.00634488257,3.9966970085892317,3.5695898246141398
89614.56914491064,43252.931732162884,4.060995091931714,3.5768470487719846
89614.62777943624,43252.86168291085,4.125265434171329,3.5320436999601332
89614.69271151035,43252.797346136125,4.1702450294435565,3.4959035756781485
89614.76520313368,43252.73987056176,4.167657724960058,3.4748408587403006
89614.84536693251,43252.68943061009,4.096509918281624,3.4673812166542692
89614.9295984289,43252.64304979208,3.9607673713186395,3.4742188327712267
89615.0135430978,43252.59711581944,3.776234717954188,3.4910221402659944
89615.09284641409,43252.548016403845,3.5722725938517197,3.513674668150781
89615.16315385267,43252.492139256996,3.4280322231172704,3.538017399311447
89615.22011088848,43252.42587209059,3.361638069573212,3.5398083539550695
89615.26038740105,43252.346423135314,3.3036538068268237,3.483831235113839
89615.28905958479,43252.25773384114,3.2856345918234675,3.4051153055762944
89615.31532501207,43252.167046764815,3.3199783223244808,3.3334664233490545
89615.34840959981,43252.081627166066,3.3998772991692254,3.2664977822558785
89615.39714683773,43252.008455041665,3.486760460619795,3.2001283813824672
89615.46338895643,43251.94943557353,3.559403789650736,3.1382888440170142
89615.54298329345,43251.90210886846,3.6388923334664174,3.077346921861056
89615.63158142287,43251.863872728965,3.7931032405802396,3.0304936063612837
89615.72483491882,43251.832124957524,3.9335810700814258,3.010402078169044
89615.81864830082,43251.80430690305,3.9782012464684304,3.0064811787568546
89615.91112358705,43251.778238229985,3.8875493402273755,3.0109752130384058
89616.0014925534,43251.75193309889,3.659396481500422,3.0196767274334366
89616.08899626143,43251.72340726887,3.448038639559585,3.0308963707931365
89616.17287577262,43251.690676499085,3.2654881690540765,3.044536093173616
89616.25237214849,43251.65175654865,3.0828288280607063,3.060309434866395
89616.32672648305,43251.60466324237,3.0003910722570457,3.074504536962537
89616.39557278564,43251.54820776255,2.9646755758121475,3.081178673328652
89616.4599165162,43251.48397744507,2.9463934252130377,3.078124654759615
89616.52106218053,43251.414164968024,2.942189112839265,3.0611784245500644
89616.5803142843,43251.34096300948,2.9470147600903767,3.026107182028327
89616.63897733326,43251.26656424755,2.9567905104860706,2.9720281358882463
89616.69835583313,43251.19316136029,2.969339366463183,2.8971549610658602
89616.75975428961,43251.12294702582,2.984476662174603,2.8060130971564305
89616.82447720847,43251.05811392222,3.003319494256802,2.7150749049183562
89616.8938290954,43251.00085472755,3.0262465842975397,2.6347177124101235
89616.96907517385,43250.95329707595,3.0494129130253342,2.5712638037186784
89617.05030777204,43250.91562651133,3.070221075582703,2.521871280246596
89617.13627369537,43250.885800649026,3.088801068430715,2.4837544366286113
89617.22564573729,43250.8616545547,3.1019154661753845,2.4627377259877288
89617.31709669114,43250.84102329397,3.106365872607473,2.4536642685222843
89617.4092993504,43250.82174193246,3.1011886508825435,2.4515795614126503
89617.50092971166,43250.80165143623,3.087174725280967,2.4514242392797834
89617.59119248016,43250.779566657744,3.0659332943350153,2.4400982537013407
89617.68040550753,43250.75635287631,3.039354330462991,2.4236602592129834
89617.76902747029,43250.73313477212,3.0086395736148708,2.40857092049819
89617.85751704492,43250.71103702529,2.9736994022477172,2.3956249673363637
89617.94633290796,43250.691184315976,2.9331888689722487,2.385729009439204
89618.03593285843,43250.674698548195,2.884264741290982,2.379480702301033
89618.12652954171,43250.66192600249,2.8248637463270105,2.3770044825991112
89618.21775626908,43250.65138004807,2.7563920944871416,2.3785260940576114
89618.30916268995,43250.64130936236,2.6807988886998997,2.391240267831675
89618.40029845371,43250.62996262279,2.6007424546827367,2.402551032794501
89618.49071925956,43250.61561061005,2.5192733333844926,2.410332274605957
89618.5802585952,43250.59753901981,2.4390147368571893,2.41375669612705
89618.66913759011,43250.576449816865,2.39303893870434,2.414186286774772
89618.75760616179,43250.55315014464,2.3858992992425527,2.4127525941846186
89618.84591422771,43250.528447146564,2.380619013248298,2.4102994159884252
89618.93431170538,43250.503147966054,2.376306278349345,2.4076248472007786
89619.02304851224,43250.478059746536,2.3720088792649925,2.405538457667172
89619.11237456575,43250.453989631125,2.3666131340796244,2.4047452861684846
89619.20240690888,43250.43141728673,2.359425918644097,2.4056985597879623
89619.29274615756,43250.40954961651,2.351735942547954,2.4081070184060684
89619.38286748221,43250.38728435628,2.345219374320065,2.41136528155755
89619.47224605326,43250.3635192418,2.341560035714225,2.414794571424364
89619.56035704116,43250.3371520089,2.342510030782552,2.417662409624531
89619.64667561634,43250.30708039334,2.350018416375071,2.418914230997499
89619.73067694923,43250.27220213091,2.418936318739349,2.4167077554923657
89619.81183621024,43250.231414957416,2.4935137786191794,2.407643404336858
89619.88986305828,43250.18410772377,2.5694249400064013,2.388297307667974
89619.96565256445,43250.13215202083,2.6413357562383233,2.360093735152635
89620.0404735202,43250.07820216333,2.703177857400768,2.32534517935695
89620.11559485763,43250.02491276063,2.7501558799876986,2.2878018696252944
89620.19228550885,43249.97493842208,2.7801695350156903,2.296891916691577
89620.2717374584,43249.93077423764,2.79262620461475,2.3164894916993344
89620.35424002184,43249.8930439811,2.791555227454553,2.347866189690989
89620.4394962524,43249.861156050385,2.783653327400917,2.3915756138539277
89620.52719925577,43249.8344982212,2.7738742413074866,2.446893052875909
89620.61704213764,43249.8124582693,2.765217162487147,2.5333532795359206
89620.7087180037,43249.794423970394,2.759123775462695,2.6476047244517567
89620.80191995966,43249.77978310024,2.755953434789235,2.766158740218344
89620.8963411112,43249.76792343454,2.7554824812490817,2.8845901309289808
89620.99167456401,43249.75823274905,2.7573135454799322,2.998493127706799
89621.08761342376,43249.750098819495,2.7611488754453113,3.1037515108437463
89621.1838507962,43249.7429094216,2.7669456071502805,3.196742440458143
89621.28007978694,43249.73605233111,2.7749956005327303,3.2744950151159924
89621.37599350174,43249.72891532374,2.7859701414356164,3.358016774828659
89621.47128504627,43249.72088617524,2.8009570183459664,3.424812474635086
89621.5656475262,43249.711352661325,2.8185187930060076,3.4587227553938065
89621.65877404723,43249.69970255774,2.8400232791538853,3.4615519423046437
89621.7503577151,43249.6853236402,2.870815131058044,3.437290492280139
89621.84009163543,43249.66760368445,2.9138845945807335,3.3917625439070216
89621.92766891394,43249.64593046623,2.9725885942448254,3.338460738828002
89622.01278265634,43249.619691761254,2.9977938467232352,3.303125442197446
89622.0951259683,43249.58827534526,3.031852827013439,3.268297628431089
89622.17439195552,43249.55106899399,3.083952070681331,3.2372069432199417
89622.2502737237,43249.50746048316,3.116430140562419,3.211265278335813
89622.3225367819,43249.45696915289,3.093468571878155,3.1900670585968403
89622.39157782773,43249.40026127754,3.0867577612607087,3.173623717431623
89622.45811898271,43249.33859446015,3.0926024828096876,3.161414922149947
89622.52288507066,43249.273231214036,3.1068615392283085,3.1521138400485684
89622.58660091541,43249.205434052536,3.1151167065661527,3.1446760491691945
89622.64999134076,43249.136465489,3.114094815627074,3.1387754035132374
89622.71378117049,43249.06758803677,3.1146863854045583,3.1347730714866255
89622.77869507417,43249.00006401831,3.114285693598267,3.1330871266775144
89622.84504210642,43248.93464160612,3.1114234751694108,3.133970449097993
89622.91181153049,43248.87043628167,3.1085468198439026,3.1374024710798594
89622.97773123573,43248.80624018527,3.108451745062122,3.1428275999617146
89623.0415291115,43248.74084545729,3.0882273215902094,3.1494009433857695
89623.10193304715,43248.673044238036,3.051958307515458,3.1560846479502134
89623.15767362848,43248.60163117811,3.023502336504927,3.160613080701714
89623.20811180238,43248.525987754336,3.0040733157456083,3.1608293606531657
89623.25404492041,43248.44683264542,2.9937246922285654,3.157102822630312
89623.29646942294,43248.36506986915,2.9902038736560597,3.148954115313103
89623.33638175037,43248.281603443334,2.9851217821236062,3.135352945757372
89623.37477834306,43248.19733738576,2.984124274271161,3.1156891605073755
89623.41262145979,43248.11311933819,2.985022190424819,3.0900384001146755
89623.45060051468,43248.02934693721,2.986360010377784,3.058974428438084
89623.48927424544,43247.946202293664,2.987305318710989,3.0238186947919545
89623.52920057073,43247.86386616753,2.987230528848464,2.9864620272115268
89623.57093740924,43247.782519318775,2.9854876748343964,2.975368267026864
89623.61492061899,43247.7022918815,2.9814597035742407,2.971080131067432
89623.66083634179,43247.62300303751,2.9763796742897233,2.9691006920838263
89623.70808625575,43247.544353984325,2.9752574705144887,2.968922618963199
89623.75607149454,43247.466045693785,2.9736263705746926,2.969852809527223
89623.80419319193,43247.38777913768,2.972075188506525,2.97114588142449
89623.85185888926,43247.30925862872,2.971113204501232,2.9719901064945526
89623.89880870716,43247.230361884234,2.9709251177289997,2.971996705611316
89623.94527046043,43247.15122090212,2.9712964501097003,2.9714755003429847
89623.9915108267,43247.07198794308,2.9719510531026945,2.9669473388938594
89624.03779648361,43246.992815267826,2.9725983675731014,2.9602892147323203
89624.0843941088,43246.91385513708,2.972961583529084,2.9539574615181374
89624.13157037989,43246.83525981152,2.972772662718403,2.9482835690453784
89624.17958711086,43246.757178797765,2.9717519175770533,2.9436046485835705
89624.22855299452,43246.679674894855,2.9697876582153127,2.9400965990960346
89624.2783964239,43246.60270880401,2.9669725611852567,2.9377401276671535
89624.32903544723,43246.52623536847,2.963376469382454,2.9364762288240227
89624.38038811264,43246.45020943149,2.959036717926096,2.9362139097267357
89624.43237246833,43246.37458583633,2.9539690781707977,2.9368366925391367
89624.48490656253,43246.29931942626,2.949780098778131,2.9382098144224207
89624.53790844341,43246.2243650445,2.949610736178931,2.940188818888961
89624.59129615912,43246.14967753433,2.9490386165733753,2.9426284922221573
89624.6449861723,43246.07521046762,2.948124703988901,2.9453917894499217
89624.69885034925,43246.00088165833,2.9470050160318957,2.9483057618917163
89624.75271091511,43245.926569117364,2.945896695646078,2.9511557091390284
89624.80638749679,43245.85214877232,2.945035330831066,2.956077080167645
89624.85969972114,43245.77749655078,2.9446701743107586,2.9606035528112473
89624.9124672151,43245.70248838034,2.9450535036498096,2.964435814017631
89624.96450960553,43245.62700018858,2.9464236023778625,2.9674334679333647
89625.01564651934,43245.55090790309,2.9489785376552184,2.9694284558285937
89625.06573004641,43245.4741093471,2.952827217134336,2.9702494328073796
89625.11489012184,43245.3966897446,2.9577490266192923,2.9700678820646367
89625.16339777195,43245.3188294827,2.9633379708902834,2.9692061047479292
89625.21152513158,43245.24070969616,2.9691721633601498,2.9679633968958425
89625.25954433555,43245.16251151975,2.9774853846027423,2.9666615871679585
89625.30772751874,43245.08441608828,2.9860454699839645,2.9656714553833483
89625.35634681598,43245.006604536495,2.9935746461459027,2.9654236918309085
89625.40567436209,43244.92925799919,2.999925985382365,2.9664043131925224
89625.45598229197,43244.852557611135,3.0050325211966253,2.9691325000286284
89625.5075427396,43244.77668450695,3.0088630882355765,2.9741176108197633
89625.56059609522,43244.70181384999,3.01138928337678,2.9817711627300874
89625.6152667622,43244.62809898552,3.0126112699981267,2.9922822609566015
89625.67165266021,43244.555688277,3.0124202315053537,3.0049032679683716
89625.72985170902,43244.48473008793,3.010513546433409,3.0182852706712753
89625.78994914815,43244.4153610838,3.0064148999501024,3.0340009315244347
89625.85171054096,43244.347423016,3.000092965519272,3.0512653343750036
89625.91456537851,43244.28044759575,2.9920134170452775,3.0689000388141823
89625.97792718998,43244.213951808815,2.983740578244797,3.085750022729422
89626.04120950453,43244.14745264094,2.9826089935122138,3.100902516065969
89626.10382585133,43244.080467077845,2.982850261831303,3.1137576401389966
89626.16518975954,43244.01251210529,2.9854073438905546,3.123969823233751
89626.22472501945,43243.94311308153,2.9911329269594784,3.131254582461881
89626.28219434564,43243.872071909034,3.0004187185876114,3.1358204923664434
89626.33776886865,43243.799523736016,3.0131418563933323,3.1384419800460375
89626.39164403018,43243.72562354726,3.028960046270874,3.139706172202118
89626.44401527196,43243.650526327576,3.0473625579216703,3.139970563491941
89626.49507803563,43243.57438706172,3.067744205181405,3.1394244164940517
89626.5450277629,43243.49736073453,3.087004284782406,3.13814860047595
89626.59405989548,43243.41960233076,3.0888818751695744,3.136174909922418
89626.642369875,43243.341266835225,3.0919440623762044,3.1335358691032815
89626.69015314321,43243.26250923269,3.095765228330623,3.1302989008999664
89626.73760514178,43243.183484507965,3.0999701760332043,3.12658427705422
89626.7849213124,43243.10434764585,3.104238638348024,3.1225694856542976
89626.83229709674,43243.02525363111,3.10829980777022,3.11848298178281
89626.87992793652,43242.946357448556,3.1119163493032573,3.1145872563967947
89626.92798867355,43242.86779785348,3.114889393053222,3.111130844316632
89626.97650824276,43242.78959864937,3.1172236339314114,3.1081950314200055
89627.02545258393,43242.711734009325,3.1190079612956105,3.1057848657912137
89627.07478738771,43242.63417791014,3.1203177142615672,3.103890830589511
89627.12447834465,43242.55690432861,3.1212144747451465,3.102489410993745
89627.17449114534,43242.47988724154,3.1217483564804027,3.1015454653583565
89627.22479148045,43242.403100625714,3.1219608191550803,3.101015080525035
89627.27534504049,43242.326518457936,3.121887818826235,3.1012413256190614
89627.32611751612,43242.25011471499,3.121562621881016,3.1033393389679453
89627.37707459793,43242.17386337368,3.1210178983795864,3.10567031236324
89627.4281819765,43242.0977384108,3.120287065034913,3.108180638378821
89627.47940534246,43242.02171380314,3.1194050429481135,3.110818735874517
89627.53071038636,43241.94576352749,3.118408637528305,3.1135352347720344
89627.58206279884,43241.86986156066,3.117336706280324,3.116283054309429
89627.63342827052,43241.79398187944,3.116230213502538,3.1190174544548004
89627.68477249196,43241.718098460624,3.115132206700868,3.1216960741354134
89627.73606115376,43241.642185280994,3.1140877012432515,3.124278920775961
89627.78725994652,43241.56621631736,3.113143433426249,3.1267282442308786
89627.83833456086,43241.49016554652,3.112347441132614,3.129008222093137
89627.88925068738,43241.41400694526,3.111748458249291,3.131084410900359
89627.93997401667,43241.33771449037,3.111395129582684,3.1329229392792715
89627.99047023933,43241.26126215867,3.1113350022611064,3.1344893809385375
89628.04070740665,43241.184625655995,3.111610561959862,3.1357504253540838
89628.09068543333,43241.107804026404,3.1122232253205295,3.136710631449051
89628.14042710546,43241.0308130659,3.1131442458462546,3.137400804287058
89628.18995570924,43240.95366893684,3.114341944062315,3.1378496224066397
89628.23929453082,43240.87638780149,3.115783125414144,3.1380836668293064
89628.28846685641,43240.798985822184,3.1174338540285063,3.138128132939348
89628.33749597214,43240.72147916126,3.1192600865824267,3.1380074840710486
89628.38640516419,43240.64388398099,3.121228163880083,3.1377460230668266
89628.43521771877,43240.56621644372,3.123305142133219,3.1373683342145395
89628.48395692202,43240.48849271177,3.125458978911043,3.136899582326773
89628.53264606012,43240.41072894743,3.1276586159612654,3.1363656908282067
89628.58130841928,43240.33294131302,3.129874007858562,3.1357934342852802
89628.62996728564,43240.25514597087,3.132076135019112,3.135210477818226
89628.67864594537,43240.17735908328,3.1342370219833495,3.1346453828556475
89628.72736768467,43240.09959681257,3.13623499179014,3.134127580527153
89628.7761557897,43240.021875321065,3.1381012672210704,3.1336872975570484
89628.82503354661,43239.944210771064,3.139850032656092,3.1333554051286057
89628.87402424164,43239.866619324894,3.1414572813697568,3.133163158247217
89628.92315116091,43239.78911714486,3.1428995723255313,3.1331418068204813
89628.97243759062,43239.71172039328,3.144153578566829,3.133322092399045
89629.02190681694,43239.63444523247,3.1451954868555494,3.1337336658796606
89629.07158212602,43239.55730782475,3.1460002158039675,3.1344044099214265
89629.1214848453,43239.480323011856,3.1465431377978543,3.1353576248751667
89629.17160360714,43239.403483593276,3.146837970014823,3.13657603998143
89629.2219000229,43239.32676415148,3.1469297209987213,3.1380087162429686
89629.27233489281,43239.25013872212,3.1468627559772946,3.1396025816116593
89629.32286901715,43239.17358134085,3.146681002393109,3.14130481022414
89629.37346319617,43239.097066043316,3.1464288471221202,3.143063884684687
89629.42407823015,43239.02056686517,3.146151746955142,3.1448303156787394
89629.4746749193,43238.944057842076,3.1458965470832605,3.14655420626612
89629.52521406392,43238.867513009674,3.1457114661467216,3.1481534584615263
89629.57565646422,43238.79090640362,3.145645753583579,3.149626098363508
89629.6259629205,43238.71421205958,3.145749059049343,3.150930600382597
89629.676094233,43238.637404013185,3.146070477666275,3.15202553212541
89629.7260141696,43238.56045825187,3.146653964369437,3.15287183054303
89629.77572269239,43238.4833745676,3.1474992894652174,3.1534730166579092
89629.8252439458,43238.40616865686,3.148576122799028,3.153860251459651
89629.87460251646,43238.328856506865,3.1498518676826928,3.154063108176186
89629.92382299085,43238.25145410485,3.1510196751549144,3.1541096674805607
89629.97292995559,43238.17397743805,3.1521710378540004,3.1540271568202956
89630.02194799723,43238.09644249369,3.1534239877907004,3.153842506882207
89630.0709017023,43238.01886525901,3.154746164024035,3.153582822931079
89630.11981565742,43237.941261721215,3.1561061075548227,3.153275732029756
89630.16871444912,43237.863647867554,3.15747342760086,3.1529495886757646
89630.21762266394,43237.786039685256,3.1588188474190986,3.1526335462116153
89630.26656488846,43237.70845316155,3.160114144914326,3.152357509572298
89630.31556570924,43237.630904283666,3.161331996338608,3.1521519866643253
89630.36464971286,43237.553409038825,3.162445726409471,3.152047855248417
89630.41384148585,43237.47598341427,3.1634289582342907,3.1520760509223464
89630.46316559409,43237.398643383756,3.164255135304571,3.1522671053158082
89630.51263781404,43237.32139920493,3.16490772650336,3.1526405196410248
89630.56225151353,43237.24424656212,3.165396552089402,3.1531886973116903
89630.61199654116,43237.16717885095,3.165734844912998,3.153899163617827
89630.66186274553,43237.090189467024,3.1659350070428482,3.1547587880805095
89630.71183997522,43237.01327180593,3.1660087992020687,3.1557540092330685
89630.76191807882,43236.936419263315,3.1659675239290928,3.156871018779219
89630.81208690489,43236.859625234756,3.1658221997040035,3.1580959070665817
89630.86233630205,43236.78288311586,3.165583708820774,3.1594147651692106
89630.91265611888,43236.70618630226,3.1652629093483995,3.16081374601026
89630.96303620395,43236.62952818956,3.1648707148060224,3.1622791004614967
89631.01346640584,43236.55290217334,3.164418154425171,3.1638648024807425
89631.06393653859,43236.47630162751,3.163916487133601,3.1662311423561427
89631.11443352766,43236.3997181102,3.163379446892416,3.1686149609255194
89631.1649392768,43236.323140022905,3.1628281448820506,3.1709937505992514
89631.21543518723,43236.24655545125,3.1622860277415783,3.1733448391836774
89631.26590266018,43236.16995248087,3.16177570640709,3.1756461242680656
89631.31632309686,43236.09331919737,3.161320304461225,3.177876166514279
89631.36667789854,43236.01664368635,3.1609434785666437,3.1800142503169995
89631.4169484664,43235.93991403345,3.160669403010039,3.1820404146634553
89631.46711620165,43235.863118324276,3.160522706793545,3.1839354479126345
89631.51716250557,43235.78624464446,3.1605283456404267,3.1856808303872617
89631.56706877935,43235.70928107961,3.160711392910198,3.187258600141551
89631.61681642421,43235.63221571533,3.161096741384096,3.1886511202956926
89631.66638684137,43235.55503663726,3.161708730076414,3.1898407388525554
89631.7157614321,43235.47773193102,3.162570728180546,3.190809351780559
89631.76492159758,43235.40028968222,3.163704690334162,3.1915378691537515
89631.81384973669,43235.322698617616,3.1651296176765435,3.192006894237082
89631.86254942311,43235.24496107221,3.166838004921673,3.1922209466436886
89631.91104446565,43235.1670923854,3.168797096413549,3.192207277526158
89631.95935948283,43235.089108416876,3.1709719622634185,3.1919925781698146
89632.00751909312,43235.011025026346,3.1733271814341886,3.191602610971634
89632.05554791499,43234.9328580735,3.1758274547819303,3.1910627616098277
89632.1034705669,43234.85462341803,3.1784380610478586,3.19039849930048
89632.15131166736,43234.77633691966,3.1811251698738787,3.1896357446538635
89632.1990958348,43234.69801443806,3.183856019900684,3.1888011301650963
89632.24684768775,43234.61967183294,3.1865989880694334,3.187922159365468
89632.29459184462,43234.54132496399,3.189323591842297,3.187027287648334
89632.34235292392,43234.46298969091,3.1920004623182376,3.1861459546337834
89632.39015554414,43234.38468187342,3.194601314554313,3.1853085905197984
89632.43802432371,43234.306417371175,3.197098930548312,3.184546611582981
89632.48598388115,43234.22821204392,3.1994671600774187,3.1838924091315994
89632.53405883492,43234.15008175132,3.2028581074562523,3.1833793238117694
89632.58227380349,43234.0720423531,3.2061797916092014,3.183041584424539
89632.63065340531,43233.994109708925,3.209285393156488,3.182914169116599
89632.67922225891,43233.91629967852,3.212153813424445,3.183032526363604
89632.72800498272,43233.83862812157,3.21476517243239,3.1834320760007184
89632.77702619524,43233.76111089777,3.217100433466965,3.1841474215102954
89632.82631051492,43233.683763866844,3.2191406889001435,3.185211258221471
89632.87588256029,43233.60660288845,3.220866096520176,3.186653069147698
89632.92576694975,43233.52964382232,3.2222545493385244,3.1884978007603526
89632.97598830181,43233.45290252814,3.2232801058335365,3.1907646309020343
89633.02657094687,43233.37639467942,3.2239119629898623,3.1934659486622037
89633.07750419147,43233.30011331566,3.2241584669121526,3.196569612674678
89633.12870923236,43233.2240074605,3.2241082921346864,3.1999625167155656
89633.18009942849,43233.1480210725,3.223856741167069,3.2035216846057915
89633.23158813882,43233.07209811019,3.223500314284075,3.2071286144141413
89633.28308872232,43232.996182532115,3.2231396641488637,3.210673096650922
89633.33451453796,43232.920218296815,3.2228807247125784,3.21405483406412
89633.38577894466,43232.844149362834,3.2228343826597463,3.2171831422813533
89633.43679530144,43232.76791968869,3.223114710819635,3.219974726511187
89633.48747696725,43232.69147323295,3.2225499768700474,3.222349133691745
89633.5377525228,43232.61476383129,3.2199223521780134,3.2245956478144766
89633.58762394908,43232.53779294751,3.217797374821044,3.226830270114467
89633.63711532272,43232.46057638292,3.2161626148036038,3.228646312156708
89633.68625072482,43232.38312994169,3.2149981859041605,3.2300846000118666
89633.73505423643,43232.305469428036,3.2142778942013406,3.231179134918736
89633.78354993866,43232.227610646136,3.2139706805671584,3.231958466889476
89633.83176191259,43232.149569400164,3.2140421361230778,3.232447237214239
89633.8797142393,43232.07136149432,3.2144559113317897,3.232667678408953
89633.92743099986,43231.993002732794,3.215174829048213,3.2326408472546575
89633.97493627538,43231.91450891976,3.2161616411832217,3.2323875024524154
89634.02225414693,43231.835895859425,3.217379479295758,3.2319286581672535
89634.06940869559,43231.757179355955,3.218792100114074,3.2312859056696563
89634.11642400244,43231.67837521355,3.220364028840867,3.2304816040445115
89634.16332415822,43231.59949924203,3.2220607003188744,3.2295390660432512
89634.2101358309,43231.52056875713,3.2238456928925543,3.228485740689008
89634.25689172596,43231.4416046023,3.2256768104454556,3.2273572980755434
89634.30362541226,43231.36262812547,3.227512184771762,3.2261917286724504
89634.35037045862,43231.28366067458,3.229311531144508,3.225028576429909
89634.39716043386,43231.20472359753,3.2310363148054217,3.2239090820166956
89634.44402890684,43231.12583824228,3.2326498587104675,3.2228762671949176
89634.49100944641,43231.04702595674,3.2341174019475556,3.221974966936262
89634.5381356214,43230.96830808884,3.2354060939433804,3.221251790674172
89634.58544100061,43230.889705986505,3.236484885392862,3.2207549675305915
89634.63295915292,43230.81124099768,3.237324235948445,3.2205339922531007
89634.68072364716,43230.73293447027,3.2378955171519515,3.2206389497917542
89634.72876805218,43230.65480775221,3.238169969906786,3.221119387046284
89634.7771259368,43230.57688219143,3.239748039475762,3.2220226581198053
89634.82583086983,43230.499179135855,3.2418886588485147,3.223391822972868
89634.87491642014,43230.42171993342,3.2436266633166637,3.225263379718037
89634.9244161566,43230.34452593205,3.2449300044907687,3.2276651175363695
89634.974363648,43230.267618479666,3.245758209768825,3.2306141785482145
89635.02477361233,43230.19100674786,3.246086766791231,3.234098047499004
89635.07556167414,43230.114635900725,3.2460091407144955,3.2379874228109515
89635.1266110112,43230.038430143984,3.2456535245425218,3.2421138540656185
89635.17780478264,43229.962313671305,3.245147939035535,3.2462094119972464
89635.22902614751,43229.88621067638,3.244626378063707,3.2486618829152407
89635.28015826496,43229.81004535283,3.244230633808487,3.2509601138054096
89635.33108429407,43229.733741894364,3.244108967442995,3.2529809216560386
89635.38168739389,43229.65722449464,3.244411880580582,3.25460810687321
89635.4318507236,43229.5804173473,3.2452843422458595,3.2557238565538285
89635.48146207716,43229.50324768286,3.2468504495161223,3.256203200684885
89635.53051929474,43229.4257148343,3.249097841484625,3.2560490217518114
89635.57913221016,43229.347891513265,3.2518764345671913,3.2553939736899924
89635.62741568171,43229.26985372339,3.2550172456438125,3.2543622284995775
89635.67548456772,43229.19167746834,3.2583497934867425,3.253073904474242
89635.72345372647,43229.11343875179,3.2643733313139887,3.2516542503815202
89635.77143801628,43229.03521357737,3.271342984041714,3.250239866353021
89635.81955229546,43228.95707794876,3.2778927719669078,3.2489824682309787
89635.8679114223,43228.879107869616,3.283914822998655,3.2480496791333957
89635.91663025512,43228.8013793436,3.2893283663736304,3.2476223348866764
89635.96582365218,43228.72396837434,3.2940740410076907,3.2478881371797454
89636.01560647183,43228.64695096552,3.2981044150625407,3.249032040375052
89636.06609357236,43228.57040312081,3.301371201761895,3.251224320247606
89636.11739981206,43228.49440084385,3.3038093141184124,3.2546068529266003
89636.16964003337,43228.41902012787,3.3053171230353255,3.259276981211274
89636.22286720638,43228.34429629397,3.3058334704492864,3.26522079498286
89636.27693219358,43228.27013180686,3.305524923209344,3.2721692128891178
89636.3316446567,43228.196402047644,3.304573165501144,3.2797752483858194
89636.38681425748,43228.12298239751,3.3031427931343478,3.2876842087838787
89636.44225065764,43228.04974823754,3.301407745079609,3.295563330306026
89636.49776351894,43227.97657494894,3.2995687440543597,3.3031220395519525
89636.55316250309,43227.90333791281,3.297864152314375,3.310125254955745
89636.60825727184,43227.82991251031,3.2965733370636023,3.316399093718635
89636.66285748692,43227.75617412257,3.296011453451854,3.3218263752482153
89636.71677281008,43227.68199813075,3.2965156042056583,3.326333916830789
89636.76981290303,43227.607259915974,3.2984236932505295,3.3298701471785828
89636.8217874275,43227.531834859394,3.302047606774291,3.3323750226276565
89636.87250604526,43227.455598342145,3.3076389069376355,3.3337404064882135
89636.92180255304,43227.378441344816,3.315335950346316,3.333808038687371
89636.96974824974,43227.30040835495,3.324951408192372,3.3326589317847444
89637.01654941647,43227.22163110452,3.336082100512307,3.330473353459757
89637.06241389012,43227.142242331,3.3391958891518216,3.3273648165125262
89637.10754950758,43227.062374771886,3.339364586301721,3.32342398088064
89637.15216410572,43226.98216116467,3.3403398478297444,3.31875387271368
89637.19646552141,43226.90173424685,3.341782215763524,3.3134948780438966
89637.24066159158,43226.82122675591,3.3433861585316196,3.3078391332405936
89637.2849601531,43226.74077142935,3.3448848054473714,3.302033338928089
89637.32956904283,43226.660501004655,3.3460444197108195,3.296370190946173
89637.37469609767,43226.580548219325,3.346646782724638,3.291167200691417
89637.42052665981,43226.50103154121,3.346493430265464,3.286714005288663
89637.46707611972,43226.42196162841,3.3455920772699352,3.283105529721999
89637.51428222193,43226.343299883934,3.344033594724822,3.2803343001081826
89637.56208231207,43226.2650074577,3.3418841213219506,3.2783629500643525
89637.61041373576,43226.18704549965,3.3391913918343064,3.2771294223247422
89637.65921383859,43226.109375159715,3.335992264348528,3.276553420796686
89637.70841996618,43226.031957587795,3.3323192252266045,3.2765428171189557
89637.75796946415,43225.95475393385,3.328205828355039,3.276999722737146
89637.80779967808,43225.877725347804,3.3236905796269385,3.2778254201304575
89637.85784795361,43225.80083297957,3.318819254435969,3.27892380716356
89637.90805163633,43225.7240379791,3.3136460429710457,3.280203488006298
89637.95834807186,43225.6473014963,3.3082339889654233,3.281578840225231
89638.00867460582,43225.5705846811,3.3026550275843696,3.282970346774311
89638.05896858378,43225.49384868346,3.2969896951447772,3.2843043466302273
89638.10916735139,43225.41705465327,3.291326406749991,3.28551224476245
89638.15920825423,43225.34016374048,3.2879359944026776,3.286529186354877
89638.20902863795,43225.263137095026,3.285447913083588,3.287292194845274
89638.25856584813,43225.185935866815,3.283288863028198,3.2877375927147052
89638.3077605813,43225.10852327163,3.281541663024656,3.2878019186234964
89638.35660629204,43225.03089505048,3.280224803161206,3.287481181647629
89638.40513843029,43224.953072834476,3.2793040970502947,3.2868176082683487
89638.45339360919,43224.875078971854,3.278738378792574,3.2858497604532975
89638.50140844195,43224.796935810846,3.278482238810919,3.284799104308976
89638.54921954173,43224.718665699664,3.2784876048651905,3.2835698899217793
89638.59686352167,43224.64029098658,3.2787051375237617,3.282141862289966
89638.64437699497,43224.56183401979,3.279085443233629,3.280549571550332
89638.69179657479,43224.48331714754,3.2795800097628236,3.278829098937831
89638.73915887426,43224.40476271806,3.280141833731304,3.2770185441641493
89638.78650050658,43224.326193079585,3.2807257827203826,3.275158267059524
89638.83385808492,43224.24763058035,3.2812887598138865,3.273290973885815
89638.88126822244,43224.16909756858,3.281789719292812,3.271461708368163
89638.92876753228,43224.0906163925,3.2821895416935605,3.2697177573954517
89638.97639262766,43224.01220940035,3.2824507350836614,3.2681084296792373
89639.0241801217,43223.93389894038,3.2825369099679,3.2666846370196936
89639.0721666276,43223.85570736078,3.2824119904911346,3.2654982146204574
89639.12038875851,43223.77765700983,3.282081519325324,3.2646009660195165
89639.1688831276,43223.69977023572,3.281676405497222,3.264043465965101
89639.21768634803,43223.62206938671,3.2809416722817577,3.263873590448513
89639.26683302192,43223.54457559941,3.279834107351337,3.264132783050955
89639.31631751197,43223.467285767234,3.2783544102833653,3.2648126054050812
89639.36609702418,43223.39017439762,3.276543808245807,3.265858304932216
89639.41612737121,43223.31321515854,3.2744418787505407,3.2672099061450757
89639.4663643657,43223.236381717994,3.2720869805248483,3.2688057099365633
89639.51676382033,43223.15964774395,3.269517987160043,3.270583928130828
89639.56728154774,43223.08298690442,3.26677556267669,3.2724839490848234
89639.61787336062,43223.00637286738,3.2639030444792003,3.2744472845021053
89639.66849507159,43222.92977930081,3.2609469539853455,3.2764181910793932
89639.71910249331,43222.853179872705,3.2579572042469214,3.2783440086421995
89639.76965143847,43222.776548251044,3.2549871125375334,3.280175298751444
89639.82009771973,43222.69985810383,3.2520933251621047,3.281865874651502
89639.87039714969,43222.62308309903,3.2493357232498155,3.2833727844787735
89639.92050554109,43222.54619690465,3.246777344946893,3.284656278437365
89639.97037870652,43222.46917318866,3.2444843270868065,3.2856797557483075
89640.01997245866,43222.39198561907,3.2425258295376436,3.2864096462711423
89640.06924261019,43222.31460786384,3.2406110393966614,3.286815120608823
89640.11814497375,43222.237013590966,3.234826849714924,3.286867437172983
89640.16663536201,43222.15917646845,3.229533452802033,3.2865386289241467
89640.21466958761,43222.08107016426,3.2248140061581303,3.2857991471481602
89640.26220346324,43222.002668346395,3.2207522214304514,3.28461410135456
89640.30919280152,43221.923944682836,3.2174290359760738,3.2829379865629402
89640.35559341514,43221.844872841575,3.2149179146091837,3.280708365693947
89640.40136111675,43221.765426490594,3.2132794315135396,3.277839657284697
89640.44645171898,43221.685579297875,3.212555793250303,3.2742182166913083
89640.49082103453,43221.60530493142,3.2127651698196917,3.269698954729118
89640.53445024232,43221.52459202046,3.2138827719297085,3.2641497383797615
89640.57750675749,43221.44353903802,3.215683204534246,3.2576735525196856
89640.6202409854,43221.36229340547,3.2178507907079337,3.2504851257999308
89640.66290371268,43221.28100276909,3.220087661377791,3.242833449474781
89640.70574572597,43221.19981477514,3.222138847197412,3.235031626197668
89640.7490178119,43221.11887706985,3.223795687447862,3.2274645954352805
89640.79297075707,43221.03833729951,3.2248813902278863,3.220577799385436
89640.83785534815,43220.95834311038,3.225219831287675,3.2148477709695196
89640.88392237172,43220.87904214871,3.2245920508216086,3.210738544073766
89640.93142261446,43220.80058206076,3.2226845573074523,3.210820551161783
89640.98060686297,43220.72311049279,3.2190237836960245,3.220527219064733
89641.03163962137,43220.646727506515,3.2131140203712043,3.232191668730837
89641.08415033079,43220.571238077886,3.2051516994979785,3.245114482368888
89641.13756360614,43220.49633422178,3.1996789691145775,3.2583539209795265
89641.19130364728,43220.42170772423,3.198134907303695,3.2710163534932617
89641.24479465415,43220.347050371245,3.1971390795108303,3.2824043153060023
89641.29746082665,43220.272053948844,3.19744919397219,3.292050507167418
89641.34872636474,43220.19641024305,3.1998677275067653,3.299656153640437
89641.39801813243,43220.11981220907,3.205082014057402,3.3049084406900833
89641.4450637811,43220.04208480268,3.2133660535061326,3.307790679790056
89641.49016387663,43219.963304403434,3.2243971132879783,3.3089479104422432
89641.53368326461,43219.883575600084,3.237605830303026,3.308888932698168
89641.57598679057,43219.80300298131,3.252288502910991,3.3079287141145484
89641.61743930005,43219.72169113585,3.267725828221211,3.30628751730781
89641.6584056386,43219.639744652406,3.283268645856369,3.304164672528783
89641.6992506518,43219.5572681197,3.292371197535384,3.3017920887943193
89641.74033918518,43219.47436612645,3.2974583570949303,3.299461496438303
89641.78203608427,43219.39114326136,3.302015200304469,3.2975205572070463
89641.82470619466,43219.30770411315,3.305710287417506,3.296330908353661
89641.86862851144,43219.22413803188,3.308290552316636,3.2961600072659367
89641.91365589616,43219.140458728005,3.3099624346198486,3.296912023605076
89641.95950924087,43219.05665648703,3.3110425865198607,3.2983499811338177
89642.00590939788,43218.972721587495,3.3118103360571465,3.3305990965515675
89642.0525772196,43218.88864430787,3.3125432905422736,3.3980649328642705
89642.09923355836,43218.80441492668,3.313540699223024,3.460701775520975
89642.14559926657,43218.720023722424,3.315141638378157,3.517349670772151
89642.19139519657,43218.6354609736,3.31774050416324,3.567103806330108
89642.23634220072,43218.55071695871,3.3218003862796106,3.6093139358481756
89642.2801611314,43218.46578195628,3.3278655509605306,3.6435732121686772
89642.32257284097,43218.380646244776,3.3365747261205816,3.6697050182818622
89642.3632981818,43218.29530010274,3.3486765878626628,3.6877538035788953
89642.40205800626,43218.209733808646,3.356152693285071,3.697983220514208
89642.43857316673,43218.123937641016,3.347183125427379,3.700882107880468
89642.47256451556,43218.03790187834,3.3427450063887374,3.6971764344486884
89642.50375290509,43217.95161679914,3.3439809984119853,3.687841746814364
89642.53185918771,43217.865072681896,3.3521437814514075,3.6741050844679912
89642.55660421583,43217.778259805134,3.3685456859439626,3.657419971182736
89642.57770884177,43217.691168447345,3.3944508529838795,3.6393920633816816
89642.5948939179,43217.60378888704,3.421370204814173,3.6216363702927077
89642.60788029658,43217.51611140272,3.4266193288127265,3.605564310163369
89642.6163888302,43217.428126272884,3.442152400250491,3.5921285493218225
89642.62014037113,43217.339823776034,3.4673607528523873,3.5815674469624943
89642.6188557717,43217.251194190685,3.5006586177364407,3.5731598412133025
89642.61236780496,43217.16222097612,3.5396899402041835,3.5655707714187765
89642.60158136446,43217.07282226845,3.553624645322174,3.5587219113204105
89642.58799785972,43216.982879858675,3.5563866856834077,3.552935458149879
89642.57312512479,43216.89227514636,3.5618786672644114,3.548439768973643
89642.55847099374,43216.800889531085,3.5679153248574056,3.545966790951372
89642.54554330061,43216.70860441241,3.5728184577494346,3.5466754993796923
89642.53584987797,43216.61530119014,3.5746859473767114,3.5514441779535164
89642.53044121653,43216.52094240016,3.5717754693057535,3.5603475371936484
89642.52861914858,43216.42580080396,3.5650442944099345,3.5725837530363096
89642.52926763667,43216.33022329642,3.5555364466176647,3.586591774854753
89642.53127064326,43216.23455677242,3.5439251258093254,3.6004558366554176
89642.53351213085,43216.139148126844,3.531254019662267,3.612672454966155
89642.53487606191,43216.04434425458,3.5193285288566485,3.622588954449456
89642.53424639897,43215.950492050506,3.510894507069661,3.6306306252266998
89642.53050710446,43215.857938409485,3.5095785625559093,3.6382591933832193
89642.5225421409,43215.767030226416,3.519515381035609,3.6475562722498367
89642.50923547079,43215.678114396185,3.544642743866545,3.6604012683328215
89642.48947105657,43215.59153781367,3.583344467643368,3.6773424983312517
89642.46213286078,43215.50764737373,3.5916913323349458,3.696171043384109
89642.42610484589,43215.42678997128,3.6154142369055675,3.710065229400311
89642.3808593191,43215.34907074052,3.650922466824822,3.712054300546717
89642.32928430685,43215.27319123973,3.6964218750017217,3.7049128319357054
89642.27549740416,43215.19734777695,3.745199632196389,3.6899715590573816
89642.22328179835,43215.11989091558,3.7858920918381744,3.6644224835388557
89642.17371145834,43215.040420264406,3.814831143190518,3.62813832081681
89642.12655176457,43214.95913873784,3.8347191905883893,3.5846922203491838
89642.08155961153,43214.876253162525,3.8482274769842544,3.537587408308801
89642.0384918938,43214.79197036509,3.857612451490227,3.4897285715844455
89641.99710550602,43214.7064971722,3.864738558559957,3.4476809709223515
89641.9571573427,43214.62004041048,3.8709662450860876,3.4681399899819416
89641.91840429843,43214.5328069066,3.877176943452687,3.489889809540365
89641.88060326777,43214.445003487184,3.8839022598928143,3.5120314999834665
89641.84351114531,43214.356836978885,3.891476156234308,3.5337512561966653
89641.80688482561,43214.26851420836,3.890257881561252,3.5875051350501344
89641.77048120325,43214.18024200222,3.8754821909190906,3.6536008540787686
89641.73405717277,43214.09222718714,3.859284685109274,3.711679051917383
89641.69736962879,43214.00467658976,3.8420749325870354,3.760968713692905
89641.66017546582,43213.9177970367,3.8243919206756374,3.8009538638907463
89641.62223157848,43213.83179535464,3.8069039674938083,3.831375895973596
89641.58329486134,43213.74687837021,3.7904135555738754,3.8522441233729956
89641.54312220894,43213.66325291006,3.775866373256689,3.8638521265441983
89641.50147051588,43213.58112580081,3.764362157496592,3.8667964930293452
89641.45809667671,43213.50070386914,3.757162548843919,3.861996314174878
89641.41275758602,43213.422193941675,3.7556858503874144,3.850704005180134
89641.36521013836,43213.34580284506,3.761472503792878,3.834491452647762
89641.3152112283,43213.27173740595,3.7438685362885047,3.8151890311916374
89641.26251775045,43213.20020445097,3.711863385753704,3.794753376837593
89641.20688659934,43213.131410806796,3.6896662491218586,3.775052990522612
89641.14807466955,43213.06556330006,3.678233192006658,3.75759253348005
89641.08583885565,43213.00286875738,3.67785510398976,3.743231016330138
89641.01993605222,43212.94353400544,3.68799511190079,3.7319319194951284
89640.95012315383,43212.88776587086,3.7071183651148116,3.7225057368019936
89640.87627427164,43212.83565138313,3.7094444837467813,3.7134120630404492
89640.79932274672,43212.78619502244,3.7029842659693855,3.7055648677144624
89640.72076430114,43212.73782650693,3.7024395859023347,3.7002772769016627
89640.64209692577,43212.68897357975,3.703722027576557,3.6977117042798593
89640.56432498668,43212.63862677827,3.703591601671473,3.69737895237314
89640.48740671056,43212.58696937001,3.7019974621740563,3.6988286188411537
89640.41116695278,43212.5343366824,3.699405686800753,3.7017225579677486
89640.33543056877,43212.4810640429,3.6960879094853727,3.7055294936417553
89640.26002241398,43212.42748677895,3.6923244890578797,3.709731486296224
89640.18476734379,43212.373940218,3.688466718991899,3.7138892497421065
89640.10949021368,43212.32075968751,3.6849687461867857,3.7176765322832726
89640.034015879,43212.26828051489,3.6824163362864226,3.7400316193770298
89639.95816919525,43212.21683802761,3.6815394913180217,3.7643653456085886
89639.8817750178,43212.16676755312,3.683199350055906,3.7813734759522175
89639.80465820209,43212.118404418856,3.688348904681237,3.791691398456052
89639.72664360354,43212.07208395226,3.697972298920072,3.796348099043102
89639.64755607759,43212.0281414808,3.7130069692448364,3.7965819595062107
89639.56722049894,43211.986912295164,3.7342418735150082,3.7936248957186502
89639.48551545011,43211.94862946909,3.7367121274962845,3.7886553366574454
89639.40249051373,43211.91320062786,3.714635441139544,3.7829880138803853
89639.31822922936,43211.88046876968,3.6986044693436093,3.7776472408847432
89639.2328151366,43211.85027689279,3.688410564944548,3.7732726835318195
89639.14633177496,43211.822467995386,3.683652801792188,3.770181675849583
89639.05886268408,43211.79688507567,3.683803769068471,3.7684452326609486
89638.9704914035,43211.77337113189,3.688268595864691,3.767967115741781
89638.88130147281,43211.75176916223,3.6964321929821997,3.768554939854538
89638.79137643157,43211.731922164916,3.707692103813044,3.7699758560708436
89638.70079981936,43211.71367313816,3.7214783481600686,3.771995013445564
89638.60965517575,43211.69686508018,3.737264137861717,3.7743989934636164
89638.51802604031,43211.68134098919,3.737288219792715,3.7770080945533655
89638.42599595261,43211.6669438634,3.7353998725230264,3.779681349685588
89638.33364845224,43211.65351670102,3.7350938907722795,3.782317335071352
89638.24106707876,43211.64090250027,3.7360098343468806,3.7848527011404554
89638.14833537175,43211.628944259355,3.737838184838681,3.7872595955145916
89638.05553687077,43211.6174849765,3.7403201833705584,3.7895428502754163
89637.96275511541,43211.606367649925,3.74324767349877,3.791738043169488
89637.87007364523,43211.59543527782,3.7464622318330343,3.7939111070554685
89637.7775759998,43211.58453085842,3.7498480761787127,3.7961550895097043
89637.6853454732,43211.57349852095,3.753318390197703,3.7985820192464725
89637.59342525029,43211.56236716468,3.7570712979251755,3.801217404689765
89637.50177428173,43211.5515537289,3.7618339078635508,3.8038442333115974
89637.410340893,43211.54152409963,3.768412397744101,3.806255095832764
89637.31907340961,43211.53274416289,3.777657339854061,3.8083258453034516
89637.22792015699,43211.52567980468,3.790446154967227,3.8099992487051884
89637.13682946067,43211.52079691102,3.7708427917935574,3.811207059814954
89637.0457496461,43211.51856136792,3.7491479200210573,3.8117364273837073
89636.95463687742,43211.51933976986,3.7318777324034276,3.8112443459680097
89636.86348687971,43211.5229975939,3.719261101819345,3.809778350807632
89636.77230783008,43211.529242586876,3.711158802457008,3.8073631632390965
89636.68110791034,43211.53778243734,3.7071957701401352,3.8038743252865586
89636.58989530226,43211.54832483394,3.7068672973114483,3.799195014373583
89636.49867818756,43211.560577465236,3.7096369479738986,3.793348178911114
89636.40746474807,43211.574248019846,3.715023815345368,3.7865951041672408
89636.31626316553,43211.58904418635,3.7226689743200088,3.7794871213156673
89636.22508162167,43211.60467365336,3.7199873041351204,3.7728476794682875
89636.1339340956,43211.6208655912,3.7087835894748404,3.767694327281437
89636.04294735908,43211.637767120825,3.6993848940569407,3.7649207341185575
89635.95235062129,43211.655904942396,3.692766468514819,3.7651738007365725
89635.86237681158,43211.675819541204,3.6900486188153936,3.7689550726375844
89635.7732588594,43211.69805140252,3.692491139881662,3.7765484418330466
89635.68522969405,43211.72314101163,3.7013950569949854,3.787861898292695
89635.59852224492,43211.75162885382,3.714624557039544,3.802238358503845
89635.51336938966,43211.78405528625,3.686085927867332,3.8182525146015003
89635.42990336468,43211.82071170767,3.665913202707124,3.8341684721831553
89635.34794578617,43211.86112112763,3.653801420673975,3.849089988603793
89635.26725853159,43211.90465877866,3.6489030006077545,3.862341957881005
89635.18760347845,43211.95069989327,3.650145321171494,3.8737270327255855
89635.10874250419,43211.99861970397,3.647887233583969,3.883888621837789
89635.03043748635,43212.047793443286,3.629346664493802,3.894208977368764
89634.95248687045,43212.09765062231,3.614224282471307,3.906300111446152
89634.8751736568,43212.148339984844,3.602780067435373,3.9210631675176435
89634.79912422242,43212.20051995438,3.5961543243508736,3.9377401220151147
89634.72497222271,43212.254859757806,3.5952205896028966,3.9531499114710766
89634.65335131303,43212.31202862204,3.5973607486492742,3.9612023179168907
89634.58489514876,43212.37269577397,3.57690008816574,3.9526770278758923
89634.52023388776,43212.437526572474,3.5645433656876673,3.915815522966713
89634.4592751914,43212.50638734135,3.559696832122125,3.842465309575563
89634.40032395665,43212.57737184915,3.561478617314639,3.7335347595078385
89634.34146963771,43212.64833559855,3.567439656055368,3.5950101611175267
89634.28080168895,43212.717134092236,3.574945206285901,3.531555253759652
89634.21640956461,43212.78162283293,3.580183826368137,3.50504614797394
89634.14660693119,43212.839908945905,3.576556309089771,3.4848634939147862
89634.07181804307,43212.892468168,3.563860634419325,3.472733931532866
89633.99362522842,43212.941075886774,3.5443759581747663,3.469144737576017
89633.91362273366,43212.98752086497,3.518169968778413,3.4717536700095715
89633.83340480513,43213.03359186532,3.4861598625636407,3.4780727053263036
89633.7545656892,43213.08107765059,3.440132583342913,3.486443239710533
89633.67869963228,43213.13176698351,3.390208933326437,3.4953905425975877
89633.60714135306,43213.1871582403,3.3429553272192627,3.502929315757447
89633.53988589445,43213.24725082849,3.302032581257319,3.510038726200828
89633.47649729025,43213.31156189777,3.2701953804033903,3.5179501719093897
89633.41653936885,43213.37960836809,3.248397128583959,3.526133580461832
89633.3595759587,43213.450907159364,3.2362058763792945,3.5328924631046505
89633.30517088827,43213.52497519154,3.2322631806000794,3.5359785884823056
89633.25288798596,43213.60132938456,3.2347163490274937,3.533150947294233
89633.20229108022,43213.67948665835,3.2415992365084088,3.5226467389873726
89633.15294399949,43213.75896393286,3.2511052018331705,3.503493857104706
89633.1044105722,43213.83927812802,3.261738506559144,3.4756453381468795
89633.05625462679,43213.91994616376,3.2723635488236047,3.439958770279099
89633.0080399917,43214.00048496004,3.282180107516527,3.398058060769251
89632.95933049537,43214.08041143678,3.2906424702320733,3.352106323481965
89632.90968996625,43214.15924251391,3.2973045824885574,3.3044889476184274
89632.85870644009,43214.23652138815,3.301658191173739,3.2990823443229624
89632.80642505188,43214.312287431254,3.298608211504137,3.297613660234644
89632.75329868967,43214.38702262556,3.294280791249135,3.2975984844840562
89632.6997945393,43214.46122447347,3.2893616003589212,3.298410025723225
89632.64637978654,43214.535390477315,3.2844182091682668,3.2993413148865933
89632.59348187028,43214.60997537724,3.279939799370051,3.299679879465023
89632.54122013172,43214.68510244293,3.2760950831192934,3.2992403835663078
89632.48957000277,43214.7607401176,3.2729436347238314,3.2981174905167316
89632.43850610212,43214.8368559695,3.2705319684632554,3.2963835822352126
89632.38800304841,43214.91341756688,3.268885349449506,3.297181284554955
89632.33803546033,43214.99039247798,3.268007081370361,3.301044769016987
89632.28857795653,43215.06774827107,3.267878187444889,3.304374394430204
89632.23960515567,43215.145452514385,3.2684615976962297,3.307239485256765
89632.19109167643,43215.223472776175,3.269708443693212,3.3096875958034553
89632.14301213746,43215.301776624685,3.271563851996789,3.3117523607799595
89632.0953411574,43215.38033162818,3.273970992748162,3.3134599433529566
89632.04805335496,43215.45910535489,3.276873217721487,3.314833463441375
89632.00112334877,43215.53806537306,3.280214608391188,3.3158955564904495
89631.95452575751,43215.61717925096,3.2839393183938226,3.3166694106762957
89631.90823716638,43215.696420853776,3.287995294546271,3.317173987213584
89631.86224291878,43215.77579209076,3.2923506630783055,3.317407283260266
89631.81653079543,43215.85530267543,3.2969764054251307,3.3172344226827075
89631.77108857711,43215.93496232163,3.301839554614816,3.3167297172938155
89631.72590399992,43216.01478070743,3.3069042748154267,3.315924150540568
89631.68093928012,43216.094747057265,3.312105500559857,3.3148455429684525
89631.63608846474,43216.174795959625,3.3172995450217995,3.313615885602352
89631.59123434036,43216.25485297802,3.323663926171681,3.3123774185760553
89631.54625969354,43216.33484367596,3.330247355529496,3.3112830804683857
89631.50104731091,43216.41469361694,3.336346231880575,3.3104985821178197
89631.45547997902,43216.494328364475,3.3418703387156765,3.310200365650755
89631.4094404845,43216.573673482075,3.3467497089377307,3.3105700905093682
89631.36281161389,43216.652654533245,3.3509260430572545,3.3117862202293433
89631.3154761538,43216.7311970815,3.3543400534275047,3.314013405426017
89631.26731689081,43216.80922669034,3.3569140148897105,3.317388971958243
89631.21824115148,43216.886684239835,3.358570498864209,3.321989140430728
89631.1683257296,43216.96361638246,3.359418391808693,3.3276792053040642
89631.11771895603,43217.04011442044,3.3596243588851777,3.3342219685386016
89631.0665694147,43217.116269813836,3.359328657582223,3.3413666699498665
89631.01502568941,43217.1921740227,3.358663023407161,3.3488708863651144
89630.96323636403,43217.26791850711,3.3577625286022403,3.3533261374672185
89630.9113500224,43217.343594727114,3.35677209688441,3.3536722819418134
89630.85951524838,43217.41929414278,3.355845684253996,3.3539889947615915
89630.8078599953,43217.49509574021,3.3551178999141675,3.3541064341736417
89630.75638672785,43217.57100263032,3.354591183083479,3.3540149093795195
89630.7050507246,43217.64698939355,3.3542140923539265,3.3537664510667664
89630.65380717914,43217.723030558926,3.353852904123653,3.3534116596221217
89630.60261128495,43217.79910065547,3.3535504467202353,3.353001052711087
89630.55141823557,43217.87517421219,3.353258090995028,3.3525859989746545
89630.50018322458,43217.95122575812,3.352927081494623,3.3522190692473384
89630.44886144545,43218.027229822255,3.352508369663904,3.3519539512459517
89630.39740809177,43218.10316093364,3.3519518602868823,3.351844722844919
89630.34577835706,43218.17899362127,3.3512050822114707,3.3519445019056864
89630.29392743482,43218.25470241419,3.350211616899603,3.3523037830543565
89630.24181051862,43218.330261841395,3.3489094918486755,3.3529686384817774
89630.18938280203,43218.4056464319,3.347229260227592,3.353978474577495
89630.13662476101,43218.48084529471,3.3451298318369243,3.3553431915939202
89630.08365327881,43218.55592620236,3.342740851674988,3.3569291517096724
89630.0306310362,43218.630983338015,3.340252689255922,3.358557396457495
89629.97772074773,43218.70611090432,3.3378709824566366,3.36006321415125
89629.9250851279,43218.78140310392,3.33582786696084,3.361307167622517
89629.87288689129,43218.85695413947,3.3343846031714905,3.3621774031613487
89629.8212887524,43218.932858213586,3.3338271640913,3.362584735656392
89629.77045342578,43219.00920952893,3.33445450328316,3.3624501253760872
89629.72054362598,43219.086102288136,3.336559928350144,3.3616850076292715
89629.6717220675,43219.16363069385,3.3404074419915526,3.3601665806302314
89629.6241514649,43219.24188894872,3.3462045922903103,3.3577100436938703
89629.57799452331,43219.32097124999,3.3440294529781136,3.3540377403550496
89629.53333189937,43219.400924815294,3.3392814261605945,3.348887762033815
89629.4899625395,43219.48163555956,3.3365359143610194,3.344804132797135
89629.44762497717,43219.5629548062,3.3354197299638417,3.341456681898655
89629.40605774576,43219.64473387864,3.335514857317837,3.3372308255180214
89629.36499937868,43219.72682410027,3.336402890989646,3.3322761198588458
89629.32418840936,43219.80907679452,3.3376920364800764,3.3267899150049116
89629.28336337123,43219.891343284784,3.3390311367537286,3.32103029193534
89629.24226279766,43219.97347489449,3.3401078112726537,3.3153105719427445
89629.2006392723,43220.05533065679,3.3406449743827253,3.3099587873363063
89629.1583925983,43220.136850388466,3.340560374388765,3.3051678719745414
89629.11551042854,43220.21802211199,3.339891408993436,3.301051095307093
89629.0719815907,43220.298834494424,3.3386708973578836,3.2977121721413645
89629.02779491234,43220.37927620286,3.3369197009906997,3.2952384912841444
89628.98293922114,43220.459335904365,3.334646354570634,3.293700149086126
89628.93740334468,43220.539002266014,3.331846997977249,3.2931506457198716
89628.89117611061,43220.61826395488,3.3285050428679464,3.293628309988838
89628.84424634655,43220.69710963802,3.330917298746487,3.2951569966359635
89628.79660288012,43220.77552798254,3.3335734479557644,3.297745250088062
89628.74823453893,43220.8535076555,3.3356375114935264,3.3013840905902714
89628.69913015065,43220.93103732397,3.3370879206915296,3.3060442739177947
89628.64927854284,43221.008105655026,3.3378847301113925,3.3116737763179422
89628.59867100713,43221.08470286882,3.3379732317096904,3.3181966295329635
89628.54737839813,43221.16086933535,3.337387333106463,3.3254358956892585
89628.49556641215,43221.23670520488,3.336270331940547,3.333100865386032
89628.44340629477,43221.31231412546,3.3347701464562665,3.340920383939251
89628.39106929155,43221.38779974515,3.3330498847497934,3.3527898007834778
89628.33872664811,43221.46326571198,3.331299163406554,3.3640087326944426
89628.28654961,43221.538815674015,3.329740389848538,3.37437428872068
89628.23470942283,43221.614553279294,3.328629961274279,3.383743717642256
89628.18337733217,43221.69058217588,3.3282535331836565,3.3920329863992826
89628.13272458357,43221.76700601182,3.3289149701504517,3.399207573743948
89628.08292242266,43221.84392843515,3.3309196017184157,3.4052653534957225
89628.03414209498,43221.92145309393,3.3345530549594447,3.4102121458290946
89627.98655484615,43221.99968363621,3.3400551810750723,3.4140291467779162
89627.94032363223,43222.078718752455,3.347584530623859,3.4166476192152215
89627.89544050342,43222.15855492153,3.3570516222541227,3.418151791064966
89627.8517369066,43222.23909257227,3.3681329721017894,3.4187595537321425
89627.8090380622,43222.32022840975,3.380437740369741,3.4186216923750754
89627.76716919061,43222.401859139005,3.3935481577504207,3.4178434478759536
89627.72595551229,43222.4838814651,3.4068616442867006,3.416512147604695
89627.68522224764,43222.56619209309,3.418784213426944,3.4147197937807663
89627.64479461707,43222.648687728026,3.4304590731319524,3.4125810641592045
89627.60449784099,43222.73126507496,3.441601966331017,3.410245786618259
89627.56415713982,43222.81382083894,3.451988545961409,3.40790553157782
89627.52359773399,43222.89625172504,3.4614570533347093,3.4057944414835433
89627.48264484391,43222.9784544383,3.4699062985756015,3.4041842750742264
89627.44112369,43223.06032568377,3.4772878251670916,3.4033733695098918
89627.39885949268,43223.141762166524,3.4835909769586095,3.4036695328909192
89627.35567747234,43223.222660591586,3.4888204575036252,3.4053678847342286
89627.31140284943,43223.30291766404,3.4929663941047884,3.4087247910307075
89627.26586084436,43223.382430088925,3.495964026940209,3.41392548647117
89627.21891230319,43223.461115792394,3.4977143024951522,3.4210323765590362
89627.17068820479,43223.5390536104,3.49840180329874,3.429767929819891
89627.12144333032,43223.616396124155,3.498293295331881,3.43966635170343
89627.0714331059,43223.69329629895,3.49759494244562,3.4502274960232344
89627.0209129576,43223.76990710012,3.496501880769767,3.46097439038517
89626.97013831149,43223.846381493,3.4952291621264724,3.4714877059723355
89626.91936459363,43223.92287244292,3.4940278820705144,3.4814216853264757
89626.86884723011,43223.999532915186,3.4930672756968653,3.4904984853153334
89626.81881627008,43224.07650010379,3.489510537253984,3.4979918187531585
89626.76935221019,43224.15381825826,3.486553721095075,3.5042332615443996
89626.72048094921,43224.23149769645,3.484307101104029,3.5095877664366197
89626.67222830573,43224.30954868638,3.482872340293784,3.514152108612335
89626.62462009836,43224.387981496046,3.482334048730482,3.5180060072772332
89626.57768214565,43224.46680639347,3.4827551401371215,3.5212066125685584
89626.5314402662,43224.546033646686,3.484173447711919,3.5237853496259834
89626.48592027865,43224.62567352368,3.4865996367113987,3.5257464895759334
89626.44114800151,43224.70573629248,3.4900159039683163,3.527066225659521
89626.39714914502,43224.78623216233,3.494376434278435,3.5276929732130515
89626.3538961239,43224.86714245563,3.4995624335433586,3.527622111243082
89626.3112222175,43224.94837308133,3.505298784678047,3.5270056418412166
89626.26893828376,43225.02981779574,3.511284767942339,3.526014272613036
89626.22685518069,43225.11137035515,3.5172408728446385,3.52482974838294
89626.18478376628,43225.19292451589,3.5229264952695747,3.523658875138003
89626.14253489849,43225.27437403422,3.528147654821921,3.5227378912287577
89626.09991943532,43225.355612666455,3.532808916827426,3.522328388881673
89626.05674823474,43225.436534168904,3.537591964729566,3.522705055932609
89626.01283215475,43225.51703229784,3.5414994400815942,3.5241363899544162
89625.96798205332,43225.597000809576,3.5444305876272315,3.526857905860702
89625.92201123675,43225.67633483367,3.5462344734299616,3.5310364784943666
89625.8748896469,43225.75501735699,3.5469081727412473,3.536622925868585
89625.82683578186,43225.833170782214,3.5467171895790335,3.5435618056966396
89625.77809020993,43225.91092989123,3.5458951983260065,3.554094929385726
89625.72889349937,43225.98842946597,3.544655824059924,3.564661887648189
89625.67948621846,43226.065804288344,3.543229142516819,3.5748537443288777
89625.63010893551,43226.143189140246,3.5418828508302207,3.5843411915778223
89625.58100221877,43226.22071880358,3.540930772374342,3.5928869934984338
89625.53240663654,43226.29852806028,3.540728103183616,3.600341728819139
89625.48456275709,43226.37675169224,3.5416540494976907,3.606622958037277
89625.43771114873,43226.45552448137,3.5440826396170335,3.611678423741423
89625.39209209607,43226.53498105134,3.5483375699091457,3.6154301817363894
89625.34784327295,43226.615198786,3.554567949252094,3.617871975244625
89625.30484786387,43226.69611310619,3.56260150476328,3.619258148483487
89625.26295027584,43226.777637801366,3.572152511207035,3.6198063129011677
89625.22199491588,43226.859686660944,3.5828785519373127,3.6196583424488322
89625.18182619096,43226.942173474396,3.594413451623992,3.618910106612855
89625.14228850817,43227.02501203115,3.605909954898694,3.617636410653945
89625.10322627446,43227.10811612063,3.616778974845714,3.6159125860680144
89625.0644838969,43227.191399532305,3.6275105448003653,3.613831468837792
89625.02590578243,43227.274776055594,3.6378467194073023,3.611514842456575
89624.98733633816,43227.35815947997,3.6475779700526068,3.6091196179434855
89624.94861997102,43227.44146359484,3.6565453323799373,3.6068395025144153
89624.9096010881,43227.52460218966,3.6646398414533925,3.604902567935492
89624.87012409637,43227.60748905389,3.6717985199643963,3.603564517661055
89624.83003340283,43227.69003797693,3.6779955552159054,3.603097209808261
89624.78917341454,43227.77216274826,3.6832276030059763,3.6037725002776617
89624.74738853848,43227.8537771573,3.687493040129246,3.6058422816033864
89624.70452318169,43227.9347949935,3.690764581890908,3.609514785998419
89624.66042235406,43228.0151303813,3.692955795940358,3.6149262336934247
89624.615038917,43228.09475737291,3.6940516811651216,3.6220335007181284
89624.56855722921,43228.173778652126,3.6942684253069036,3.630498880026746
89624.52119160403,43228.25231354713,3.693790512200099,3.6398967344450783
89624.47315635486,43228.33048138611,3.692765813024911,3.6497833156999553
89624.42466579503,43228.4084014972,3.691341992982686,3.659738394930697
89624.37593423798,43228.48619320862,3.6896918572999016,3.6693952733529382
89624.32717599701,43228.5639758485,3.688029497840316,3.6784610659101227
89624.27860538557,43228.64186874503,3.6866153444951917,3.686725258622329
89624.23043671696,43228.719991226375,3.6857488639977216,3.694054738420668
89624.18288430465,43228.798462620725,3.685749866226627,3.6991712327655484
89624.13616246192,43228.877402256236,3.6869308432290193,3.7032435981850407
89624.09048550221,43228.95692946108,3.68955971087734,3.706237507683462
89624.04606456669,43229.03716177695,3.6938122039286507,3.707984656424473
89624.0029233427,43229.11811117733,3.699607131742594,3.7084939768359497
89623.96079660661,43229.19962692993,3.707454195150938,3.7080899553369093
89623.91939447312,43229.28154441381,3.7180423225741115,3.7070527955937242
89623.878427057,43229.36369900805,3.728527330831211,3.705644776785491
89623.83760447302,43229.44592609171,3.7384500561109846,3.704158822397646
89623.7966368359,43229.52806104385,3.747463971712678,3.7029417915123695
89623.75523426043,43229.609939243564,3.7553419095518303,3.7023973018114016
89623.71310686135,43229.691396069895,3.7619568362399374,3.70296871649952
89623.66996475341,43229.77226690192,3.7672365652673965,3.7051027357613218
89623.62551805134,43229.85238711871,3.7710863810261244,3.7091871954521887
89623.57955283271,43229.931635489775,3.773430127423967,3.715435772209641
89623.53219315597,43230.01008384149,3.774559175277938,3.7236516643172264
89623.48365704424,43230.087857673476,3.774778075899299,3.733453761115719
89623.43416252444,43230.165082487525,3.7742883126220788,3.7443903839529717
89623.38392762351,43230.24188378542,3.7732408780334614,3.7560002095372864
89623.33317036837,43230.318387068946,3.7717750039104283,3.761591129335828
89623.28210878592,43230.394717839896,3.7700459429655724,3.7641935181486312
89623.23096090312,43230.47100160005,3.7682399126487187,3.766871333452781
89623.17994474688,43230.54736385119,3.766570387002746,3.769340102022715
89623.12924051308,43230.623908317226,3.7652241279261105,3.771377471869144
89623.07886759106,43230.70064615188,3.764232995853752,3.772977835082676
89623.02880265136,43230.7775639173,3.7635914872307814,3.7741968598862954
89622.97902236413,43230.854648175395,3.763273991321052,3.775083837349885
89622.92950339956,43230.931885488135,3.7631255638784946,3.775680621372184
89622.88022242778,43231.00926241743,3.763273843858521,3.7760219374693493
89622.83115611903,43231.08676552523,3.7636911795689256,3.7761365820769504
89622.78228114346,43231.164381373455,3.764346682104158,3.7760492844489413
89622.73357417123,43231.24209652407,3.7652078836725313,3.7757825445414497
89622.68501187254,43231.319897538975,3.766241965332963,3.77535804689331
89622.63657091753,43231.39777098013,3.767416505459924,3.774797571732794
89622.5882279764,43231.475703409465,3.7686998599136445,3.7741234992302277
89622.53995971932,43231.55368138892,3.770061318485167,3.773359050842286
89622.49174281643,43231.631691480434,3.7714711514227943,3.7725283885804846
89622.44355393799,43231.70972024592,3.7729006175629185,3.771656651788994
89622.39536975407,43231.78775424735,3.7743219701417017,3.7707699760032645
89622.34716693492,43231.865780046624,3.7757084768930493,3.769895514231459
89622.29892215069,43231.9437842057,3.7770344620616396,3.769061473960879
89622.25061179682,43232.02175274366,3.778274851874491,3.7682976977554556
89622.20221114508,43232.09966945937,3.779403590713316,3.767637294114572
89622.15369518012,43232.177517584176,3.7803952513378754,3.7671150395274138
89622.10503888648,43232.2552803494,3.7812255955090057,3.766766812904881
89622.05621724873,43232.332940986395,3.7818714758504846,3.766629451616058
89622.00720525147,43232.41048272649,3.7823105495940004,3.766740404773585
89621.95797787927,43232.48788880101,3.782520703983207,3.7671370842671306
89621.9085101167,43232.5651424413,3.78247908728,3.767855812243792
89621.85877694836,43232.64222687869,3.7821607011484586,3.7689303345437204
89621.80875335881,43232.71912534452,3.781536654998674,3.7703900164948627
89621.75841433264,43232.79582107013,3.780572346651854,3.7722580032265878
89621.70773485443,43232.87229728684,3.779225776345064,3.774549565021216
89621.65668990885,43232.94853722607,3.778532009684061,3.7772708450552135
89621.60527803734,43233.02453917746,3.778349759543228,3.7826235843286593
89621.55358756943,43233.10035882626,3.777854364160521,3.789748603466869
89621.5017282238,43233.176065530344,3.7771669493066753,3.796870003742593
89621.44980971905,43233.25172864758,3.7764126570389527,3.8038230523815613
89621.39794177387,43233.32741753586,3.7757266325106764,3.810464013630134
89621.34623410692,43233.40320155302,3.7752561074351947,3.816674566797449
89621.29479643684,43233.47915005695,3.7751594719340673,3.8223621562726757
89621.24373848226,43233.55533240552,3.7756025135881712,3.8274562400961596
89621.19316996183,43233.63181795659,3.776752145674757,3.8319006420669393
89621.14320059422,43233.708676068054,3.7787674726359515,3.8356418813153925
89621.09393449777,43233.785972584585,3.781782814921355,3.8386215869022493
89621.04538532138,43233.863716597385,3.78581231308973,3.8408772880372934
89620.9974934918,43233.941871263756,3.790769403762324,3.8425169765618232
89620.95019733331,43234.020398422166,3.7965452527827335,3.843626116741702
89620.90343517026,43234.099259911054,3.803018117207042,3.8442698517211236
89620.85714532697,43234.178417568866,3.8100604321364555,3.8444991625080194
89620.81126612778,43234.25783323405,3.8175444456102525,3.844356697374394
89620.76573589703,43234.337468745056,3.8246481907019994,3.8438820321375946
89620.72049295904,43234.417285940326,3.8299163589960443,3.8431158445072944
89620.67547563816,43234.497246658306,3.835350753357927,3.8421028064584584
89620.63062225867,43234.57731273744,3.840853883232253,3.840893342849735
89620.58587114498,43234.657446016194,3.8463362991075933,3.8395445658914604
89620.54116062136,43234.737608332995,3.8517168097109185,3.8381206808539705
89620.49642901216,43234.8177615263,3.856922655308355,3.8366930457238886
89620.4516146417,43234.897867434534,3.861889631596492,3.8353399287508427
89620.40665583432,43234.97788789617,3.8665620033533994,3.834145885060427
89620.36149091434,43235.05778474965,3.8708919446787093,3.833200610257177
89620.31605820612,43235.13751983343,3.8748382353021293,3.8325971557436
89620.27029603397,43235.21705498592,3.8783640371465715,3.832429499985681
89620.22414272222,43235.2963520456,3.881433684411664,3.8327895456239345
89620.17753659519,43235.375372850904,3.8840082358001737,3.833763362229357
89620.13042363127,43235.454083905424,3.886050197029839,3.8354190945931306
89620.08281363198,43235.53249061308,3.887590485595914,3.8377436768833357
89620.03474811268,43235.610617707396,3.8886881143494882,3.8406791100571005
89619.98626881845,43235.688490061926,3.889391633707387,3.844158804848064
89619.93741749435,43235.76613255022,3.889741543661053,3.848111283126113
89619.88823588543,43235.84357004581,3.889773037423312,3.8524632760384696
89619.83876573681,43235.92082742225,3.8895185969119623,3.8571423251188293
89619.7890487935,43235.99792955307,3.88901027464851,3.862078832532476
89619.7391268006,43236.07490131184,3.8882814555389507,3.867207476324319
89619.68904150317,43236.15176757207,3.8873680193532794,3.8724680042712647
89619.63883464625,43236.22855320732,3.8863089421109045,3.8778054759926928
89619.58854797496,43236.305283091155,3.885146413481687,3.8807548894530823
89619.5382232343,43236.381982097075,3.8839255028529016,3.8810455233364456
89619.48790156485,43236.45867476664,3.882692558619876,3.881338201520875
89619.43760586812,43236.53537562458,3.8814748329937467,3.88160388969275
89619.38733801413,43236.612087645226,3.879495699095726,3.8818389955620036
89619.33709870632,43236.688813162225,3.875888665186653,3.882041852390148
89619.28688864816,43236.765554509184,3.8722970447871354,3.8822109555985667
89619.23670854302,43236.84231401975,3.868727448324286,3.88234483898393
89619.18655909436,43236.91909402755,3.865185248508399,3.8824419949354234
89619.13644100561,43236.99589686621,3.861674578662482,3.8825008524976465
89619.0863549802,43237.07272486938,3.8581984004794823,3.8825197983332345
89619.03630172159,43237.14958037068,3.8547585742873967,3.882497225787629
89618.98628193315,43237.22646570374,3.851355900035714,3.8824316078174097
89618.93629631834,43237.303383202205,3.8479901405310186,3.8823216009300348
89618.88634558063,43237.38033519968,3.8446600796529875,3.8821661957844555
89618.8364304234,43237.457324029834,3.841363692762642,3.8819649324104515
89618.78655155009,43237.534352026276,3.838098492654892,3.881718182094698
89618.73670966415,43237.61142152264,3.8348620441861776,3.881427448143701
89618.6869071308,43237.68853563996,3.831654850727742,3.8810942386907614
89618.63717320353,43237.76571023946,3.8285098885016637,3.880693677916282
89618.58755892054,43237.84297150446,3.825487441318183,3.8801800249578546
89618.5381159469,43237.92034591524,3.822652382706097,3.8795099562854833
89618.48889594768,43237.99785995215,3.8200748278288703,3.8786441530926226
89618.43995058797,43238.07554009549,3.817830645858826,3.877547393797253
89618.39133153285,43238.153412825566,3.8160013721212716,3.8761879789335274
89618.34309044738,43238.23150462271,3.814673432264419,3.874536261530811
89618.29527899665,43238.30984196723,3.8139363485831157,3.872561776421376
89618.24794884572,43238.38845133946,3.8138793575252787,3.870228299433479
89618.20115165967,43238.46735921968,3.814585793491843,3.867486246818962
89618.15493910355,43238.54659208823,3.8161249408553997,3.864262418658506
89618.10936284246,43238.62617642542,3.818542100748636,3.860448429924853
89618.06447454146,43238.70613871157,3.8218492333335945,3.8558910210055855
89618.02032586565,43238.78650542699,3.8260192294046127,3.850388156247895
89617.9769684801,43238.867303052,3.8309825769253276,3.8436902047463732
89617.93445247128,43238.948557229305,3.830403536990922,3.83551921238982
89617.89265804211,43239.030203459,3.830728084116484,3.826018583456737
89617.85114624872,43239.112007897485,3.831612263141581,3.8157360856420284
89617.80944294196,43239.19371802075,3.832608758007611,3.8050611848439595
89617.76707397266,43239.275081304775,3.8333200630768447,3.7946818859980436
89617.72356520385,43239.35584523105,3.833365503967621,3.7853636808882154
89617.6785433919,43239.43580284914,3.832440623353605,3.7777823278230995
89617.63198070804,43239.51490321387,3.8306377135652294,3.772298862929987
89617.58392318204,43239.593128737986,3.828059621389071,3.7691546471440445
89617.53441684364,43239.670461834234,3.8246669712205175,3.7684687586710925
89617.4835077226,43239.74688491534,3.82028141262367,3.7702298304378257
89617.43124184865,43239.822380394035,3.814601949124131,3.7743006115903635
89617.37766525155,43239.89693068307,3.8072339557404513,3.7757925504253196
89617.32282719051,43239.9705211966,3.7977515032598976,3.776842922270167
89617.26691622252,43240.04326680936,3.785993896722421,3.7795741802710605
89617.2103102401,43240.115458361,3.7721739532341667,3.78334739962318
89617.15340066944,43240.18739926892,3.7679959512659185,3.7875207790416763
89617.09657893663,43240.25939295059,3.767463940827377,3.7915198944439554
89617.04023572309,43240.33174225072,3.767663515420022,3.7948026778781734
89616.98462088,43240.40464171186,3.768839260538204,3.797038600262905
89616.92967803383,43240.478050381804,3.7709321873567805,3.798376765049941
89616.875310587,43240.551896374884,3.7738211673988813,3.7990092632731183
89616.82142194186,43240.62610780549,3.7773442454334827,3.799085687558619
89616.76791550085,43240.700612788,3.781316099289246,3.7987279852469658
89616.71469466639,43240.77533943677,3.7855399422710017,3.7980420894751177
89616.66166284084,43240.85021586618,3.7898210744759124,3.7971328940149647
89616.60872342662,43240.92517019061,3.8395092075789545,3.796124061813158
89616.55577982611,43241.00013052442,3.8877827855686697,3.7951823306286863
89616.50273544174,43241.075024982,3.9293877634010395,3.7945438813297976
89616.44949325074,43241.14978133863,3.963365485070215,3.7945532672024687
89616.39585932359,43241.22425008842,3.989010699863993,3.795870181651404
89616.341420096,43241.298106571005,4.005843062007584,3.797278716986507
89616.28573174785,43241.37100199759,4.0138842355229984,3.797922505116322
89616.22835045896,43241.44258757933,4.013759726713268,3.8032335585609527
89616.16883240921,43241.51251452746,4.006637708268096,3.814857320925431
89616.10673588575,43241.58043424617,3.99404020350051,3.8344924609080064
89616.04180533867,43241.646015194754,3.97775276060095,3.8636527654747503
89615.97411464778,43241.708956012626,3.959758390426552,3.8503231142621464
89615.90377141326,43241.76895842844,3.9418687782378177,3.839749080978953
89615.83088323541,43241.82572417087,3.925523948886526,3.8391447478655163
89615.75555771441,43241.87895496858,3.9116607332430133,3.8487294683604816
89615.67790245052,43241.92835255023,3.9133239330785488,3.8680638834611494
89615.59802504398,43241.9736186445,3.927235544576739,3.895911316895323
89615.51604650753,43242.01450342211,3.9334682588130168,3.9289121405428964
89615.43230080929,43242.0515261862,3.928818782128845,3.965761787941224
89615.34729235897,43242.085821825094,3.911163814724879,4.003286033188536
89615.26153034368,43242.11854248154,3.8793139697627836,4.038362714983214
89615.1755239505,43242.150840298316,3.8639656357983254,4.068735996782218
89615.08978236651,43242.18386741816,3.8627135764214344,4.093272165756285
89615.00481477885,43242.21877598384,3.8647750724950316,4.111719706717347
89614.92111460838,43242.25668115538,3.870958905702953,4.123994828987942
89614.83881636143,43242.29785618549,3.8813430216297267,4.131393026648383
89614.75769767695,43242.341737222174,3.8953150587993868,4.136413488460207
89614.6775208373,43242.38772439126,3.9116620712621906,4.140883108581708
89614.59804812478,43242.435217818515,3.928870131087881,4.146076235783872
89614.51904182171,43242.48361762977,3.9454488529998892,4.152995537767245
89614.44026421045,43242.53232395083,3.9601582996269737,4.151749726699379
89614.36147757331,43242.580736907505,3.9721794005839706,4.126646243384206
89614.2824441926,43242.62825662559,3.98121452014312,4.099084755888066
89614.20292635067,43242.67428323091,3.987503333023664,4.070710629685168
89614.12268632985,43242.718216849265,3.9917496863279336,4.043652400630755
89614.04148641243,43242.75945760646,3.9949642084036925,4.020341549352329
89613.95908888077,43242.7974056283,3.9982317108567558,4.003277610937369
89613.87525601719,43242.8314610406,4.002398916662168,3.9755974102010327
89613.78976542948,43242.86105624741,4.007764714576006,3.9239297487285008
89613.7026256825,43242.886110089516,4.014666255395335,3.8828927040675207
89613.61402397562,43242.90691764431,4.023311463161154,3.8528295594230246
89613.52415215244,43242.92378377046,4.033259323964841,3.8333491608002324
89613.43320205649,43242.93701332667,4.043646258175785,3.823553652551857
89613.34136553133,43242.94691117163,4.053434550701712,3.8222582353898416
89613.2488344205,43242.95378216404,4.061617632103755,3.8281705643291333
89613.15580056752,43242.95793116257,4.067373024755296,3.840028086714272
89613.06245581599,43242.959663025926,4.070153300832314,3.839669853703931
89612.96899200941,43242.95928261277,4.069716435443732,3.8426496347988013
89612.87560099136,43242.95709478183,4.066101665399488,3.8493033395641634
89612.78244773319,43242.95336674863,4.059523244686937,3.8588954775778266
89612.68956851168,43242.94818545065,4.0501413084405025,3.8710243115948018
89612.59696112241,43242.94158392019,4.038150018321951,3.8854613612768243
89612.50462335418,43242.93359517987,4.023774526480855,3.9020540106502626
89612.41255299565,43242.924252252255,4.007227861895559,3.920700410683034
89612.32074783558,43242.91358815996,3.98868386176296,3.941329067188559
89612.22920566263,43242.90163592556,3.968264525936267,3.9638831462173663
89612.13792426555,43242.88842857166,3.9460393462947203,3.9883101536961565
89612.04690143302,43242.87399912085,3.922032580196979,3.993211081265673
89611.95613495378,43242.85838059572,3.8962341975314483,3.983948408115942
89611.86562261653,43242.84160601886,3.8686110435271557,3.9766297988463273
89611.77536220998,43242.823708412856,3.839116326535506,3.971159664109233
89611.68535152287,43242.80472080032,3.807696734321339,3.9674478276460774
89611.59558834386,43242.78467620383,3.7742972842164675,3.965408031390506
89611.5060704617,43242.763607645975,3.7516815710435205,3.9649571404260997
89611.4167956651,43242.74154814936,3.7602709896955058,3.966014707947041
89611.32776174278,43242.718530736565,3.7685001414227637,3.9685027203098238
89611.23896648342,43242.6945884302,3.776365020814072,3.972345459649289
89611.15040767576,43242.66975425282,3.7838616391197832,3.9774694936837847
89611.0620831085,43242.64406122705,3.790985842410347,3.9838038783091423
89610.97399057035,43242.61754237549,3.7977329119525547,3.9912807762175575
89610.88612785004,43242.59023072071,3.8040969083759024,3.999836830492014
89610.79849273627,43242.5621592853,3.8100698155303276,3.9990750803335082
89610.71108301777,43242.53336109186,3.815640630666323,3.9820144474352515
89610.6238964832,43242.50386916299,3.820794870471771,3.9660820074454057
89610.53693092134,43242.473716521265,3.8255152873237313,3.951167205530627
89610.45018412085,43242.4429361893,3.8297849550750924,3.9371533328006882
89610.36365387047,43242.41156118967,3.8335941553535227,3.923923103835416
89610.2773379589,43242.37962454497,3.836952266882041,3.911370492488162
89610.19123417487,43242.3471592778,3.8399038074213263,3.8994184769556535
89610.10534030707,43242.31419841074,3.8425419911214416,3.888036216780205
89610.01965994753,43242.280762901515,3.8450252058498706,3.8772878646375766
89609.93430686997,43242.24664464407,3.848852743032976,3.8676524396892953
89609.84949345888,43242.21143052403,3.869671335480206,3.8599632623404827
89609.76543557903,43242.17470019178,3.8832561784140167,3.855130876346797
89609.6823490951,43242.136033297684,3.8901866527041125,3.8541301322341686
89609.60044982286,43242.09500961535,3.8914351745846827,3.857912379600445
89609.51990520295,43242.05133055892,3.888283117076228,3.83987532116411
89609.44074367326,43242.00504706909,3.882397715017764,3.8218629783963665
89609.36296885868,43241.956272479736,3.875293165138607,3.8092833089187286
89609.28658438398,43241.90512012477,3.868132671770815,3.802233098240653
89609.21159387406,43241.85170333811,3.864098948286122,3.8006504627430577
89609.13800095371,43241.79613545365,3.8659560404653837,3.8043557868504774
89609.06580924777,43241.73852980532,3.8673814603943066,3.813094927646064
89608.99502238106,43241.67899972702,3.8681125248042694,3.8265773995128978
89608.92564397844,43241.617658552655,3.8679061302339983,3.84450427290265
89608.85767766472,43241.55461961614,3.866546530743155,3.8643522773835777
89608.79112706473,43241.48999625138,3.863843940883511,3.8530545157131737
89608.72599580334,43241.42390179229,3.8596277376513393,3.845894890773126
89608.66228750534,43241.35644957277,3.8553794956610323,3.8425578039649366
89608.60000579558,43241.28775292675,3.858533122573613,3.842750011975598
89608.53915429888,43241.21792518811,3.8620498091042306,3.846195414200209
89608.47973662808,43241.14707968326,3.8658074845793884,3.852629660517636
89608.42173658048,43241.075317304094,3.869706233560424,3.8453549164252077
89608.36507774056,43241.0027011585,3.873686871113648,3.8349457094001576
89608.30967229807,43240.92928720396,3.8776984916258703,3.8272401497917814
89608.25543244276,43240.85513139802,3.8816906768163846,3.8219524538864915
89608.20227036436,43240.78028969822,3.8856132648801642,3.8188073913994334
89608.15009825266,43240.70481806205,3.889417069830319,3.817541912290507
89608.09882829738,43240.62877244705,3.89305551592566,3.817908340123594
89608.04837268828,43240.55220881075,3.896487014622659,3.8196789353360066
89607.9986436151,43240.47518311066,3.8996780690304638,3.82265154099831
89607.94955326758,43240.39775130433,3.902607292849884,3.826655901554161
89607.90101383548,43240.31996934926,3.905270682587629,3.831560088654765
89607.85293750855,43240.24189320298,3.9076880375101757,3.8372759187213337
89607.80523647653,43240.16357882303,3.909907931210758,3.843760011415039
89607.75782402144,43240.085081522404,3.9120094822180245,3.8510110396875903
89607.710722454,43240.00639228087,3.914013730024547,3.8592216968739113
89607.66415440879,43239.927383875394,3.915794233359041,3.868891261514012
89607.61836401795,43239.84791639818,3.917249020497841,3.8805745772971023
89607.57359541366,43239.76784994138,3.9183348525540844,3.8948615317782034
89607.53009272806,43239.68704459719,3.919060371880912,3.8971334535816666
89607.48810009331,43239.60536045778,3.9194595382746082,3.868138521411204
89607.44785794755,43239.52266174084,3.9195553115804347,3.8416852129141397
89607.4095183832,43239.43891133099,3.919467862038506,3.818315956286304
89607.37314322461,43239.35417292644,3.9194149048298383,3.7984372947704683
89607.3387902178,43239.268514780364,3.919569341662766,3.7823963136724723
89607.30651710865,43239.18200514593,3.9200534296217664,3.770477965464801
89607.2763816431,43239.0947122763,3.920946639816413,3.762913357316235
89607.24844156709,43239.006704424646,3.9222875696476525,3.75989036290927
89607.2227546266,43238.91804984411,3.9240654566998656,3.7615607602155268
89607.1993785675,43238.828816787885,3.9261984059259016,3.768038714252642
89607.17837113579,43238.739073509125,3.9284988455531575,3.7793879139205355
89607.15979007738,43238.64888826099,3.9306309889403725,3.795598062999476
89607.14369313819,43238.55832929667,3.9320688339354293,3.8165545952584266
89607.13013806418,43238.4674648693,3.9320639066168077,3.798884794489592
89607.11918053617,43238.37636299837,3.929641068935509,3.7825950935765884
89607.11073580256,43238.28507581235,3.923784388394249,3.7712004846364207
89607.10449136746,43238.193629668676,3.9135887778854985,3.7640435989576937
89607.10011391737,43238.1020485691,3.8981407154362833,3.7603672431032864
89607.09727013882,43238.01035651539,3.876635363475102,3.759390500449875
89607.09562671836,43237.918577509314,3.8484999813330787,3.7603586940907587
89607.09485034253,43237.82673555263,3.813495762533546,3.7625833929959662
89607.09460769783,43237.7348546471,3.775540414827321,3.7654722964322422
89607.0945654708,43237.64295879448,3.767888961072209,3.768544430637389
89607.094390348,43237.551071996546,3.7597873176595247,3.7714257494438614
89607.0937490159,43237.459218255055,3.751719314650236,3.773822338383075
89607.09230816107,43237.36742157177,3.7442442125587276,3.775474006691139
89607.08973447005,43237.275705948465,3.7379392558807627,3.776098368846002
89607.08569462932,43237.18409538688,3.733331443702542,3.7753296387585364
89607.07985532546,43237.092613888795,3.730778356309779,3.772613327138559
89607.07194988748,43237.00128014644,3.730469167738503,3.7673650455346106
89607.06260266078,43236.91004186307,3.7322404693714137,3.760473621341901
89607.05307336139,43236.81879612081,3.747507643187785,3.753760835474754
89607.0446353789,43236.72743891232,3.7737163598874446,3.7490886711905445
89607.03856210293,43236.635866230325,3.7875212333995623,3.748582144110122
89607.03607473934,43236.54398471357,3.7897582134602046,3.7414838681432947
89607.03764824221,43236.45185324459,3.782851038993948,3.700317259911732
89607.04320028303,43236.35964439784,3.7701613356810597,3.664841940389729
89607.05263515627,43236.26753347685,3.768794778929235,3.6364842730177163
89607.0658571565,43236.175695785125,3.779575646950345,3.6161657715827795
89607.08277057821,43236.08430662619,3.792661391994726,3.6043750400961008
89607.10327971594,43235.99354130351,3.807733625601318,3.6012519531406313
89607.1272888642,43235.90357512065,3.8242138093613445,3.606668082699968
89607.15470231752,43235.81458338109,3.8412244000499656,3.620273586610051
89607.18542437043,43235.726741388346,3.857507440957679,3.6414991770026974
89607.21935931743,43235.64022444593,3.871340707833023,3.6695263049410407
89607.25641145307,43235.55520785736,3.880510157067348,3.6841366139981386
89607.29648507187,43235.47186692613,3.882385022143927,3.665972783492308
89607.33945898028,43235.39035290696,3.874281781278717,3.6547323273585475
89607.3847998544,43235.31042819673,3.8545568771970418,3.6490350340896818
89607.43164060857,43235.23154027763,3.822806484336091,3.6471554287780252
89607.47910456163,43235.15312757822,3.779702041893331,3.6473863746280584
89607.52631503245,43235.074628527036,3.727187380041571,3.6482210758496483
89607.57239603951,43234.995481989274,3.668039406341307,3.650582726787177
89607.61680615805,43234.915335612,3.648659115715646,3.6524985684558606
89607.6598735336,43234.83437970222,3.649556864177111,3.6527166486326217
89607.7020657739,43234.75289159905,3.6515539564539337,3.6519748882470626
89607.74385048666,43234.67114864162,3.6541001965775006,3.650848890154313
89607.78569527963,43234.589428169056,3.6566027780843937,3.64985802861327
89607.82799314873,43234.507963512355,3.658529221158002,3.649395347369089
89607.87081151147,43234.42679596716,3.6598045964940704,3.6495443088669246
89607.9141290024,43234.34591446248,3.6605021523618255,3.6503220787496833
89607.95792425411,43234.265307926114,3.660683084307436,3.6517292859080857
89608.00217589921,43234.184965285895,3.6603980941190812,3.6499668874197724
89608.04686257026,43234.104875469646,3.6596872233543336,3.6439556506991266
89608.09196289991,43234.02502740518,3.658579768544537,3.638475583265482
89608.13745552477,43233.94541002176,3.6570966105323306,3.6335311350271473
89608.1833207355,43233.86601283073,3.6552518004508467,3.629112669357376
89608.22954301043,43233.78682681728,3.6530528349166937,3.625204389316548
89608.27610748063,43233.70784319628,3.650506219920073,3.621785115565769
89608.32299927715,43233.62905318263,3.6476190194764833,3.6188306657793334
89608.37020353103,43233.5504479912,3.646575566347196,3.6163157118677396
89608.41770537334,43233.472018836874,3.6476793919929045,3.6142147619245923
89608.46548993514,43233.39375693455,3.64851158100599,3.612502620951637
89608.51354234744,43233.315653499114,3.6490821035201093,3.6111545567733074
89608.56184774135,43233.237699745456,3.649401349238822,3.610146331241039
89608.6103912479,43233.15988688845,3.649480125290836,3.6094541838895067
89608.6591579981,43233.08220614298,3.6493296443761922,3.609054805848391
89608.70813312307,43233.00464872394,3.6489615140222287,3.6089253153306275
89608.75730175384,43232.92720584621,3.648387732351148,3.609043240589271
89608.80664902143,43232.8498687247,3.6476206874347494,3.609386509656904
89608.85616005694,43232.772628574254,3.646673158368931,3.6099334438158666
89608.90581999141,43232.695476609784,3.6455583169305346,3.610662752897376
89608.95561395587,43232.618404046174,3.644289728683221,3.6115535322977257
89609.0055270814,43232.54140209831,3.6428813543216902,3.612585261026883
89609.05554449905,43232.46446198108,3.6413475508673647,3.6137378007754313
89609.10565133982,43232.38757490935,3.6397030736168654,3.6149913965424156
89609.15583273486,43232.310732098034,3.637963079596096,3.6163266793901827
89609.20607381515,43232.233924762,3.636143134587334,3.617724671879583
89609.25635971176,43232.157144116136,3.6342592238981024,3.6191667976358324
89609.30667555575,43232.08038137534,3.6323277687828126,3.620634894582173
89609.35700647818,43232.00362775447,3.630365646269511,3.622111230474796
89609.40733761007,43231.926874468445,3.628390208580555,3.623578516635773
89609.45765408251,43231.85011273213,3.626419293515289,3.6250199120729736
89609.50794102655,43231.77333376042,3.624471215082967,3.6264190087903145
89609.5581835732,43231.69652876821,3.6225647231142664,3.6277597887517086
89609.60836685357,43231.61968897036,3.620718922875195,3.6290265460729256
89609.65847599869,43231.54280558176,3.6189531480202843,3.6302037680341313
89609.70849636654,43231.46586994846,3.6172865085087937,3.6312762208192093
89609.75841977245,43231.388877147605,3.615730594034545,3.6322360534701046
89609.80824526172,43231.31182643408,3.614288509076415,3.6330836352502334
89609.85797226198,43231.23471728359,3.6129626365005114,3.6338195284298465
89609.90760020069,43231.15754917181,3.611755029044778,3.6344440095782096
89609.95712850543,43231.08032157446,3.6106674259191136,3.6349570926008554
89610.00655660374,43231.003033967216,3.6097012958330925,3.635358571243914
89610.05588392311,43230.92568582578,3.6088578949074797,3.6356480713843338
89610.10510989111,43230.84827662584,3.608138326645758,3.6358251024742554
89610.15423393529,43230.7708058431,3.607543594180732,3.635889100343685
89610.20325548314,43230.69327295326,3.60707464034577,3.6358394580990447
89610.25217396223,43230.61567743199,3.6067323748265245,3.635675546433699
89610.30098880007,43230.538018755,3.606517691437481,3.6353967245794188
89610.34969942423,43230.46029639799,3.606431476493492,3.635002343518791
89610.39830526222,43230.38250983665,3.6064746097334597,3.6344917407450854
89610.44680574158,43230.30465854668,3.60664795519112,3.633864222660714
89610.49520028984,43230.22674200376,3.606952334840183,3.6331190226139434
89610.54348833454,43230.148759683594,3.6073884692205267,3.6322552155406576
89610.59166930322,43230.07071106188,3.6079568614362483,3.631271559648259
89610.63974262342,43229.99259561432,3.6086575958928586,3.6301662345677403
89610.68770772265,43229.91441281658,3.6094900284732168,3.6289364503728456
89610.73556402848,43229.83616214438,3.610452379596407,3.627577947758849
89610.78331096841,43229.7578430734,3.611541322536815,3.6260845001196684
89610.83094797,43229.67945507935,3.612751783099314,3.624447664671516
89610.87847446078,43229.600997637914,3.614077274805025,3.622657144378323
89610.9258898683,43229.52247022479,3.615510946633643,3.6207019716321254
89610.97319362006,43229.44387231567,3.617046809963674,3.6185719989084157
89611.02039047734,43229.365206722,3.6196145644402744,3.617324450845155
89611.06757272006,43229.286530990015,3.6239123508281574,3.616356919972066
89611.11490417522,43229.207947412,3.627944882979831,3.6156050810401377
89611.16255076854,43229.12955959278,3.6315557028186487,3.615294467666546
89611.21067842569,43229.051471137165,3.634602851474525,3.6156509520515523
89611.25945307236,43228.97378564999,3.6369460374184355,3.6168883526836266
89611.30904057577,43228.89660669997,3.638420711964766,3.619184984498432
89611.3595281947,43228.81998935343,3.6389321890498145,3.6225972830510584
89611.4107692895,43228.743844358294,3.6386632691094336,3.6269072939063527
89611.46257391376,43228.6680557416,3.637815645342703,3.631816980888904
89611.51475212103,43228.59250753043,3.6365722971948884,3.6370166212464126
89611.56711396492,43228.51708375184,3.635125189193113,3.6468128677327414
89611.61946949897,43228.4416684329,3.6336922151777515,3.6607130228698628
89611.67162877675,43228.36614560067,3.632526233069206,3.6734486635868366
89611.72340185185,43228.2903992822,3.6319153435894593,3.684881266249832
89611.77459877782,43228.21431350457,3.6321738543527196,3.694956967982775
89611.82502960824,43228.13777229484,3.6336249890291317,3.703685546035261
89611.87450439668,43228.06065968006,3.6365767330334204,3.711107981879149
89611.9228331967,43227.982859687305,3.6412885996064217,3.717250404438942
89611.9698720438,43227.90428406244,3.647901570757554,3.7221456407475757
89612.01570686701,43227.82498313577,3.656254415944267,3.7260627953603014
89612.06049529523,43227.74505045973,3.666045058495092,3.7292831180499633
89612.10439498097,43227.664579600954,3.676918712645314,3.7320089060846247
89612.14756357671,43227.583664126076,3.685324693775267,3.734390293916081
89612.19015873497,43227.502397601755,3.693072501438713,3.736548465559771
89612.23233810824,43227.42087359461,3.7010449048050074,3.738596257070286
89612.27425934901,43227.339185671284,3.7089644971793025,3.7400592648804727
89612.31608010978,43227.25742739844,3.716598581380228,3.7357098003712474
89612.35795804305,43227.175692342695,3.723762311142897,3.731217912752115
89612.40005080133,43227.094074070694,3.7303160831674145,3.7268002387111796
89612.44251603709,43227.01266614909,3.7361577122792227,3.722703081810155
89612.48551140283,43226.9315621445,3.741209669740859,3.7191901021274463
89612.52919455108,43226.85085562358,3.745399919657376,3.716524548459155
89612.57370448418,43226.770629260456,3.7486634308495352,3.714929876322775
89612.61904149709,43226.69088471777,3.751085750205815,3.7144579016715555
89612.66514337297,43226.61158714847,3.7528015939506005,3.715066826559546
89612.7119475927,43226.53270152895,3.7539112952399325,3.716684053144219
89612.7593916372,43226.454192835605,3.7544869325395727,3.7192142590086887
89612.80741298734,43226.37602604483,3.75458008686594,3.72254755720128
89612.85594912403,43226.29816613303,3.7542295595116215,3.7265669464809053
89612.90493752815,43226.22057807658,3.7534684832667984,3.7307838721634106
89612.9543156806,43226.143226851906,3.7523300220960545,3.729136420565938
89613.0040210623,43226.06607743538,3.750851326216094,3.727986696113533
89613.0539911541,43225.98909480341,3.7490758475684736,3.7272330535652736
89613.10416343693,43225.91224393238,3.7470543052132363,3.7267791670797035
89613.15447539165,43225.835489798694,3.7448445359910587,3.7265343083940716
89613.20486473235,43225.75879749739,3.7425097859139362,3.7264126089175735
89613.25528817784,43225.68214179405,3.740096720406366,3.726353448852159
89613.30573521975,43225.605514130635,3.737619847847022,3.726337050840315
89613.35619859556,43225.52890760071,3.7350926254136443,3.7263499725587756
89613.40667104267,43225.45231529787,3.7325296686549763,3.7263802569085978
89613.45714529855,43225.37573031568,3.7299462163301254,3.7264169371893185
89613.50761410061,43225.29914574772,3.727357811765941,3.7264496365778372
89613.55807018628,43225.22255468755,3.7265821028601263,3.7264682952477033
89613.60850629302,43225.14595022875,3.7269783168242503,3.726463010376268
89613.65891515822,43225.06932546489,3.7274072756361494,3.7264239153257432
89613.70929209414,43224.99267538994,3.727874988373803,3.7263445621039084
89613.75965661819,43224.916012863316,3.7283584167609307,3.726249462195603
89613.8100415151,43224.83936053675,3.7288188297637457,3.726180216024601
89613.86047970568,43224.76274116238,3.7292180947557894,3.7246408860631712
89613.91100411069,43224.68617749241,3.7295191349146695,3.7230989429024826
89613.96164765093,43224.609692278966,3.729685594578487,3.721696360502735
89614.0124432472,43224.53330827422,3.729681013317154,3.7204789694345766
89614.06342382023,43224.45704823034,3.7294676474524078,3.719492698506096
89614.11462229087,43224.380934899484,3.729005124453757,3.7187821155063663
89614.1660715799,43224.304991033794,3.728248894521174,3.718388569843646
89614.21780279114,43224.22923814943,3.7271517639063267,3.7183467965689694
89614.26979336479,43224.15366125516,3.7257320623698016,3.7186268917656804
89614.3219595112,43224.07820370528,3.7240842724493275,3.7191257021253454
89614.37421410238,43224.00280658302,3.7223075425228656,3.7197343746210993
89614.42647001034,43223.92741097163,3.720506286544307,3.7203461155078736
89614.47864010712,43223.85195795432,3.7187914608320014,3.7208568655769425
89614.5306372647,43223.776388614344,3.7172787991194767,3.7211635079168204
89614.58237435514,43223.700644034914,3.716085520016918,3.7211613905431404
89614.63376425048,43223.62466529927,3.7151777211804142,3.7207414966547403
89614.68471982269,43223.54839349064,3.7146550957123106,3.719778262142797
89614.73515398573,43223.471769720665,3.7147208991315646,3.718106390981685
89614.78513193631,43223.39483821346,3.7153267405327295,3.71583709554797
89614.83521377057,43223.31797829575,3.7159727283240427,3.7138371041557736
89614.88605994736,43223.24163725106,3.715841889042073,3.711163060495534
89614.93830875996,43223.166247428744,3.713817817881755,3.7095485670213755
89614.9919816569,43223.091825575946,3.7095083186612876,3.7095402789834244
89615.0464171744,43223.01792832415,3.7005337167426178,3.710669389277621
89615.1009184266,43222.944088439115,3.691267071569235,3.7122058932202737
89615.15478852768,43222.869838686594,3.6826424461652887,3.7133660662428385
89615.20733059182,43222.79471183231,3.675624113884229,3.713294360229656
89615.25787617019,43222.71825965826,3.670933358620588,3.710872457116577
89615.30637461769,43222.64044708,3.668731792856108,3.7058608426820827
89615.35337360205,43222.561639112886,3.6686337543808563,3.698913069112873
89615.3994453285,43222.482217180914,3.6699618542655053,3.690495625289183
89615.44516200235,43222.402562708034,3.671974326506451,3.6811007482270326
89615.4910958289,43222.32305711822,3.6739933314610083,3.6714010598103135
89615.5378190134,43222.244081835444,3.675417149590119,3.661242159546969
89615.58590376118,43222.166018283686,3.6756378212810747,3.651986099363622
89615.63592213935,43222.089247794625,3.6738174003010173,3.645035032436856
89615.68818793513,43222.01397911515,3.669296513879873,3.6408517345679003
89615.74222062653,43221.93989022845,3.662617768525628,3.6391761203896786
89615.79738749431,43221.86655741822,3.654342653284426,3.6393415597709566
89615.85305581919,43221.79355696814,3.6449642119840386,3.640516283104803
89615.90859288191,43221.7204651619,3.634902019411326,3.6418946360443236
89615.9633659903,43221.64685830141,3.625055855440009,3.642677686859339
89616.01688582511,43221.57240896586,3.6161215988728674,3.642219810559063
89616.06914114709,43221.497110773234,3.6083941069858487,3.640606268771363
89616.12022024434,43221.42102417578,3.6020831234012234,3.6401824143919437
89616.17021140493,43221.34420962574,3.597299567553329,3.642805940978796
89616.21920291694,43221.266727575356,3.5940612745354983,3.6445622359528795
89616.26728306848,43221.188638476866,3.5923039422465077,3.645624700295838
89616.31454014756,43221.110002782516,3.5918997422880397,3.646095904661402
89616.36106244233,43221.03088094455,3.5926807178166977,3.6460317155380024
89616.40693824085,43220.95133341521,3.5944602784908133,3.6454642960373245
89616.45225583119,43220.871420646734,3.5970491875624937,3.644419702513919
89616.49710350145,43220.79120309137,3.6002656722120907,3.642929322915715
89616.5415695397,43220.710741201365,3.603940900926186,3.641036267970259
89616.58574223402,43220.630095428955,3.60792132525196,3.638798243792854
89616.6297098725,43220.549326226384,3.6120689554932457,3.636288092322866
89616.6735607432,43220.4684940459,3.6162601182855254,3.633592662509269
89616.71738312874,43220.38765933576,3.620382323345753,3.6308097288307475
89616.7612508225,43220.30687207074,3.6243486430184877,3.6280268558156736
89616.80519168875,43220.22614902552,3.6281360658853608,3.625282595288427
89616.8492245122,43220.145500411745,3.6317368538267196,3.622608610020623
89616.89336807768,43220.064936441035,3.6351438481998652,3.6200374715453405
89616.93764116995,43219.98446732503,3.6383491856065024,3.61760149766704
89616.98206257384,43219.90410327535,3.6413436958151904,3.6153322010359474
89617.02665107408,43219.823854503644,3.6441167936884176,3.6132601630882677
89617.07142545548,43219.743731221526,3.6466567231546994,3.6114152097548553
89617.11640450284,43219.66374364062,3.648950965740656,3.6098267258225554
89617.16160700092,43219.58390197259,3.650986665547313,3.6085239825187476
89617.20705173453,43219.504216429035,3.6542578618145667,3.607536407585398
89617.25275748844,43219.424697221606,3.6588778701969806,3.6068937708819537
89617.29874304743,43219.34535456192,3.6631658923522643,3.6066262798730033
89617.34502719632,43219.26619866161,3.667110983241469,3.606764576022562
89617.39162871985,43219.18723973232,3.6707030075375258,3.6073396015688037
89617.43856640284,43219.10848798566,3.673932702016557,3.60838227296044
89617.48585903006,43219.02995363327,3.676791569133103,3.609922864777177
89617.5335253863,43218.951646886795,3.6792714884108575,3.611989997597325
89617.58158425636,43218.873577957835,3.6813639171540617,3.614609161379383
89617.63005442498,43218.795757058055,3.6830586032018315,3.6178008167096447
89617.678954677,43218.718194399065,3.6843418675197555,3.6215782861678427
89617.72830379718,43218.640900192506,3.685194648419995,3.6259457839133304
89617.7781205703,43218.56388465,3.685590431282864,3.630896814186416
89617.82842271448,43218.48715736352,3.6854954309734462,3.636412825261581
89617.87918218695,43218.410701341265,3.684924189842931,3.6424166790520633
89617.93030888963,43218.334463541796,3.683959748682789,3.6487565678663647
89617.98170830376,43218.258388355585,3.682686602255749,3.655273683273253
89618.03328591064,43218.1824201731,3.6811919482049027,3.6618148098612777
89618.08494719151,43218.1065033848,3.67957055163245,3.6682380019955287
89618.13659762767,43218.03058238116,3.6779281573600375,3.6744164957619
89618.1881427003,43217.95460155265,3.676383747843135,3.680241266268989
89618.2394878907,43217.87850528974,3.6750705881969066,3.685622350675257
89618.29053868013,43217.80223798289,3.6741359300138465,3.690488973365343
89618.34120054987,43217.72574402257,3.6737391583556875,3.694788335865098
89618.39137898116,43217.64896779927,3.674048070188088,3.6991420856144854
89618.44097945525,43217.57185370343,3.6752330210358544,3.705082722189351
89618.48990745342,43217.49434612553,3.6774590039092674,3.710238674491134
89618.53806845691,43217.41638945604,3.6808761878842735,3.7146090514558066
89618.58536794697,43217.337928085435,3.685609346346049,3.7181803690698496
89618.63171155745,43217.25890649318,3.6917459775618493,3.720911209441848
89618.67706044187,43217.17930156124,3.6992753529980207,3.722794437811728
89618.72151360018,43217.099170621375,3.7080040917166404,3.723957934122253
89618.76519106147,43217.01858327841,3.7168138617825948,3.724516933200355
89618.80821285486,43216.93760913722,3.7257922878420193,3.7245589451664936
89618.85069900949,43216.8563178026,3.735238005238214,3.724158231838798
89618.89276955446,43216.77477887944,3.744905367953835,3.723387603776186
89618.93454451892,43216.693061972524,3.7545699917835123,3.7223281546351474
89618.97614393198,43216.611236686746,3.764035660727919,3.721076359185834
89619.0176878228,43216.52937262691,3.773138152986638,3.7197481039593168
89619.05929622041,43216.447539397865,3.781746126900128,3.718479651928622
89619.10108915402,43216.365806604466,3.7897592148262604,3.717425839085533
89619.1431866527,43216.28424385153,3.7971033902058062,3.7167559346608443
89619.1857087456,43216.20292074392,3.803723515635376,3.7166474974193093
89619.22877546186,43216.12190688646,3.809572092420989,3.7172775490679952
89619.27249080483,43216.04126272719,3.8146157443570603,3.7187955857291177
89619.31686377917,43215.96099443363,3.818925786918468,3.7212360244929688
89619.36186851698,43215.88108824777,3.8226001873670272,3.7245827556337576
89619.40747909698,43215.80153038114,3.8257162022183584,3.7288053008198325
89619.45366959804,43215.72230704528,3.828331668064856,3.7338621987946095
89619.50041409889,43215.64340445174,3.8304880023258105,3.7397046811421895
89619.54768667834,43215.56480881202,3.832213940243167,3.7462799542277443
89619.59546141516,43215.48650633771,3.8335294243711555,3.7535338430127054
89619.64371238815,43215.408483240295,3.8344490139045257,3.761412575654928
89619.6924136761,43215.33072573134,3.8349844854050903,3.7660758717347864
89619.7415393578,43215.25322002239,3.83514659804459,3.760661286934236
89619.79106351202,43215.17595232496,3.8349461746583087,3.755865462599534
89619.84096021755,43215.098908850596,3.8343947047954576,3.751641397805027
89619.8912035532,43215.02207581083,3.8335046560045787,3.7479429976389067
89619.94176759773,43214.94543941723,3.8322896305498317,3.744725294687855
89619.99262642996,43214.868985881294,3.830764456715861,3.741944528604688
89620.04375412864,43214.792701414575,3.828945269120507,3.7395581570621927
89620.09512477258,43214.71657222862,3.826849610400852,3.7375248391775413
89620.14671244056,43214.640584534936,3.8244965708087397,3.7358044142867852
89620.19849121135,43214.5647245451,3.8219069703427246,3.734357884677847
89620.25043516379,43214.48897847062,3.819103566824311,3.7331474076771163
89620.30251837663,43214.41333252304,3.8161112508232655,3.732136294385268
89620.35471492865,43214.33777291391,3.8129571731597753,3.7312890067393143
89620.40699889863,43214.26228585475,3.809670738180886,3.7305711357567795
89620.4593443654,43214.186857557106,3.806283381791745,3.72994931540084
89620.51172559099,43214.11147432559,3.8028278180742383,3.729391170597442
89620.56412970246,43214.03612899851,3.7993235605041527,3.7288794962150686
89620.61656492349,43213.96082512844,3.795767417235398,3.7284215681191712
89620.66904143475,43213.885567261816,3.7921539492659453,3.7280274643481643
89620.72156941688,43213.81035994508,3.7884771372206045,3.7277077907737777
89620.77415905052,43213.735207724676,3.7847300324049855,3.7274736512521294
89620.82682051629,43213.660115147024,3.780904423447775,3.7273365346327827
89620.87956399488,43213.58508675858,3.7769905324876967,3.7273081508267563
89620.93239966688,43213.510127105765,3.7729767265555796,3.7272020931147143
89620.98533771295,43213.43524073502,3.768849247223873,3.727217418355724
89621.03838831373,43213.3604321928,3.7645920012002807,3.7273755642199444
89621.09156164988,43213.28570602552,3.7601864791115944,3.727687034551927
89621.14486790202,43213.21106677963,3.7556118350329486,3.7281613789002934
89621.19831631731,43213.13651843657,3.750846415803582,3.728806046307506
89621.25189524563,43213.06205232954,3.7458924299876712,3.729603805628704
89621.3055724528,43212.98764733315,3.7407763373904896,3.7305132358229303
89621.35931483391,43212.91328179494,3.7355263647657155,3.731491744350187
89621.41308928402,43212.83893406247,3.730172774697451,3.732497474320504
89621.46686269819,43212.764582483265,3.7247486758299093,3.7334899229808967
89621.5206019715,43212.6902054049,3.7188598939898285,3.7344303553099127
89621.57427399898,43212.615781174885,3.7128044204439616,3.735282063132444
89621.62784567573,43212.54128814079,3.7067882897174993,3.73601048849973
89621.68128389676,43212.46670465015,3.7008577471957915,3.7365832254501945
89621.73455555717,43212.39200905053,3.6950621815599125,3.7369699026087786
89621.78762755201,43212.31717968943,3.6894539761768863,3.7371419171913915
89621.84046677634,43212.24219491445,3.684088325550399,3.73707195692809
89621.89304012523,43212.1670330731,3.6790228945061036,3.7367332267235946
89621.94531449373,43212.09167251294,3.6743171698182637,3.736098320509275
89621.99725677691,43212.01609158151,3.670031391457554,3.7351377553178473
89622.04883386983,43211.940268626364,3.6662250375373304,3.733818286936121
89622.10001266755,43211.86418199503,3.6629548868678636,3.7321011510484174
89622.15076007314,43211.787810040325,3.6602726614942824,3.729940301233197
89622.2010596214,43211.711142008266,3.6582045170837896,3.7273026101174285
89622.25094649177,43211.63420097055,3.6567100508978454,3.7242118069259513
89622.30046585844,43211.55701654505,3.655730368242116,3.720698163868068
89622.34966289559,43211.47961834969,3.655201243875574,3.7167888068199586
89622.3985827774,43211.40203600237,3.6550553808899204,3.712510674358316
89622.44727067804,43211.32429912098,3.65522433422044,3.7078927212236055
89622.4957717717,43211.2464373234,3.6556401779604664,3.702967505370318
89622.54413123259,43211.16848022758,3.6562368275691544,3.697772198744924
89622.59239423482,43211.090457451384,3.6569509657819355,3.692349132537997
89622.64060595262,43211.01239861272,3.6577225992533173,3.6867460508227046
89622.68881156016,43210.9343333295,3.6584953041270825,3.681016232358293
89622.73705623164,43210.8562912196,3.65921619407955,3.67521855402065
89622.78538514118,43210.778301900944,3.6598355953503154,3.66941745001893
89622.83384346301,43210.70039499142,3.6603063777584586,3.663682622558553
89622.8824763713,43210.62260010893,3.6605829062857973,3.658297350135607
89622.93132904024,43210.544946871385,3.66061963518644,3.6561295837951397
89622.980446644,43210.467464896676,3.6603693808848394,3.6542862824954696
89623.02987435673,43210.390183802694,3.6597811135978047,3.652832678321198
89623.07964687995,43210.31312639495,3.6588113753331797,3.65181718835467
89623.12974146842,43210.23627811028,3.6574824559871426,3.6512170032275235
89623.18011578139,43210.1596116388,3.6558358941029994,3.6509813619625975
89623.23072746143,43210.08309965978,3.65390955714752,3.6510548749064107
89623.28153415115,43210.006714852476,3.650931999910975,3.651379656210071
89623.33249349303,43209.930429896136,3.6477177517277872,3.6518970325385753
89623.3835631297,43209.85421747005,3.644320042638933,3.652548972685177
89623.4347007037,43209.778050253444,3.6407800488490802,3.6532792105296084
89623.48586385761,43209.70190092559,3.637142953770164,3.6540340171768153
89623.53701023398,43209.62574216576,3.6334581407177327,3.6547626391829615
89623.58809747538,43209.54954665319,3.6297792113601934,3.6554174492409937
89623.6390832244,43209.47328706716,3.6261638940839744,3.6559538304884462
89623.68992512357,43209.39693608692,3.6226738102320737,3.65632975907309
89623.74058081547,43209.320466391735,3.6193739799338487,3.6565050043326606
89623.79100794267,43209.24385066087,3.616331916734418,3.656439872318968
89623.84116414773,43209.16706157357,3.6136162124304785,3.656093501446016
89623.89100707322,43209.09007180911,3.6112946159751367,3.655421830832494
89623.9404943617,43209.01285404674,3.6094315971320894,3.6543753267631898
89623.98958371472,43208.93538100368,3.608085302808335,3.6528965578264474
89624.03825981368,43208.85764276226,3.6072760744599712,3.6509535506431208
89624.08657697274,43208.77967422264,3.606937807037123,3.6485936078231447
89624.13460058853,43208.701517418056,3.606984753640323,3.6458718237036063
89624.18239605773,43208.62321438176,3.607327339971787,3.6428414239187106
89624.230028777,43208.54480714699,3.607875776946867,3.639558010185426
89624.27756414308,43208.466337746984,3.608542729082992,3.636082568534148
89624.32506755258,43208.387848215,3.6092453116808816,3.6324835824501776
89624.37260440216,43208.30938058428,3.6099062958581065,3.6288382402727315
89624.42024008856,43208.230976888066,3.610454371423274,3.6252326887756956
89624.46804000843,43208.152679159604,3.6108233851064018,3.62176130144469
89624.51606955839,43208.07452943214,3.6109505626944567,3.618524949461955
89624.5643941352,43207.9965697389,3.6107738461621524,3.6156283212307714
89624.6130791355,43207.918842113155,3.610228542451095,3.613176370521619
89624.66218995592,43207.84138858814,3.610381524644256,3.6112696941313196
89624.71178820766,43207.76424875989,3.6119001447852734,3.609995265789891
89624.76186901248,43207.68741941754,3.6129069623839936,3.6113228830727664
89624.8123707535,43207.61086082086,3.613479974092863,3.6132552416471015
89624.8632299937,43207.53453205784,3.6136885484722674,3.61563619775593
89624.91438329607,43207.458392216446,3.613595438936273,3.618365788402797
89624.96576722368,43207.38240038468,3.6132607201208704,3.6213439285259432
89625.01731833948,43207.30651565053,3.6127450315301317,3.6244737921962207
89625.0689732065,43207.23069710198,3.612112146460392,3.627664376116004
89625.12066838777,43207.154903827,3.6114306572228276,3.630832130172468
89625.17234044627,43207.07909491358,3.610774658215771,3.633901599741149
89625.22392594501,43207.003229449714,3.610223439408168,3.6368050990592886
89625.27536144703,43206.927266523395,3.6098603003046725,3.639481472705174
89625.32658351529,43206.851165222586,3.60977063893402,3.641874014345934
89625.37752871282,43206.77488463528,3.6100393573594616,3.6439275041990564
89625.42813378514,43206.69838396702,3.6107470423329264,3.6455842200271764
89625.47836573745,43206.62164191923,3.6119338415937134,3.6468186125986755
89625.52825535789,43206.54467828757,3.6135612796693213,3.6476780606380865
89625.57784151481,43206.467518073645,3.615575659457294,3.648212951721639
89625.62716307647,43206.39018627901,3.6179188168826273,3.6484676387001573
89625.67625891122,43206.312707905265,3.6205305569610937,3.648482558848884
89625.72516788733,43206.23510795398,3.6233505668366135,3.648296068013181
89625.77392887312,43206.15741142674,3.6263199491097406,3.6479460753391333
89625.82258073692,43206.07964332514,3.629382353327766,3.6474713615053136
89625.87116234697,43206.00182865074,3.632484715693279,3.64691249210375
89625.91971257165,43205.92399240514,3.6355776774788753,3.646312322352969
89625.9682702792,43205.84615958993,3.638615748671173,3.6457161268870704
89626.01687433798,43205.76835520667,3.641557223316553,3.6451713798677927
89626.06556361627,43205.69060425694,3.6443637962981024,3.644727198385776
89626.11437698237,43205.61293174234,3.6455154231432516,3.6444334815730293
89626.16335330458,43205.53536266445,3.6462564847626937,3.6443397954890813
89626.21253145127,43205.45792202484,3.646764656454381,3.6444939266195417
89626.26194933864,43205.38063421926,3.6469961795481174,3.6449391823096837
89626.31160621779,43205.30349903681,3.646951804167465,3.645671617781126
89626.36145013227,43205.22648367816,3.6466922705349316,3.6466259930421723
89626.41142560309,43205.1495531022,3.6462800243208133,3.6481852742134686
89626.46147715117,43205.07267226779,3.6457773844739565,3.6511658356935457
89626.51154929747,43204.99580613379,3.6452485330731195,3.654120138373896
89626.56158656298,43204.91891965909,3.644760677133738,3.6569807402802454
89626.61153346862,43204.841977802535,3.6443844694805323,3.6596866318404375
89626.66133453537,43204.764945523006,3.6441935731288955,3.662182988567958
89626.71093428417,43204.68778777937,3.644263330106098,3.664419910672093
89626.76027723601,43204.61046953049,3.644668665119714,3.6663502300142072
89626.80930791183,43204.53295573524,3.64548142900183,3.6679265221664035
89626.85797083259,43204.45521135249,3.6467670614849554,3.669097157252896
89626.90621553257,43204.37720449814,3.648576169537094,3.6698088651864498
89626.95406209724,43204.29894771603,3.6508718664018547,3.6700879924529968
89627.00158272669,43204.22048636796,3.6535511535188494,3.670017266589796
89627.04885084069,43204.14186658381,3.6565042606405282,3.669673898885741
89627.09593985892,43204.063134493415,3.659621804122002,3.669133126354002
89627.14292320111,43203.98433622663,3.6627991680666785,3.6684720443905126
89627.18987428703,43203.90551791332,3.66593961555755,3.6677723219546166
89627.2368665364,43203.82672568333,3.668956176860504,3.667121782596541
89627.28397336895,43203.748005666515,3.6717720947439214,3.666614581092752
89627.33126820442,43203.66940399274,3.674467833447978,3.6663498112154835
89627.37882446255,43203.59096679185,3.6768342810540147,3.6664286278951588
89627.42671556305,43203.51274019369,3.6788087507684093,3.6669502185318352
89627.47501492569,43203.43477032814,3.680329802896942,3.668006862039357
89627.52379597016,43203.35710332503,3.681325531372087,3.6696775723746073
89627.57310736609,43203.27976971804,3.6817416372439755,3.6719990398335707
89627.62287644738,43203.202723581744,3.6816646398875728,3.6748621041305682
89627.67299342505,43203.125895597834,3.681214910878511,3.6781055650591705
89627.72334850061,43203.04921644209,3.680505987248515,3.6815648129205734
89627.77383187562,43202.972616790255,3.67965426216411,3.6850536458530776
89627.82433375162,43202.89602731813,3.678784739705196,3.688457589959034
89627.87474433015,43202.819378701446,3.678033653780942,3.691655676572686
89627.92495381276,43202.74260161599,3.6775475725136983,3.6945421465906185
89627.974852401,43202.66562673752,3.6774788255903657,3.697024960703067
89628.02433029642,43202.58838474181,3.677977782351792,3.699018021837996
89628.07327770056,43202.51080630461,3.6791829210097173,3.700430074980389
89628.12158481497,43202.4328221017,3.6812075717804458,3.7011495688532423
89628.16915693208,43202.35437240142,3.6841170881377536,3.701055011471234
89628.21607528663,43202.27550931023,3.6877706221890074,3.7002352026757617
89628.26253486692,43202.19635724239,3.6918885287190455,3.6989064354301675
89628.30873256816,43202.1170418243,3.696181570848371,3.6972746079227217
89628.35486528555,43202.03768868229,3.7003806067797247,3.69555972444274
89628.40112991432,43201.958423442746,3.7042505669771093,3.69401052299724
89628.44772334961,43201.87937173202,3.707598064831089,3.6929136732672903
89628.49484248667,43201.80065917649,3.711079920364633,3.692600176652853
89628.5426842207,43201.72241140251,3.7285647861494233,3.693444124585671
89628.59144544684,43201.644754036446,3.7431833460120485,3.695850755926404
89628.64132306035,43201.56781270466,3.754989573325239,3.700255976538865
89628.6925139564,43201.49171303352,3.7643262668810475,3.7072079776928692
